  0
SECTION
  2
HEADER
  9
$ACADVER
  1
AC1032
  9
$ACADMAINTVER
 90
       55
  9
$DWGCODEPAGE
  3
ANSI_1252
  9
$LASTSAVEDBY
  1
USTS-CP-L-44 - User
  9
$REQUIREDVERSIONS
160
                 0
  9
$INSBASE
 10
0.0
 20
0.0
 30
0.0
  9
$EXTMIN
 10
64.60997830802603
 20
117.5143421123591
 30
0.0
  9
$EXTMAX
 10
82.4298260289749
 20
142.2331887201736
 30
0.0
  9
$LIMMIN
 10
0.0
 20
0.0
  9
$LIMMAX
 10
420.0
 20
297.0
  9
$ORTHOMODE
 70
     0
  9
$REGENMODE
 70
     1
  9
$FILLMODE
 70
     1
  9
$QTEXTMODE
 70
     0
  9
$MIRRTEXT
 70
     0
  9
$LTSCALE
 40
1.0
  9
$ATTMODE
 70
     1
  9
$TEXTSIZE
 40
2.5
  9
$TRACEWID
 40
1.0
  9
$TEXTSTYLE
  7
Standard
  9
$CLAYER
  8
0
  9
$CELTYPE
  6
ByLayer
  9
$CECOLOR
 62
   256
  9
$CELTSCALE
 40
1.0
  9
$DISPSILH
 70
     0
  9
$DIMSCALE
 40
1.0
  9
$DIMASZ
 40
2.5
  9
$DIMEXO
 40
0.625
  9
$DIMDLI
 40
3.75
  9
$DIMRND
 40
0.0
  9
$DIMDLE
 40
0.0
  9
$DIMEXE
 40
1.25
  9
$DIMTP
 40
0.0
  9
$DIMTM
 40
0.0
  9
$DIMTXT
 40
2.5
  9
$DIMCEN
 40
2.5
  9
$DIMTSZ
 40
0.0
  9
$DIMTOL
 70
     0
  9
$DIMLIM
 70
     0
  9
$DIMTIH
 70
     0
  9
$DIMTOH
 70
     0
  9
$DIMSE1
 70
     0
  9
$DIMSE2
 70
     0
  9
$DIMTAD
 70
     1
  9
$DIMZIN
 70
     8
  9
$DIMBLK
  1

  9
$DIMASO
 70
     1
  9
$DIMSHO
 70
     1
  9
$DIMPOST
  1

  9
$DIMAPOST
  1

  9
$DIMALT
 70
     0
  9
$DIMALTD
 70
     3
  9
$DIMALTF
 40
0.03937007874016
  9
$DIMLFAC
 40
1.0
  9
$DIMTOFL
 70
     1
  9
$DIMTVP
 40
0.0
  9
$DIMTIX
 70
     0
  9
$DIMSOXD
 70
     0
  9
$DIMSAH
 70
     0
  9
$DIMBLK1
  1

  9
$DIMBLK2
  1

  9
$DIMSTYLE
  2
ISO-25
  9
$DIMCLRD
 70
     0
  9
$DIMCLRE
 70
     0
  9
$DIMCLRT
 70
     0
  9
$DIMTFAC
 40
1.0
  9
$DIMGAP
 40
0.625
  9
$DIMJUST
 70
     0
  9
$DIMSD1
 70
     0
  9
$DIMSD2
 70
     0
  9
$DIMTOLJ
 70
     0
  9
$DIMTZIN
 70
     8
  9
$DIMALTZ
 70
     0
  9
$DIMALTTZ
 70
     0
  9
$DIMUPT
 70
     0
  9
$DIMDEC
 70
     2
  9
$DIMTDEC
 70
     2
  9
$DIMALTU
 70
     2
  9
$DIMALTTD
 70
     3
  9
$DIMTXSTY
  7
Standard
  9
$DIMAUNIT
 70
     0
  9
$DIMADEC
 70
     0
  9
$DIMALTRND
 40
0.0
  9
$DIMAZIN
 70
     0
  9
$DIMDSEP
 70
    44
  9
$DIMATFIT
 70
     3
  9
$DIMFRAC
 70
     0
  9
$DIMLDRBLK
  1

  9
$DIMLUNIT
 70
     2
  9
$DIMLWD
 70
    -2
  9
$DIMLWE
 70
    -2
  9
$DIMTMOVE
 70
     0
  9
$DIMFXL
 40
1.0
  9
$DIMFXLON
 70
     0
  9
$DIMJOGANG
 40
0.7853981633974483
  9
$DIMTFILL
 70
     0
  9
$DIMTFILLCLR
 70
     0
  9
$DIMARCSYM
 70
     0
  9
$DIMLTYPE
  6

  9
$DIMLTEX1
  6

  9
$DIMLTEX2
  6

  9
$DIMTXTDIRECTION
 70
     0
  9
$LUNITS
 70
     2
  9
$LUPREC
 70
     3
  9
$SKETCHINC
 40
1.0
  9
$FILLETRAD
 40
10.0
  9
$AUNITS
 70
     0
  9
$AUPREC
 70
     0
  9
$MENU
  1
.
  9
$ELEVATION
 40
0.0
  9
$PELEVATION
 40
0.0
  9
$THICKNESS
 40
0.0
  9
$LIMCHECK
 70
     0
  9
$CHAMFERA
 40
0.0
  9
$CHAMFERB
 40
0.0
  9
$CHAMFERC
 40
20.0
  9
$CHAMFERD
 40
0.0
  9
$SKPOLY
 70
     0
  9
$TDCREATE
 40
2455022.866526181
  9
$TDUCREATE
 40
2455022.637359514
  9
$TDUPDATE
 40
2461234.448735012
  9
$TDUUPDATE
 40
2461234.219568345
  9
$TDINDWG
 40
0.0008217593
  9
$TDUSRTIMER
 40
0.0006169097
  9
$USRTIMER
 70
     1
  9
$ANGBASE
 50
0.0
  9
$ANGDIR
 70
     0
  9
$PDMODE
 70
     0
  9
$PDSIZE
 40
0.0
  9
$PLINEWID
 40
0.0
  9
$SPLFRAME
 70
     0
  9
$SPLINETYPE
 70
     6
  9
$SPLINESEGS
 70
     8
  9
$HANDSEED
  5
295
  9
$SURFTAB1
 70
     6
  9
$SURFTAB2
 70
     6
  9
$SURFTYPE
 70
     6
  9
$SURFU
 70
     6
  9
$SURFV
 70
     6
  9
$UCSBASE
  2

  9
$UCSNAME
  2

  9
$UCSORG
 10
0.0
 20
0.0
 30
0.0
  9
$UCSXDIR
 10
1.0
 20
0.0
 30
0.0
  9
$UCSYDIR
 10
0.0
 20
1.0
 30
0.0
  9
$UCSORTHOREF
  2

  9
$UCSORTHOVIEW
 70
     0
  9
$UCSORGTOP
 10
0.0
 20
0.0
 30
0.0
  9
$UCSORGBOTTOM
 10
0.0
 20
0.0
 30
0.0
  9
$UCSORGLEFT
 10
0.0
 20
0.0
 30
0.0
  9
$UCSORGRIGHT
 10
0.0
 20
0.0
 30
0.0
  9
$UCSORGFRONT
 10
0.0
 20
0.0
 30
0.0
  9
$UCSORGBACK
 10
0.0
 20
0.0
 30
0.0
  9
$PUCSBASE
  2

  9
$PUCSNAME
  2

  9
$PUCSORG
 10
0.0
 20
0.0
 30
0.0
  9
$PUCSXDIR
 10
1.0
 20
0.0
 30
0.0
  9
$PUCSYDIR
 10
0.0
 20
1.0
 30
0.0
  9
$PUCSORTHOREF
  2

  9
$PUCSORTHOVIEW
 70
     0
  9
$PUCSORGTOP
 10
0.0
 20
0.0
 30
0.0
  9
$PUCSORGBOTTOM
 10
0.0
 20
0.0
 30
0.0
  9
$PUCSORGLEFT
 10
0.0
 20
0.0
 30
0.0
  9
$PUCSORGRIGHT
 10
0.0
 20
0.0
 30
0.0
  9
$PUCSORGFRONT
 10
0.0
 20
0.0
 30
0.0
  9
$PUCSORGBACK
 10
0.0
 20
0.0
 30
0.0
  9
$USERI1
 70
     0
  9
$USERI2
 70
     0
  9
$USERI3
 70
     0
  9
$USERI4
 70
     0
  9
$USERI5
 70
     0
  9
$USERR1
 40
0.0
  9
$USERR2
 40
0.0
  9
$USERR3
 40
0.0
  9
$USERR4
 40
0.0
  9
$USERR5
 40
0.0
  9
$WORLDVIEW
 70
     1
  9
$SHADEDGE
 70
     3
  9
$SHADEDIF
 70
    70
  9
$TILEMODE
 70
     1
  9
$MAXACTVP
 70
    64
  9
$PINSBASE
 10
0.0
 20
0.0
 30
0.0
  9
$PLIMCHECK
 70
     0
  9
$PEXTMIN
 10
1.000000000000000E+20
 20
1.000000000000000E+20
 30
1.000000000000000E+20
  9
$PEXTMAX
 10
-1.000000000000000E+20
 20
-1.000000000000000E+20
 30
-1.000000000000000E+20
  9
$PLIMMIN
 10
0.0
 20
0.0
  9
$PLIMMAX
 10
0.0
 20
0.0
  9
$UNITMODE
 70
     0
  9
$VISRETAIN
 70
     1
  9
$PLINEGEN
 70
     0
  9
$PSLTSCALE
 70
     1
  9
$TREEDEPTH
 70
  3020
  9
$CMLSTYLE
  2
Standard
  9
$CMLJUST
 70
     0
  9
$CMLSCALE
 40
20.0
  9
$PROXYGRAPHICS
 70
     1
  9
$MEASUREMENT
 70
     1
  9
$CELWEIGHT
370
    -1
  9
$ENDCAPS
280
     0
  9
$JOINSTYLE
280
     0
  9
$LWDISPLAY
290
     0
  9
$INSUNITS
 70
     4
  9
$HYPERLINKBASE
  1

  9
$STYLESHEET
  1

  9
$XEDIT
290
     1
  9
$CEPSNTYPE
380
     0
  9
$PSTYLEMODE
290
     1
  9
$FINGERPRINTGUID
  2
{EC6BB858-51AA-46EC-B484-6C9CC7AB3E2E}
  9
$VERSIONGUID
  2
{FAEB1C32-E019-11D5-929B-00C0DF256EC4}
  9
$EXTNAMES
290
     1
  9
$PSVPSCALE
 40
0.0
  9
$OLESTARTUP
290
     0
  9
$SORTENTS
280
   127
  9
$INDEXCTL
280
     0
  9
$HIDETEXT
280
     1
  9
$XCLIPFRAME
280
     0
  9
$HALOGAP
280
     0
  9
$OBSCOLOR
 70
   257
  9
$OBSLTYPE
280
     0
  9
$INTERSECTIONDISPLAY
280
     0
  9
$INTERSECTIONCOLOR
 70
   257
  9
$DIMASSOC
280
     2
  9
$PROJECTNAME
  1

  9
$CAMERADISPLAY
290
     0
  9
$LENSLENGTH
 40
50.0
  9
$CAMERAHEIGHT
 40
0.0
  9
$STEPSPERSEC
 40
2.0
  9
$STEPSIZE
 40
6.0
  9
$3DDWFPREC
 40
2.0
  9
$PSOLWIDTH
 40
5.0
  9
$PSOLHEIGHT
 40
80.0
  9
$LOFTANG1
 40
1.570796326794897
  9
$LOFTANG2
 40
1.570796326794897
  9
$LOFTMAG1
 40
0.0
  9
$LOFTMAG2
 40
0.0
  9
$LOFTPARAM
 70
     7
  9
$LOFTNORMALS
280
     1
  9
$LATITUDE
 40
37.795
  9
$LONGITUDE
 40
-122.394
  9
$NORTHDIRECTION
 40
0.0
  9
$TIMEZONE
 70
 -8000
  9
$LIGHTGLYPHDISPLAY
280
     1
  9
$TILEMODELIGHTSYNCH
280
     1
  9
$CMATERIAL
347
76
  9
$SOLIDHIST
280
     0
  9
$SHOWHIST
280
     1
  9
$DWFFRAME
280
     2
  9
$DGNFRAME
280
     2
  9
$REALWORLDSCALE
290
     1
  9
$INTERFERECOLOR
 62
   256
  9
$CSHADOW
280
     0
  9
$SHADOWPLANELOCATION
 40
0.0
  0
ENDSEC
  0
SECTION
  2
CLASSES
  0
CLASS
  1
ACDBDICTIONARYWDFLT
  2
AcDbDictionaryWithDefault
  3
ObjectDBX Classes
 90
        0
 91
        3
280
     0
281
     0
  0
CLASS
  1
VISUALSTYLE
  2
AcDbVisualStyle
  3
ObjectDBX Classes
 90
     4095
 91
        3
280
     0
281
     0
  0
CLASS
  1
TABLESTYLE
  2
AcDbTableStyle
  3
ObjectDBX Classes
 90
     4095
 91
        3
280
     0
281
     0
  0
CLASS
  1
DICTIONARYVAR
  2
AcDbDictionaryVar
  3
ObjectDBX Classes
 90
        0
 91
        3
280
     0
281
     0
  0
CLASS
  1
SCALE
  2
AcDbScale
  3
ObjectDBX Classes
 90
     1153
 91
        3
280
     0
281
     0
  0
CLASS
  1
CELLSTYLEMAP
  2
AcDbCellStyleMap
  3
ObjectDBX Classes
 90
     1152
 91
        3
280
     0
281
     0
  0
CLASS
  1
RASTERVARIABLES
  2
AcDbRasterVariables
  3
ISM
 90
        0
 91
        3
280
     0
281
     0
  0
CLASS
  1
MATERIAL
  2
AcDbMaterial
  3
ObjectDBX Classes
 90
     1153
 91
        3
280
     0
281
     0
  0
CLASS
  1
ACDBPLACEHOLDER
  2
AcDbPlaceHolder
  3
ObjectDBX Classes
 90
        0
 91
        1
280
     0
281
     0
  0
CLASS
  1
LAYOUT
  2
AcDbLayout
  3
ObjectDBX Classes
 90
        0
 91
        1
280
     0
281
     0
  0
CLASS
  1
SUN
  2
AcDbSun
  3
SCENEOE
 90
     1153
 91
        3
280
     0
281
     0
  0
CLASS
  1
MLEADERSTYLE
  2
AcDbMLeaderStyle
  3
ACDB_MLEADERSTYLE_CLASS
 90
     4095
 91
        3
280
     0
281
     0
  0
CLASS
  1
AEC_VARS_DWG_SETUP
  2
AecDbVarsDwgSetup
  3
AecBase60
 90
      129
 91
        3
280
     0
281
     0
  0
CLASS
  1
AEC_DISP_REP_2D_SECTION
  2
AecDbDispRep2dSection
  3
AecBase60
 90
      129
 91
        3
280
     0
281
     0
  0
CLASS
  1
AEC_DISP_PROPS_2D_SECTION
  2
AecDbDispProps2dSection
  3
AecBase60
 90
      129
 91
        3
280
     0
281
     0
  0
CLASS
  1
AEC_DISP_REP_CLIP_VOLUME_MODEL
  2
AecDbDispRepClipVolModel
  3
AecBase60
 90
      129
 91
        5
280
     0
281
     0
  0
CLASS
  1
AEC_DISP_PROPS_CLIP_VOLUME
  2
AecDbDispPropsClipVol
  3
AecBase60
 90
      129
 91
        3
280
     0
281
     0
  0
CLASS
  1
AEC_DISP_REP_CLIP_VOLUME_PLAN
  2
AecDbDispRepClipVolPlan
  3
AecBase60
 90
      129
 91
        3
280
     0
281
     0
  0
CLASS
  1
AEC_DISP_REP_CLIP_VOLUME_RESULT
  2
AecDbDispRepClipVolResult
  3
AecBase60
 90
      129
 91
        5
280
     0
281
     0
  0
CLASS
  1
AEC_DISP_REP_CLIP_VOLUME_RESULT_SUBDIV
  2
AecDbDispRepClipVolResSubDiv
  3
AecBase60
 90
      129
 91
        4
280
     0
281
     0
  0
CLASS
  1
AEC_DISP_PROPS_CLIP_VOLUME_RESULT
  2
AecDbDispPropsClipVolResSubDiv
  3
AecBase60
 90
      129
 91
        3
280
     0
281
     0
  0
CLASS
  1
AEC_DISP_REP_DISPLAYTHEME
  2
AecDbDispRepDisplayTheme
  3
AecBase60
 90
      129
 91
        3
280
     0
281
     0
  0
CLASS
  1
AEC_DISP_PROPS_DISPLAYTHEME
  2
AecDbDispPropsDisplayTheme
  3
AecBase60
 90
      129
 91
        3
280
     0
281
     0
  0
CLASS
  1
AEC_DISP_REP_ENT_REF
  2
AecDbDispRepEntRef
  3
AecBase60
 90
      129
 91
        3
280
     0
281
     0
  0
CLASS
  1
AEC_DISP_PROPS_ENT_REF
  2
AecDbDispPropsEntRef
  3
AecBase60
 90
      129
 91
        3
280
     0
281
     0
  0
CLASS
  1
AEC_DISP_REP_LAYOUT_CURVE
  2
AecDbDispRepLayoutCurve
  3
AecBase60
 90
      129
 91
        3
280
     0
281
     0
  0
CLASS
  1
AEC_DISP_PROPS_LAYOUT_CURVE
  2
AecDbDispPropsLayoutCurve
  3
AecBase60
 90
      129
 91
        3
280
     0
281
     0
  0
CLASS
  1
AEC_DISP_REP_LAYOUT_GRID2D
  2
AecDbDispRepLayoutGrid2d
  3
AecBase60
 90
      129
 91
        5
280
     0
281
     0
  0
CLASS
  1
AEC_DISP_PROPS_LAYOUT_GRID2D
  2
AecDbDispPropsLayoutGrid2d
  3
AecBase60
 90
      129
 91
        4
280
     0
281
     0
  0
CLASS
  1
AEC_DISP_REP_LAYOUT_GRID3D
  2
AecDbDispRepLayoutGrid3d
  3
AecBase60
 90
      129
 91
        3
280
     0
281
     0
  0
CLASS
  1
AEC_DISP_PROPS_LAYOUT_GRID3D
  2
AecDbDispPropsLayoutGrid3d
  3
AecBase60
 90
      129
 91
        3
280
     0
281
     0
  0
CLASS
  1
AEC_DISP_REP_MASKBLOCK_REF
  2
AecDbDispRepMaskBlockRef
  3
AecBase60
 90
      129
 91
        4
280
     0
281
     0
  0
CLASS
  1
AEC_DISP_PROPS_MASKBLOCK
  2
AecDbDispPropsMaskBlock
  3
AecBase60
 90
      129
 91
        3
280
     0
281
     0
  0
CLASS
  1
AEC_DISP_REP_MASKBLOCK_REF_RCP
  2
AecDbDispRepMaskBlockRefRcp
  3
AecArchBase60
 90
      129
 91
        3
280
     0
281
     0
  0
CLASS
  1
AEC_DISP_REP_MASS_ELEM_MODEL
  2
AecDbDispRepMassElemModel
  3
AecBase60
 90
      129
 91
        3
280
     0
281
     0
  0
CLASS
  1
AEC_DISP_PROPS_MASS_ELEM_MODEL
  2
AecDbDispPropsMassElem
  3
AecBase60
 90
      129
 91
        4
280
     0
281
     0
  0
CLASS
  1
AEC_DISP_REP_MASS_ELEM_SCHEM
  2
AecDbDispRepMassElemSchem
  3
AecBase60
 90
      129
 91
        4
280
     0
281
     0
  0
CLASS
  1
AEC_DISPREPAECDBDISPREPMASSELEMPLAN50
  2
AecDbDispRepMassElemPlan50
  3
AecArchDACHBase60
 90
      129
 91
        3
280
     0
281
     0
  0
CLASS
  1
AEC_DISPROPSMASSELEMPLANCOMMON
  2
AecDbDispPropsMassElemPlanCommon
  3
AecArchDACHBase60
 90
      129
 91
        3
280
     0
281
     0
  0
CLASS
  1
AEC_DISPREPAECDBDISPREPMASSELEMPLAN100
  2
AecDbDispRepMassElemPlan100
  3
AecArchDACHBase60
 90
      129
 91
        3
280
     0
281
     0
  0
CLASS
  1
AEC_DISP_REP_MASS_ELEM_RCP
  2
AecDbDispRepMassElemRcp
  3
AecArchBase60
 90
      129
 91
        3
280
     0
281
     0
  0
CLASS
  1
AEC_DISP_REP_MASS_GROUP_MODEL
  2
AecDbDispRepMassGroupModel
  3
AecBase60
 90
      129
 91
        3
280
     0
281
     0
  0
CLASS
  1
AEC_DISP_PROPS_MASS_GROUP
  2
AecDbDispPropsMassGroup
  3
AecBase60
 90
      129
 91
        4
280
     0
281
     0
  0
CLASS
  1
AEC_DISP_REP_MASS_GROUP_PLAN
  2
AecDbDispRepMassGroupPlan
  3
AecBase60
 90
      129
 91
        7
280
     0
281
     0
  0
CLASS
  1
AEC_DISPREPAECDBDISPREPMASSGROUPPLAN50
  2
AecDbDispRepMassGroupPlan50
  3
AecArchDACHBase60
 90
      129
 91
        3
280
     0
281
     0
  0
CLASS
  1
AEC_DISPROPSMASSGROUPPLANCOMMON
  2
AecDbDispPropsMassGroupPlanCommon
  3
AecArchDACHBase60
 90
      129
 91
        3
280
     0
281
     0
  0
CLASS
  1
AEC_DISPREPAECDBDISPREPMASSGROUPPLAN100
  2
AecDbDispRepMassGroupPlan100
  3
AecArchDACHBase60
 90
      129
 91
        3
280
     0
281
     0
  0
CLASS
  1
AEC_DISP_REP_MASS_GROUP_RCP
  2
AecDbDispRepMassGroupRcp
  3
AecArchBase60
 90
      129
 91
        3
280
     0
281
     0
  0
CLASS
  1
AEC_DISP_REP_MVBLOCK_REF
  2
AecDbDispRepMvBlockRef
  3
AecBase60
 90
      129
 91
        7
280
     0
281
     0
  0
CLASS
  1
AEC_DISP_REP_MVBLOCK_REF_MODEL
  2
AecDbDispRepMvBlockRefModel
  3
AecBase60
 90
      129
 91
        3
280
     0
281
     0
  0
CLASS
  1
AEC_AECDBDISPREPMVBLOCKREFPLAN100
  2
AecDbDispRepMvBlockRefPlan100
  3
AecBase60
 90
      129
 91
        3
280
     0
281
     0
  0
CLASS
  1
AEC_AECDBDISPREPMVBLOCKREFPLAN50
  2
AecDbDispRepMvBlockRefPlan50
  3
AecBase60
 90
      129
 91
        3
280
     0
281
     0
  0
CLASS
  1
AEC_DISP_REP_POLYGON_MODEL
  2
AecDbDispRepPolygonModel
  3
AecBase60
 90
      129
 91
        3
280
     0
281
     0
  0
CLASS
  1
AEC_DISP_PROPS_POLYGON_MODEL
  2
AecDbDispPropsPolygonModel
  3
AecBase60
 90
      129
 91
        3
280
     0
281
     0
  0
CLASS
  1
AEC_DISP_REP_POLYGON_TRUECOLOUR
  2
AecDbDispRepPolygonTrueColour
  3
AecBase60
 90
      129
 91
        3
280
     0
281
     0
  0
CLASS
  1
AEC_DISP_PROPS_POLYGON_TRUECOLOUR
  2
AecDbDispPropsPolygonTrueColour
  3
AecBase60
 90
      129
 91
        3
280
     0
281
     0
  0
CLASS
  1
AEC_DISP_REP_SLICE
  2
AecDbDispRepSlice
  3
AecBase60
 90
      129
 91
        3
280
     0
281
     0
  0
CLASS
  1
AEC_DISP_PROPS_SLICE
  2
AecDbDispPropsSlice
  3
AecBase60
 90
      129
 91
        3
280
     0
281
     0
  0
CLASS
  1
AEC_DISP_REP_ANCHOR
  2
AecDbDispRepAnchor
  3
AecBase60
 90
      129
 91
        3
280
     0
281
     0
  0
CLASS
  1
AEC_DISP_REP_ANCHOR_ENT_TO_NODE
  2
AecDbDispRepAnchorEntToNode
  3
AecBase60
 90
      129
 91
        4
280
     0
281
     0
  0
CLASS
  1
AEC_DISP_PROPS_ENT
  2
AecDbDispPropsEnt
  3
AecBase60
 90
      129
 91
        3
280
     0
281
     0
  0
CLASS
  1
AEC_DISP_REP_MATERIAL
  2
AecDbDispRepMaterial
  3
AecBase60
 90
      129
 91
        3
280
     0
281
     0
  0
CLASS
  1
AEC_DISP_PROPS_MATERIAL
  2
AecDbDispPropsMaterial
  3
AecBase60
 90
      129
 91
        3
280
     0
281
     0
  0
CLASS
  1
AEC_DISP_REP_EDITINPLACEPROFILE
  2
AecDbDispRepEditInPlaceProfile
  3
AecBase60
 90
      129
 91
        3
280
     0
281
     0
  0
CLASS
  1
AEC_DISP_PROPS_EDITINPLACEPROFILE_MODEL
  2
AecDbDispPropsEditInPlaceProfile
  3
AecBase60
 90
      129
 91
        3
280
     0
281
     0
  0
CLASS
  1
AEC_VARS_ARCHBASE
  2
AecDbVarsArchBase
  3
AecArchBase60
 90
      129
 91
        3
280
     0
281
     0
  0
CLASS
  1
AEC_DISP_REP_BDG_ELEVLINE_PLAN
  2
AecDbDispRepBdgElevLinePlan
  3
AecArchBase60
 90
      129
 91
        6
280
     0
281
     0
  0
CLASS
  1
AEC_DISP_REP_BDG_ELEVLINE_MODEL
  2
AecDbDispRepBdgElevLineModel
  3
AecArchBase60
 90
      129
 91
        3
280
     0
281
     0
  0
CLASS
  1
AEC_DISP_REP_BDG_ELEVLINE_RCP
  2
AecDbDispRepBdgElevLineRcp
  3
AecArchBase60
 90
      129
 91
        3
280
     0
281
     0
  0
CLASS
  1
AEC_AECDBDISPREPBDGELEVLINEPLAN100
  2
AecDbDispRepBdgElevLinePlan100
  3
AecBase60
 90
      129
 91
        3
280
     0
281
     0
  0
CLASS
  1
AEC_AECDBDISPREPBDGELEVLINEPLAN50
  2
AecDbDispRepBdgElevLinePlan50
  3
AecBase60
 90
      129
 91
        3
280
     0
281
     0
  0
CLASS
  1
AEC_DISP_REP_BDG_SECTIONLINE_MODEL
  2
AecDbDispRepBdgSectionLineModel
  3
AecArchBase60
 90
      129
 91
        3
280
     0
281
     0
  0
CLASS
  1
AEC_DISP_REP_BDG_SECTIONLINE_PLAN
  2
AecDbDispRepBdgSectionLinePlan
  3
AecArchBase60
 90
      129
 91
        6
280
     0
281
     0
  0
CLASS
  1
AEC_DISP_REP_BDG_SECTIONLINE_RCP
  2
AecDbDispRepBdgSectionLineRcp
  3
AecArchBase60
 90
      129
 91
        3
280
     0
281
     0
  0
CLASS
  1
AEC_AECDBDISPREPBDGSECTIONLINEPLAN100
  2
AecDbDispRepBdgSectionLinePlan100
  3
AecBase60
 90
      129
 91
        3
280
     0
281
     0
  0
CLASS
  1
AEC_AECDBDISPREPBDGSECTIONLINEPLAN50
  2
AecDbDispRepBdgSectionLinePlan50
  3
AecBase60
 90
      129
 91
        3
280
     0
281
     0
  0
CLASS
  1
AEC_DISP_REP_BDG_SECTION_SUBDIV
  2
AecDbDispRepBdgSectionSubDiv
  3
AecArchBase60
 90
      129
 91
        3
280
     0
281
     0
  0
CLASS
  1
AEC_DISP_REP_BDG_SECTION_MODEL
  2
AecDbDispRepBdgSectionModel
  3
AecArchBase60
 90
      129
 91
        3
280
     0
281
     0
  0
CLASS
  1
AEC_DISP_REP_CEILING_GRID
  2
AecDbDispRepCeilingGrid
  3
AecArchBase60
 90
      893
 91
        7
280
     0
281
     0
  0
CLASS
  1
AEC_DISP_REP_CEILING_GRID_MODEL
  2
AecDbDispRepCeilingGridModel
  3
AecArchBase60
 90
      129
 91
        3
280
     0
281
     0
  0
CLASS
  1
AEC_DISP_REP_CEILING_GRID_RCP
  2
AecDbDispRepCeilingGridRcp
  3
AecArchBase60
 90
      129
 91
        3
280
     0
281
     0
  0
CLASS
  1
AEC_AECDBDISPREPCEILINGGRIDPLAN100
  2
AecDbDispRepCeilingGridPlan100
  3
AecBase60
 90
      129
 91
        3
280
     0
281
     0
  0
CLASS
  1
AEC_AECDBDISPREPCEILINGGRIDPLAN50
  2
AecDbDispRepCeilingGridPlan50
  3
AecBase60
 90
      129
 91
        3
280
     0
281
     0
  0
CLASS
  1
AEC_DISP_REP_CURTAIN_WALL_LAYOUT_MODEL
  2
AecDbDispRepCurtainWallLayoutModel
  3
AecArchBase60
 90
      129
 91
        3
280
     0
281
     0
  0
CLASS
  1
AEC_DISP_PROPS_GRID_ASSEMBLY_MODEL
  2
AecDbDispPropsGridAssemblyModel
  3
AecArchBase60
 90
      129
 91
        3
280
     0
281
     0
  0
CLASS
  1
AEC_DISP_REP_CURTAIN_WALL_LAYOUT_PLAN
  2
AecDbDispRepCurtainWallLayoutPlan
  3
AecArchBase60
 90
      129
 91
        5
280
     0
281
     0
  0
CLASS
  1
AEC_DISP_PROPS_GRID_ASSEMBLY_PLAN
  2
AecDbDispPropsGridAssemblyPlan
  3
AecArchBase60
 90
      129
 91
        3
280
     0
281
     0
  0
CLASS
  1
AEC_AECDBDISPREPCURTAINWALLLAYOUTPLAN100
  2
AecDbDispRepCurtainWallLayoutPlan100
  3
AecBase60
 90
      129
 91
        3
280
     0
281
     0
  0
CLASS
  1
AEC_AECDBDISPREPCURTAINWALLLAYOUTPLAN50
  2
AecDbDispRepCurtainWallLayoutPlan50
  3
AecBase60
 90
      129
 91
        3
280
     0
281
     0
  0
CLASS
  1
AEC_DISP_REP_CURTAIN_WALL_UNIT_MODEL
  2
AecDbDispRepCurtainWallUnitModel
  3
AecArchBase60
 90
      129
 91
        3
280
     0
281
     0
  0
CLASS
  1
AEC_DISP_REP_CURTAIN_WALL_UNIT_PLAN
  2
AecDbDispRepCurtainWallUnitPlan
  3
AecArchBase60
 90
      129
 91
        5
280
     0
281
     0
  0
CLASS
  1
AEC_AECDBDISPREPCURTAINWALLUNITPLAN100
  2
AecDbDispRepCurtainWallUnitPlan100
  3
AecBase60
 90
      129
 91
        3
280
     0
281
     0
  0
CLASS
  1
AEC_AECDBDISPREPCURTAINWALLUNITPLAN50
  2
AecDbDispRepCurtainWallUnitPlan50
  3
AecBase60
 90
      129
 91
        3
280
     0
281
     0
  0
CLASS
  1
AEC_DISP_REP_DOOR_MODEL
  2
AecDbDispRepDoorModel
  3
AecArchBase60
 90
      129
 91
        4
280
     0
281
     0
  0
CLASS
  1
AEC_DISP_PROPS_DOOR
  2
AecDbDispPropsDoor
  3
AecArchBase60
 90
      129
 91
        4
280
     0
281
     0
  0
CLASS
  1
AEC_DISP_REP_DOOR_ELEV
  2
AecDbDispRepDoorElev
  3
AecArchBase60
 90
      129
 91
        3
280
     0
281
     0
  0
CLASS
  1
AEC_DISP_REP_DOOR_PLAN
  2
AecDbDispRepDoorPlan
  3
AecArchBase60
 90
      129
 91
        7
280
     0
281
     0
  0
CLASS
  1
AEC_DISP_REP_DOOR_NOMINAL
  2
AecDbDispRepDoorNominal
  3
AecArchBase60
 90
      129
 91
        3
280
     0
281
     0
  0
CLASS
  1
AEC_DISP_PROPS_DOOR_NOMINAL
  2
AecDbDispPropsDoorNominal
  3
AecArchBase60
 90
      129
 91
        3
280
     0
281
     0
  0
CLASS
  1
AEC_DISP_REP_DOOR_THRESHOLD_PLAN
  2
AecDbDispRepDoorThresholdPlan
  3
AecArchBase60
 90
      129
 91
        3
280
     0
281
     0
  0
CLASS
  1
AEC_DISP_PROPS_DOOR_THRESHOLD_PLAN
  2
AecDbDispPropsDoorThresholdPlan
  3
AecArchBase60
 90
      129
 91
        3
280
     0
281
     0
  0
CLASS
  1
AEC_DISP_REP_DOOR_PLAN_50
  2
AecDbDispRepDoorPlan50
  3
AecArchDACHBase60
 90
      129
 91
        3
280
     0
281
     0
  0
CLASS
  1
AEC_DISP_PROPS_DOOR_PLAN_50
  2
AecDbDispPropsDoorPlan50
  3
AecArchDACHBase60
 90
      129
 91
        3
280
     0
281
     0
  0
CLASS
  1
AEC_DISP_REP_DOOR_PLAN_HEKTO
  2
AecDbDispRepDoorPlanHekto
  3
AecArchDACHBase60
 90
      129
 91
        3
280
     0
281
     0
  0
CLASS
  1
AEC_DISP_PROPS_DOOR_PLAN_100
  2
AecDbDispPropsDoorPlan100
  3
AecArchDACHBase60
 90
      129
 91
        3
280
     0
281
     0
  0
CLASS
  1
AEC_DISP_REP_DOOR_RCP
  2
AecDbDispRepDoorRcp
  3
AecArchBase60
 90
      129
 91
        3
280
     0
281
     0
  0
CLASS
  1
AEC_DISP_REP_DOOR_THRESHOLD_SYMBOL_PLAN
  2
AecDbDispRepDoorThresholdSymbolPlan
  3
AecArchDACHBase60
 90
      129
 91
        3
280
     0
281
     0
  0
CLASS
  1
AEC_DISP_PROPS_DOOR_THRESHOLD_SYMBOL_PLAN
  2
AecDbDispPropsDoorThresholdSymbolPlan
  3
AecArchDACHBase60
 90
      129
 91
        3
280
     0
281
     0
  0
CLASS
  1
AEC_DISP_REP_OPENING
  2
AecDbDispRepOpening
  3
AecArchBase60
 90
      129
 91
        5
280
     0
281
     0
  0
CLASS
  1
AEC_DISP_PROPS_OPENING
  2
AecDbDispPropsOpening
  3
AecArchBase60
 90
      129
 91
        4
280
     0
281
     0
  0
CLASS
  1
AEC_DISP_REP_OPENING_MODEL
  2
AecDbDispRepOpeningModel
  3
AecArchBase60
 90
      129
 91
        3
280
     0
281
     0
  0
CLASS
  1
AEC_DISPREPAECDBDISPREPOPENINGPLAN100
  2
AecDbDispRepOpeningPlan100
  3
AecArchDACHBase60
 90
      129
 91
        3
280
     0
281
     0
  0
CLASS
  1
AEC_DISPROPSOPENINGPLANCOMMONHATCHED
  2
AecDbDispPropsOpeningPlanCommonHatched
  3
AecArchDACHBase60
 90
      129
 91
        3
280
     0
281
     0
  0
CLASS
  1
AEC_DISPREPAECDBDISPREPOPENINGPLAN50
  2
AecDbDispRepOpeningPlan50
  3
AecArchDACHBase60
 90
      129
 91
        3
280
     0
281
     0
  0
CLASS
  1
AEC_DISPREPAECDBDISPREPOPENINGPLANREFLECTED
  2
AecDbDispRepOpeningPlanReflected
  3
AecArchDACHBase60
 90
      129
 91
        3
280
     0
281
     0
  0
CLASS
  1
AEC_DISPROPSOPENINGPLANCOMMON
  2
AecDbDispPropsOpeningPlanCommon
  3
AecArchDACHBase60
 90
      129
 91
        4
280
     0
281
     0
  0
CLASS
  1
AEC_DISPREPAECDBDISPREPOPENINGSILLPLAN
  2
AecDbDispRepOpeningSillPlan
  3
AecArchDACHBase60
 90
      129
 91
        3
280
     0
281
     0
  0
CLASS
  1
AEC_DISPROPSOPENINGSILLPLAN
  2
AecDbDispPropsOpeningSillPlan
  3
AecArchDACHBase60
 90
      129
 91
        3
280
     0
281
     0
  0
CLASS
  1
AEC_DISP_REP_RAILING_MODEL
  2
AecDbDispRepRailingModel
  3
AecArchBase60
 90
      129
 91
        3
280
     0
281
     0
  0
CLASS
  1
AEC_DISP_PROPS_RAILING_MODEL
  2
AecDbDispPropsRailingModel
  3
AecArchBase60
 90
      129
 91
        3
280
     0
281
     0
  0
CLASS
  1
AEC_DISP_REP_RAILING_PLAN
  2
AecDbDispRepRailingPlan
  3
AecArchBase60
 90
      129
 91
        4
280
     0
281
     0
  0
CLASS
  1
AEC_DISP_PROPS_RAILING_PLAN
  2
AecDbDispPropsRailingPlan
  3
AecArchBase60
 90
      129
 91
        4
280
     0
281
     0
  0
CLASS
  1
AEC_DISP_REP_RAILING_PLAN_100
  2
AecDbDispRepRailingPlan100
  3
AecArchDACHBase60
 90
      129
 91
        3
280
     0
281
     0
  0
CLASS
  1
AEC_DISP_ROPS_RAILING_PLAN_100
  2
AecDbDispPropsRailingPlan100
  3
AecArchDACHBase60
 90
      129
 91
        3
280
     0
281
     0
  0
CLASS
  1
AEC_DISP_REP_RAILING_PLAN_50
  2
AecDbDispRepRailingPlan50
  3
AecArchDACHBase60
 90
      129
 91
        3
280
     0
281
     0
  0
CLASS
  1
AEC_DISP_ROPS_RAILING_PLAN_50
  2
AecDbDispPropsRailingPlan50
  3
AecArchDACHBase60
 90
      129
 91
        3
280
     0
281
     0
  0
CLASS
  1
AEC_DISP_REP_ROOF_MODEL
  2
AecDbDispRepRoofModel
  3
AecArchBase60
 90
      129
 91
        3
280
     0
281
     0
  0
CLASS
  1
AEC_DISP_PROPS_ROOF
  2
AecDbDispPropsRoof
  3
AecArchBase60
 90
      129
 91
        3
280
     0
281
     0
  0
CLASS
  1
AEC_DISP_REP_ROOF_PLAN
  2
AecDbDispRepRoofPlan
  3
AecArchBase60
 90
      129
 91
        7
280
     0
281
     0
  0
CLASS
  1
AEC_DISP_REP_ROOF_RCP
  2
AecDbDispRepRoofRcp
  3
AecArchBase60
 90
      129
 91
        3
280
     0
281
     0
  0
CLASS
  1
AEC_AECDBDISPREPROOFPLAN100
  2
AecDbDispRepRoofPlan100
  3
AecBase60
 90
      129
 91
        3
280
     0
281
     0
  0
CLASS
  1
AEC_AECDBDISPREPROOFPLAN50
  2
AecDbDispRepRoofPlan50
  3
AecBase60
 90
      129
 91
        3
280
     0
281
     0
  0
CLASS
  1
AEC_DISP_REP_ROOFSLAB_MODEL
  2
AecDbDispRepRoofSlabModel
  3
AecArchBase60
 90
      129
 91
        3
280
     0
281
     0
  0
CLASS
  1
AEC_DISP_PROPS_ROOFSLAB
  2
AecDbDispPropsRoofSlab
  3
AecArchBase60
 90
      129
 91
        3
280
     0
281
     0
  0
CLASS
  1
AEC_DISP_REP_ROOFSLAB_PLAN
  2
AecDbDispRepRoofSlabPlan
  3
AecArchBase60
 90
      129
 91
        5
280
     0
281
     0
  0
CLASS
  1
AEC_DISP_PROPS_ROOFSLAB_PLAN
  2
AecDbDispPropsRoofSlabPlan
  3
AecArchBase60
 90
      129
 91
        3
280
     0
281
     0
  0
CLASS
  1
AEC_AECDBDISPREPROOFSLABPLAN100
  2
AecDbDispRepRoofSlabPlan100
  3
AecBase60
 90
      129
 91
        3
280
     0
281
     0
  0
CLASS
  1
AEC_AECDBDISPREPROOFSLABPLAN50
  2
AecDbDispRepRoofSlabPlan50
  3
AecBase60
 90
      129
 91
        3
280
     0
281
     0
  0
CLASS
  1
AEC_DISP_REP_SLAB_MODEL
  2
AecDbDispRepSlabModel
  3
AecArchBase60
 90
      129
 91
        4
280
     0
281
     0
  0
CLASS
  1
AEC_DISP_PROPS_SLAB
  2
AecDbDispPropsSlab
  3
AecArchBase60
 90
      129
 91
        5
280
     0
281
     0
  0
CLASS
  1
AEC_DISP_REP_SLAB_PLAN
  2
AecDbDispRepSlabPlan
  3
AecArchBase60
 90
      129
 91
        6
280
     0
281
     0
  0
CLASS
  1
AEC_DISP_PROPS_SLAB_PLAN
  2
AecDbDispPropsSlabPlan
  3
AecArchBase60
 90
      129
 91
        4
280
     0
281
     0
  0
CLASS
  1
AEC_AECDBDISPREPSLABPLAN100
  2
AecDbDispRepSlabPlan100
  3
AecBase60
 90
      129
 91
        3
280
     0
281
     0
  0
CLASS
  1
AEC_AECDBDISPREPSLABPLAN50
  2
AecDbDispRepSlabPlan50
  3
AecBase60
 90
      129
 91
        3
280
     0
281
     0
  0
CLASS
  1
AEC_DISP_REP_SPACE_MODEL
  2
AecDbDispRepSpaceModel
  3
AecArchBase60
 90
      129
 91
        3
280
     0
281
     0
  0
CLASS
  1
AEC_DISP_PROPS_SPACE_MODEL
  2
AecDbDispPropsSpaceModel
  3
AecArchBase60
 90
      129
 91
        3
280
     0
281
     0
  0
CLASS
  1
AEC_DISP_REP_SPACE_PLAN
  2
AecDbDispRepSpacePlan
  3
AecArchBase60
 90
      129
 91
        6
280
     0
281
     0
  0
CLASS
  1
AEC_DISP_PROPS_SPACE_PLAN
  2
AecDbDispPropsSpacePlan
  3
AecArchBase60
 90
      129
 91
        3
280
     0
281
     0
  0
CLASS
  1
AEC_DISP_REP_SPACE_RCP
  2
AecDbDispRepSpaceRcp
  3
AecArchBase60
 90
      129
 91
        3
280
     0
281
     0
  0
CLASS
  1
AEC_DISP_REP_SPACE_VOLUME
  2
AecDbDispRepSpaceVolume
  3
AecArchBase60
 90
      129
 91
        3
280
     0
281
     0
  0
CLASS
  1
AEC_DISP_REP_SPACE_DECOMPOSED
  2
AecDbDispRepSpaceDecomposed
  3
AecArchBase60
 90
      129
 91
        3
280
     0
281
     0
  0
CLASS
  1
AEC_DISP_PROPS_SPACE_DECOMPOSED
  2
AecDbDispPropsSpaceDecomposed
  3
AecArchBase60
 90
      129
 91
        3
280
     0
281
     0
  0
CLASS
  1
AEC_AECDBDISPREPSPACEPLAN100
  2
AecDbDispRepSpacePlan100
  3
AecBase60
 90
      129
 91
        3
280
     0
281
     0
  0
CLASS
  1
AEC_AECDBDISPREPSPACEPLAN50
  2
AecDbDispRepSpacePlan50
  3
AecBase60
 90
      129
 91
        3
280
     0
281
     0
  0
CLASS
  1
AEC_DISP_REP_STAIR_MODEL
  2
AecDbDispRepStairModel
  3
AecArchBase60
 90
      129
 91
        3
280
     0
281
     0
  0
CLASS
  1
AEC_DISP_PROPS_STAIR_MODEL
  2
AecDbDispPropsStairModel
  3
AecArchBase60
 90
      129
 91
        3
280
     0
281
     0
  0
CLASS
  1
AEC_DISP_REP_STAIR_PLAN
  2
AecDbDispRepStairPlan
  3
AecArchBase60
 90
      129
 91
        6
280
     0
281
     0
  0
CLASS
  1
AEC_DISP_PROPS_STAIR_PLAN
  2
AecDbDispPropsStairPlan
  3
AecArchBase60
 90
      129
 91
        5
280
     0
281
     0
  0
CLASS
  1
AEC_DISP_REP_STAIR_RCP
  2
AecDbDispRepStairRcp
  3
AecArchBase60
 90
      129
 91
        3
280
     0
281
     0
  0
CLASS
  1
AEC_DISP_REP_STAIR_PLAN_100
  2
AecDbDispRepStairPlan100
  3
AecArchDACHBase60
 90
      129
 91
        3
280
     0
281
     0
  0
CLASS
  1
AEC_DISP_ROPS_STAIR_PLAN_100
  2
AecDbDispPropsStairPlan100
  3
AecArchDACHBase60
 90
      129
 91
        3
280
     0
281
     0
  0
CLASS
  1
AEC_DISP_REP_STAIR_PLAN_50
  2
AecDbDispRepStairPlan50
  3
AecArchDACHBase60
 90
      129
 91
        3
280
     0
281
     0
  0
CLASS
  1
AEC_DISP_ROPS_STAIR_PLAN_50
  2
AecDbDispPropsStairPlan50
  3
AecArchDACHBase60
 90
      129
 91
        3
280
     0
281
     0
  0
CLASS
  1
AEC_DISP_REP_STAIR_PLAN_OVERLAPPING
  2
AecDbDispRepStairPlanOverlapping
  3
AecArchBase60
 90
      129
 91
        3
280
     0
281
     0
  0
CLASS
  1
AEC_DISP_PROPS_STAIR_PLAN_OVERLAPPING
  2
AecDbDispPropsStairPlanOverlapping
  3
AecArchBase60
 90
      129
 91
        3
280
     0
281
     0
  0
CLASS
  1
AEC_DISP_REP_WALL_GRAPH
  2
AecDbDispRepWallGraph
  3
AecArchBase60
 90
      129
 91
        3
280
     0
281
     0
  0
CLASS
  1
AEC_DISP_PROPS_WALL_GRAPH
  2
AecDbDispPropsWallGraph
  3
AecArchBase60
 90
      129
 91
        3
280
     0
281
     0
  0
CLASS
  1
AEC_DISP_REP_WALL_MODEL
  2
AecDbDispRepWallModel
  3
AecArchBase60
 90
      129
 91
        3
280
     0
281
     0
  0
CLASS
  1
AEC_DISP_PROPS_WALL_MODEL
  2
AecDbDispPropsWallModel
  3
AecArchBase60
 90
      129
 91
        3
280
     0
281
     0
  0
CLASS
  1
AEC_DISP_REP_WALL_PLAN
  2
AecDbDispRepWallPlan
  3
AecArchBase60
 90
      129
 91
        6
280
     0
281
     0
  0
CLASS
  1
AEC_DISP_PROPS_WALL_PLAN
  2
AecDbDispPropsWallPlan
  3
AecArchBase60
 90
      129
 91
        3
280
     0
281
     0
  0
CLASS
  1
AEC_DISP_REP_WALL_RCP
  2
AecDbDispRepWallRcp
  3
AecArchBase60
 90
      129
 91
        3
280
     0
281
     0
  0
CLASS
  1
AEC_DISP_REP_WALL_SCHEM
  2
AecDbDispRepWallSchem
  3
AecArchBase60
 90
      129
 91
        3
280
     0
281
     0
  0
CLASS
  1
AEC_DISP_PROPS_WALL_SCHEM
  2
AecDbDispPropsWallSchem
  3
AecArchBase60
 90
      129
 91
        3
280
     0
281
     0
  0
CLASS
  1
AEC_AECDBDISPREPWALLPLAN100
  2
AecDbDispRepWallPlan100
  3
AecBase60
 90
      129
 91
        3
280
     0
281
     0
  0
CLASS
  1
AEC_AECDBDISPREPWALLPLAN50
  2
AecDbDispRepWallPlan50
  3
AecBase60
 90
      129
 91
        3
280
     0
281
     0
  0
CLASS
  1
AEC_DISP_REP_WINDOW_MODEL
  2
AecDbDispRepWindowModel
  3
AecArchBase60
 90
      129
 91
        4
280
     0
281
     0
  0
CLASS
  1
AEC_DISP_PROPS_WINDOW
  2
AecDbDispPropsWindow
  3
AecArchBase60
 90
      129
 91
        5
280
     0
281
     0
  0
CLASS
  1
AEC_DISP_REP_WINDOW_ELEV
  2
AecDbDispRepWindowElev
  3
AecArchBase60
 90
      129
 91
        3
280
     0
281
     0
  0
CLASS
  1
AEC_DISP_REP_WINDOW_PLAN
  2
AecDbDispRepWindowPlan
  3
AecArchBase60
 90
      129
 91
        7
280
     0
281
     0
  0
CLASS
  1
AEC_DISP_REP_WINDOW_NOMINAL
  2
AecDbDispRepWindowNominal
  3
AecArchBase60
 90
      129
 91
        3
280
     0
281
     0
  0
CLASS
  1
AEC_DISP_PROPS_WINDOW_NOMINAL
  2
AecDbDispPropsWindowNominal
  3
AecArchBase60
 90
      129
 91
        3
280
     0
281
     0
  0
CLASS
  1
AEC_DISP_REP_WINDOW_RCP
  2
AecDbDispRepWindowRcp
  3
AecArchBase60
 90
      129
 91
        3
280
     0
281
     0
  0
CLASS
  1
AEC_DISP_REP_WINDOW_SILL_PLAN
  2
AecDbDispRepWindowSillPlan
  3
AecArchBase60
 90
      129
 91
        3
280
     0
281
     0
  0
CLASS
  1
AEC_DISP_PROPS_WINDOW_SILL_PLAN
  2
AecDbDispPropsWindowSillPlan
  3
AecArchBase60
 90
      129
 91
        3
280
     0
281
     0
  0
CLASS
  1
AEC_DISP_REP_WINDOW_PLAN_100
  2
AecDbDispRepWindowPlan100
  3
AecArchDACHBase60
 90
      129
 91
        3
280
     0
281
     0
  0
CLASS
  1
AEC_DISP_PROPS_WINDOW_PLAN_100
  2
AecDbDispPropsWindowPlan100
  3
AecArchDACHBase60
 90
      129
 91
        3
280
     0
281
     0
  0
CLASS
  1
AEC_DISP_REP_WINDOW_PLAN_50
  2
AecDbDispRepWindowPlan50
  3
AecArchDACHBase60
 90
      129
 91
        3
280
     0
281
     0
  0
CLASS
  1
AEC_DISP_PROPS_WINDOW_PLAN_50
  2
AecDbDispPropsWindowPlan50
  3
AecArchDACHBase60
 90
      129
 91
        3
280
     0
281
     0
  0
CLASS
  1
AEC_DISP_REP_WINDOW_ASSEMBLY_MODEL
  2
AecDbDispRepWindowAssemblyModel
  3
AecArchBase60
 90
      129
 91
        3
280
     0
281
     0
  0
CLASS
  1
AEC_DISP_REP_WINDOW_ASSEMBLY_PLAN
  2
AecDbDispRepWindowAssemblyPlan
  3
AecArchBase60
 90
      129
 91
        5
280
     0
281
     0
  0
CLASS
  1
AEC_DISP_REP_WINDOWASSEMBLY_SILL_PLAN
  2
AecDbDispRepWindowAssemblySillPlan
  3
AecArchBase60
 90
      129
 91
        3
280
     0
281
     0
  0
CLASS
  1
AEC_DISP_PROPS_WINDOW_ASSEMBLY_SILL_PLAN
  2
AecDbDispPropsWindowAssemblySillPlan
  3
AecArchBase60
 90
      129
 91
        3
280
     0
281
     0
  0
CLASS
  1
AEC_AECDBDISPREPWINDOWASSEMBLYPLAN100
  2
AecDbDispRepWindowAssemblyPlan100
  3
AecBase60
 90
      129
 91
        3
280
     0
281
     0
  0
CLASS
  1
AEC_AECDBDISPREPWINDOWASSEMBLYPLAN50
  2
AecDbDispRepWindowAssemblyPlan50
  3
AecBase60
 90
      129
 91
        3
280
     0
281
     0
  0
CLASS
  1
AEC_DB_DISP_REP_DIM_GROUP_PLAN
  2
AecDbDispRepDimGroupPlan
  3
AecArchDACHBase60
 90
      129
 91
        3
280
     0
281
     0
  0
CLASS
  1
AEC_DISP_PROPS_DIM
  2
AecDbDispPropsDimGroup
  3
AecArchDACHBase60
 90
      129
 91
        3
280
     0
281
     0
  0
CLASS
  1
AEC_DB_DISP_REP_DIM_GROUP_PLAN100
  2
AecDbDispRepDimGroupPlan100
  3
AecArchDACHBase60
 90
      129
 91
        3
280
     0
281
     0
  0
CLASS
  1
AEC_DB_DISP_REP_DIM_GROUP_PLAN50
  2
AecDbDispRepDimGroupPlan50
  3
AecArchDACHBase60
 90
      129
 91
        3
280
     0
281
     0
  0
CLASS
  1
AEC_DISP_REP_SCHEDULE_TABLE
  2
AecDbDispRepScheduleTable
  3
AecSchedule50
 90
      129
 91
        3
280
     0
281
     0
  0
CLASS
  1
AEC_DISP_PROPS_SCHEDULE_TABLE
  2
AecDbDispPropsScheduleTable
  3
AecSchedule50
 90
      129
 91
        3
280
     0
281
     0
  0
CLASS
  1
AEC_DISP_REP_ANCHOR_TAG_TO_ENT
  2
AecDbDispRepAnchorTagToEnt
  3
AecScheduleData60
 90
      129
 91
        4
280
     0
281
     0
  0
CLASS
  1
AEC_DISP_REP_ANCHOR_EXT_TAG_TO_ENT
  2
AecDbDispRepAnchorExtendedTagToEnt
  3
AecScheduleData60
 90
      129
 91
        3
280
     0
281
     0
  0
CLASS
  1
AEC_DISP_REP_ANCHOR_BUB_TO_GRID
  2
AecDbDispRepAnchorBubToGrid
  3
AecStructureBase60
 90
      129
 91
        5
280
     0
281
     0
  0
CLASS
  1
AEC_DISP_REP_ANCHOR_BUB_TO_GRID_MODEL
  2
AecDbDispRepAnchorBubToGridMdl
  3
AecStructureBase60
 90
      129
 91
        3
280
     0
281
     0
  0
CLASS
  1
AEC_DISP_REP_ANCHOR_BUB_TO_GRID_RCP
  2
AecDbDispRepAnchorBubToGridRcp
  3
AecStructureBase60
 90
      129
 91
        3
280
     0
281
     0
  0
CLASS
  1
AECS_DISP_REP_MEMBER_ELEVATION_DESIGN
  2
AecsDbDispRepMemberElevationDesign
  3
AecStructureBase60
 90
      129
 91
        3
280
     0
281
     0
  0
CLASS
  1
AECS_DISP_PROPS_MEMBER_PROJECTED
  2
AecsDbDispPropsMemberProjected
  3
AecStructureBase60
 90
      129
 91
        4
280
     0
281
     0
  0
CLASS
  1
AECS_DISP_REP_MEMBER_ELEVATION_DETAIL
  2
AecsDbDispRepMemberElevationDetail
  3
AecStructureBase60
 90
      129
 91
        3
280
     0
281
     0
  0
CLASS
  1
AECS_DISP_REP_MEMBER_LOGICAL
  2
AecsDbDispRepMemberLogical
  3
AecStructureBase60
 90
      129
 91
        3
280
     0
281
     0
  0
CLASS
  1
AECS_DISP_PROPS_MEMBER_LOGICAL
  2
AecsDbDispPropsMemberLogical
  3
AecStructureBase60
 90
      129
 91
        3
280
     0
281
     0
  0
CLASS
  1
AECS_DISP_REP_MEMBER_MODEL_DESIGN
  2
AecsDbDispRepMemberModelDesign
  3
AecStructureBase60
 90
      129
 91
        3
280
     0
281
     0
  0
CLASS
  1
AECS_DISP_PROPS_MEMBER
  2
AecsDbDispPropsMember
  3
AecStructureBase60
 90
      129
 91
        5
280
     0
281
     0
  0
CLASS
  1
AECS_DISP_REP_MEMBER_MODEL_DETAIL
  2
AecsDbDispRepMemberModelDetail
  3
AecStructureBase60
 90
      129
 91
        3
280
     0
281
     0
  0
CLASS
  1
AECS_DISP_REP_MEMBER_PLAN_DESIGN
  2
AecsDbDispRepMemberPlanDesign
  3
AecStructureBase60
 90
      129
 91
        3
280
     0
281
     0
  0
CLASS
  1
AECS_DISP_PROPS_MEMBER_PLAN
  2
AecsDbDispPropsMemberPlan
  3
AecStructureBase60
 90
      129
 91
        4
280
     0
281
     0
  0
CLASS
  1
AECS_DISP_REP_MEMBER_PLAN_DETAIL
  2
AecsDbDispRepMemberPlanDetail
  3
AecStructureBase60
 90
      129
 91
        3
280
     0
281
     0
  0
CLASS
  1
AECS_DISP_REP_MEMBER_PLAN_SKETCH
  2
AecsDbDispRepMemberPlanSketch
  3
AecStructureBase60
 90
      129
 91
        3
280
     0
281
     0
  0
CLASS
  1
AECS_DISP_PROPS_MEMBER_PLAN_SKETCH
  2
AecsDbDispPropsMemberPlanSketch
  3
AecStructureBase60
 90
      129
 91
        3
280
     0
281
     0
  0
CLASS
  1
AEC_DISP_REP_SET
  2
AecDbDispRepSet
  3
AecBase60
 90
      129
 91
        3
280
     0
281
     0
  0
CLASS
  1
AEC_DISP_REP_CONFIG
  2
AecDbDispRepConfig
  3
AecBase60
 90
      129
 91
        3
280
     0
281
     0
  0
CLASS
  1
AEC_LAYERKEY_STYLE
  2
AecDbLayerKeyStyle
  3
AecBase60
 90
      129
 91
        3
280
     0
281
     0
  0
CLASS
  1
AEC_DIM_STYLE
  2
AecDbDimensionStyle
  3
AecArchDACHBase60
 90
      129
 91
        3
280
     0
281
     0
  0
CLASS
  1
SORTENTSTABLE
  2
AcDbSortentsTable
  3
ObjectDBX Classes
 90
        0
 91
        3
280
     0
281
     0
  0
ENDSEC
  0
SECTION
  2
TABLES
  0
TABLE
  2
VPORT
  5
8
330
0
100
AcDbSymbolTable
 70
     1
  0
VPORT
  5
29
330
8
100
AcDbSymbolTableRecord
100
AcDbViewportTableRecord
  2
*Active
 70
     0
 10
0.0
 20
0.0
 11
1.0
 21
1.0
 12
255.6773864596373
 22
124.0713698778132
 13
0.0
 23
0.0
 14
10.0
 24
10.0
 15
10.0
 25
10.0
 16
0.0
 26
0.0
 36
1.0
 17
-134.1869158878504
 27
0.0
 37
0.0
 40
58.77685546875001
 41
4.164859002169197
 42
50.0
 43
0.0
 44
0.0
 50
0.0
 51
0.0
 71
    16
 72
  1000
 73
     1
 74
     3
 75
     0
 76
     0
 77
     0
 78
     0
281
     0
 65
     1
110
0.0
120
0.0
130
0.0
111
1.0
121
0.0
131
0.0
112
0.0
122
1.0
132
0.0
 79
     0
146
0.0
348
2F
 60
     3
 61
     5
292
     1
282
     1
141
0.0
142
0.0
 63
   250
421
  3355443
361
B5
  0
ENDTAB
  0
TABLE
  2
LTYPE
  5
5
330
0
100
AcDbSymbolTable
 70
     1
  0
LTYPE
  5
14
330
5
100
AcDbSymbolTableRecord
100
AcDbLinetypeTableRecord
  2
ByBlock
 70
     0
  3

 72
    65
 73
     0
 40
0.0
  0
LTYPE
  5
15
330
5
100
AcDbSymbolTableRecord
100
AcDbLinetypeTableRecord
  2
ByLayer
 70
     0
  3

 72
    65
 73
     0
 40
0.0
  0
LTYPE
  5
16
330
5
100
AcDbSymbolTableRecord
100
AcDbLinetypeTableRecord
  2
Continuous
 70
     0
  3
Solid line
 72
    65
 73
     0
 40
0.0
  0
ENDTAB
  0
TABLE
  2
LAYER
  5
2
102
{ACAD_XDICTIONARY
360
286
102
}
330
0
100
AcDbSymbolTable
 70
     2
  0
LAYER
  5
10
330
2
100
AcDbSymbolTableRecord
100
AcDbLayerTableRecord
  2
0
 70
     0
 62
     7
  6
Continuous
370
    -3
390
F
347
78
348
0
  0
LAYER
  5
25D
330
2
100
AcDbSymbolTableRecord
100
AcDbLayerTableRecord
  2
Black
 70
     0
 62
     7
  6
Continuous
370
    -3
390
F
347
78
348
0
  0
ENDTAB
  0
TABLE
  2
STYLE
  5
3
330
0
100
AcDbSymbolTable
 70
     3
  0
STYLE
  5
11
330
3
100
AcDbSymbolTableRecord
100
AcDbTextStyleTableRecord
  2
Standard
 70
     0
 40
0.0
 41
1.0
 50
0.0
 71
     0
 42
2.5
  3
arial.ttf
  4

1001
ACAD
1000
Arial
1071
        0
  0
STYLE
  5
100
330
3
100
AcDbSymbolTableRecord
100
AcDbTextStyleTableRecord
  2
Annotative
 70
     0
 40
0.0
 41
1.0
 50
0.0
 71
     0
 42
2.5
  3
arial.ttf
  4

1001
ACAD
1000
Arial
1071
        0
1001
AcadAnnotative
1000
AnnotativeData
1002
{
1070
     1
1070
     1
1002
}
  0
STYLE
  5
266
330
3
100
AcDbSymbolTableRecord
100
AcDbTextStyleTableRecord
  2
ISOCP
 70
     0
 40
0.0
 41
1.0
 50
0.0
 71
     0
 42
2.5
  3
isocp.shx
  4

  0
ENDTAB
  0
TABLE
  2
VIEW
  5
6
330
0
100
AcDbSymbolTable
 70
     0
  0
ENDTAB
  0
TABLE
  2
UCS
  5
7
330
0
100
AcDbSymbolTable
 70
     0
  0
ENDTAB
  0
TABLE
  2
APPID
  5
9
330
0
100
AcDbSymbolTable
 70
     8
  0
APPID
  5
12
330
9
100
AcDbSymbolTableRecord
100
AcDbRegAppTableRecord
  2
ACAD
 70
     0
  0
APPID
  5
101
330
9
100
AcDbSymbolTableRecord
100
AcDbRegAppTableRecord
  2
AcadAnnotative
 70
     0
  0
APPID
  5
10A
330
9
100
AcDbSymbolTableRecord
100
AcDbRegAppTableRecord
  2
AECBASE
 70
     0
  0
APPID
  5
10B
330
9
100
AcDbSymbolTableRecord
100
AcDbRegAppTableRecord
  2
AEC_2DSECTION_XDATA
 70
     0
  0
APPID
  5
10C
330
9
100
AcDbSymbolTableRecord
100
AcDbRegAppTableRecord
  2
AEC_MASSGROUP_XDADA
 70
     0
  0
APPID
  5
263
330
9
100
AcDbSymbolTableRecord
100
AcDbRegAppTableRecord
  2
ACAD_NAV_VCDISPLAY
 70
     0
  0
APPID
  5
264
330
9
100
AcDbSymbolTableRecord
100
AcDbRegAppTableRecord
  2
AcDbDynamicBlockGUID
 70
     0
  0
APPID
  5
265
330
9
100
AcDbSymbolTableRecord
100
AcDbRegAppTableRecord
  2
ACAD_PSEXT
 70
     0
  0
ENDTAB
  0
TABLE
  2
DIMSTYLE
  5
A
330
0
100
AcDbSymbolTable
 70
     3
100
AcDbDimStyleTable
  0
DIMSTYLE
105
27
330
A
100
AcDbSymbolTableRecord
100
AcDbDimStyleTableRecord
  2
ISO-25
 70
     0
 41
2.5
 42
0.625
 43
3.75
 44
1.25
 73
     0
 74
     0
 77
     1
 78
     8
140
2.5
141
2.5
143
0.03937007874016
147
0.625
171
     3
172
     1
178
     0
271
     2
272
     2
274
     3
278
    44
283
     0
284
     8
340
11
  0
DIMSTYLE
105
102
330
A
100
AcDbSymbolTableRecord
100
AcDbDimStyleTableRecord
  2
Annotative
 70
     0
 41
2.5
 42
0.625
 43
3.75
 44
1.25
 73
     0
 74
     0
 77
     1
 78
     8
140
2.5
141
2.5
143
0.03937007874016
147
0.625
171
     3
172
     1
178
     0
271
     2
272
     2
274
     3
278
    44
283
     0
284
     8
340
11
1001
AcadAnnotative
1000
AnnotativeData
1002
{
1070
     1
1070
     1
1002
}
  0
DIMSTYLE
105
108
330
A
100
AcDbSymbolTableRecord
100
AcDbDimStyleTableRecord
  2
Standard
 70
     0
178
     0
340
11
  0
ENDTAB
  0
TABLE
  2
BLOCK_RECORD
  5
1
330
0
100
AcDbSymbolTable
 70
     2
  0
BLOCK_RECORD
  5
1F
330
1
100
AcDbSymbolTableRecord
100
AcDbBlockTableRecord
  2
*Model_Space
340
22
 70
     0
280
     1
281
     0
  0
BLOCK_RECORD
  5
1B
330
1
100
AcDbSymbolTableRecord
100
AcDbBlockTableRecord
  2
*Paper_Space
340
1E
 70
     0
280
     1
281
     0
  0
BLOCK_RECORD
  5
23
330
1
100
AcDbSymbolTableRecord
100
AcDbBlockTableRecord
  2
*Paper_Space0
340
26
 70
     0
280
     1
281
     0
  0
BLOCK_RECORD
  5
275
102
{ACAD_XDICTIONARY
360
276
102
}
330
1
100
AcDbSymbolTableRecord
100
AcDbBlockTableRecord
  2
SingleRelay_20
340
0
102
{BLKREFS
331
28B
102
}
 70
     0
280
     1
281
     0
1001
AcDbDynamicBlockGUID
1000
{E36E839E-2BAD-DA4F-9606-DCD66BC9B6E3}
  0
ENDTAB
  0
ENDSEC
  0
SECTION
  2
BLOCKS
  0
BLOCK
  5
20
330
1F
100
AcDbEntity
  8
0
100
AcDbBlockBegin
  2
*Model_Space
 70
     0
 10
0.0
 20
0.0
 30
0.0
  3
*Model_Space
  1

  0
ENDBLK
  5
21
330
1F
100
AcDbEntity
  8
0
100
AcDbBlockEnd
  0
BLOCK
  5
1C
330
1B
100
AcDbEntity
 67
     1
  8
0
100
AcDbBlockBegin
  2
*Paper_Space
 70
     0
 10
0.0
 20
0.0
 30
0.0
  3
*Paper_Space
  1

  0
ENDBLK
  5
1D
330
1B
100
AcDbEntity
 67
     1
  8
0
100
AcDbBlockEnd
  0
BLOCK
  5
24
330
23
100
AcDbEntity
  8
0
100
AcDbBlockBegin
  2
*Paper_Space0
 70
     0
 10
0.0
 20
0.0
 30
0.0
  3
*Paper_Space0
  1

  0
ENDBLK
  5
25
330
23
100
AcDbEntity
  8
0
100
AcDbBlockEnd
  0
BLOCK
  5
278
330
275
100
AcDbEntity
  8
0
100
AcDbBlockBegin
  2
SingleRelay_20
 70
     2
 10
0.0
 20
0.0
 30
0.0
  3
SingleRelay_20
  1

  0
ATTDEF
  5
279
330
275
100
AcDbEntity
  8
0
100
AcDbText
 10
9.346137404370666
 20
-5.774440183650938
 30
0.0
 40
2.0
  1

  7
ISOCP
 72
     1
 11
9.346137404370666
 21
-4.774440183650938
 31
0.0
100
AcDbAttributeDefinition
  3
TOP
  2
NAME1
 70
     0
 74
     2
280
     0
 71
     1
 72
     0
 11
9.346137404370666
 21
-4.774440183650938
 31
0.0
  0
ATTDEF
  5
27A
330
275
100
AcDbEntity
  8
0
100
AcDbText
 10
9.346137404370666
 20
-9.03974969354698
 30
0.0
 40
2.0
  1

  7
ISOCP
 72
     1
 11
9.346137404370666
 21
-8.03974969354698
 31
0.0
100
AcDbAttributeDefinition
  3
BOTTOM
  2
NAME2
 70
     0
 74
     2
280
     0
 71
     1
 72
     0
 11
9.346137404370666
 21
-8.03974969354698
 31
0.0
  0
ATTDEF
  5
27B
330
275
100
AcDbEntity
  8
0
100
AcDbText
 10
7.146137404370665
 20
-17.13574587840134
 30
0.0
 40
2.0
  1
QN1
  7
ISOCP
 72
     1
 11
9.346137404370666
 21
-16.13574587840134
 31
0.0
100
AcDbAttributeDefinition
  3
RELAYTYPE
  2
RELTYP
 70
     0
 74
     2
280
     0
 71
     1
 72
     0
 11
9.346137404370666
 21
-16.13574587840134
 31
0.0
  0
ATTDEF
  5
27C
330
275
100
AcDbEntity
  8
0
100
AcDbText
 10
8.684938585473027
 20
-20.02531326120205
 30
0.0
 40
1.8
  1
2
  7
ISOCP
 72
     1
 11
9.346137404370666
 21
-19.12531326120205
 31
0.0
100
AcDbAttributeDefinition
  3
CONTACTCONFIG
  2
CNTCNF
 70
     0
 74
     2
280
     0
 71
     1
 72
     0
 11
9.346137404370666
 21
-19.12531326120205
 31
0.0
  0
ATTDEF
  5
27D
330
275
100
AcDbEntity
  8
0
100
AcDbText
 10
9.346137404370666
 20
-12.09167724682806
 30
0.0
 40
2.0
  1

  7
ISOCP
 72
     1
 11
9.346137404370666
 21
-11.09167724682806
 31
0.0
100
AcDbAttributeDefinition
  3

  2
NAME3
 70
     0
 74
     2
280
     1
 71
     1
 72
     0
 11
9.346137404370666
 21
-11.09167724682806
 31
0.0
  0
LWPOLYLINE
  5
27E
330
275
100
AcDbEntity
  8
0
100
AcDbPolyline
 90
        4
 70
     1
 43
0.0
 10
0.0
 20
-0.0000002504106078
 10
17.81984772094881
 20
-0.0000002504106078
 10
17.81984772094887
 20
-24.71884685822502
 10
0.0
 20
-24.71884685822505
  0
ENDBLK
  5
27F
330
275
100
AcDbEntity
  8
0
100
AcDbBlockEnd
  0
ENDSEC
  0
SECTION
  2
ENTITIES
  0
INSERT
  5
28B
330
1F
100
AcDbEntity
  8
Black
100
AcDbBlockReference
 66
     1
  2
SingleRelay_20
 10
64.60997830802603
 20
142.2331889705842
 30
0.0
  0
ATTRIB
  5
28C
330
28B
100
AcDbEntity
  8
0
100
AcDbText
 10
70.00069904573003
 20
136.3587487869333
 30
0.0
 40
2.2
  1
XXXX
  7
ISOCP
 72
     1
 11
73.9561157123967
 21
137.4587487869333
 31
0.0
100
AcDbAttribute
  2
NAME1
 70
     0
 74
     2
280
     0
 71
     1
 72
     0
 11
73.9561157123967
 21
137.4587487869333
 31
0.0
  0
ATTRIB
  5
28D
330
28B
100
AcDbEntity
  8
0
100
AcDbText
 10
67.03069904573003
 20
133.0934392770373
 30
0.0
 40
2.2
  1
XXXXXXX
  7
ISOCP
 72
     1
 11
73.9561157123967
 21
134.1934392770373
 31
0.0
100
AcDbAttribute
  2
NAME2
 70
     0
 74
     2
280
     0
 71
     1
 72
     0
 11
73.9561157123967
 21
134.1934392770373
 31
0.0
  0
ATTRIB
  5
28E
330
28B
100
AcDbEntity
  8
0
100
AcDbText
 10
68.01840737906336
 20
124.9974430921829
 30
0.0
 40
2.2
  1
RELTYPE
  7
ISOCP
 72
     1
 11
73.9561157123967
 21
126.0974430921829
 31
0.0
100
AcDbAttribute
  2
RELTYP
 70
     0
 74
     2
280
     0
 71
     1
 72
     0
 11
73.9561157123967
 21
126.0974430921829
 31
0.0
  0
ATTRIB
  5
28F
330
28B
100
AcDbEntity
  8
0
100
AcDbText
 10
70.65840737906336
 20
122.0078757093822
 30
0.0
 40
2.2
  1
CONF
  7
ISOCP
 72
     1
 11
73.9561157123967
 21
123.1078757093822
 31
0.0
100
AcDbAttribute
  2
CNTCNF
 70
     0
 74
     2
280
     0
 71
     1
 72
     0
 11
73.9561157123967
 21
123.1078757093822
 31
0.0
  0
ATTRIB
  5
290
330
28B
100
AcDbEntity
  8
0
100
AcDbText
 10
73.9561157123967
 20
130.0415117237562
 30
0.0
 40
2.2
  1

  7
ISOCP
 72
     1
 11
73.9561157123967
 21
131.1415117237562
 31
0.0
100
AcDbAttribute
  2
NAME3
 70
     0
 74
     2
280
     1
 71
     1
 72
     0
 11
73.9561157123967
 21
131.1415117237562
 31
0.0
  0
SEQEND
  5
291
330
28B
100
AcDbEntity
  8
Black
  0
ENDSEC
  0
SECTION
  2
OBJECTS
  0
DICTIONARY
  5
C
330
0
100
AcDbDictionary
281
     1
  3
ACAD_COLOR
350
268
  3
ACAD_DATALINK
350
25B
  3
ACAD_DETAILVIEWSTYLE
350
105
  3
ACAD_GROUP
350
D
  3
ACAD_IMAGE_VARS
350
6A
  3
ACAD_LAYOUT
350
1A
  3
ACAD_MATERIAL
350
72
  3
ACAD_MLEADERSTYLE
350
3F
  3
ACAD_MLINESTYLE
350
17
  3
ACAD_PLOTSETTINGS
350
19
  3
ACAD_PLOTSTYLENAME
350
E
  3
ACAD_SCALELIST
350
40
  3
ACAD_SECTIONVIEWSTYLE
350
106
  3
ACAD_TABLESTYLE
350
3B
  3
ACAD_VISUALSTYLE
350
2A
  3
ACDB_RECOMPOSE_DATA
350
294
  3
AcDbVariableDictionary
350
3D
  3
AEC_DIM_STYLES
350
22A
  3
AEC_DISP_REP_CONFIGURATIONS
350
226
  3
AEC_DISP_REP_SETS
350
223
  3
AEC_DISP_REPS
350
10F
  3
AEC_DISPLAY_PROPS_DEFAULTS
350
111
  3
AEC_LAYERKEY_STYLES
350
228
  3
AEC_VARS
350
10D
  3
APPDATA
350
73
  3
FX_BIM
350
24C
  0
SUN
  5
B5
330
29
100
AcDbSun
 90
        1
290
     0
 63
     7
 40
1.0
291
     1
 91
  2455826
 92
 54000000
292
     0
 70
     2
 71
   256
280
     1
  0
DICTIONARY
  5
286
330
2
100
AcDbDictionary
280
     1
281
     1
  3
ACAD_LAYERSTATES
360
287
  0
DICTIONARY
  5
276
330
275
100
AcDbDictionary
280
     1
281
     1
  3
ACAD_SORTENTS
360
277
  0
DICTIONARY
  5
268
102
{ACAD_REACTORS
330
C
102
}
330
C
100
AcDbDictionary
281
     1
  0
DICTIONARY
  5
25B
102
{ACAD_REACTORS
330
C
102
}
330
C
100
AcDbDictionary
280
     1
281
     1
  0
DICTIONARY
  5
105
102
{ACAD_REACTORS
330
C
102
}
330
C
100
AcDbDictionary
281
     1
  0
DICTIONARY
  5
D
102
{ACAD_REACTORS
330
C
102
}
330
C
100
AcDbDictionary
281
     1
  0
RASTERVARIABLES
  5
6A
102
{ACAD_REACTORS
330
C
102
}
330
C
100
AcDbRasterVariables
 90
        0
 70
     1
 71
     1
 72
     1
  0
DICTIONARY
  5
1A
102
{ACAD_REACTORS
330
C
102
}
330
C
100
AcDbDictionary
281
     1
  3
Model
350
22
  3
Sheet1
350
1E
  3
Sheet2
350
26
  0
DICTIONARY
  5
72
102
{ACAD_REACTORS
330
C
102
}
330
C
100
AcDbDictionary
281
     1
  3
ByBlock
350
77
  3
ByLayer
350
76
  3
Global
350
78
  0
DICTIONARY
  5
3F
102
{ACAD_REACTORS
330
C
102
}
330
C
100
AcDbDictionary
281
     1
  3
Annotative
350
107
  3
Standard
350
FF
  0
DICTIONARY
  5
17
102
{ACAD_REACTORS
330
C
102
}
330
C
100
AcDbDictionary
281
     1
  3
Standard
350
18
  0
DICTIONARY
  5
19
102
{ACAD_REACTORS
330
C
102
}
330
C
100
AcDbDictionary
281
     1
  0
ACDBDICTIONARYWDFLT
  5
E
102
{ACAD_REACTORS
330
C
102
}
330
C
100
AcDbDictionary
281
     1
  3
Normal
350
F
100
AcDbDictionaryWithDefault
340
F
  0
DICTIONARY
  5
40
102
{ACAD_REACTORS
330
C
102
}
330
C
100
AcDbDictionary
281
     1
  3
A0
350
41
  3
A1
350
42
  3
A2
350
43
  3
A3
350
44
  3
A4
350
45
  3
A5
350
46
  3
A6
350
47
  3
A7
350
48
  3
A8
350
49
  3
A9
350
4A
  3
B0
350
4B
  3
B1
350
4C
  3
B2
350
4D
  3
B3
350
4E
  3
B4
350
4F
  3
B5
350
50
  3
B6
350
51
  3
B7
350
52
  3
B8
350
53
  3
B9
350
54
  3
C0
350
55
  3
C1
350
56
  3
C2
350
57
  3
C3
350
58
  3
C4
350
59
  3
C5
350
5A
  3
C6
350
5B
  3
C7
350
5C
  3
C8
350
5D
  3
C9
350
5E
  3
D0
350
5F
  3
D1
350
60
  3
D2
350
61
  0
DICTIONARY
  5
106
102
{ACAD_REACTORS
330
C
102
}
330
C
100
AcDbDictionary
281
     1
  0
DICTIONARY
  5
3B
102
{ACAD_REACTORS
330
C
102
}
330
C
100
AcDbDictionary
281
     1
  3
Standard
350
3C
  0
DICTIONARY
  5
2A
102
{ACAD_REACTORS
330
C
102
}
330
C
100
AcDbDictionary
281
     1
  3
2dWireframe
350
2F
  3
Basic
350
32
  3
Brighten
350
36
  3
ColorChange
350
3A
  3
Conceptual
350
34
  3
Dim
350
35
  3
EdgeColorOff
350
AF
  3
Facepattern
350
39
  3
Flat
350
2B
  3
FlatWithEdges
350
2C
  3
Gouraud
350
2D
  3
GouraudWithEdges
350
2E
  3
Hidden
350
AC
  3
JitterOff
350
AD
  3
Linepattern
350
38
  3
OverhangOff
350
AE
  3
Realistic
350
33
  3
Shaded
350
B4
  3
Shaded with edges
350
B3
  3
Shades of Gray
350
B0
  3
Sketchy
350
B1
  3
Thicken
350
37
  3
Wireframe
350
AB
  3
X-Ray
350
B2
  0
XRECORD
  5
294
102
{ACAD_REACTORS
330
C
102
}
330
C
100
AcDbXrecord
280
     1
 90
        1
330
3C
  0
DICTIONARY
  5
3D
102
{ACAD_REACTORS
330
C
102
}
330
C
100
AcDbDictionary
281
     1
  3
CANNOSCALE
350
103
  3
CMLEADERSTYLE
350
104
  3
CTABLESTYLE
350
3E
  3
DIMASSOC
350
7C
  3
HIDETEXT
350
7D
  3
LIGHTSINBLOCKS
350
6F
  3
MSLTSCALE
350
B6
  3
XCLIPFRAME
350
70
  0
DICTIONARY
  5
22A
102
{ACAD_REACTORS
330
C
102
}
330
C
100
AcDbDictionary
281
     1
  3
BIM Dimension Style - 1 Chain
350
22C
  3
BIM Dimension Style - 2 Chains
350
22D
  3
BIM Dimension Style - 3 Chains
350
22E
  3
Standard
350
22B
  0
DICTIONARY
  5
226
102
{ACAD_REACTORS
330
C
102
}
330
C
100
AcDbDictionary
281
     1
  3
Standard
350
227
1001
AECBASE
1070
 10000
1005
227
  0
DICTIONARY
  5
223
102
{ACAD_REACTORS
330
C
102
}
330
C
100
AcDbDictionary
281
     1
  3
Model
350
224
  3
Plan
350
225
  0
DICTIONARY
  5
10F
102
{ACAD_REACTORS
330
C
102
}
330
C
100
AcDbDictionary
281
     1
  3
AecDbDispRep2dSection
350
110
  3
AecDbDispRepAnchor
350
146
  3
AecDbDispRepAnchorBubToGrid
350
20D
  3
AecDbDispRepAnchorBubToGridMdl
350
20F
  3
AecDbDispRepAnchorBubToGridRcp
350
211
  3
AecDbDispRepAnchorEntToNode
350
147
  3
AecDbDispRepAnchorExtendedTagToEnt
350
20B
  3
AecDbDispRepAnchorTagToEnt
350
209
  3
AecDbDispRepBdgElevLineModel
350
150
  3
AecDbDispRepBdgElevLinePlan
350
14E
  3
AecDbDispRepBdgElevLinePlan100
350
154
  3
AecDbDispRepBdgElevLinePlan50
350
156
  3
AecDbDispRepBdgElevLineRcp
350
152
  3
AecDbDispRepBdgSectionLineModel
350
158
  3
AecDbDispRepBdgSectionLinePlan
350
15A
  3
AecDbDispRepBdgSectionLinePlan100
350
15E
  3
AecDbDispRepBdgSectionLinePlan50
350
160
  3
AecDbDispRepBdgSectionLineRcp
350
15C
  3
AecDbDispRepBdgSectionModel
350
164
  3
AecDbDispRepBdgSectionSubDiv
350
162
  3
AecDbDispRepCeilingGrid
350
165
  3
AecDbDispRepCeilingGridModel
350
167
  3
AecDbDispRepCeilingGridPlan100
350
16B
  3
AecDbDispRepCeilingGridPlan50
350
16D
  3
AecDbDispRepCeilingGridRcp
350
169
  3
AecDbDispRepClipVolModel
350
113
  3
AecDbDispRepClipVolPlan
350
115
  3
AecDbDispRepClipVolResSubDiv
350
118
  3
AecDbDispRepClipVolResult
350
117
  3
AecDbDispRepCurtainWallLayoutModel
350
16F
  3
AecDbDispRepCurtainWallLayoutPlan
350
171
  3
AecDbDispRepCurtainWallLayoutPlan100
350
173
  3
AecDbDispRepCurtainWallLayoutPlan50
350
175
  3
AecDbDispRepCurtainWallUnitModel
350
177
  3
AecDbDispRepCurtainWallUnitPlan
350
179
  3
AecDbDispRepCurtainWallUnitPlan100
350
17B
  3
AecDbDispRepCurtainWallUnitPlan50
350
17D
  3
AecDbDispRepDimGroupPlan
350
201
  3
AecDbDispRepDimGroupPlan100
350
203
  3
AecDbDispRepDimGroupPlan50
350
205
  3
AecDbDispRepDisplayTheme
350
11A
  3
AecDbDispRepDoorElev
350
181
  3
AecDbDispRepDoorModel
350
17F
  3
AecDbDispRepDoorNominal
350
185
  3
AecDbDispRepDoorPlan
350
183
  3
AecDbDispRepDoorPlan50
350
189
  3
AecDbDispRepDoorPlanHekto
350
18B
  3
AecDbDispRepDoorRcp
350
18D
  3
AecDbDispRepDoorThresholdPlan
350
187
  3
AecDbDispRepDoorThresholdSymbolPlan
350
18F
  3
AecDbDispRepEditInPlaceProfile
350
14B
  3
AecDbDispRepEntRef
350
11C
  3
AecDbDispRepLayoutCurve
350
11E
  3
AecDbDispRepLayoutGrid2d
350
120
  3
AecDbDispRepLayoutGrid3d
350
122
  3
AecDbDispRepMaskBlockRef
350
124
  3
AecDbDispRepMaskBlockRefRcp
350
126
  3
AecDbDispRepMassElemModel
350
128
  3
AecDbDispRepMassElemPlan100
350
12E
  3
AecDbDispRepMassElemPlan50
350
12C
  3
AecDbDispRepMassElemRcp
350
130
  3
AecDbDispRepMassElemSchem
350
12A
  3
AecDbDispRepMassGroupModel
350
132
  3
AecDbDispRepMassGroupPlan
350
134
  3
AecDbDispRepMassGroupPlan100
350
138
  3
AecDbDispRepMassGroupPlan50
350
136
  3
AecDbDispRepMassGroupRcp
350
13A
  3
AecDbDispRepMaterial
350
149
  3
AecDbDispRepMvBlockRef
350
13C
  3
AecDbDispRepMvBlockRefModel
350
13D
  3
AecDbDispRepMvBlockRefPlan100
350
13E
  3
AecDbDispRepMvBlockRefPlan50
350
13F
  3
AecDbDispRepOpening
350
191
  3
AecDbDispRepOpeningModel
350
193
  3
AecDbDispRepOpeningPlan100
350
195
  3
AecDbDispRepOpeningPlan50
350
197
  3
AecDbDispRepOpeningPlanReflected
350
199
  3
AecDbDispRepOpeningSillPlan
350
19B
  3
AecDbDispRepPolygonModel
350
140
  3
AecDbDispRepPolygonTrueColour
350
142
  3
AecDbDispRepRailingModel
350
19D
  3
AecDbDispRepRailingPlan
350
19F
  3
AecDbDispRepRailingPlan100
350
1A1
  3
AecDbDispRepRailingPlan50
350
1A3
  3
AecDbDispRepRoofModel
350
1A5
  3
AecDbDispRepRoofPlan
350
1A7
  3
AecDbDispRepRoofPlan100
350
1AB
  3
AecDbDispRepRoofPlan50
350
1AD
  3
AecDbDispRepRoofRcp
350
1A9
  3
AecDbDispRepRoofSlabModel
350
1AF
  3
AecDbDispRepRoofSlabPlan
350
1B1
  3
AecDbDispRepRoofSlabPlan100
350
1B3
  3
AecDbDispRepRoofSlabPlan50
350
1B5
  3
AecDbDispRepScheduleTable
350
207
  3
AecDbDispRepSlabModel
350
1B7
  3
AecDbDispRepSlabPlan
350
1B9
  3
AecDbDispRepSlabPlan100
350
1BB
  3
AecDbDispRepSlabPlan50
350
1BD
  3
AecDbDispRepSlice
350
144
  3
AecDbDispRepSpaceDecomposed
350
1C7
  3
AecDbDispRepSpaceModel
350
1BF
  3
AecDbDispRepSpacePlan
350
1C1
  3
AecDbDispRepSpacePlan100
350
1C9
  3
AecDbDispRepSpacePlan50
350
1CB
  3
AecDbDispRepSpaceRcp
350
1C3
  3
AecDbDispRepSpaceVolume
350
1C5
  3
AecDbDispRepStairModel
350
1CD
  3
AecDbDispRepStairPlan
350
1CF
  3
AecDbDispRepStairPlan100
350
1D3
  3
AecDbDispRepStairPlan50
350
1D5
  3
AecDbDispRepStairPlanOverlapping
350
1D7
  3
AecDbDispRepStairRcp
350
1D1
  3
AecDbDispRepWallGraph
350
1D9
  3
AecDbDispRepWallModel
350
1DB
  3
AecDbDispRepWallPlan
350
1DD
  3
AecDbDispRepWallPlan100
350
1E3
  3
AecDbDispRepWallPlan50
350
1E5
  3
AecDbDispRepWallRcp
350
1DF
  3
AecDbDispRepWallSchem
350
1E1
  3
AecDbDispRepWindowAssemblyModel
350
1F7
  3
AecDbDispRepWindowAssemblyPlan
350
1F9
  3
AecDbDispRepWindowAssemblyPlan100
350
1FD
  3
AecDbDispRepWindowAssemblyPlan50
350
1FF
  3
AecDbDispRepWindowAssemblySillPlan
350
1FB
  3
AecDbDispRepWindowElev
350
1E9
  3
AecDbDispRepWindowModel
350
1E7
  3
AecDbDispRepWindowNominal
350
1ED
  3
AecDbDispRepWindowPlan
350
1EB
  3
AecDbDispRepWindowPlan100
350
1F3
  3
AecDbDispRepWindowPlan50
350
1F5
  3
AecDbDispRepWindowRcp
350
1EF
  3
AecDbDispRepWindowSillPlan
350
1F1
  3
AecsDbDispRepMemberElevationDesign
350
213
  3
AecsDbDispRepMemberElevationDetail
350
215
  3
AecsDbDispRepMemberLogical
350
217
  3
AecsDbDispRepMemberModelDesign
350
219
  3
AecsDbDispRepMemberModelDetail
350
21B
  3
AecsDbDispRepMemberPlanDesign
350
21D
  3
AecsDbDispRepMemberPlanDetail
350
21F
  3
AecsDbDispRepMemberPlanSketch
350
221
  0
DICTIONARY
  5
111
102
{ACAD_REACTORS
330
C
102
}
330
C
100
AcDbDictionary
281
     1
  3
*A1
350
112
  3
*A10
350
125
  3
*A100
350
1E0
  3
*A101
350
1E2
  3
*A102
350
1E4
  3
*A103
350
1E6
  3
*A104
350
1E8
  3
*A105
350
1EA
  3
*A106
350
1EC
  3
*A107
350
1EE
  3
*A108
350
1F0
  3
*A109
350
1F2
  3
*A11
350
127
  3
*A110
350
1F4
  3
*A111
350
1F6
  3
*A112
350
1F8
  3
*A113
350
1FA
  3
*A114
350
1FC
  3
*A115
350
1FE
  3
*A116
350
200
  3
*A117
350
202
  3
*A118
350
204
  3
*A119
350
206
  3
*A12
350
129
  3
*A120
350
208
  3
*A121
350
20A
  3
*A122
350
20C
  3
*A123
350
20E
  3
*A124
350
210
  3
*A125
350
212
  3
*A126
350
214
  3
*A127
350
216
  3
*A128
350
218
  3
*A129
350
21A
  3
*A13
350
12B
  3
*A130
350
21C
  3
*A131
350
21E
  3
*A132
350
220
  3
*A133
350
222
  3
*A14
350
12D
  3
*A15
350
12F
  3
*A16
350
131
  3
*A17
350
133
  3
*A18
350
135
  3
*A19
350
137
  3
*A2
350
114
  3
*A20
350
139
  3
*A21
350
13B
  3
*A22
350
141
  3
*A23
350
143
  3
*A24
350
145
  3
*A25
350
148
  3
*A26
350
14A
  3
*A27
350
14C
  3
*A28
350
14F
  3
*A29
350
151
  3
*A3
350
116
  3
*A30
350
153
  3
*A31
350
155
  3
*A32
350
157
  3
*A33
350
159
  3
*A34
350
15B
  3
*A35
350
15D
  3
*A36
350
15F
  3
*A37
350
161
  3
*A38
350
163
  3
*A39
350
166
  3
*A4
350
119
  3
*A40
350
168
  3
*A41
350
16A
  3
*A42
350
16C
  3
*A43
350
16E
  3
*A44
350
170
  3
*A45
350
172
  3
*A46
350
174
  3
*A47
350
176
  3
*A48
350
178
  3
*A49
350
17A
  3
*A5
350
11B
  3
*A50
350
17C
  3
*A51
350
17E
  3
*A52
350
180
  3
*A53
350
182
  3
*A54
350
184
  3
*A55
350
186
  3
*A56
350
188
  3
*A57
350
18A
  3
*A58
350
18C
  3
*A59
350
18E
  3
*A6
350
11D
  3
*A60
350
190
  3
*A61
350
192
  3
*A62
350
194
  3
*A63
350
196
  3
*A64
350
198
  3
*A65
350
19A
  3
*A66
350
19C
  3
*A67
350
19E
  3
*A68
350
1A0
  3
*A69
350
1A2
  3
*A7
350
11F
  3
*A70
350
1A4
  3
*A71
350
1A6
  3
*A72
350
1A8
  3
*A73
350
1AA
  3
*A74
350
1AC
  3
*A75
350
1AE
  3
*A76
350
1B0
  3
*A77
350
1B2
  3
*A78
350
1B4
  3
*A79
350
1B6
  3
*A8
350
121
  3
*A80
350
1B8
  3
*A81
350
1BA
  3
*A82
350
1BC
  3
*A83
350
1BE
  3
*A84
350
1C0
  3
*A85
350
1C2
  3
*A86
350
1C4
  3
*A87
350
1C6
  3
*A88
350
1C8
  3
*A89
350
1CA
  3
*A9
350
123
  3
*A90
350
1CC
  3
*A91
350
1CE
  3
*A92
350
1D0
  3
*A93
350
1D2
  3
*A94
350
1D4
  3
*A95
350
1D6
  3
*A96
350
1D8
  3
*A97
350
1DA
  3
*A98
350
1DC
  3
*A99
350
1DE
  0
DICTIONARY
  5
228
102
{ACAD_REACTORS
330
C
102
}
330
C
100
AcDbDictionary
281
     1
  3
BimDefStyle
350
229
  0
DICTIONARY
  5
10D
102
{ACAD_REACTORS
330
C
102
}
330
C
100
AcDbDictionary
281
     1
  3
AEC_VARS_ARCHBASE
350
14D
  3
AEC_VARS_DWG_SETUP
350
10E
  0
DICTIONARY
  5
73
102
{ACAD_REACTORS
330
C
102
}
330
C
100
AcDbDictionary
281
     1
  0
DICTIONARY
  5
24C
102
{ACAD_REACTORS
330
C
102
}
330
C
100
AcDbDictionary
281
     1
  3
FX_BIM_VARIABLES
350
24D
  0
DICTIONARY
  5
287
102
{ACAD_REACTORS
330
286
102
}
330
286
100
AcDbDictionary
281
     1
  0
SORTENTSTABLE
  5
277
102
{ACAD_REACTORS
330
276
102
}
330
276
100
AcDbSortentsTable
330
275
  0
LAYOUT
  5
22
102
{ACAD_REACTORS
330
1A
102
}
330
1A
100
AcDbPlotSettings
  1

  2
none_device
  4
ISO_A3_(420.00_x_297.00_MM)
  6

 40
7.5
 41
20.0
 42
7.5
 43
20.0
 44
420.0
 45
297.0
 46
0.0
 47
0.0
 48
0.0
 49
0.0
140
0.0
141
0.0
142
1.0
143
1.498832684824903
 70
  1712
 72
     1
 73
     0
 74
     0
  7

 75
     0
 76
     0
 77
     2
 78
   300
147
0.6671858774662512
148
0.0
149
0.0
100
AcDbLayout
  1
Model
 70
     1
 71
     0
 10
0.0
 20
0.0
 11
420.0
 21
297.0
 12
0.0
 22
0.0
 32
0.0
 14
64.60997830802603
 24
117.5143421123591
 34
0.0
 15
82.4298260289749
 25
142.2331887201736
 35
0.0
146
0.0
 13
0.0
 23
0.0
 33
0.0
 16
1.0
 26
0.0
 36
0.0
 17
0.0
 27
1.0
 37
0.0
 76
     0
330
1F
331
29
  0
LAYOUT
  5
1E
102
{ACAD_REACTORS
330
1A
102
}
330
1A
100
AcDbPlotSettings
  1

  2
none_device
  4

  6

 40
0.0
 41
0.0
 42
0.0
 43
0.0
 44
0.0
 45
0.0
 46
0.0
 47
0.0
 48
0.0
 49
0.0
140
0.0
141
0.0
142
1.0
143
1.0
 70
   688
 72
     0
 73
     0
 74
     5
  7

 75
    16
 76
     0
 77
     2
 78
   300
147
1.0
148
0.0
149
0.0
100
AcDbLayout
  1
Sheet1
 70
     1
 71
     1
 10
0.0
 20
0.0
 11
420.0
 21
297.0
 12
0.0
 22
0.0
 32
0.0
 14
1.000000000000000E+20
 24
1.000000000000000E+20
 34
1.000000000000000E+20
 15
-1.000000000000000E+20
 25
-1.000000000000000E+20
 35
-1.000000000000000E+20
146
0.0
 13
0.0
 23
0.0
 33
0.0
 16
1.0
 26
0.0
 36
0.0
 17
0.0
 27
1.0
 37
0.0
 76
     0
330
1B
  0
LAYOUT
  5
26
102
{ACAD_REACTORS
330
1A
102
}
330
1A
100
AcDbPlotSettings
  1

  2
none_device
  4

  6

 40
0.0
 41
0.0
 42
0.0
 43
0.0
 44
0.0
 45
0.0
 46
0.0
 47
0.0
 48
0.0
 49
0.0
140
0.0
141
0.0
142
1.0
143
1.0
 70
   688
 72
     0
 73
     0
 74
     5
  7

 75
    16
 76
     0
 77
     2
 78
   300
147
1.0
148
0.0
149
0.0
100
AcDbLayout
  1
Sheet2
 70
     1
 71
     2
 10
0.0
 20
0.0
 11
0.0
 21
0.0
 12
0.0
 22
0.0
 32
0.0
 14
0.0
 24
0.0
 34
0.0
 15
0.0
 25
0.0
 35
0.0
146
0.0
 13
0.0
 23
0.0
 33
0.0
 16
1.0
 26
0.0
 36
0.0
 17
0.0
 27
1.0
 37
0.0
 76
     0
330
23
  0
MATERIAL
  5
77
102
{ACAD_REACTORS
330
72
102
}
330
72
100
AcDbMaterial
  1
ByBlock
 72
     1
 94
      127
  0
MATERIAL
  5
76
102
{ACAD_REACTORS
330
72
102
}
330
72
100
AcDbMaterial
  1
ByLayer
 72
     1
 94
      127
  0
MATERIAL
  5
78
102
{ACAD_REACTORS
330
72
102
}
330
72
100
AcDbMaterial
  1
Global
 72
     1
 94
      127
  0
MLEADERSTYLE
  5
107
102
{ACAD_REACTORS
330
3F
102
}
330
3F
100
AcDbMLeaderStyle
179
     2
170
     2
171
     1
172
     0
 90
        2
 40
0.0
 41
0.0
173
     1
 91
-1056964608
340
14
 92
       -2
290
     1
 42
2.0
291
     1
 43
8.0
  3
Annotative
341
0
 44
4.0
300

342
11
174
     1
178
     1
175
     1
176
     0
 93
-1056964608
 45
4.0
292
     0
297
     0
 46
4.0
343
0
 94
-1056964608
 47
1.0
 49
1.0
140
1.0
293
     1
141
0.0
294
     1
177
     0
142
1.0
295
     0
296
     1
143
3.75
271
     0
272
     9
273
     9
298
     0
  0
MLEADERSTYLE
  5
FF
102
{ACAD_REACTORS
330
3F
102
}
330
3F
100
AcDbMLeaderStyle
179
     2
170
     2
171
     1
172
     0
 90
        2
 40
0.0
 41
0.0
173
     1
 91
-1056964608
340
14
 92
       -2
290
     1
 42
2.0
291
     1
 43
8.0
  3
Standard
341
0
 44
4.0
300

342
11
174
     1
178
     1
175
     1
176
     0
 93
-1056964608
 45
4.0
292
     0
297
     0
 46
4.0
343
0
 94
-1056964608
 47
1.0
 49
1.0
140
1.0
293
     1
141
0.0
294
     1
177
     0
142
1.0
295
     0
296
     0
143
3.75
271
     0
272
     9
273
     9
298
     0
  0
MLINESTYLE
  5
18
102
{ACAD_REACTORS
330
17
102
}
330
17
100
AcDbMlineStyle
  2
Standard
 70
     0
  3

 62
   256
 51
90.0
 52
90.0
 71
     2
 49
0.5
 62
   256
  6
BYLAYER
 49
-0.5
 62
   256
  6
BYLAYER
  0
ACDBPLACEHOLDER
  5
F
102
{ACAD_REACTORS
330
E
102
}
330
E
  0
SCALE
  5
41
102
{ACAD_REACTORS
330
40
102
}
330
40
100
AcDbScale
 70
     0
300
1:1
140
1.0
141
1.0
290
     1
  0
SCALE
  5
42
102
{ACAD_REACTORS
330
40
102
}
330
40
100
AcDbScale
 70
     0
300
1:2
140
1.0
141
2.0
290
     0
  0
SCALE
  5
43
102
{ACAD_REACTORS
330
40
102
}
330
40
100
AcDbScale
 70
     0
300
1:4
140
1.0
141
4.0
290
     0
  0
SCALE
  5
44
102
{ACAD_REACTORS
330
40
102
}
330
40
100
AcDbScale
 70
     0
300
1:5
140
1.0
141
5.0
290
     0
  0
SCALE
  5
45
102
{ACAD_REACTORS
330
40
102
}
330
40
100
AcDbScale
 70
     0
300
1:8
140
1.0
141
8.0
290
     0
  0
SCALE
  5
46
102
{ACAD_REACTORS
330
40
102
}
330
40
100
AcDbScale
 70
     0
300
1:10
140
1.0
141
10.0
290
     0
  0
SCALE
  5
47
102
{ACAD_REACTORS
330
40
102
}
330
40
100
AcDbScale
 70
     0
300
1:16
140
1.0
141
16.0
290
     0
  0
SCALE
  5
48
102
{ACAD_REACTORS
330
40
102
}
330
40
100
AcDbScale
 70
     0
300
1:20
140
1.0
141
20.0
290
     0
  0
SCALE
  5
49
102
{ACAD_REACTORS
330
40
102
}
330
40
100
AcDbScale
 70
     0
300
1:30
140
1.0
141
30.0
290
     0
  0
SCALE
  5
4A
102
{ACAD_REACTORS
330
40
102
}
330
40
100
AcDbScale
 70
     0
300
1:40
140
1.0
141
40.0
290
     0
  0
SCALE
  5
4B
102
{ACAD_REACTORS
330
40
102
}
330
40
100
AcDbScale
 70
     0
300
1:50
140
1.0
141
50.0
290
     0
  0
SCALE
  5
4C
102
{ACAD_REACTORS
330
40
102
}
330
40
100
AcDbScale
 70
     0
300
1:100
140
1.0
141
100.0
290
     0
  0
SCALE
  5
4D
102
{ACAD_REACTORS
330
40
102
}
330
40
100
AcDbScale
 70
     0
300
2:1
140
2.0
141
1.0
290
     0
  0
SCALE
  5
4E
102
{ACAD_REACTORS
330
40
102
}
330
40
100
AcDbScale
 70
     0
300
4:1
140
4.0
141
1.0
290
     0
  0
SCALE
  5
4F
102
{ACAD_REACTORS
330
40
102
}
330
40
100
AcDbScale
 70
     0
300
8:1
140
8.0
141
1.0
290
     0
  0
SCALE
  5
50
102
{ACAD_REACTORS
330
40
102
}
330
40
100
AcDbScale
 70
     0
300
10:1
140
10.0
141
1.0
290
     0
  0
SCALE
  5
51
102
{ACAD_REACTORS
330
40
102
}
330
40
100
AcDbScale
 70
     0
300
100:1
140
100.0
141
1.0
290
     0
  0
SCALE
  5
52
102
{ACAD_REACTORS
330
40
102
}
330
40
100
AcDbScale
 70
     0
300
1/128" = 1'-0"
140
0.0078125
141
12.0
290
     0
  0
SCALE
  5
53
102
{ACAD_REACTORS
330
40
102
}
330
40
100
AcDbScale
 70
     0
300
1/64" = 1'-0"
140
0.015625
141
12.0
290
     0
  0
SCALE
  5
54
102
{ACAD_REACTORS
330
40
102
}
330
40
100
AcDbScale
 70
     0
300
1/32" = 1'-0"
140
0.03125
141
12.0
290
     0
  0
SCALE
  5
55
102
{ACAD_REACTORS
330
40
102
}
330
40
100
AcDbScale
 70
     0
300
1/16" = 1'-0"
140
0.0625
141
12.0
290
     0
  0
SCALE
  5
56
102
{ACAD_REACTORS
330
40
102
}
330
40
100
AcDbScale
 70
     0
300
3/32" = 1'-0"
140
0.09375
141
12.0
290
     0
  0
SCALE
  5
57
102
{ACAD_REACTORS
330
40
102
}
330
40
100
AcDbScale
 70
     0
300
1/8" = 1'-0"
140
0.125
141
12.0
290
     0
  0
SCALE
  5
58
102
{ACAD_REACTORS
330
40
102
}
330
40
100
AcDbScale
 70
     0
300
3/16" = 1'-0"
140
0.1875
141
12.0
290
     0
  0
SCALE
  5
59
102
{ACAD_REACTORS
330
40
102
}
330
40
100
AcDbScale
 70
     0
300
1/4" = 1'-0"
140
0.25
141
12.0
290
     0
  0
SCALE
  5
5A
102
{ACAD_REACTORS
330
40
102
}
330
40
100
AcDbScale
 70
     0
300
3/8" = 1'-0"
140
0.375
141
12.0
290
     0
  0
SCALE
  5
5B
102
{ACAD_REACTORS
330
40
102
}
330
40
100
AcDbScale
 70
     0
300
1/2" = 1'-0"
140
0.5
141
12.0
290
     0
  0
SCALE
  5
5C
102
{ACAD_REACTORS
330
40
102
}
330
40
100
AcDbScale
 70
     0
300
3/4" = 1'-0"
140
0.75
141
12.0
290
     0
  0
SCALE
  5
5D
102
{ACAD_REACTORS
330
40
102
}
330
40
100
AcDbScale
 70
     0
300
1" = 1'-0"
140
1.0
141
12.0
290
     0
  0
SCALE
  5
5E
102
{ACAD_REACTORS
330
40
102
}
330
40
100
AcDbScale
 70
     0
300
1-1/2" = 1'-0"
140
1.5
141
12.0
290
     0
  0
SCALE
  5
5F
102
{ACAD_REACTORS
330
40
102
}
330
40
100
AcDbScale
 70
     0
300
3" = 1'-0"
140
3.0
141
12.0
290
     0
  0
SCALE
  5
60
102
{ACAD_REACTORS
330
40
102
}
330
40
100
AcDbScale
 70
     0
300
6" = 1'-0"
140
6.0
141
12.0
290
     0
  0
SCALE
  5
61
102
{ACAD_REACTORS
330
40
102
}
330
40
100
AcDbScale
 70
     0
300
1'-0" = 1'-0"
140
12.0
141
12.0
290
     0
  0
TABLESTYLE
  5
3C
102
{ACAD_REACTORS
330
3B
102
}
102
{ACAD_XDICTIONARY
360
292
102
}
330
3B
100
AcDbTableStyle
  3
Standard
 70
     0
 71
     0
 40
1.5
 41
1.5
280
     0
281
     0
  7
Standard
140
4.5
170
     2
 62
     0
 63
   257
283
     0
 90
      512
 91
        0
  1

274
    -2
284
     1
 64
     0
275
    -2
285
     1
 65
     0
276
    -2
286
     1
 66
     0
277
    -2
287
     1
 67
     0
278
    -2
288
     1
 68
     0
279
    -2
289
     1
 69
     0
  7
Standard
140
6.0
170
     5
 62
     0
 63
   257
283
     0
 90
      512
 91
        0
  1

274
    -2
284
     1
 64
     0
275
    -2
285
     1
 65
     0
276
    -2
286
     1
 66
     0
277
    -2
287
     1
 67
     0
278
    -2
288
     1
 68
     0
279
    -2
289
     1
 69
     0
  7
Standard
140
4.5
170
     5
 62
     0
 63
   257
283
     0
 90
      512
 91
        0
  1

274
    -2
284
     1
 64
     0
275
    -2
285
     1
 65
     0
276
    -2
286
     1
 66
     0
277
    -2
287
     1
 67
     0
278
    -2
288
     1
 68
     0
279
    -2
289
     1
 69
     0
  0
VISUALSTYLE
  5
2F
102
{ACAD_REACTORS
330
2A
102
}
330
2A
100
AcDbVisualStyle
  2
2dWireframe
 70
     4
177
     3
291
     0
 70
    58
 90
        0
176
     1
 90
        2
176
     1
 90
        1
176
     1
 90
        0
176
     1
 40
0.6
176
     1
 40
30.0
176
     1
 62
     7
420
 16777215
176
     1
 90
        1
176
     1
 90
        4
176
     1
 62
     7
176
     1
 62
   257
176
     1
 90
        1
176
     1
 90
        1
176
     1
 40
1.0
176
     1
 90
        0
176
     1
 62
   257
176
     1
 40
1.0
176
     1
 90
        1
176
     1
 90
        6
176
     1
 90
        2
176
     1
 62
     7
176
     1
 90
        5
176
     1
 90
        0
176
     1
 90
        0
176
     1
290
     0
176
     1
 90
        1
176
     1
 40
0.0
176
     1
 90
        0
176
     1
290
     1
176
     1
290
     1
176
     1
290
     0
176
     1
290
     0
176
     1
290
     0
176
     1
290
     0
176
     1
290
     0
176
     1
290
     0
176
     1
290
     0
176
     1
 90
       50
176
     1
 40
0.0
176
     1
 40
1.0
176
     1
 90
        0
176
     1
 62
    18
420
        0
176
     1
 90
       50
176
     1
 90
        3
176
     1
 62
     5
420
      255
176
     1
290
     0
176
     1
 90
       50
176
     1
 90
       50
176
     1
 90
       50
176
     1
290
     0
176
     1
 90
       50
176
     1
 62
   256
176
     0
 40
1.0
176
     0
 90
        2
176
     1
  1
strokes_ogs.tif
176
     1
290
     0
176
     1
 40
1.0
176
     1
 40
1.0
176
     1
  0
VISUALSTYLE
  5
32
102
{ACAD_REACTORS
330
2A
102
}
330
2A
100
AcDbVisualStyle
  2
Basic
 70
     7
177
     3
291
     1
 70
    58
 90
        1
176
     1
 90
        0
176
     1
 90
        1
176
     1
 90
        0
176
     1
 40
0.6
176
     1
 40
30.0
176
     1
 62
     7
420
 16777215
176
     1
 90
        0
176
     1
 90
        4
176
     1
 62
     7
176
     1
 62
   257
176
     1
 90
        1
176
     1
 90
        1
176
     1
 40
1.0
176
     1
 90
        8
176
     1
 62
     7
176
     1
 40
1.0
176
     1
 90
        1
176
     1
 90
        6
176
     1
 90
        2
176
     1
 62
     7
176
     1
 90
        5
176
     1
 90
        0
176
     1
 90
        0
176
     1
290
     0
176
     1
 90
        1
176
     1
 40
0.0
176
     1
 90
        0
176
     1
290
     0
176
     1
290
     1
176
     1
290
     1
176
     1
290
     0
176
     1
290
     0
176
     1
290
     0
176
     1
290
     0
176
     1
290
     0
176
     1
290
     0
176
     1
 90
       50
176
     1
 40
0.0
176
     1
 40
1.0
176
     1
 90
        0
176
     1
 62
    18
420
        0
176
     1
 90
       50
176
     1
 90
        3
176
     1
 62
     5
420
      255
176
     1
290
     0
176
     1
 90
       50
176
     1
 90
       50
176
     1
 90
       50
176
     1
290
     0
176
     1
 90
       50
176
     1
 62
   256
176
     0
 40
1.0
176
     0
 90
        2
176
     1
  1
strokes_ogs.tif
176
     1
290
     0
176
     1
 40
1.0
176
     1
 40
1.0
176
     1
  0
VISUALSTYLE
  5
36
102
{ACAD_REACTORS
330
2A
102
}
330
2A
100
AcDbVisualStyle
  2
Brighten
 70
    12
177
     3
291
     1
 70
    58
 90
        2
176
     1
 90
        2
176
     1
 90
        1
176
     1
 90
        0
176
     1
 40
0.6
176
     1
 40
30.0
176
     1
 62
     7
420
 16777215
176
     1
 90
        1
176
     1
 90
        4
176
     1
 62
     7
176
     1
 62
   257
176
     1
 90
        1
176
     1
 90
        1
176
     1
 40
1.0
176
     1
 90
        8
176
     1
 62
     7
176
     1
 40
1.0
176
     1
 90
        1
176
     1
 90
        6
176
     1
 90
        2
176
     1
 62
     7
176
     1
 90
        5
176
     1
 90
        0
176
     1
 90
        0
176
     1
290
     0
176
     1
 90
        1
176
     1
 40
50.0
176
     1
 90
        0
176
     1
290
     0
176
     1
290
     1
176
     1
290
     1
176
     1
290
     0
176
     1
290
     0
176
     1
290
     0
176
     1
290
     0
176
     1
290
     0
176
     1
290
     0
176
     1
 90
       50
176
     1
 40
0.0
176
     1
 40
1.0
176
     1
 90
        0
176
     1
 62
    18
420
        0
176
     1
 90
       50
176
     1
 90
        3
176
     1
 62
     5
420
      255
176
     1
290
     0
176
     1
 90
       50
176
     1
 90
       50
176
     1
 90
       50
176
     1
290
     0
176
     1
 90
       50
176
     1
 62
   256
176
     0
 40
1.0
176
     0
 90
        2
176
     1
  1
strokes_ogs.tif
176
     1
290
     0
176
     1
 40
1.0
176
     1
 40
1.0
176
     1
  0
VISUALSTYLE
  5
3A
102
{ACAD_REACTORS
330
2A
102
}
330
2A
100
AcDbVisualStyle
  2
ColorChange
 70
    16
177
     3
291
     1
 70
    58
 90
        2
176
     1
 90
        2
176
     1
 90
        3
176
     1
 90
        0
176
     1
 40
0.6
176
     1
 40
30.0
176
     1
 62
     8
420
  8421504
176
     1
 90
        1
176
     1
 90
        4
176
     1
 62
     7
176
     1
 62
   257
176
     1
 90
        1
176
     1
 90
        1
176
     1
 40
1.0
176
     1
 90
        8
176
     1
 62
     8
420
  8421504
176
     1
 40
1.0
176
     1
 90
        1
176
     1
 90
        6
176
     1
 90
        2
176
     1
 62
     7
176
     1
 90
        5
176
     1
 90
        0
176
     1
 90
        0
176
     1
290
     0
176
     1
 90
        1
176
     1
 40
0.0
176
     1
 90
        0
176
     1
290
     0
176
     1
290
     1
176
     1
290
     1
176
     1
290
     0
176
     1
290
     0
176
     1
290
     0
176
     1
290
     0
176
     1
290
     0
176
     1
290
     0
176
     1
 90
       50
176
     1
 40
0.0
176
     1
 40
1.0
176
     1
 90
        0
176
     1
 62
    18
420
        0
176
     1
 90
       50
176
     1
 90
        3
176
     1
 62
     5
420
      255
176
     1
290
     0
176
     1
 90
       50
176
     1
 90
       50
176
     1
 90
       50
176
     1
290
     0
176
     1
 90
       50
176
     1
 62
   256
176
     0
 40
1.0
176
     0
 90
        2
176
     1
  1
strokes_ogs.tif
176
     1
290
     0
176
     1
 40
1.0
176
     1
 40
1.0
176
     1
  0
VISUALSTYLE
  5
34
102
{ACAD_REACTORS
330
2A
102
}
330
2A
100
AcDbVisualStyle
  2
Conceptual
 70
     9
177
     3
291
     0
 70
    58
 90
        3
176
     1
 90
        2
176
     1
 90
        1
176
     1
 90
        0
176
     1
 40
0.6
176
     1
 40
30.0
176
     1
 62
     7
420
 16777215
176
     1
 90
        2
176
     1
 90
        2
176
     1
 62
     7
176
     1
 62
   257
176
     1
 90
        1
176
     1
 90
        1
176
     1
 40
40.0
176
     1
 90
        8
176
     1
 62
     7
176
     1
 40
1.0
176
     1
 90
        1
176
     1
 90
        6
176
     1
 90
        2
176
     1
 62
     7
176
     1
 90
        3
176
     1
 90
        0
176
     1
 90
        0
176
     1
290
     0
176
     1
 90
        1
176
     1
 40
0.0
176
     1
 90
        0
176
     1
290
     0
176
     1
290
     1
176
     1
290
     1
176
     1
290
     0
176
     1
290
     0
176
     1
290
     0
176
     1
290
     0
176
     1
290
     0
176
     1
290
     0
176
     1
 90
       50
176
     1
 40
0.0
176
     1
 40
1.0
176
     1
 90
        0
176
     1
 62
    18
420
        0
176
     1
 90
       50
176
     1
 90
        3
176
     1
 62
     5
420
      255
176
     1
290
     0
176
     1
 90
       50
176
     1
 90
       50
176
     1
 90
       50
176
     1
290
     0
176
     1
 90
       50
176
     1
 62
   256
176
     0
 40
1.0
176
     0
 90
        2
176
     1
  1
strokes_ogs.tif
176
     1
290
     0
176
     1
 40
1.0
176
     1
 40
1.0
176
     1
  0
VISUALSTYLE
  5
35
102
{ACAD_REACTORS
330
2A
102
}
330
2A
100
AcDbVisualStyle
  2
Dim
 70
    11
177
     3
291
     1
 70
    58
 90
        2
176
     1
 90
        2
176
     1
 90
        1
176
     1
 90
        0
176
     1
 40
0.6
176
     1
 40
30.0
176
     1
 62
     7
420
 16777215
176
     1
 90
        1
176
     1
 90
        4
176
     1
 62
     7
176
     1
 62
   257
176
     1
 90
        1
176
     1
 90
        1
176
     1
 40
1.0
176
     1
 90
        8
176
     1
 62
     7
176
     1
 40
1.0
176
     1
 90
        1
176
     1
 90
        6
176
     1
 90
        2
176
     1
 62
     7
176
     1
 90
        5
176
     1
 90
        0
176
     1
 90
        0
176
     1
290
     0
176
     1
 90
        1
176
     1
 40
-50.0
176
     1
 90
        0
176
     1
290
     0
176
     1
290
     1
176
     1
290
     1
176
     1
290
     0
176
     1
290
     0
176
     1
290
     0
176
     1
290
     0
176
     1
290
     0
176
     1
290
     0
176
     1
 90
       50
176
     1
 40
0.0
176
     1
 40
1.0
176
     1
 90
        0
176
     1
 62
    18
420
        0
176
     1
 90
       50
176
     1
 90
        3
176
     1
 62
     5
420
      255
176
     1
290
     0
176
     1
 90
       50
176
     1
 90
       50
176
     1
 90
       50
176
     1
290
     0
176
     1
 90
       50
176
     1
 62
   256
176
     0
 40
1.0
176
     0
 90
        2
176
     1
  1
strokes_ogs.tif
176
     1
290
     0
176
     1
 40
1.0
176
     1
 40
1.0
176
     1
  0
VISUALSTYLE
  5
AF
102
{ACAD_REACTORS
330
2A
102
}
330
2A
100
AcDbVisualStyle
  2
EdgeColorOff
 70
    22
177
     3
291
     1
 70
    58
 90
        2
176
     0
 90
        2
176
     0
 90
        0
176
     0
 90
        0
176
     0
 40
0.6
176
     0
 40
30.0
176
     0
 62
     7
420
 16777215
176
     0
 90
        1
176
     0
 90
        4
176
     0
 62
     7
176
     0
 62
   257
176
     0
 90
        1
176
     0
 90
        1
176
     0
 40
1.0
176
     0
 90
        8
176
     2
 62
     7
176
     0
 40
1.0
176
     0
 90
        1
176
     0
 90
        6
176
     0
 90
        2
176
     0
 62
     7
176
     0
 90
        5
176
     0
 90
        0
176
     0
 90
        0
176
     0
290
     0
176
     0
 90
        1
176
     0
 40
0.0
176
     0
 90
        0
176
     0
290
     0
176
     0
290
     1
176
     0
290
     1
176
     0
290
     0
176
     0
290
     0
176
     0
290
     0
176
     0
290
     0
176
     0
290
     0
176
     0
290
     0
176
     0
 90
       50
176
     0
 40
0.0
176
     0
 40
1.0
176
     0
 90
        0
176
     0
 62
    18
420
        0
176
     0
 90
       50
176
     0
 90
        3
176
     0
 62
     5
420
      255
176
     0
290
     0
176
     0
 90
       50
176
     0
 90
       50
176
     0
 90
       50
176
     0
290
     0
176
     0
 90
       50
176
     0
 62
   256
176
     0
 40
1.0
176
     0
 90
        2
176
     0
  1
strokes_ogs.tif
176
     0
290
     0
176
     0
 40
1.0
176
     0
 40
1.0
176
     0
  0
VISUALSTYLE
  5
39
102
{ACAD_REACTORS
330
2A
102
}
330
2A
100
AcDbVisualStyle
  2
Facepattern
 70
    15
177
     3
291
     1
 70
    58
 90
        2
176
     1
 90
        2
176
     1
 90
        1
176
     1
 90
        0
176
     1
 40
0.6
176
     1
 40
30.0
176
     1
 62
     7
420
 16777215
176
     1
 90
        1
176
     1
 90
        4
176
     1
 62
     7
176
     1
 62
   257
176
     1
 90
        1
176
     1
 90
        1
176
     1
 40
1.0
176
     1
 90
        8
176
     1
 62
     7
176
     1
 40
1.0
176
     1
 90
        1
176
     1
 90
        6
176
     1
 90
        2
176
     1
 62
     7
176
     1
 90
        5
176
     1
 90
        0
176
     1
 90
        0
176
     1
290
     0
176
     1
 90
        1
176
     1
 40
0.0
176
     1
 90
        0
176
     1
290
     0
176
     1
290
     1
176
     1
290
     1
176
     1
290
     0
176
     1
290
     0
176
     1
290
     0
176
     1
290
     0
176
     1
290
     0
176
     1
290
     0
176
     1
 90
       50
176
     1
 40
0.0
176
     1
 40
1.0
176
     1
 90
        0
176
     1
 62
    18
420
        0
176
     1
 90
       50
176
     1
 90
        3
176
     1
 62
     5
420
      255
176
     1
290
     0
176
     1
 90
       50
176
     1
 90
       50
176
     1
 90
       50
176
     1
290
     0
176
     1
 90
       50
176
     1
 62
   256
176
     0
 40
1.0
176
     0
 90
        2
176
     1
  1
strokes_ogs.tif
176
     1
290
     0
176
     1
 40
1.0
176
     1
 40
1.0
176
     1
  0
VISUALSTYLE
  5
2B
102
{ACAD_REACTORS
330
2A
102
}
330
2A
100
AcDbVisualStyle
  2
Flat
 70
     0
177
     3
291
     1
 70
    58
 90
        2
176
     1
 90
        1
176
     1
 90
        1
176
     1
 90
        2
176
     1
 40
0.6
176
     1
 40
30.0
176
     1
 62
     7
420
 16777215
176
     1
 90
        0
176
     1
 90
        0
176
     1
 62
     7
176
     1
 62
   257
176
     1
 90
        1
176
     1
 90
        1
176
     1
 40
1.0
176
     1
 90
        8
176
     1
 62
     7
176
     1
 40
1.0
176
     1
 90
        1
176
     1
 90
        6
176
     1
 90
        2
176
     1
 62
     7
176
     1
 90
        5
176
     1
 90
        0
176
     1
 90
        0
176
     1
290
     0
176
     1
 90
       13
176
     1
 40
0.0
176
     1
 90
        0
176
     1
290
     0
176
     1
290
     1
176
     1
290
     1
176
     1
290
     0
176
     1
290
     0
176
     1
290
     0
176
     1
290
     0
176
     1
290
     0
176
     1
290
     0
176
     1
 90
       50
176
     1
 40
0.0
176
     1
 40
1.0
176
     1
 90
        0
176
     1
 62
    18
420
        0
176
     1
 90
       50
176
     1
 90
        3
176
     1
 62
     5
420
      255
176
     1
290
     0
176
     1
 90
       50
176
     1
 90
       50
176
     1
 90
       50
176
     1
290
     0
176
     1
 90
       50
176
     1
 62
   256
176
     0
 40
1.0
176
     0
 90
        2
176
     1
  1
strokes_ogs.tif
176
     1
290
     0
176
     1
 40
1.0
176
     1
 40
1.0
176
     1
  0
VISUALSTYLE
  5
2C
102
{ACAD_REACTORS
330
2A
102
}
330
2A
100
AcDbVisualStyle
  2
FlatWithEdges
 70
     1
177
     3
291
     1
 70
    58
 90
        2
176
     1
 90
        1
176
     1
 90
        1
176
     1
 90
        2
176
     1
 40
0.6
176
     1
 40
30.0
176
     1
 62
     7
420
 16777215
176
     1
 90
        1
176
     1
 90
        0
176
     1
 62
     7
176
     1
 62
   257
176
     1
 90
        1
176
     1
 90
        1
176
     1
 40
1.0
176
     1
 90
        0
176
     1
 62
   257
176
     1
 40
1.0
176
     1
 90
        1
176
     1
 90
        6
176
     1
 90
        2
176
     1
 62
     7
176
     1
 90
        5
176
     1
 90
        0
176
     1
 90
        0
176
     1
290
     0
176
     1
 90
       13
176
     1
 40
0.0
176
     1
 90
        0
176
     1
290
     0
176
     1
290
     1
176
     1
290
     1
176
     1
290
     0
176
     1
290
     0
176
     1
290
     0
176
     1
290
     0
176
     1
290
     0
176
     1
290
     0
176
     1
 90
       50
176
     1
 40
0.0
176
     1
 40
1.0
176
     1
 90
        0
176
     1
 62
    18
420
        0
176
     1
 90
       50
176
     1
 90
        3
176
     1
 62
     5
420
      255
176
     1
290
     0
176
     1
 90
       50
176
     1
 90
       50
176
     1
 90
       50
176
     1
290
     0
176
     1
 90
       50
176
     1
 62
   256
176
     0
 40
1.0
176
     0
 90
        2
176
     1
  1
strokes_ogs.tif
176
     1
290
     0
176
     1
 40
1.0
176
     1
 40
1.0
176
     1
  0
VISUALSTYLE
  5
2D
102
{ACAD_REACTORS
330
2A
102
}
330
2A
100
AcDbVisualStyle
  2
Gouraud
 70
     2
177
     3
291
     1
 70
    58
 90
        2
176
     1
 90
        2
176
     1
 90
        1
176
     1
 90
        2
176
     1
 40
0.6
176
     1
 40
30.0
176
     1
 62
     7
420
 16777215
176
     1
 90
        0
176
     1
 90
        0
176
     1
 62
     7
176
     1
 62
   257
176
     1
 90
        1
176
     1
 90
        1
176
     1
 40
1.0
176
     1
 90
        0
176
     1
 62
     7
176
     1
 40
1.0
176
     1
 90
        1
176
     1
 90
        6
176
     1
 90
        2
176
     1
 62
     7
176
     1
 90
        5
176
     1
 90
        0
176
     1
 90
        0
176
     1
290
     0
176
     1
 90
       13
176
     1
 40
0.0
176
     1
 90
        0
176
     1
290
     0
176
     1
290
     1
176
     1
290
     1
176
     1
290
     0
176
     1
290
     0
176
     1
290
     0
176
     1
290
     0
176
     1
290
     0
176
     1
290
     0
176
     1
 90
       50
176
     1
 40
0.0
176
     1
 40
1.0
176
     1
 90
        0
176
     1
 62
    18
420
        0
176
     1
 90
       50
176
     1
 90
        3
176
     1
 62
     5
420
      255
176
     1
290
     0
176
     1
 90
       50
176
     1
 90
       50
176
     1
 90
       50
176
     1
290
     0
176
     1
 90
       50
176
     1
 62
   256
176
     0
 40
1.0
176
     0
 90
        2
176
     1
  1
strokes_ogs.tif
176
     1
290
     0
176
     1
 40
1.0
176
     1
 40
1.0
176
     1
  0
VISUALSTYLE
  5
2E
102
{ACAD_REACTORS
330
2A
102
}
330
2A
100
AcDbVisualStyle
  2
GouraudWithEdges
 70
     3
177
     3
291
     1
 70
    58
 90
        2
176
     1
 90
        2
176
     1
 90
        1
176
     1
 90
        2
176
     1
 40
0.6
176
     1
 40
30.0
176
     1
 62
     7
420
 16777215
176
     1
 90
        1
176
     1
 90
        0
176
     1
 62
     7
176
     1
 62
   257
176
     1
 90
        1
176
     1
 90
        1
176
     1
 40
1.0
176
     1
 90
        0
176
     1
 62
   257
176
     1
 40
1.0
176
     1
 90
        1
176
     1
 90
        6
176
     1
 90
        2
176
     1
 62
     7
176
     1
 90
        5
176
     1
 90
        0
176
     1
 90
        0
176
     1
290
     0
176
     1
 90
       13
176
     1
 40
0.0
176
     1
 90
        0
176
     1
290
     0
176
     1
290
     1
176
     1
290
     1
176
     1
290
     0
176
     1
290
     0
176
     1
290
     0
176
     1
290
     0
176
     1
290
     0
176
     1
290
     0
176
     1
 90
       50
176
     1
 40
0.0
176
     1
 40
1.0
176
     1
 90
        0
176
     1
 62
    18
420
        0
176
     1
 90
       50
176
     1
 90
        3
176
     1
 62
     5
420
      255
176
     1
290
     0
176
     1
 90
       50
176
     1
 90
       50
176
     1
 90
       50
176
     1
290
     0
176
     1
 90
       50
176
     1
 62
   256
176
     0
 40
1.0
176
     0
 90
        2
176
     1
  1
strokes_ogs.tif
176
     1
290
     0
176
     1
 40
1.0
176
     1
 40
1.0
176
     1
  0
VISUALSTYLE
  5
AC
102
{ACAD_REACTORS
330
2A
102
}
330
2A
100
AcDbVisualStyle
  2
Hidden
 70
     6
177
     3
291
     0
 70
    58
 90
        1
176
     1
 90
        2
176
     1
 90
        2
176
     1
 90
        0
176
     1
 40
0.6
176
     1
 40
30.0
176
     1
 62
     7
420
 16777215
176
     1
 90
        2
176
     1
 90
        2
176
     1
 62
     7
176
     1
 62
   257
176
     1
 90
        2
176
     1
 90
        1
176
     1
 40
40.0
176
     1
 90
        0
176
     1
 62
   257
176
     1
 40
1.0
176
     1
 90
        1
176
     1
 90
        6
176
     1
 90
        2
176
     1
 62
     7
176
     1
 90
        3
176
     1
 90
        0
176
     1
 90
        0
176
     1
290
     0
176
     1
 90
        1
176
     1
 40
0.0
176
     1
 90
        0
176
     1
290
     0
176
     1
290
     1
176
     1
290
     1
176
     1
290
     0
176
     1
290
     0
176
     1
290
     0
176
     1
290
     0
176
     1
290
     0
176
     1
290
     0
176
     1
 90
       50
176
     1
 40
0.0
176
     1
 40
1.0
176
     1
 90
        0
176
     1
 62
    18
420
        0
176
     1
 90
       50
176
     1
 90
        3
176
     1
 62
     5
420
      255
176
     1
290
     0
176
     1
 90
       50
176
     1
 90
       50
176
     1
 90
       50
176
     1
290
     0
176
     1
 90
       50
176
     1
 62
   256
176
     0
 40
1.0
176
     0
 90
        2
176
     1
  1
strokes_ogs.tif
176
     1
290
     0
176
     1
 40
1.0
176
     1
 40
1.0
176
     1
  0
VISUALSTYLE
  5
AD
102
{ACAD_REACTORS
330
2A
102
}
330
2A
100
AcDbVisualStyle
  2
JitterOff
 70
    20
177
     3
291
     1
 70
    58
 90
        2
176
     0
 90
        2
176
     0
 90
        0
176
     0
 90
        0
176
     0
 40
0.6
176
     0
 40
30.0
176
     0
 62
     7
420
 16777215
176
     0
 90
        1
176
     0
 90
        4
176
     0
 62
     7
176
     0
 62
   257
176
     0
 90
        1
176
     0
 90
        1
176
     0
 40
1.0
176
     0
 90
       10
176
     2
 62
     7
176
     0
 40
1.0
176
     0
 90
        1
176
     0
 90
        6
176
     0
 90
        2
176
     0
 62
     7
176
     0
 90
        5
176
     0
 90
        0
176
     0
 90
        0
176
     0
290
     0
176
     0
 90
        1
176
     0
 40
0.0
176
     0
 90
        0
176
     0
290
     0
176
     0
290
     1
176
     0
290
     1
176
     0
290
     0
176
     0
290
     0
176
     0
290
     0
176
     0
290
     0
176
     0
290
     0
176
     0
290
     0
176
     0
 90
       50
176
     0
 40
0.0
176
     0
 40
1.0
176
     0
 90
        0
176
     0
 62
    18
420
        0
176
     0
 90
       50
176
     0
 90
        3
176
     0
 62
     5
420
      255
176
     0
290
     0
176
     0
 90
       50
176
     0
 90
       50
176
     0
 90
       50
176
     0
290
     0
176
     0
 90
       50
176
     0
 62
   256
176
     0
 40
1.0
176
     0
 90
        2
176
     0
  1
strokes_ogs.tif
176
     0
290
     0
176
     0
 40
1.0
176
     0
 40
1.0
176
     0
  0
VISUALSTYLE
  5
38
102
{ACAD_REACTORS
330
2A
102
}
330
2A
100
AcDbVisualStyle
  2
Linepattern
 70
    14
177
     3
291
     1
 70
    58
 90
        2
176
     1
 90
        2
176
     1
 90
        1
176
     1
 90
        0
176
     1
 40
0.6
176
     1
 40
30.0
176
     1
 62
     7
420
 16777215
176
     1
 90
        1
176
     1
 90
        4
176
     1
 62
     7
176
     1
 62
   257
176
     1
 90
        7
176
     1
 90
        7
176
     1
 40
1.0
176
     1
 90
        8
176
     1
 62
     7
176
     1
 40
1.0
176
     1
 90
        1
176
     1
 90
        6
176
     1
 90
        2
176
     1
 62
     7
176
     1
 90
        5
176
     1
 90
        0
176
     1
 90
        0
176
     1
290
     0
176
     1
 90
        1
176
     1
 40
0.0
176
     1
 90
        0
176
     1
290
     0
176
     1
290
     1
176
     1
290
     1
176
     1
290
     0
176
     1
290
     0
176
     1
290
     0
176
     1
290
     0
176
     1
290
     0
176
     1
290
     0
176
     1
 90
       50
176
     1
 40
0.0
176
     1
 40
1.0
176
     1
 90
        0
176
     1
 62
    18
420
        0
176
     1
 90
       50
176
     1
 90
        3
176
     1
 62
     5
420
      255
176
     1
290
     0
176
     1
 90
       50
176
     1
 90
       50
176
     1
 90
       50
176
     1
290
     0
176
     1
 90
       50
176
     1
 62
   256
176
     0
 40
1.0
176
     0
 90
        2
176
     1
  1
strokes_ogs.tif
176
     1
290
     0
176
     1
 40
1.0
176
     1
 40
1.0
176
     1
  0
VISUALSTYLE
  5
AE
102
{ACAD_REACTORS
330
2A
102
}
330
2A
100
AcDbVisualStyle
  2
OverhangOff
 70
    21
177
     3
291
     1
 70
    58
 90
        2
176
     0
 90
        2
176
     0
 90
        0
176
     0
 90
        0
176
     0
 40
0.6
176
     0
 40
30.0
176
     0
 62
     7
420
 16777215
176
     0
 90
        1
176
     0
 90
        4
176
     0
 62
     7
176
     0
 62
   257
176
     0
 90
        1
176
     0
 90
        1
176
     0
 40
1.0
176
     0
 90
        9
176
     2
 62
     7
176
     0
 40
1.0
176
     0
 90
        1
176
     0
 90
        6
176
     0
 90
        2
176
     0
 62
     7
176
     0
 90
        5
176
     0
 90
        0
176
     0
 90
        0
176
     0
290
     0
176
     0
 90
        1
176
     0
 40
0.0
176
     0
 90
        0
176
     0
290
     0
176
     0
290
     1
176
     0
290
     1
176
     0
290
     0
176
     0
290
     0
176
     0
290
     0
176
     0
290
     0
176
     0
290
     0
176
     0
290
     0
176
     0
 90
       50
176
     0
 40
0.0
176
     0
 40
1.0
176
     0
 90
        0
176
     0
 62
    18
420
        0
176
     0
 90
       50
176
     0
 90
        3
176
     0
 62
     5
420
      255
176
     0
290
     0
176
     0
 90
       50
176
     0
 90
       50
176
     0
 90
       50
176
     0
290
     0
176
     0
 90
       50
176
     0
 62
   256
176
     0
 40
1.0
176
     0
 90
        2
176
     0
  1
strokes_ogs.tif
176
     0
290
     0
176
     0
 40
1.0
176
     0
 40
1.0
176
     0
  0
VISUALSTYLE
  5
33
102
{ACAD_REACTORS
330
2A
102
}
330
2A
100
AcDbVisualStyle
  2
Realistic
 70
     8
177
     3
291
     0
 70
    58
 90
        2
176
     1
 90
        3
176
     1
 90
        0
176
     1
 90
        2
176
     1
 40
0.6
176
     1
 40
30.0
176
     1
 62
     7
420
 16777215
176
     1
 90
        0
176
     1
 90
        0
176
     1
 62
     7
176
     1
 62
   257
176
     1
 90
        1
176
     1
 90
        1
176
     1
 40
1.0
176
     1
 90
        8
176
     1
 62
   257
176
     1
 40
1.0
176
     1
 90
        1
176
     1
 90
        6
176
     1
 90
        2
176
     1
 62
     7
176
     1
 90
        3
176
     1
 90
        0
176
     1
 90
        0
176
     1
290
     0
176
     1
 90
       13
176
     1
 40
0.0
176
     1
 90
        0
176
     1
290
     0
176
     1
290
     1
176
     1
290
     1
176
     1
290
     0
176
     1
290
     0
176
     1
290
     0
176
     1
290
     0
176
     1
290
     0
176
     1
290
     0
176
     1
 90
       50
176
     1
 40
0.0
176
     1
 40
1.0
176
     1
 90
        0
176
     1
 62
    18
420
        0
176
     1
 90
       50
176
     1
 90
        3
176
     1
 62
     5
420
      255
176
     1
290
     0
176
     1
 90
       50
176
     1
 90
       50
176
     1
 90
       50
176
     1
290
     0
176
     1
 90
       50
176
     1
 62
   256
176
     0
 40
1.0
176
     0
 90
        2
176
     1
  1
strokes_ogs.tif
176
     1
290
     0
176
     1
 40
1.0
176
     1
 40
1.0
176
     1
  0
VISUALSTYLE
  5
B4
102
{ACAD_REACTORS
330
2A
102
}
330
2A
100
AcDbVisualStyle
  2
Shaded
 70
    27
177
     3
291
     0
 70
    58
 90
        2
176
     1
 90
        2
176
     1
 90
        1
176
     1
 90
        2
176
     1
 40
0.6
176
     1
 40
30.0
176
     1
 62
     7
420
 16777215
176
     1
 90
        0
176
     1
 90
        4
176
     1
 62
     7
176
     1
 62
   257
176
     1
 90
        1
176
     1
 90
        1
176
     1
 40
1.0
176
     1
 90
        8
176
     1
 62
   257
176
     1
 40
1.0
176
     1
 90
        1
176
     1
 90
        6
176
     1
 90
        2
176
     1
 62
     8
420
  7895160
176
     1
 90
        3
176
     1
 90
        0
176
     1
 90
        0
176
     1
290
     0
176
     1
 90
        5
176
     1
 40
0.0
176
     1
 90
        0
176
     1
290
     0
176
     1
290
     1
176
     1
290
     1
176
     1
290
     0
176
     1
290
     0
176
     1
290
     0
176
     1
290
     0
176
     1
290
     0
176
     1
290
     0
176
     1
 90
       50
176
     1
 40
0.0
176
     1
 40
1.0
176
     1
 90
        0
176
     1
 62
    18
420
        0
176
     1
 90
       50
176
     1
 90
        3
176
     1
 62
     5
420
      255
176
     1
290
     0
176
     1
 90
       50
176
     1
 90
       50
176
     1
 90
       50
176
     1
290
     0
176
     1
 90
       50
176
     1
 62
   256
176
     0
 40
1.0
176
     0
 90
        2
176
     1
  1
strokes_ogs.tif
176
     1
290
     0
176
     1
 40
1.0
176
     1
 40
1.0
176
     1
  0
VISUALSTYLE
  5
B3
102
{ACAD_REACTORS
330
2A
102
}
330
2A
100
AcDbVisualStyle
  2
Shaded with edges
 70
    26
177
     3
291
     0
 70
    58
 90
        2
176
     1
 90
        2
176
     1
 90
        1
176
     1
 90
        2
176
     1
 40
0.6
176
     1
 40
30.0
176
     1
 62
     7
420
 16777215
176
     1
 90
        1
176
     1
 90
        2
176
     1
 62
     7
176
     1
 62
   257
176
     1
 90
        2
176
     1
 90
        1
176
     1
 40
1.0
176
     1
 90
        8
176
     1
 62
   257
176
     1
 40
1.0
176
     1
 90
        1
176
     1
 90
        6
176
     1
 90
        2
176
     1
 62
     7
176
     1
 90
        3
176
     1
 90
        0
176
     1
 90
        0
176
     1
290
     0
176
     1
 90
        5
176
     1
 40
0.0
176
     1
 90
        0
176
     1
290
     0
176
     1
290
     1
176
     1
290
     1
176
     1
290
     0
176
     1
290
     0
176
     1
290
     0
176
     1
290
     0
176
     1
290
     0
176
     1
290
     0
176
     1
 90
       50
176
     1
 40
0.0
176
     1
 40
1.0
176
     1
 90
        0
176
     1
 62
    18
420
        0
176
     1
 90
       50
176
     1
 90
        3
176
     1
 62
     5
420
      255
176
     1
290
     0
176
     1
 90
       50
176
     1
 90
       50
176
     1
 90
       50
176
     1
290
     0
176
     1
 90
       50
176
     1
 62
   256
176
     0
 40
1.0
176
     0
 90
        2
176
     1
  1
strokes_ogs.tif
176
     1
290
     0
176
     1
 40
1.0
176
     1
 40
1.0
176
     1
  0
VISUALSTYLE
  5
B0
102
{ACAD_REACTORS
330
2A
102
}
330
2A
100
AcDbVisualStyle
  2
Shades of Gray
 70
    23
177
     3
291
     0
 70
    58
 90
        2
176
     1
 90
        2
176
     1
 90
        3
176
     1
 90
        0
176
     1
 40
0.6
176
     1
 40
30.0
176
     1
 62
     7
420
 16777215
176
     1
 90
        2
176
     1
 90
        2
176
     1
 62
     7
176
     1
 62
     7
176
     1
 90
        1
176
     1
 90
        1
176
     1
 40
40.0
176
     1
 90
        8
176
     1
 62
     7
176
     1
 40
1.0
176
     1
 90
        1
176
     1
 90
        6
176
     1
 90
        2
176
     1
 62
     7
176
     1
 90
        3
176
     1
 90
        0
176
     1
 90
        0
176
     1
290
     0
176
     1
 90
        1
176
     1
 40
0.0
176
     1
 90
        0
176
     1
290
     0
176
     1
290
     1
176
     1
290
     1
176
     1
290
     0
176
     1
290
     0
176
     1
290
     0
176
     1
290
     0
176
     1
290
     0
176
     1
290
     0
176
     1
 90
       50
176
     1
 40
0.0
176
     1
 40
1.0
176
     1
 90
        0
176
     1
 62
    18
420
        0
176
     1
 90
       50
176
     1
 90
        3
176
     1
 62
     5
420
      255
176
     1
290
     0
176
     1
 90
       50
176
     1
 90
       50
176
     1
 90
       50
176
     1
290
     0
176
     1
 90
       50
176
     1
 62
   256
176
     0
 40
1.0
176
     0
 90
        2
176
     1
  1
strokes_ogs.tif
176
     1
290
     0
176
     1
 40
1.0
176
     1
 40
1.0
176
     1
  0
VISUALSTYLE
  5
B1
102
{ACAD_REACTORS
330
2A
102
}
330
2A
100
AcDbVisualStyle
  2
Sketchy
 70
    24
177
     3
291
     0
 70
    58
 90
        1
176
     1
 90
        2
176
     1
 90
        2
176
     1
 90
        0
176
     1
 40
0.6
176
     1
 40
30.0
176
     1
 62
     7
420
 16777215
176
     1
 90
        2
176
     1
 90
        2
176
     1
 62
     7
176
     1
 62
     7
176
     1
 90
        1
176
     1
 90
        1
176
     1
 40
40.0
176
     1
 90
       11
176
     1
 62
     7
176
     1
 40
1.0
176
     1
 90
        1
176
     1
 90
        6
176
     1
 90
        2
176
     1
 62
     7
176
     1
 90
        6
176
     1
 90
        0
176
     1
 90
        0
176
     1
290
     0
176
     1
 90
        1
176
     1
 40
0.0
176
     1
 90
        0
176
     1
290
     0
176
     1
290
     1
176
     1
290
     1
176
     1
290
     0
176
     1
290
     0
176
     1
290
     0
176
     1
290
     0
176
     1
290
     0
176
     1
290
     0
176
     1
 90
       50
176
     1
 40
0.0
176
     1
 40
1.0
176
     1
 90
        0
176
     1
 62
    18
420
        0
176
     1
 90
       50
176
     1
 90
        3
176
     1
 62
     5
420
      255
176
     1
290
     0
176
     1
 90
       50
176
     1
 90
       50
176
     1
 90
       50
176
     1
290
     0
176
     1
 90
       50
176
     1
 62
   256
176
     0
 40
1.0
176
     0
 90
        2
176
     1
  1
strokes_ogs.tif
176
     1
290
     0
176
     1
 40
1.0
176
     1
 40
1.0
176
     1
  0
VISUALSTYLE
  5
37
102
{ACAD_REACTORS
330
2A
102
}
330
2A
100
AcDbVisualStyle
  2
Thicken
 70
    13
177
     3
291
     1
 70
    58
 90
        2
176
     1
 90
        2
176
     1
 90
        1
176
     1
 90
        0
176
     1
 40
0.6
176
     1
 40
30.0
176
     1
 62
     7
420
 16777215
176
     1
 90
        1
176
     1
 90
        4
176
     1
 62
     7
176
     1
 62
   257
176
     1
 90
        1
176
     1
 90
        1
176
     1
 40
1.0
176
     1
 90
       12
176
     1
 62
     7
176
     1
 40
1.0
176
     1
 90
        1
176
     1
 90
        6
176
     1
 90
        2
176
     1
 62
     7
176
     1
 90
        5
176
     1
 90
        0
176
     1
 90
        0
176
     1
290
     0
176
     1
 90
        1
176
     1
 40
0.0
176
     1
 90
        0
176
     1
290
     0
176
     1
290
     1
176
     1
290
     1
176
     1
290
     0
176
     1
290
     0
176
     1
290
     0
176
     1
290
     0
176
     1
290
     0
176
     1
290
     0
176
     1
 90
       50
176
     1
 40
0.0
176
     1
 40
1.0
176
     1
 90
        0
176
     1
 62
    18
420
        0
176
     1
 90
       50
176
     1
 90
        3
176
     1
 62
     5
420
      255
176
     1
290
     0
176
     1
 90
       50
176
     1
 90
       50
176
     1
 90
       50
176
     1
290
     0
176
     1
 90
       50
176
     1
 62
   256
176
     0
 40
1.0
176
     0
 90
        2
176
     1
  1
strokes_ogs.tif
176
     1
290
     0
176
     1
 40
1.0
176
     1
 40
1.0
176
     1
  0
VISUALSTYLE
  5
AB
102
{ACAD_REACTORS
330
2A
102
}
330
2A
100
AcDbVisualStyle
  2
Wireframe
 70
     5
177
     3
291
     0
 70
    58
 90
        0
176
     1
 90
        2
176
     1
 90
        0
176
     1
 90
        0
176
     1
 40
0.6
176
     1
 40
30.0
176
     1
 62
     7
420
 16777215
176
     1
 90
        1
176
     1
 90
        4
176
     1
 62
     7
176
     1
 62
   257
176
     1
 90
        1
176
     1
 90
        1
176
     1
 40
1.0
176
     1
 90
        0
176
     1
 62
   257
176
     1
 40
1.0
176
     1
 90
        1
176
     1
 90
        6
176
     1
 90
        2
176
     1
 62
     7
176
     1
 90
        3
176
     1
 90
        0
176
     1
 90
        0
176
     1
290
     0
176
     1
 90
        1
176
     1
 40
0.0
176
     1
 90
        0
176
     1
290
     0
176
     1
290
     1
176
     1
290
     1
176
     1
290
     0
176
     1
290
     0
176
     1
290
     0
176
     1
290
     0
176
     1
290
     0
176
     1
290
     0
176
     1
 90
       50
176
     1
 40
0.0
176
     1
 40
1.0
176
     1
 90
        0
176
     1
 62
    18
420
        0
176
     1
 90
       50
176
     1
 90
        3
176
     1
 62
     5
420
      255
176
     1
290
     0
176
     1
 90
       50
176
     1
 90
       50
176
     1
 90
       50
176
     1
290
     0
176
     1
 90
       50
176
     1
 62
   256
176
     0
 40
1.0
176
     0
 90
        2
176
     1
  1
strokes_ogs.tif
176
     1
290
     0
176
     1
 40
1.0
176
     1
 40
1.0
176
     1
  0
VISUALSTYLE
  5
B2
102
{ACAD_REACTORS
330
2A
102
}
330
2A
100
AcDbVisualStyle
  2
X-Ray
 70
    25
177
     3
291
     0
 70
    58
 90
        2
176
     1
 90
        2
176
     1
 90
        1
176
     1
 90
        1
176
     1
 40
0.5
176
     1
 40
30.0
176
     1
 62
     7
420
 16777215
176
     1
 90
        1
176
     1
 90
        0
176
     1
 62
     7
176
     1
 62
   257
176
     1
 90
        1
176
     1
 90
        1
176
     1
 40
1.0
176
     1
 90
        8
176
     1
 62
     7
176
     1
 40
1.0
176
     1
 90
        1
176
     1
 90
        6
176
     1
 90
        2
176
     1
 62
     7
176
     1
 90
        3
176
     1
 90
        0
176
     1
 90
        0
176
     1
290
     0
176
     1
 90
       13
176
     1
 40
0.0
176
     1
 90
        0
176
     1
290
     0
176
     1
290
     1
176
     1
290
     1
176
     1
290
     0
176
     1
290
     0
176
     1
290
     0
176
     1
290
     0
176
     1
290
     0
176
     1
290
     0
176
     1
 90
       50
176
     1
 40
0.0
176
     1
 40
1.0
176
     1
 90
        0
176
     1
 62
    18
420
        0
176
     1
 90
       50
176
     1
 90
        3
176
     1
 62
     5
420
      255
176
     1
290
     0
176
     1
 90
       50
176
     1
 90
       50
176
     1
 90
       50
176
     1
290
     0
176
     1
 90
       50
176
     1
 62
   256
176
     0
 40
1.0
176
     0
 90
        2
176
     1
  1
strokes_ogs.tif
176
     1
290
     0
176
     1
 40
1.0
176
     1
 40
1.0
176
     1
  0
DICTIONARYVAR
  5
103
102
{ACAD_REACTORS
330
3D
102
}
330
3D
100
DictionaryVariables
280
     0
  1
1:1
  0
DICTIONARYVAR
  5
104
102
{ACAD_REACTORS
330
3D
102
}
330
3D
100
DictionaryVariables
280
     0
  1
Standard
  0
DICTIONARYVAR
  5
3E
102
{ACAD_REACTORS
330
3D
102
}
330
3D
100
DictionaryVariables
280
     0
  1
Standard
  0
DICTIONARYVAR
  5
7C
102
{ACAD_REACTORS
330
3D
102
}
330
3D
100
DictionaryVariables
280
     0
  1
2
  0
DICTIONARYVAR
  5
7D
102
{ACAD_REACTORS
330
3D
102
}
330
3D
100
DictionaryVariables
280
     0
  1
1
  0
DICTIONARYVAR
  5
6F
102
{ACAD_REACTORS
330
3D
102
}
330
3D
100
DictionaryVariables
280
     0
  1
0
  0
DICTIONARYVAR
  5
B6
102
{ACAD_REACTORS
330
3D
102
}
330
3D
100
DictionaryVariables
280
     0
  1
0
  0
DICTIONARYVAR
  5
70
102
{ACAD_REACTORS
330
3D
102
}
330
3D
100
DictionaryVariables
280
     0
  1
0
  0
DICTIONARY
  5
24D
102
{ACAD_REACTORS
330
24C
102
}
330
24C
100
AcDbDictionary
281
     1
  3
BIMAUTOTEMPLATE
350
254
  3
BIMCURRENTDIMSTYLE
350
24E
  0
DICTIONARY
  5
292
330
3C
100
AcDbDictionary
280
     1
281
     1
  3
ACAD_ROUNDTRIP_2008_TABLESTYLE_CELLSTYLEMAP
360
293
  0
DICTIONARYVAR
  5
254
102
{ACAD_REACTORS
330
24D
102
}
330
24D
100
DictionaryVariables
280
     0
  1
ISO_A1_Landscape(1_100).dwg
  0
DICTIONARYVAR
  5
24E
102
{ACAD_REACTORS
330
24D
102
}
330
24D
100
DictionaryVariables
280
     0
  1
Standard
  0
CELLSTYLEMAP
  5
293
102
{ACAD_REACTORS
330
292
102
}
330
292
100
AcDbCellStyleMap
 90
        3
300
CELLSTYLE
  1
TABLEFORMAT_BEGIN
 90
        5
170
     1
 91
        0
 92
    32768
 62
   257
 93
        1
300
CONTENTFORMAT
  1
CONTENTFORMAT_BEGIN
 90
        0
 91
        0
 92
      512
 93
        0
300

 40
0.0
140
1.0
 94
        5
 62
     0
340
11
144
6.0
309
CONTENTFORMAT_END
171
     1
301
MARGIN
  1
CELLMARGIN_BEGIN
 40
1.5
 40
1.5
 40
1.5
 40
1.5
 40
0.18
 40
0.18
309
CELLMARGIN_END
 94
        6
 95
        1
302
GRIDFORMAT
  1
GRIDFORMAT_BEGIN
 90
        0
 91
        1
 62
     0
 92
       -2
340
0
 93
        0
 40
0.045
309
GRIDFORMAT_END
 95
        2
302
GRIDFORMAT
  1
GRIDFORMAT_BEGIN
 90
        0
 91
        1
 62
     0
 92
       -2
340
0
 93
        0
 40
0.045
309
GRIDFORMAT_END
 95
        4
302
GRIDFORMAT
  1
GRIDFORMAT_BEGIN
 90
        0
 91
        1
 62
     0
 92
       -2
340
0
 93
        0
 40
0.045
309
GRIDFORMAT_END
 95
        8
302
GRIDFORMAT
  1
GRIDFORMAT_BEGIN
 90
        0
 91
        1
 62
     0
 92
       -2
340
0
 93
        0
 40
0.045
309
GRIDFORMAT_END
 95
       16
302
GRIDFORMAT
  1
GRIDFORMAT_BEGIN
 90
        0
 91
        1
 62
     0
 92
       -2
340
0
 93
        0
 40
0.045
309
GRIDFORMAT_END
 95
       32
302
GRIDFORMAT
  1
GRIDFORMAT_BEGIN
 90
        0
 91
        1
 62
     0
 92
       -2
340
0
 93
        0
 40
0.045
309
GRIDFORMAT_END
309
TABLEFORMAT_END
  1
CELLSTYLE_BEGIN
 90
        1
 91
        1
300
_TITLE
309
CELLSTYLE_END
300
CELLSTYLE
  1
TABLEFORMAT_BEGIN
 90
        5
170
     1
 91
        0
 92
        0
 62
   257
 93
        1
300
CONTENTFORMAT
  1
CONTENTFORMAT_BEGIN
 90
        0
 91
        0
 92
      512
 93
        0
300

 40
0.0
140
1.0
 94
        5
 62
     0
340
11
144
4.5
309
CONTENTFORMAT_END
171
     1
301
MARGIN
  1
CELLMARGIN_BEGIN
 40
1.5
 40
1.5
 40
1.5
 40
1.5
 40
0.18
 40
0.18
309
CELLMARGIN_END
 94
        6
 95
        1
302
GRIDFORMAT
  1
GRIDFORMAT_BEGIN
 90
        0
 91
        1
 62
     0
 92
       -2
340
0
 93
        0
 40
0.045
309
GRIDFORMAT_END
 95
        2
302
GRIDFORMAT
  1
GRIDFORMAT_BEGIN
 90
        0
 91
        1
 62
     0
 92
       -2
340
0
 93
        0
 40
0.045
309
GRIDFORMAT_END
 95
        4
302
GRIDFORMAT
  1
GRIDFORMAT_BEGIN
 90
        0
 91
        1
 62
     0
 92
       -2
340
0
 93
        0
 40
0.045
309
GRIDFORMAT_END
 95
        8
302
GRIDFORMAT
  1
GRIDFORMAT_BEGIN
 90
        0
 91
        1
 62
     0
 92
       -2
340
0
 93
        0
 40
0.045
309
GRIDFORMAT_END
 95
       16
302
GRIDFORMAT
  1
GRIDFORMAT_BEGIN
 90
        0
 91
        1
 62
     0
 92
       -2
340
0
 93
        0
 40
0.045
309
GRIDFORMAT_END
 95
       32
302
GRIDFORMAT
  1
GRIDFORMAT_BEGIN
 90
        0
 91
        1
 62
     0
 92
       -2
340
0
 93
        0
 40
0.045
309
GRIDFORMAT_END
309
TABLEFORMAT_END
  1
CELLSTYLE_BEGIN
 90
        2
 91
        1
300
_HEADER
309
CELLSTYLE_END
300
CELLSTYLE
  1
TABLEFORMAT_BEGIN
 90
        5
170
     1
 91
        0
 92
    32768
 62
   257
 93
        1
300
CONTENTFORMAT
  1
CONTENTFORMAT_BEGIN
 90
        0
 91
        0
 92
      512
 93
        0
300

 40
0.0
140
1.0
 94
        2
 62
     0
340
11
144
4.5
309
CONTENTFORMAT_END
171
     1
301
MARGIN
  1
CELLMARGIN_BEGIN
 40
1.5
 40
1.5
 40
1.5
 40
1.5
 40
0.18
 40
0.18
309
CELLMARGIN_END
 94
        6
 95
        1
302
GRIDFORMAT
  1
GRIDFORMAT_BEGIN
 90
        0
 91
        1
 62
     0
 92
       -2
340
0
 93
        0
 40
0.045
309
GRIDFORMAT_END
 95
        2
302
GRIDFORMAT
  1
GRIDFORMAT_BEGIN
 90
        0
 91
        1
 62
     0
 92
       -2
340
0
 93
        0
 40
0.045
309
GRIDFORMAT_END
 95
        4
302
GRIDFORMAT
  1
GRIDFORMAT_BEGIN
 90
        0
 91
        1
 62
     0
 92
       -2
340
0
 93
        0
 40
0.045
309
GRIDFORMAT_END
 95
        8
302
GRIDFORMAT
  1
GRIDFORMAT_BEGIN
 90
        0
 91
        1
 62
     0
 92
       -2
340
0
 93
        0
 40
0.045
309
GRIDFORMAT_END
 95
       16
302
GRIDFORMAT
  1
GRIDFORMAT_BEGIN
 90
        0
 91
        1
 62
     0
 92
       -2
340
0
 93
        0
 40
0.045
309
GRIDFORMAT_END
 95
       32
302
GRIDFORMAT
  1
GRIDFORMAT_BEGIN
 90
        0
 91
        1
 62
     0
 92
       -2
340
0
 93
        0
 40
0.045
309
GRIDFORMAT_END
309
TABLEFORMAT_END
  1
CELLSTYLE_BEGIN
 90
        3
 91
        2
300
_DATA
309
CELLSTYLE_END
  0
ENDSEC
  0
EOF
