  0
SECTION
  2
HEADER
  9
$ACADVER
  1
AC1032
  9
$ACADMAINTVER
 90
       55
  9
$DWGCODEPAGE
  3
ANSI_1252
  9
$LASTSAVEDBY
  1
USTS-CP-L-44 - User
  9
$REQUIREDVERSIONS
160
                 0
  9
$INSBASE
 10
0.0
 20
0.0
 30
0.0
  9
$EXTMIN
 10
62.25303050124444
 20
265.4146109158851
 30
0.0
  9
$EXTMAX
 10
74.34597921919318
 20
279.7236630936359
 30
0.0
  9
$LIMMIN
 10
0.0
 20
0.0
  9
$LIMMAX
 10
420.0
 20
297.0
  9
$ORTHOMODE
 70
     0
  9
$REGENMODE
 70
     1
  9
$FILLMODE
 70
     1
  9
$QTEXTMODE
 70
     0
  9
$MIRRTEXT
 70
     0
  9
$LTSCALE
 40
1.0
  9
$ATTMODE
 70
     1
  9
$TEXTSIZE
 40
2.5
  9
$TRACEWID
 40
1.0
  9
$TEXTSTYLE
  7
Standard
  9
$CLAYER
  8
0
  9
$CELTYPE
  6
ByLayer
  9
$CECOLOR
 62
   256
  9
$CELTSCALE
 40
1.0
  9
$DISPSILH
 70
     0
  9
$DIMSCALE
 40
1.0
  9
$DIMASZ
 40
2.5
  9
$DIMEXO
 40
0.625
  9
$DIMDLI
 40
3.75
  9
$DIMRND
 40
0.0
  9
$DIMDLE
 40
0.0
  9
$DIMEXE
 40
1.25
  9
$DIMTP
 40
0.0
  9
$DIMTM
 40
0.0
  9
$DIMTXT
 40
2.5
  9
$DIMCEN
 40
2.5
  9
$DIMTSZ
 40
0.0
  9
$DIMTOL
 70
     0
  9
$DIMLIM
 70
     0
  9
$DIMTIH
 70
     0
  9
$DIMTOH
 70
     0
  9
$DIMSE1
 70
     0
  9
$DIMSE2
 70
     0
  9
$DIMTAD
 70
     1
  9
$DIMZIN
 70
     8
  9
$DIMBLK
  1

  9
$DIMASO
 70
     1
  9
$DIMSHO
 70
     1
  9
$DIMPOST
  1

  9
$DIMAPOST
  1

  9
$DIMALT
 70
     0
  9
$DIMALTD
 70
     3
  9
$DIMALTF
 40
0.03937007874016
  9
$DIMLFAC
 40
1.0
  9
$DIMTOFL
 70
     1
  9
$DIMTVP
 40
0.0
  9
$DIMTIX
 70
     0
  9
$DIMSOXD
 70
     0
  9
$DIMSAH
 70
     0
  9
$DIMBLK1
  1

  9
$DIMBLK2
  1

  9
$DIMSTYLE
  2
ISO-25
  9
$DIMCLRD
 70
     0
  9
$DIMCLRE
 70
     0
  9
$DIMCLRT
 70
     0
  9
$DIMTFAC
 40
1.0
  9
$DIMGAP
 40
0.625
  9
$DIMJUST
 70
     0
  9
$DIMSD1
 70
     0
  9
$DIMSD2
 70
     0
  9
$DIMTOLJ
 70
     0
  9
$DIMTZIN
 70
     8
  9
$DIMALTZ
 70
     0
  9
$DIMALTTZ
 70
     0
  9
$DIMUPT
 70
     0
  9
$DIMDEC
 70
     2
  9
$DIMTDEC
 70
     2
  9
$DIMALTU
 70
     2
  9
$DIMALTTD
 70
     3
  9
$DIMTXSTY
  7
Standard
  9
$DIMAUNIT
 70
     0
  9
$DIMADEC
 70
     0
  9
$DIMALTRND
 40
0.0
  9
$DIMAZIN
 70
     0
  9
$DIMDSEP
 70
    44
  9
$DIMATFIT
 70
     3
  9
$DIMFRAC
 70
     0
  9
$DIMLDRBLK
  1

  9
$DIMLUNIT
 70
     2
  9
$DIMLWD
 70
    -2
  9
$DIMLWE
 70
    -2
  9
$DIMTMOVE
 70
     0
  9
$DIMFXL
 40
1.0
  9
$DIMFXLON
 70
     0
  9
$DIMJOGANG
 40
0.7853981633974483
  9
$DIMTFILL
 70
     0
  9
$DIMTFILLCLR
 70
     0
  9
$DIMARCSYM
 70
     0
  9
$DIMLTYPE
  6

  9
$DIMLTEX1
  6

  9
$DIMLTEX2
  6

  9
$DIMTXTDIRECTION
 70
     0
  9
$LUNITS
 70
     2
  9
$LUPREC
 70
     3
  9
$SKETCHINC
 40
1.0
  9
$FILLETRAD
 40
10.0
  9
$AUNITS
 70
     0
  9
$AUPREC
 70
     0
  9
$MENU
  1
.
  9
$ELEVATION
 40
0.0
  9
$PELEVATION
 40
0.0
  9
$THICKNESS
 40
0.0
  9
$LIMCHECK
 70
     0
  9
$CHAMFERA
 40
0.0
  9
$CHAMFERB
 40
0.0
  9
$CHAMFERC
 40
20.0
  9
$CHAMFERD
 40
0.0
  9
$SKPOLY
 70
     0
  9
$TDCREATE
 40
2455022.866526181
  9
$TDUCREATE
 40
2455022.637359514
  9
$TDUPDATE
 40
2461247.924387442
  9
$TDUUPDATE
 40
2461247.695220776
  9
$TDINDWG
 40
0.0005974306
  9
$TDUSRTIMER
 40
0.0001919213
  9
$USRTIMER
 70
     1
  9
$ANGBASE
 50
0.0
  9
$ANGDIR
 70
     0
  9
$PDMODE
 70
     0
  9
$PDSIZE
 40
0.0
  9
$PLINEWID
 40
0.0
  9
$SPLFRAME
 70
     0
  9
$SPLINETYPE
 70
     6
  9
$SPLINESEGS
 70
     8
  9
$HANDSEED
  5
2E2
  9
$SURFTAB1
 70
     6
  9
$SURFTAB2
 70
     6
  9
$SURFTYPE
 70
     6
  9
$SURFU
 70
     6
  9
$SURFV
 70
     6
  9
$UCSBASE
  2

  9
$UCSNAME
  2

  9
$UCSORG
 10
0.0
 20
0.0
 30
0.0
  9
$UCSXDIR
 10
1.0
 20
0.0
 30
0.0
  9
$UCSYDIR
 10
0.0
 20
1.0
 30
0.0
  9
$UCSORTHOREF
  2

  9
$UCSORTHOVIEW
 70
     0
  9
$UCSORGTOP
 10
0.0
 20
0.0
 30
0.0
  9
$UCSORGBOTTOM
 10
0.0
 20
0.0
 30
0.0
  9
$UCSORGLEFT
 10
0.0
 20
0.0
 30
0.0
  9
$UCSORGRIGHT
 10
0.0
 20
0.0
 30
0.0
  9
$UCSORGFRONT
 10
0.0
 20
0.0
 30
0.0
  9
$UCSORGBACK
 10
0.0
 20
0.0
 30
0.0
  9
$PUCSBASE
  2

  9
$PUCSNAME
  2

  9
$PUCSORG
 10
0.0
 20
0.0
 30
0.0
  9
$PUCSXDIR
 10
1.0
 20
0.0
 30
0.0
  9
$PUCSYDIR
 10
0.0
 20
1.0
 30
0.0
  9
$PUCSORTHOREF
  2

  9
$PUCSORTHOVIEW
 70
     0
  9
$PUCSORGTOP
 10
0.0
 20
0.0
 30
0.0
  9
$PUCSORGBOTTOM
 10
0.0
 20
0.0
 30
0.0
  9
$PUCSORGLEFT
 10
0.0
 20
0.0
 30
0.0
  9
$PUCSORGRIGHT
 10
0.0
 20
0.0
 30
0.0
  9
$PUCSORGFRONT
 10
0.0
 20
0.0
 30
0.0
  9
$PUCSORGBACK
 10
0.0
 20
0.0
 30
0.0
  9
$USERI1
 70
     0
  9
$USERI2
 70
     0
  9
$USERI3
 70
     0
  9
$USERI4
 70
     0
  9
$USERI5
 70
     0
  9
$USERR1
 40
0.0
  9
$USERR2
 40
0.0
  9
$USERR3
 40
0.0
  9
$USERR4
 40
0.0
  9
$USERR5
 40
0.0
  9
$WORLDVIEW
 70
     1
  9
$SHADEDGE
 70
     3
  9
$SHADEDIF
 70
    70
  9
$TILEMODE
 70
     1
  9
$MAXACTVP
 70
    64
  9
$PINSBASE
 10
0.0
 20
0.0
 30
0.0
  9
$PLIMCHECK
 70
     0
  9
$PEXTMIN
 10
1.000000000000000E+20
 20
1.000000000000000E+20
 30
1.000000000000000E+20
  9
$PEXTMAX
 10
-1.000000000000000E+20
 20
-1.000000000000000E+20
 30
-1.000000000000000E+20
  9
$PLIMMIN
 10
0.0
 20
0.0
  9
$PLIMMAX
 10
0.0
 20
0.0
  9
$UNITMODE
 70
     0
  9
$VISRETAIN
 70
     1
  9
$PLINEGEN
 70
     0
  9
$PSLTSCALE
 70
     1
  9
$TREEDEPTH
 70
  3020
  9
$CMLSTYLE
  2
Standard
  9
$CMLJUST
 70
     0
  9
$CMLSCALE
 40
20.0
  9
$PROXYGRAPHICS
 70
     1
  9
$MEASUREMENT
 70
     1
  9
$CELWEIGHT
370
    -1
  9
$ENDCAPS
280
     0
  9
$JOINSTYLE
280
     0
  9
$LWDISPLAY
290
     0
  9
$INSUNITS
 70
     4
  9
$HYPERLINKBASE
  1

  9
$STYLESHEET
  1

  9
$XEDIT
290
     1
  9
$CEPSNTYPE
380
     0
  9
$PSTYLEMODE
290
     1
  9
$FINGERPRINTGUID
  2
{EC6BB858-51AA-46EC-B484-6C9CC7AB3E2E}
  9
$VERSIONGUID
  2
{FAEB1C32-E019-11D5-929B-00C0DF256EC4}
  9
$EXTNAMES
290
     1
  9
$PSVPSCALE
 40
0.0
  9
$OLESTARTUP
290
     0
  9
$SORTENTS
280
   127
  9
$INDEXCTL
280
     0
  9
$HIDETEXT
280
     1
  9
$XCLIPFRAME
280
     0
  9
$HALOGAP
280
     0
  9
$OBSCOLOR
 70
   257
  9
$OBSLTYPE
280
     0
  9
$INTERSECTIONDISPLAY
280
     0
  9
$INTERSECTIONCOLOR
 70
   257
  9
$DIMASSOC
280
     2
  9
$PROJECTNAME
  1

  9
$CAMERADISPLAY
290
     0
  9
$LENSLENGTH
 40
50.0
  9
$CAMERAHEIGHT
 40
0.0
  9
$STEPSPERSEC
 40
2.0
  9
$STEPSIZE
 40
6.0
  9
$3DDWFPREC
 40
2.0
  9
$PSOLWIDTH
 40
5.0
  9
$PSOLHEIGHT
 40
80.0
  9
$LOFTANG1
 40
1.570796326794897
  9
$LOFTANG2
 40
1.570796326794897
  9
$LOFTMAG1
 40
0.0
  9
$LOFTMAG2
 40
0.0
  9
$LOFTPARAM
 70
     7
  9
$LOFTNORMALS
280
     1
  9
$LATITUDE
 40
37.795
  9
$LONGITUDE
 40
-122.394
  9
$NORTHDIRECTION
 40
0.0
  9
$TIMEZONE
 70
 -8000
  9
$LIGHTGLYPHDISPLAY
280
     1
  9
$TILEMODELIGHTSYNCH
280
     1
  9
$CMATERIAL
347
76
  9
$SOLIDHIST
280
     0
  9
$SHOWHIST
280
     1
  9
$DWFFRAME
280
     2
  9
$DGNFRAME
280
     2
  9
$REALWORLDSCALE
290
     1
  9
$INTERFERECOLOR
 62
   256
  9
$CSHADOW
280
     0
  9
$SHADOWPLANELOCATION
 40
0.0
  0
ENDSEC
  0
SECTION
  2
CLASSES
  0
CLASS
  1
ACDBDICTIONARYWDFLT
  2
AcDbDictionaryWithDefault
  3
ObjectDBX Classes
 90
        0
 91
        3
280
     0
281
     0
  0
CLASS
  1
VISUALSTYLE
  2
AcDbVisualStyle
  3
ObjectDBX Classes
 90
     4095
 91
        3
280
     0
281
     0
  0
CLASS
  1
TABLESTYLE
  2
AcDbTableStyle
  3
ObjectDBX Classes
 90
     4095
 91
        3
280
     0
281
     0
  0
CLASS
  1
DICTIONARYVAR
  2
AcDbDictionaryVar
  3
ObjectDBX Classes
 90
        0
 91
        3
280
     0
281
     0
  0
CLASS
  1
SCALE
  2
AcDbScale
  3
ObjectDBX Classes
 90
     1153
 91
        3
280
     0
281
     0
  0
CLASS
  1
CELLSTYLEMAP
  2
AcDbCellStyleMap
  3
ObjectDBX Classes
 90
     1152
 91
        3
280
     0
281
     0
  0
CLASS
  1
RASTERVARIABLES
  2
AcDbRasterVariables
  3
ISM
 90
        0
 91
        3
280
     0
281
     0
  0
CLASS
  1
MATERIAL
  2
AcDbMaterial
  3
ObjectDBX Classes
 90
     1153
 91
        3
280
     0
281
     0
  0
CLASS
  1
ACDBPLACEHOLDER
  2
AcDbPlaceHolder
  3
ObjectDBX Classes
 90
        0
 91
        1
280
     0
281
     0
  0
CLASS
  1
LAYOUT
  2
AcDbLayout
  3
ObjectDBX Classes
 90
        0
 91
        1
280
     0
281
     0
  0
CLASS
  1
SUN
  2
AcDbSun
  3
SCENEOE
 90
     1153
 91
        3
280
     0
281
     0
  0
CLASS
  1
MLEADERSTYLE
  2
AcDbMLeaderStyle
  3
ACDB_MLEADERSTYLE_CLASS
 90
     4095
 91
        3
280
     0
281
     0
  0
CLASS
  1
AEC_VARS_DWG_SETUP
  2
AecDbVarsDwgSetup
  3
AecBase60
 90
      129
 91
        3
280
     0
281
     0
  0
CLASS
  1
AEC_DISP_REP_2D_SECTION
  2
AecDbDispRep2dSection
  3
AecBase60
 90
      129
 91
        3
280
     0
281
     0
  0
CLASS
  1
AEC_DISP_PROPS_2D_SECTION
  2
AecDbDispProps2dSection
  3
AecBase60
 90
      129
 91
        3
280
     0
281
     0
  0
CLASS
  1
AEC_DISP_REP_CLIP_VOLUME_MODEL
  2
AecDbDispRepClipVolModel
  3
AecBase60
 90
      129
 91
        5
280
     0
281
     0
  0
CLASS
  1
AEC_DISP_PROPS_CLIP_VOLUME
  2
AecDbDispPropsClipVol
  3
AecBase60
 90
      129
 91
        3
280
     0
281
     0
  0
CLASS
  1
AEC_DISP_REP_CLIP_VOLUME_PLAN
  2
AecDbDispRepClipVolPlan
  3
AecBase60
 90
      129
 91
        3
280
     0
281
     0
  0
CLASS
  1
AEC_DISP_REP_CLIP_VOLUME_RESULT
  2
AecDbDispRepClipVolResult
  3
AecBase60
 90
      129
 91
        5
280
     0
281
     0
  0
CLASS
  1
AEC_DISP_REP_CLIP_VOLUME_RESULT_SUBDIV
  2
AecDbDispRepClipVolResSubDiv
  3
AecBase60
 90
      129
 91
        4
280
     0
281
     0
  0
CLASS
  1
AEC_DISP_PROPS_CLIP_VOLUME_RESULT
  2
AecDbDispPropsClipVolResSubDiv
  3
AecBase60
 90
      129
 91
        3
280
     0
281
     0
  0
CLASS
  1
AEC_DISP_REP_DISPLAYTHEME
  2
AecDbDispRepDisplayTheme
  3
AecBase60
 90
      129
 91
        3
280
     0
281
     0
  0
CLASS
  1
AEC_DISP_PROPS_DISPLAYTHEME
  2
AecDbDispPropsDisplayTheme
  3
AecBase60
 90
      129
 91
        3
280
     0
281
     0
  0
CLASS
  1
AEC_DISP_REP_ENT_REF
  2
AecDbDispRepEntRef
  3
AecBase60
 90
      129
 91
        3
280
     0
281
     0
  0
CLASS
  1
AEC_DISP_PROPS_ENT_REF
  2
AecDbDispPropsEntRef
  3
AecBase60
 90
      129
 91
        3
280
     0
281
     0
  0
CLASS
  1
AEC_DISP_REP_LAYOUT_CURVE
  2
AecDbDispRepLayoutCurve
  3
AecBase60
 90
      129
 91
        3
280
     0
281
     0
  0
CLASS
  1
AEC_DISP_PROPS_LAYOUT_CURVE
  2
AecDbDispPropsLayoutCurve
  3
AecBase60
 90
      129
 91
        3
280
     0
281
     0
  0
CLASS
  1
AEC_DISP_REP_LAYOUT_GRID2D
  2
AecDbDispRepLayoutGrid2d
  3
AecBase60
 90
      129
 91
        5
280
     0
281
     0
  0
CLASS
  1
AEC_DISP_PROPS_LAYOUT_GRID2D
  2
AecDbDispPropsLayoutGrid2d
  3
AecBase60
 90
      129
 91
        4
280
     0
281
     0
  0
CLASS
  1
AEC_DISP_REP_LAYOUT_GRID3D
  2
AecDbDispRepLayoutGrid3d
  3
AecBase60
 90
      129
 91
        3
280
     0
281
     0
  0
CLASS
  1
AEC_DISP_PROPS_LAYOUT_GRID3D
  2
AecDbDispPropsLayoutGrid3d
  3
AecBase60
 90
      129
 91
        3
280
     0
281
     0
  0
CLASS
  1
AEC_DISP_REP_MASKBLOCK_REF
  2
AecDbDispRepMaskBlockRef
  3
AecBase60
 90
      129
 91
        4
280
     0
281
     0
  0
CLASS
  1
AEC_DISP_PROPS_MASKBLOCK
  2
AecDbDispPropsMaskBlock
  3
AecBase60
 90
      129
 91
        3
280
     0
281
     0
  0
CLASS
  1
AEC_DISP_REP_MASKBLOCK_REF_RCP
  2
AecDbDispRepMaskBlockRefRcp
  3
AecArchBase60
 90
      129
 91
        3
280
     0
281
     0
  0
CLASS
  1
AEC_DISP_REP_MASS_ELEM_MODEL
  2
AecDbDispRepMassElemModel
  3
AecBase60
 90
      129
 91
        3
280
     0
281
     0
  0
CLASS
  1
AEC_DISP_PROPS_MASS_ELEM_MODEL
  2
AecDbDispPropsMassElem
  3
AecBase60
 90
      129
 91
        4
280
     0
281
     0
  0
CLASS
  1
AEC_DISP_REP_MASS_ELEM_SCHEM
  2
AecDbDispRepMassElemSchem
  3
AecBase60
 90
      129
 91
        4
280
     0
281
     0
  0
CLASS
  1
AEC_DISPREPAECDBDISPREPMASSELEMPLAN50
  2
AecDbDispRepMassElemPlan50
  3
AecArchDACHBase60
 90
      129
 91
        3
280
     0
281
     0
  0
CLASS
  1
AEC_DISPROPSMASSELEMPLANCOMMON
  2
AecDbDispPropsMassElemPlanCommon
  3
AecArchDACHBase60
 90
      129
 91
        3
280
     0
281
     0
  0
CLASS
  1
AEC_DISPREPAECDBDISPREPMASSELEMPLAN100
  2
AecDbDispRepMassElemPlan100
  3
AecArchDACHBase60
 90
      129
 91
        3
280
     0
281
     0
  0
CLASS
  1
AEC_DISP_REP_MASS_ELEM_RCP
  2
AecDbDispRepMassElemRcp
  3
AecArchBase60
 90
      129
 91
        3
280
     0
281
     0
  0
CLASS
  1
AEC_DISP_REP_MASS_GROUP_MODEL
  2
AecDbDispRepMassGroupModel
  3
AecBase60
 90
      129
 91
        3
280
     0
281
     0
  0
CLASS
  1
AEC_DISP_PROPS_MASS_GROUP
  2
AecDbDispPropsMassGroup
  3
AecBase60
 90
      129
 91
        4
280
     0
281
     0
  0
CLASS
  1
AEC_DISP_REP_MASS_GROUP_PLAN
  2
AecDbDispRepMassGroupPlan
  3
AecBase60
 90
      129
 91
        7
280
     0
281
     0
  0
CLASS
  1
AEC_DISPREPAECDBDISPREPMASSGROUPPLAN50
  2
AecDbDispRepMassGroupPlan50
  3
AecArchDACHBase60
 90
      129
 91
        3
280
     0
281
     0
  0
CLASS
  1
AEC_DISPROPSMASSGROUPPLANCOMMON
  2
AecDbDispPropsMassGroupPlanCommon
  3
AecArchDACHBase60
 90
      129
 91
        3
280
     0
281
     0
  0
CLASS
  1
AEC_DISPREPAECDBDISPREPMASSGROUPPLAN100
  2
AecDbDispRepMassGroupPlan100
  3
AecArchDACHBase60
 90
      129
 91
        3
280
     0
281
     0
  0
CLASS
  1
AEC_DISP_REP_MASS_GROUP_RCP
  2
AecDbDispRepMassGroupRcp
  3
AecArchBase60
 90
      129
 91
        3
280
     0
281
     0
  0
CLASS
  1
AEC_DISP_REP_MVBLOCK_REF
  2
AecDbDispRepMvBlockRef
  3
AecBase60
 90
      129
 91
        7
280
     0
281
     0
  0
CLASS
  1
AEC_DISP_REP_MVBLOCK_REF_MODEL
  2
AecDbDispRepMvBlockRefModel
  3
AecBase60
 90
      129
 91
        3
280
     0
281
     0
  0
CLASS
  1
AEC_AECDBDISPREPMVBLOCKREFPLAN100
  2
AecDbDispRepMvBlockRefPlan100
  3
AecBase60
 90
      129
 91
        3
280
     0
281
     0
  0
CLASS
  1
AEC_AECDBDISPREPMVBLOCKREFPLAN50
  2
AecDbDispRepMvBlockRefPlan50
  3
AecBase60
 90
      129
 91
        3
280
     0
281
     0
  0
CLASS
  1
AEC_DISP_REP_POLYGON_MODEL
  2
AecDbDispRepPolygonModel
  3
AecBase60
 90
      129
 91
        3
280
     0
281
     0
  0
CLASS
  1
AEC_DISP_PROPS_POLYGON_MODEL
  2
AecDbDispPropsPolygonModel
  3
AecBase60
 90
      129
 91
        3
280
     0
281
     0
  0
CLASS
  1
AEC_DISP_REP_POLYGON_TRUECOLOUR
  2
AecDbDispRepPolygonTrueColour
  3
AecBase60
 90
      129
 91
        3
280
     0
281
     0
  0
CLASS
  1
AEC_DISP_PROPS_POLYGON_TRUECOLOUR
  2
AecDbDispPropsPolygonTrueColour
  3
AecBase60
 90
      129
 91
        3
280
     0
281
     0
  0
CLASS
  1
AEC_DISP_REP_SLICE
  2
AecDbDispRepSlice
  3
AecBase60
 90
      129
 91
        3
280
     0
281
     0
  0
CLASS
  1
AEC_DISP_PROPS_SLICE
  2
AecDbDispPropsSlice
  3
AecBase60
 90
      129
 91
        3
280
     0
281
     0
  0
CLASS
  1
AEC_DISP_REP_ANCHOR
  2
AecDbDispRepAnchor
  3
AecBase60
 90
      129
 91
        3
280
     0
281
     0
  0
CLASS
  1
AEC_DISP_REP_ANCHOR_ENT_TO_NODE
  2
AecDbDispRepAnchorEntToNode
  3
AecBase60
 90
      129
 91
        4
280
     0
281
     0
  0
CLASS
  1
AEC_DISP_PROPS_ENT
  2
AecDbDispPropsEnt
  3
AecBase60
 90
      129
 91
        3
280
     0
281
     0
  0
CLASS
  1
AEC_DISP_REP_MATERIAL
  2
AecDbDispRepMaterial
  3
AecBase60
 90
      129
 91
        3
280
     0
281
     0
  0
CLASS
  1
AEC_DISP_PROPS_MATERIAL
  2
AecDbDispPropsMaterial
  3
AecBase60
 90
      129
 91
        3
280
     0
281
     0
  0
CLASS
  1
AEC_DISP_REP_EDITINPLACEPROFILE
  2
AecDbDispRepEditInPlaceProfile
  3
AecBase60
 90
      129
 91
        3
280
     0
281
     0
  0
CLASS
  1
AEC_DISP_PROPS_EDITINPLACEPROFILE_MODEL
  2
AecDbDispPropsEditInPlaceProfile
  3
AecBase60
 90
      129
 91
        3
280
     0
281
     0
  0
CLASS
  1
AEC_VARS_ARCHBASE
  2
AecDbVarsArchBase
  3
AecArchBase60
 90
      129
 91
        3
280
     0
281
     0
  0
CLASS
  1
AEC_DISP_REP_BDG_ELEVLINE_PLAN
  2
AecDbDispRepBdgElevLinePlan
  3
AecArchBase60
 90
      129
 91
        6
280
     0
281
     0
  0
CLASS
  1
AEC_DISP_REP_BDG_ELEVLINE_MODEL
  2
AecDbDispRepBdgElevLineModel
  3
AecArchBase60
 90
      129
 91
        3
280
     0
281
     0
  0
CLASS
  1
AEC_DISP_REP_BDG_ELEVLINE_RCP
  2
AecDbDispRepBdgElevLineRcp
  3
AecArchBase60
 90
      129
 91
        3
280
     0
281
     0
  0
CLASS
  1
AEC_AECDBDISPREPBDGELEVLINEPLAN100
  2
AecDbDispRepBdgElevLinePlan100
  3
AecBase60
 90
      129
 91
        3
280
     0
281
     0
  0
CLASS
  1
AEC_AECDBDISPREPBDGELEVLINEPLAN50
  2
AecDbDispRepBdgElevLinePlan50
  3
AecBase60
 90
      129
 91
        3
280
     0
281
     0
  0
CLASS
  1
AEC_DISP_REP_BDG_SECTIONLINE_MODEL
  2
AecDbDispRepBdgSectionLineModel
  3
AecArchBase60
 90
      129
 91
        3
280
     0
281
     0
  0
CLASS
  1
AEC_DISP_REP_BDG_SECTIONLINE_PLAN
  2
AecDbDispRepBdgSectionLinePlan
  3
AecArchBase60
 90
      129
 91
        6
280
     0
281
     0
  0
CLASS
  1
AEC_DISP_REP_BDG_SECTIONLINE_RCP
  2
AecDbDispRepBdgSectionLineRcp
  3
AecArchBase60
 90
      129
 91
        3
280
     0
281
     0
  0
CLASS
  1
AEC_AECDBDISPREPBDGSECTIONLINEPLAN100
  2
AecDbDispRepBdgSectionLinePlan100
  3
AecBase60
 90
      129
 91
        3
280
     0
281
     0
  0
CLASS
  1
AEC_AECDBDISPREPBDGSECTIONLINEPLAN50
  2
AecDbDispRepBdgSectionLinePlan50
  3
AecBase60
 90
      129
 91
        3
280
     0
281
     0
  0
CLASS
  1
AEC_DISP_REP_BDG_SECTION_SUBDIV
  2
AecDbDispRepBdgSectionSubDiv
  3
AecArchBase60
 90
      129
 91
        3
280
     0
281
     0
  0
CLASS
  1
AEC_DISP_REP_BDG_SECTION_MODEL
  2
AecDbDispRepBdgSectionModel
  3
AecArchBase60
 90
      129
 91
        3
280
     0
281
     0
  0
CLASS
  1
AEC_DISP_REP_CEILING_GRID
  2
AecDbDispRepCeilingGrid
  3
AecArchBase60
 90
      893
 91
        7
280
     0
281
     0
  0
CLASS
  1
AEC_DISP_REP_CEILING_GRID_MODEL
  2
AecDbDispRepCeilingGridModel
  3
AecArchBase60
 90
      129
 91
        3
280
     0
281
     0
  0
CLASS
  1
AEC_DISP_REP_CEILING_GRID_RCP
  2
AecDbDispRepCeilingGridRcp
  3
AecArchBase60
 90
      129
 91
        3
280
     0
281
     0
  0
CLASS
  1
AEC_AECDBDISPREPCEILINGGRIDPLAN100
  2
AecDbDispRepCeilingGridPlan100
  3
AecBase60
 90
      129
 91
        3
280
     0
281
     0
  0
CLASS
  1
AEC_AECDBDISPREPCEILINGGRIDPLAN50
  2
AecDbDispRepCeilingGridPlan50
  3
AecBase60
 90
      129
 91
        3
280
     0
281
     0
  0
CLASS
  1
AEC_DISP_REP_CURTAIN_WALL_LAYOUT_MODEL
  2
AecDbDispRepCurtainWallLayoutModel
  3
AecArchBase60
 90
      129
 91
        3
280
     0
281
     0
  0
CLASS
  1
AEC_DISP_PROPS_GRID_ASSEMBLY_MODEL
  2
AecDbDispPropsGridAssemblyModel
  3
AecArchBase60
 90
      129
 91
        3
280
     0
281
     0
  0
CLASS
  1
AEC_DISP_REP_CURTAIN_WALL_LAYOUT_PLAN
  2
AecDbDispRepCurtainWallLayoutPlan
  3
AecArchBase60
 90
      129
 91
        5
280
     0
281
     0
  0
CLASS
  1
AEC_DISP_PROPS_GRID_ASSEMBLY_PLAN
  2
AecDbDispPropsGridAssemblyPlan
  3
AecArchBase60
 90
      129
 91
        3
280
     0
281
     0
  0
CLASS
  1
AEC_AECDBDISPREPCURTAINWALLLAYOUTPLAN100
  2
AecDbDispRepCurtainWallLayoutPlan100
  3
AecBase60
 90
      129
 91
        3
280
     0
281
     0
  0
CLASS
  1
AEC_AECDBDISPREPCURTAINWALLLAYOUTPLAN50
  2
AecDbDispRepCurtainWallLayoutPlan50
  3
AecBase60
 90
      129
 91
        3
280
     0
281
     0
  0
CLASS
  1
AEC_DISP_REP_CURTAIN_WALL_UNIT_MODEL
  2
AecDbDispRepCurtainWallUnitModel
  3
AecArchBase60
 90
      129
 91
        3
280
     0
281
     0
  0
CLASS
  1
AEC_DISP_REP_CURTAIN_WALL_UNIT_PLAN
  2
AecDbDispRepCurtainWallUnitPlan
  3
AecArchBase60
 90
      129
 91
        5
280
     0
281
     0
  0
CLASS
  1
AEC_AECDBDISPREPCURTAINWALLUNITPLAN100
  2
AecDbDispRepCurtainWallUnitPlan100
  3
AecBase60
 90
      129
 91
        3
280
     0
281
     0
  0
CLASS
  1
AEC_AECDBDISPREPCURTAINWALLUNITPLAN50
  2
AecDbDispRepCurtainWallUnitPlan50
  3
AecBase60
 90
      129
 91
        3
280
     0
281
     0
  0
CLASS
  1
AEC_DISP_REP_DOOR_MODEL
  2
AecDbDispRepDoorModel
  3
AecArchBase60
 90
      129
 91
        4
280
     0
281
     0
  0
CLASS
  1
AEC_DISP_PROPS_DOOR
  2
AecDbDispPropsDoor
  3
AecArchBase60
 90
      129
 91
        4
280
     0
281
     0
  0
CLASS
  1
AEC_DISP_REP_DOOR_ELEV
  2
AecDbDispRepDoorElev
  3
AecArchBase60
 90
      129
 91
        3
280
     0
281
     0
  0
CLASS
  1
AEC_DISP_REP_DOOR_PLAN
  2
AecDbDispRepDoorPlan
  3
AecArchBase60
 90
      129
 91
        7
280
     0
281
     0
  0
CLASS
  1
AEC_DISP_REP_DOOR_NOMINAL
  2
AecDbDispRepDoorNominal
  3
AecArchBase60
 90
      129
 91
        3
280
     0
281
     0
  0
CLASS
  1
AEC_DISP_PROPS_DOOR_NOMINAL
  2
AecDbDispPropsDoorNominal
  3
AecArchBase60
 90
      129
 91
        3
280
     0
281
     0
  0
CLASS
  1
AEC_DISP_REP_DOOR_THRESHOLD_PLAN
  2
AecDbDispRepDoorThresholdPlan
  3
AecArchBase60
 90
      129
 91
        3
280
     0
281
     0
  0
CLASS
  1
AEC_DISP_PROPS_DOOR_THRESHOLD_PLAN
  2
AecDbDispPropsDoorThresholdPlan
  3
AecArchBase60
 90
      129
 91
        3
280
     0
281
     0
  0
CLASS
  1
AEC_DISP_REP_DOOR_PLAN_50
  2
AecDbDispRepDoorPlan50
  3
AecArchDACHBase60
 90
      129
 91
        3
280
     0
281
     0
  0
CLASS
  1
AEC_DISP_PROPS_DOOR_PLAN_50
  2
AecDbDispPropsDoorPlan50
  3
AecArchDACHBase60
 90
      129
 91
        3
280
     0
281
     0
  0
CLASS
  1
AEC_DISP_REP_DOOR_PLAN_HEKTO
  2
AecDbDispRepDoorPlanHekto
  3
AecArchDACHBase60
 90
      129
 91
        3
280
     0
281
     0
  0
CLASS
  1
AEC_DISP_PROPS_DOOR_PLAN_100
  2
AecDbDispPropsDoorPlan100
  3
AecArchDACHBase60
 90
      129
 91
        3
280
     0
281
     0
  0
CLASS
  1
AEC_DISP_REP_DOOR_RCP
  2
AecDbDispRepDoorRcp
  3
AecArchBase60
 90
      129
 91
        3
280
     0
281
     0
  0
CLASS
  1
AEC_DISP_REP_DOOR_THRESHOLD_SYMBOL_PLAN
  2
AecDbDispRepDoorThresholdSymbolPlan
  3
AecArchDACHBase60
 90
      129
 91
        3
280
     0
281
     0
  0
CLASS
  1
AEC_DISP_PROPS_DOOR_THRESHOLD_SYMBOL_PLAN
  2
AecDbDispPropsDoorThresholdSymbolPlan
  3
AecArchDACHBase60
 90
      129
 91
        3
280
     0
281
     0
  0
CLASS
  1
AEC_DISP_REP_OPENING
  2
AecDbDispRepOpening
  3
AecArchBase60
 90
      129
 91
        5
280
     0
281
     0
  0
CLASS
  1
AEC_DISP_PROPS_OPENING
  2
AecDbDispPropsOpening
  3
AecArchBase60
 90
      129
 91
        4
280
     0
281
     0
  0
CLASS
  1
AEC_DISP_REP_OPENING_MODEL
  2
AecDbDispRepOpeningModel
  3
AecArchBase60
 90
      129
 91
        3
280
     0
281
     0
  0
CLASS
  1
AEC_DISPREPAECDBDISPREPOPENINGPLAN100
  2
AecDbDispRepOpeningPlan100
  3
AecArchDACHBase60
 90
      129
 91
        3
280
     0
281
     0
  0
CLASS
  1
AEC_DISPROPSOPENINGPLANCOMMONHATCHED
  2
AecDbDispPropsOpeningPlanCommonHatched
  3
AecArchDACHBase60
 90
      129
 91
        3
280
     0
281
     0
  0
CLASS
  1
AEC_DISPREPAECDBDISPREPOPENINGPLAN50
  2
AecDbDispRepOpeningPlan50
  3
AecArchDACHBase60
 90
      129
 91
        3
280
     0
281
     0
  0
CLASS
  1
AEC_DISPREPAECDBDISPREPOPENINGPLANREFLECTED
  2
AecDbDispRepOpeningPlanReflected
  3
AecArchDACHBase60
 90
      129
 91
        3
280
     0
281
     0
  0
CLASS
  1
AEC_DISPROPSOPENINGPLANCOMMON
  2
AecDbDispPropsOpeningPlanCommon
  3
AecArchDACHBase60
 90
      129
 91
        4
280
     0
281
     0
  0
CLASS
  1
AEC_DISPREPAECDBDISPREPOPENINGSILLPLAN
  2
AecDbDispRepOpeningSillPlan
  3
AecArchDACHBase60
 90
      129
 91
        3
280
     0
281
     0
  0
CLASS
  1
AEC_DISPROPSOPENINGSILLPLAN
  2
AecDbDispPropsOpeningSillPlan
  3
AecArchDACHBase60
 90
      129
 91
        3
280
     0
281
     0
  0
CLASS
  1
AEC_DISP_REP_RAILING_MODEL
  2
AecDbDispRepRailingModel
  3
AecArchBase60
 90
      129
 91
        3
280
     0
281
     0
  0
CLASS
  1
AEC_DISP_PROPS_RAILING_MODEL
  2
AecDbDispPropsRailingModel
  3
AecArchBase60
 90
      129
 91
        3
280
     0
281
     0
  0
CLASS
  1
AEC_DISP_REP_RAILING_PLAN
  2
AecDbDispRepRailingPlan
  3
AecArchBase60
 90
      129
 91
        4
280
     0
281
     0
  0
CLASS
  1
AEC_DISP_PROPS_RAILING_PLAN
  2
AecDbDispPropsRailingPlan
  3
AecArchBase60
 90
      129
 91
        4
280
     0
281
     0
  0
CLASS
  1
AEC_DISP_REP_RAILING_PLAN_100
  2
AecDbDispRepRailingPlan100
  3
AecArchDACHBase60
 90
      129
 91
        3
280
     0
281
     0
  0
CLASS
  1
AEC_DISP_ROPS_RAILING_PLAN_100
  2
AecDbDispPropsRailingPlan100
  3
AecArchDACHBase60
 90
      129
 91
        3
280
     0
281
     0
  0
CLASS
  1
AEC_DISP_REP_RAILING_PLAN_50
  2
AecDbDispRepRailingPlan50
  3
AecArchDACHBase60
 90
      129
 91
        3
280
     0
281
     0
  0
CLASS
  1
AEC_DISP_ROPS_RAILING_PLAN_50
  2
AecDbDispPropsRailingPlan50
  3
AecArchDACHBase60
 90
      129
 91
        3
280
     0
281
     0
  0
CLASS
  1
AEC_DISP_REP_ROOF_MODEL
  2
AecDbDispRepRoofModel
  3
AecArchBase60
 90
      129
 91
        3
280
     0
281
     0
  0
CLASS
  1
AEC_DISP_PROPS_ROOF
  2
AecDbDispPropsRoof
  3
AecArchBase60
 90
      129
 91
        3
280
     0
281
     0
  0
CLASS
  1
AEC_DISP_REP_ROOF_PLAN
  2
AecDbDispRepRoofPlan
  3
AecArchBase60
 90
      129
 91
        7
280
     0
281
     0
  0
CLASS
  1
AEC_DISP_REP_ROOF_RCP
  2
AecDbDispRepRoofRcp
  3
AecArchBase60
 90
      129
 91
        3
280
     0
281
     0
  0
CLASS
  1
AEC_AECDBDISPREPROOFPLAN100
  2
AecDbDispRepRoofPlan100
  3
AecBase60
 90
      129
 91
        3
280
     0
281
     0
  0
CLASS
  1
AEC_AECDBDISPREPROOFPLAN50
  2
AecDbDispRepRoofPlan50
  3
AecBase60
 90
      129
 91
        3
280
     0
281
     0
  0
CLASS
  1
AEC_DISP_REP_ROOFSLAB_MODEL
  2
AecDbDispRepRoofSlabModel
  3
AecArchBase60
 90
      129
 91
        3
280
     0
281
     0
  0
CLASS
  1
AEC_DISP_PROPS_ROOFSLAB
  2
AecDbDispPropsRoofSlab
  3
AecArchBase60
 90
      129
 91
        3
280
     0
281
     0
  0
CLASS
  1
AEC_DISP_REP_ROOFSLAB_PLAN
  2
AecDbDispRepRoofSlabPlan
  3
AecArchBase60
 90
      129
 91
        5
280
     0
281
     0
  0
CLASS
  1
AEC_DISP_PROPS_ROOFSLAB_PLAN
  2
AecDbDispPropsRoofSlabPlan
  3
AecArchBase60
 90
      129
 91
        3
280
     0
281
     0
  0
CLASS
  1
AEC_AECDBDISPREPROOFSLABPLAN100
  2
AecDbDispRepRoofSlabPlan100
  3
AecBase60
 90
      129
 91
        3
280
     0
281
     0
  0
CLASS
  1
AEC_AECDBDISPREPROOFSLABPLAN50
  2
AecDbDispRepRoofSlabPlan50
  3
AecBase60
 90
      129
 91
        3
280
     0
281
     0
  0
CLASS
  1
AEC_DISP_REP_SLAB_MODEL
  2
AecDbDispRepSlabModel
  3
AecArchBase60
 90
      129
 91
        4
280
     0
281
     0
  0
CLASS
  1
AEC_DISP_PROPS_SLAB
  2
AecDbDispPropsSlab
  3
AecArchBase60
 90
      129
 91
        5
280
     0
281
     0
  0
CLASS
  1
AEC_DISP_REP_SLAB_PLAN
  2
AecDbDispRepSlabPlan
  3
AecArchBase60
 90
      129
 91
        6
280
     0
281
     0
  0
CLASS
  1
AEC_DISP_PROPS_SLAB_PLAN
  2
AecDbDispPropsSlabPlan
  3
AecArchBase60
 90
      129
 91
        4
280
     0
281
     0
  0
CLASS
  1
AEC_AECDBDISPREPSLABPLAN100
  2
AecDbDispRepSlabPlan100
  3
AecBase60
 90
      129
 91
        3
280
     0
281
     0
  0
CLASS
  1
AEC_AECDBDISPREPSLABPLAN50
  2
AecDbDispRepSlabPlan50
  3
AecBase60
 90
      129
 91
        3
280
     0
281
     0
  0
CLASS
  1
AEC_DISP_REP_SPACE_MODEL
  2
AecDbDispRepSpaceModel
  3
AecArchBase60
 90
      129
 91
        3
280
     0
281
     0
  0
CLASS
  1
AEC_DISP_PROPS_SPACE_MODEL
  2
AecDbDispPropsSpaceModel
  3
AecArchBase60
 90
      129
 91
        3
280
     0
281
     0
  0
CLASS
  1
AEC_DISP_REP_SPACE_PLAN
  2
AecDbDispRepSpacePlan
  3
AecArchBase60
 90
      129
 91
        6
280
     0
281
     0
  0
CLASS
  1
AEC_DISP_PROPS_SPACE_PLAN
  2
AecDbDispPropsSpacePlan
  3
AecArchBase60
 90
      129
 91
        3
280
     0
281
     0
  0
CLASS
  1
AEC_DISP_REP_SPACE_RCP
  2
AecDbDispRepSpaceRcp
  3
AecArchBase60
 90
      129
 91
        3
280
     0
281
     0
  0
CLASS
  1
AEC_DISP_REP_SPACE_VOLUME
  2
AecDbDispRepSpaceVolume
  3
AecArchBase60
 90
      129
 91
        3
280
     0
281
     0
  0
CLASS
  1
AEC_DISP_REP_SPACE_DECOMPOSED
  2
AecDbDispRepSpaceDecomposed
  3
AecArchBase60
 90
      129
 91
        3
280
     0
281
     0
  0
CLASS
  1
AEC_DISP_PROPS_SPACE_DECOMPOSED
  2
AecDbDispPropsSpaceDecomposed
  3
AecArchBase60
 90
      129
 91
        3
280
     0
281
     0
  0
CLASS
  1
AEC_AECDBDISPREPSPACEPLAN100
  2
AecDbDispRepSpacePlan100
  3
AecBase60
 90
      129
 91
        3
280
     0
281
     0
  0
CLASS
  1
AEC_AECDBDISPREPSPACEPLAN50
  2
AecDbDispRepSpacePlan50
  3
AecBase60
 90
      129
 91
        3
280
     0
281
     0
  0
CLASS
  1
AEC_DISP_REP_STAIR_MODEL
  2
AecDbDispRepStairModel
  3
AecArchBase60
 90
      129
 91
        3
280
     0
281
     0
  0
CLASS
  1
AEC_DISP_PROPS_STAIR_MODEL
  2
AecDbDispPropsStairModel
  3
AecArchBase60
 90
      129
 91
        3
280
     0
281
     0
  0
CLASS
  1
AEC_DISP_REP_STAIR_PLAN
  2
AecDbDispRepStairPlan
  3
AecArchBase60
 90
      129
 91
        6
280
     0
281
     0
  0
CLASS
  1
AEC_DISP_PROPS_STAIR_PLAN
  2
AecDbDispPropsStairPlan
  3
AecArchBase60
 90
      129
 91
        5
280
     0
281
     0
  0
CLASS
  1
AEC_DISP_REP_STAIR_RCP
  2
AecDbDispRepStairRcp
  3
AecArchBase60
 90
      129
 91
        3
280
     0
281
     0
  0
CLASS
  1
AEC_DISP_REP_STAIR_PLAN_100
  2
AecDbDispRepStairPlan100
  3
AecArchDACHBase60
 90
      129
 91
        3
280
     0
281
     0
  0
CLASS
  1
AEC_DISP_ROPS_STAIR_PLAN_100
  2
AecDbDispPropsStairPlan100
  3
AecArchDACHBase60
 90
      129
 91
        3
280
     0
281
     0
  0
CLASS
  1
AEC_DISP_REP_STAIR_PLAN_50
  2
AecDbDispRepStairPlan50
  3
AecArchDACHBase60
 90
      129
 91
        3
280
     0
281
     0
  0
CLASS
  1
AEC_DISP_ROPS_STAIR_PLAN_50
  2
AecDbDispPropsStairPlan50
  3
AecArchDACHBase60
 90
      129
 91
        3
280
     0
281
     0
  0
CLASS
  1
AEC_DISP_REP_STAIR_PLAN_OVERLAPPING
  2
AecDbDispRepStairPlanOverlapping
  3
AecArchBase60
 90
      129
 91
        3
280
     0
281
     0
  0
CLASS
  1
AEC_DISP_PROPS_STAIR_PLAN_OVERLAPPING
  2
AecDbDispPropsStairPlanOverlapping
  3
AecArchBase60
 90
      129
 91
        3
280
     0
281
     0
  0
CLASS
  1
AEC_DISP_REP_WALL_GRAPH
  2
AecDbDispRepWallGraph
  3
AecArchBase60
 90
      129
 91
        3
280
     0
281
     0
  0
CLASS
  1
AEC_DISP_PROPS_WALL_GRAPH
  2
AecDbDispPropsWallGraph
  3
AecArchBase60
 90
      129
 91
        3
280
     0
281
     0
  0
CLASS
  1
AEC_DISP_REP_WALL_MODEL
  2
AecDbDispRepWallModel
  3
AecArchBase60
 90
      129
 91
        3
280
     0
281
     0
  0
CLASS
  1
AEC_DISP_PROPS_WALL_MODEL
  2
AecDbDispPropsWallModel
  3
AecArchBase60
 90
      129
 91
        3
280
     0
281
     0
  0
CLASS
  1
AEC_DISP_REP_WALL_PLAN
  2
AecDbDispRepWallPlan
  3
AecArchBase60
 90
      129
 91
        6
280
     0
281
     0
  0
CLASS
  1
AEC_DISP_PROPS_WALL_PLAN
  2
AecDbDispPropsWallPlan
  3
AecArchBase60
 90
      129
 91
        3
280
     0
281
     0
  0
CLASS
  1
AEC_DISP_REP_WALL_RCP
  2
AecDbDispRepWallRcp
  3
AecArchBase60
 90
      129
 91
        3
280
     0
281
     0
  0
CLASS
  1
AEC_DISP_REP_WALL_SCHEM
  2
AecDbDispRepWallSchem
  3
AecArchBase60
 90
      129
 91
        3
280
     0
281
     0
  0
CLASS
  1
AEC_DISP_PROPS_WALL_SCHEM
  2
AecDbDispPropsWallSchem
  3
AecArchBase60
 90
      129
 91
        3
280
     0
281
     0
  0
CLASS
  1
AEC_AECDBDISPREPWALLPLAN100
  2
AecDbDispRepWallPlan100
  3
AecBase60
 90
      129
 91
        3
280
     0
281
     0
  0
CLASS
  1
AEC_AECDBDISPREPWALLPLAN50
  2
AecDbDispRepWallPlan50
  3
AecBase60
 90
      129
 91
        3
280
     0
281
     0
  0
CLASS
  1
AEC_DISP_REP_WINDOW_MODEL
  2
AecDbDispRepWindowModel
  3
AecArchBase60
 90
      129
 91
        4
280
     0
281
     0
  0
CLASS
  1
AEC_DISP_PROPS_WINDOW
  2
AecDbDispPropsWindow
  3
AecArchBase60
 90
      129
 91
        5
280
     0
281
     0
  0
CLASS
  1
AEC_DISP_REP_WINDOW_ELEV
  2
AecDbDispRepWindowElev
  3
AecArchBase60
 90
      129
 91
        3
280
     0
281
     0
  0
CLASS
  1
AEC_DISP_REP_WINDOW_PLAN
  2
AecDbDispRepWindowPlan
  3
AecArchBase60
 90
      129
 91
        7
280
     0
281
     0
  0
CLASS
  1
AEC_DISP_REP_WINDOW_NOMINAL
  2
AecDbDispRepWindowNominal
  3
AecArchBase60
 90
      129
 91
        3
280
     0
281
     0
  0
CLASS
  1
AEC_DISP_PROPS_WINDOW_NOMINAL
  2
AecDbDispPropsWindowNominal
  3
AecArchBase60
 90
      129
 91
        3
280
     0
281
     0
  0
CLASS
  1
AEC_DISP_REP_WINDOW_RCP
  2
AecDbDispRepWindowRcp
  3
AecArchBase60
 90
      129
 91
        3
280
     0
281
     0
  0
CLASS
  1
AEC_DISP_REP_WINDOW_SILL_PLAN
  2
AecDbDispRepWindowSillPlan
  3
AecArchBase60
 90
      129
 91
        3
280
     0
281
     0
  0
CLASS
  1
AEC_DISP_PROPS_WINDOW_SILL_PLAN
  2
AecDbDispPropsWindowSillPlan
  3
AecArchBase60
 90
      129
 91
        3
280
     0
281
     0
  0
CLASS
  1
AEC_DISP_REP_WINDOW_PLAN_100
  2
AecDbDispRepWindowPlan100
  3
AecArchDACHBase60
 90
      129
 91
        3
280
     0
281
     0
  0
CLASS
  1
AEC_DISP_PROPS_WINDOW_PLAN_100
  2
AecDbDispPropsWindowPlan100
  3
AecArchDACHBase60
 90
      129
 91
        3
280
     0
281
     0
  0
CLASS
  1
AEC_DISP_REP_WINDOW_PLAN_50
  2
AecDbDispRepWindowPlan50
  3
AecArchDACHBase60
 90
      129
 91
        3
280
     0
281
     0
  0
CLASS
  1
AEC_DISP_PROPS_WINDOW_PLAN_50
  2
AecDbDispPropsWindowPlan50
  3
AecArchDACHBase60
 90
      129
 91
        3
280
     0
281
     0
  0
CLASS
  1
AEC_DISP_REP_WINDOW_ASSEMBLY_MODEL
  2
AecDbDispRepWindowAssemblyModel
  3
AecArchBase60
 90
      129
 91
        3
280
     0
281
     0
  0
CLASS
  1
AEC_DISP_REP_WINDOW_ASSEMBLY_PLAN
  2
AecDbDispRepWindowAssemblyPlan
  3
AecArchBase60
 90
      129
 91
        5
280
     0
281
     0
  0
CLASS
  1
AEC_DISP_REP_WINDOWASSEMBLY_SILL_PLAN
  2
AecDbDispRepWindowAssemblySillPlan
  3
AecArchBase60
 90
      129
 91
        3
280
     0
281
     0
  0
CLASS
  1
AEC_DISP_PROPS_WINDOW_ASSEMBLY_SILL_PLAN
  2
AecDbDispPropsWindowAssemblySillPlan
  3
AecArchBase60
 90
      129
 91
        3
280
     0
281
     0
  0
CLASS
  1
AEC_AECDBDISPREPWINDOWASSEMBLYPLAN100
  2
AecDbDispRepWindowAssemblyPlan100
  3
AecBase60
 90
      129
 91
        3
280
     0
281
     0
  0
CLASS
  1
AEC_AECDBDISPREPWINDOWASSEMBLYPLAN50
  2
AecDbDispRepWindowAssemblyPlan50
  3
AecBase60
 90
      129
 91
        3
280
     0
281
     0
  0
CLASS
  1
AEC_DB_DISP_REP_DIM_GROUP_PLAN
  2
AecDbDispRepDimGroupPlan
  3
AecArchDACHBase60
 90
      129
 91
        3
280
     0
281
     0
  0
CLASS
  1
AEC_DISP_PROPS_DIM
  2
AecDbDispPropsDimGroup
  3
AecArchDACHBase60
 90
      129
 91
        3
280
     0
281
     0
  0
CLASS
  1
AEC_DB_DISP_REP_DIM_GROUP_PLAN100
  2
AecDbDispRepDimGroupPlan100
  3
AecArchDACHBase60
 90
      129
 91
        3
280
     0
281
     0
  0
CLASS
  1
AEC_DB_DISP_REP_DIM_GROUP_PLAN50
  2
AecDbDispRepDimGroupPlan50
  3
AecArchDACHBase60
 90
      129
 91
        3
280
     0
281
     0
  0
CLASS
  1
AEC_DISP_REP_SCHEDULE_TABLE
  2
AecDbDispRepScheduleTable
  3
AecSchedule50
 90
      129
 91
        3
280
     0
281
     0
  0
CLASS
  1
AEC_DISP_PROPS_SCHEDULE_TABLE
  2
AecDbDispPropsScheduleTable
  3
AecSchedule50
 90
      129
 91
        3
280
     0
281
     0
  0
CLASS
  1
AEC_DISP_REP_ANCHOR_TAG_TO_ENT
  2
AecDbDispRepAnchorTagToEnt
  3
AecScheduleData60
 90
      129
 91
        4
280
     0
281
     0
  0
CLASS
  1
AEC_DISP_REP_ANCHOR_EXT_TAG_TO_ENT
  2
AecDbDispRepAnchorExtendedTagToEnt
  3
AecScheduleData60
 90
      129
 91
        3
280
     0
281
     0
  0
CLASS
  1
AEC_DISP_REP_ANCHOR_BUB_TO_GRID
  2
AecDbDispRepAnchorBubToGrid
  3
AecStructureBase60
 90
      129
 91
        5
280
     0
281
     0
  0
CLASS
  1
AEC_DISP_REP_ANCHOR_BUB_TO_GRID_MODEL
  2
AecDbDispRepAnchorBubToGridMdl
  3
AecStructureBase60
 90
      129
 91
        3
280
     0
281
     0
  0
CLASS
  1
AEC_DISP_REP_ANCHOR_BUB_TO_GRID_RCP
  2
AecDbDispRepAnchorBubToGridRcp
  3
AecStructureBase60
 90
      129
 91
        3
280
     0
281
     0
  0
CLASS
  1
AECS_DISP_REP_MEMBER_ELEVATION_DESIGN
  2
AecsDbDispRepMemberElevationDesign
  3
AecStructureBase60
 90
      129
 91
        3
280
     0
281
     0
  0
CLASS
  1
AECS_DISP_PROPS_MEMBER_PROJECTED
  2
AecsDbDispPropsMemberProjected
  3
AecStructureBase60
 90
      129
 91
        4
280
     0
281
     0
  0
CLASS
  1
AECS_DISP_REP_MEMBER_ELEVATION_DETAIL
  2
AecsDbDispRepMemberElevationDetail
  3
AecStructureBase60
 90
      129
 91
        3
280
     0
281
     0
  0
CLASS
  1
AECS_DISP_REP_MEMBER_LOGICAL
  2
AecsDbDispRepMemberLogical
  3
AecStructureBase60
 90
      129
 91
        3
280
     0
281
     0
  0
CLASS
  1
AECS_DISP_PROPS_MEMBER_LOGICAL
  2
AecsDbDispPropsMemberLogical
  3
AecStructureBase60
 90
      129
 91
        3
280
     0
281
     0
  0
CLASS
  1
AECS_DISP_REP_MEMBER_MODEL_DESIGN
  2
AecsDbDispRepMemberModelDesign
  3
AecStructureBase60
 90
      129
 91
        3
280
     0
281
     0
  0
CLASS
  1
AECS_DISP_PROPS_MEMBER
  2
AecsDbDispPropsMember
  3
AecStructureBase60
 90
      129
 91
        5
280
     0
281
     0
  0
CLASS
  1
AECS_DISP_REP_MEMBER_MODEL_DETAIL
  2
AecsDbDispRepMemberModelDetail
  3
AecStructureBase60
 90
      129
 91
        3
280
     0
281
     0
  0
CLASS
  1
AECS_DISP_REP_MEMBER_PLAN_DESIGN
  2
AecsDbDispRepMemberPlanDesign
  3
AecStructureBase60
 90
      129
 91
        3
280
     0
281
     0
  0
CLASS
  1
AECS_DISP_PROPS_MEMBER_PLAN
  2
AecsDbDispPropsMemberPlan
  3
AecStructureBase60
 90
      129
 91
        4
280
     0
281
     0
  0
CLASS
  1
AECS_DISP_REP_MEMBER_PLAN_DETAIL
  2
AecsDbDispRepMemberPlanDetail
  3
AecStructureBase60
 90
      129
 91
        3
280
     0
281
     0
  0
CLASS
  1
AECS_DISP_REP_MEMBER_PLAN_SKETCH
  2
AecsDbDispRepMemberPlanSketch
  3
AecStructureBase60
 90
      129
 91
        3
280
     0
281
     0
  0
CLASS
  1
AECS_DISP_PROPS_MEMBER_PLAN_SKETCH
  2
AecsDbDispPropsMemberPlanSketch
  3
AecStructureBase60
 90
      129
 91
        3
280
     0
281
     0
  0
CLASS
  1
AEC_DISP_REP_SET
  2
AecDbDispRepSet
  3
AecBase60
 90
      129
 91
        3
280
     0
281
     0
  0
CLASS
  1
AEC_DISP_REP_CONFIG
  2
AecDbDispRepConfig
  3
AecBase60
 90
      129
 91
        3
280
     0
281
     0
  0
CLASS
  1
AEC_LAYERKEY_STYLE
  2
AecDbLayerKeyStyle
  3
AecBase60
 90
      129
 91
        3
280
     0
281
     0
  0
CLASS
  1
AEC_DIM_STYLE
  2
AecDbDimensionStyle
  3
AecArchDACHBase60
 90
      129
 91
        3
280
     0
281
     0
  0
CLASS
  1
SORTENTSTABLE
  2
AcDbSortentsTable
  3
ObjectDBX Classes
 90
        0
 91
        3
280
     0
281
     0
  0
ENDSEC
  0
SECTION
  2
TABLES
  0
TABLE
  2
VPORT
  5
8
330
0
100
AcDbSymbolTable
 70
     1
  0
VPORT
  5
2D8
330
8
100
AcDbSymbolTableRecord
100
AcDbViewportTableRecord
  2
*Active
 70
     0
 10
0.0
 20
0.0
 11
1.0
 21
1.0
 12
225.1454694017989
 22
252.2524007510729
 13
0.0
 23
0.0
 14
10.0
 24
10.0
 15
10.0
 25
10.0
 16
0.0
 26
0.0
 36
1.0
 17
-134.1869158878504
 27
0.0
 37
0.0
 40
64.41068853943133
 41
2.506527415143603
 42
50.0
 43
0.0
 44
0.0
 50
0.0
 51
0.0
 71
    16
 72
  1000
 73
     1
 74
     3
 75
     0
 76
     0
 77
     0
 78
     0
281
     0
 65
     1
110
0.0
120
0.0
130
0.0
111
1.0
121
0.0
131
0.0
112
0.0
122
1.0
132
0.0
 79
     0
146
0.0
348
2F
 60
     3
 61
     5
292
     1
282
     1
141
0.0
142
0.0
 63
   250
421
  3355443
361
2D9
  0
ENDTAB
  0
TABLE
  2
LTYPE
  5
5
330
0
100
AcDbSymbolTable
 70
     1
  0
LTYPE
  5
14
330
5
100
AcDbSymbolTableRecord
100
AcDbLinetypeTableRecord
  2
ByBlock
 70
     0
  3

 72
    65
 73
     0
 40
0.0
  0
LTYPE
  5
15
330
5
100
AcDbSymbolTableRecord
100
AcDbLinetypeTableRecord
  2
ByLayer
 70
     0
  3

 72
    65
 73
     0
 40
0.0
  0
LTYPE
  5
16
330
5
100
AcDbSymbolTableRecord
100
AcDbLinetypeTableRecord
  2
Continuous
 70
     0
  3
Solid line
 72
    65
 73
     0
 40
0.0
  0
ENDTAB
  0
TABLE
  2
LAYER
  5
2
102
{ACAD_XDICTIONARY
360
288
102
}
330
0
100
AcDbSymbolTable
 70
     1
  0
LAYER
  5
10
330
2
100
AcDbSymbolTableRecord
100
AcDbLayerTableRecord
  2
0
 70
     0
 62
     7
  6
Continuous
370
    -3
390
F
347
78
348
0
  0
ENDTAB
  0
TABLE
  2
STYLE
  5
3
330
0
100
AcDbSymbolTable
 70
     3
  0
STYLE
  5
11
330
3
100
AcDbSymbolTableRecord
100
AcDbTextStyleTableRecord
  2
Standard
 70
     0
 40
0.0
 41
1.0
 50
0.0
 71
     0
 42
2.5
  3
arial.ttf
  4

1001
ACAD
1000
Arial
1071
        0
  0
STYLE
  5
100
330
3
100
AcDbSymbolTableRecord
100
AcDbTextStyleTableRecord
  2
Annotative
 70
     0
 40
0.0
 41
1.0
 50
0.0
 71
     0
 42
2.5
  3
arial.ttf
  4

1001
ACAD
1000
Arial
1071
        0
1001
AcadAnnotative
1000
AnnotativeData
1002
{
1070
     1
1070
     1
1002
}
  0
STYLE
  5
262
330
3
100
AcDbSymbolTableRecord
100
AcDbTextStyleTableRecord
  2
ISOCP
 70
     0
 40
0.0
 41
1.0
 50
0.0
 71
     0
 42
2.5
  3
isocp.shx
  4

  0
ENDTAB
  0
TABLE
  2
VIEW
  5
6
330
0
100
AcDbSymbolTable
 70
     0
  0
ENDTAB
  0
TABLE
  2
UCS
  5
7
330
0
100
AcDbSymbolTable
 70
     0
  0
ENDTAB
  0
TABLE
  2
APPID
  5
9
330
0
100
AcDbSymbolTable
 70
     7
  0
APPID
  5
12
330
9
100
AcDbSymbolTableRecord
100
AcDbRegAppTableRecord
  2
ACAD
 70
     0
  0
APPID
  5
101
330
9
100
AcDbSymbolTableRecord
100
AcDbRegAppTableRecord
  2
AcadAnnotative
 70
     0
  0
APPID
  5
10A
330
9
100
AcDbSymbolTableRecord
100
AcDbRegAppTableRecord
  2
AECBASE
 70
     0
  0
APPID
  5
10B
330
9
100
AcDbSymbolTableRecord
100
AcDbRegAppTableRecord
  2
AEC_2DSECTION_XDATA
 70
     0
  0
APPID
  5
10C
330
9
100
AcDbSymbolTableRecord
100
AcDbRegAppTableRecord
  2
AEC_MASSGROUP_XDADA
 70
     0
  0
APPID
  5
260
330
9
100
AcDbSymbolTableRecord
100
AcDbRegAppTableRecord
  2
ACAD_NAV_VCDISPLAY
 70
     0
  0
APPID
  5
261
330
9
100
AcDbSymbolTableRecord
100
AcDbRegAppTableRecord
  2
AcDbDynamicBlockGUID
 70
     0
  0
ENDTAB
  0
TABLE
  2
DIMSTYLE
  5
A
330
0
100
AcDbSymbolTable
 70
     3
100
AcDbDimStyleTable
  0
DIMSTYLE
105
27
330
A
100
AcDbSymbolTableRecord
100
AcDbDimStyleTableRecord
  2
ISO-25
 70
     0
 41
2.5
 42
0.625
 43
3.75
 44
1.25
 73
     0
 74
     0
 77
     1
 78
     8
140
2.5
141
2.5
143
0.03937007874016
147
0.625
171
     3
172
     1
178
     0
271
     2
272
     2
274
     3
278
    44
283
     0
284
     8
340
11
  0
DIMSTYLE
105
102
330
A
100
AcDbSymbolTableRecord
100
AcDbDimStyleTableRecord
  2
Annotative
 70
     0
 41
2.5
 42
0.625
 43
3.75
 44
1.25
 73
     0
 74
     0
 77
     1
 78
     8
140
2.5
141
2.5
143
0.03937007874016
147
0.625
171
     3
172
     1
178
     0
271
     2
272
     2
274
     3
278
    44
283
     0
284
     8
340
11
1001
AcadAnnotative
1000
AnnotativeData
1002
{
1070
     1
1070
     1
1002
}
  0
DIMSTYLE
105
108
330
A
100
AcDbSymbolTableRecord
100
AcDbDimStyleTableRecord
  2
Standard
 70
     0
178
     0
340
11
  0
ENDTAB
  0
TABLE
  2
BLOCK_RECORD
  5
1
330
0
100
AcDbSymbolTable
 70
     2
  0
BLOCK_RECORD
  5
1F
330
1
100
AcDbSymbolTableRecord
100
AcDbBlockTableRecord
  2
*Model_Space
340
22
 70
     0
280
     1
281
     0
  0
BLOCK_RECORD
  5
1B
330
1
100
AcDbSymbolTableRecord
100
AcDbBlockTableRecord
  2
*Paper_Space
340
1E
 70
     0
280
     1
281
     0
  0
BLOCK_RECORD
  5
23
330
1
100
AcDbSymbolTableRecord
100
AcDbBlockTableRecord
  2
*Paper_Space0
340
26
 70
     0
280
     1
281
     0
  0
BLOCK_RECORD
  5
272
102
{ACAD_XDICTIONARY
360
2C7
102
}
330
1
100
AcDbSymbolTableRecord
100
AcDbBlockTableRecord
  2
Back_Contact
340
0
102
{BLKREFS
331
28D
102
}
 70
     4
280
     1
281
     0
  0
ENDTAB
  0
ENDSEC
  0
SECTION
  2
BLOCKS
  0
BLOCK
  5
20
330
1F
100
AcDbEntity
  8
0
100
AcDbBlockBegin
  2
*Model_Space
 70
     0
 10
0.0
 20
0.0
 30
0.0
  3
*Model_Space
  1

  0
ENDBLK
  5
21
330
1F
100
AcDbEntity
  8
0
100
AcDbBlockEnd
  0
BLOCK
  5
1C
330
1B
100
AcDbEntity
 67
     1
  8
0
100
AcDbBlockBegin
  2
*Paper_Space
 70
     0
 10
0.0
 20
0.0
 30
0.0
  3
*Paper_Space
  1

  0
ENDBLK
  5
1D
330
1B
100
AcDbEntity
 67
     1
  8
0
100
AcDbBlockEnd
  0
BLOCK
  5
24
330
23
100
AcDbEntity
  8
0
100
AcDbBlockBegin
  2
*Paper_Space0
 70
     0
 10
0.0
 20
0.0
 30
0.0
  3
*Paper_Space0
  1

  0
ENDBLK
  5
25
330
23
100
AcDbEntity
  8
0
100
AcDbBlockEnd
  0
BLOCK
  5
2CA
330
272
100
AcDbEntity
  8
0
100
AcDbBlockBegin
  2
Back_Contact
 70
     2
 10
0.0
 20
0.0
 30
0.0
  3
Back_Contact
  1

  4
Back contact for positive supply
  0
LINE
  5
2CB
330
272
100
AcDbEntity
  8
0
 62
     0
100
AcDbLine
 10
8.750004609883732
 20
-1.499992178913061
 30
0.0
 11
8.000004609883732
 21
0.0000078210868821
 31
0.0
  0
LINE
  5
2CC
330
272
100
AcDbEntity
  8
0
 62
     0
100
AcDbLine
 10
8.000004609883732
 20
0.0000078210868821
 30
0.0
 11
7.250004609883831
 21
-1.499992178913061
 31
0.0
  0
LWPOLYLINE
  5
2CD
330
272
100
AcDbEntity
  8
0
 62
     0
100
AcDbPolyline
 90
        2
 70
     1
 43
0.7500000000000003
 10
-0.3749953901162826
 20
0.0000078210868821
 42
1.0
 10
0.3750046098837174
 20
0.0000078210868821
 42
1.0
  0
LWPOLYLINE
  5
2CE
330
272
100
AcDbEntity
  8
0
 62
     0
100
AcDbPolyline
 90
        2
 70
     0
 10
8.000004609883959
 20
-0.0000000000000284
 10
0.0000046098838311
 20
-0.0000000000000284
  0
ATTDEF
  5
2CF
330
272
100
AcDbEntity
  8
0
100
AcDbText
 10
-2.008735650481454
 20
4.950752625713708
 30
0.0
 40
2.311980220421041
  1
S_NAME
  7
ISOCP
 72
     1
 11
4.000004609883646
 21
6.106742735924229
 31
0.0
100
AcDbAttributeDefinition
  3
Signal Name
  2
S_NAME
 70
     0
 74
     2
280
     0
 71
     1
 72
     0
 11
4.000004609883646
 21
6.106742735924229
 31
0.0
  0
ATTDEF
  5
2D0
330
272
100
AcDbEntity
  8
0
100
AcDbText
 10
4.00000460988359
 20
1.889514875424655
 30
0.0
 40
2.311980220421041
  1

  7
ISOCP
 72
     1
 11
4.00000460988359
 21
3.045504985635176
 31
0.0
100
AcDbAttributeDefinition
  3
Relay Name
  2
R_NAME
 70
     0
 74
     2
280
     0
 71
     1
 72
     0
 11
4.00000460988359
 21
3.045504985635176
 31
0.0
  0
ATTDEF
  5
2D1
330
272
100
AcDbEntity
  8
0
 62
     0
100
AcDbText
 10
0.0000046098839448
 20
-4.068029883895881
 30
0.0
 40
2.311980220421041
  1

  7
ISOCP
 72
     1
 11
0.0000046098839448
 21
-1.75604966347484
 31
0.0
100
AcDbAttributeDefinition
  3
ARM
  2
A
 70
     0
 74
     3
280
     0
 71
     1
 72
     0
 11
0.0000046098839448
 21
-1.75604966347484
 31
0.0
  0
ATTDEF
  5
2D2
330
272
100
AcDbEntity
  8
0
 62
     0
100
AcDbText
 10
8.000004609883959
 20
-4.068029883895881
 30
0.0
 40
2.311980220421041
  1

  7
ISOCP
 72
     1
 11
8.000004609883959
 21
-1.75604966347484
 31
0.0
100
AcDbAttributeDefinition
  3
BACK
  2
B
 70
     0
 74
     3
280
     0
 71
     1
 72
     0
 11
8.000004609883959
 21
-1.75604966347484
 31
0.0
  0
ATTDEF
  5
2D3
330
272
100
AcDbEntity
  8
0
100
AcDbText
 10
3.113493534292883
 20
-3.893422972032536
 30
0.0
 40
2.311980220421041
  1
C
  7
ISOCP
 72
     1
 11
3.920278298710642
 21
-2.737432861822015
 31
0.0
100
AcDbAttributeDefinition
  3
C
  2
C
 70
     0
 74
     2
280
     0
 71
     1
 72
     0
 11
3.920278298710642
 21
-2.737432861822015
 31
0.0
  0
ATTDEF
  5
2D4
330
272
100
AcDbEntity
  8
0
100
AcDbText
 10
3.992258694013771
 20
7.82410665251118
 30
0.0
 40
2.311980220421041
  1

  7
ISOCP
 72
     1
 11
3.992258694013771
 21
8.9800967627217
 31
0.0
100
AcDbAttributeDefinition
  3
Relay position
  2
R(POS)
 70
     0
 74
     2
280
     0
 71
     1
 72
     0
 11
3.992258694013771
 21
8.9800967627217
 31
0.0
  0
ATTDEF
  5
2D5
330
272
100
AcDbEntity
  8
0
100
AcDbText
 10
3.942560550761677
 20
-6.931888563231099
 30
0.0
 40
2.0
  1

  7
ISOCP
 72
     1
 11
3.942560550761677
 21
-5.931888563231099
 31
0.0
100
AcDbAttributeDefinition
  3
WIRING_CNT
  2
WIRING
 70
     5
 74
     2
280
     1
 71
     1
 72
     0
 11
3.942560550761677
 21
-5.931888563231099
 31
0.0
  0
ATTDEF
  5
2D6
330
272
100
AcDbEntity
  8
0
100
AcDbText
 10
4.245460550761676
 20
-10.6647885632311
 30
0.0
 40
2.0
  1

  7
ISOCP
 72
     1
 11
4.245460550761676
 21
-9.664788563231095
 31
0.0
100
AcDbAttributeDefinition
  3
DIRECTION OF CONTACT
  2
DOC
 70
     5
 74
     2
280
     1
 71
     1
 72
     0
 11
4.245460550761676
 21
-9.664788563231095
 31
0.0
  0
ENDBLK
  5
2D7
330
272
100
AcDbEntity
  8
0
100
AcDbBlockEnd
  0
ENDSEC
  0
SECTION
  2
ENTITIES
  0
INSERT
  5
28D
330
1F
100
AcDbEntity
  8
0
100
AcDbBlockReference
 66
     1
  2
Back_Contact
 10
64.20044989638558
 20
269.459978197759
 30
0.0
 41
1.024762559949282
 42
1.024762559949282
 43
1.024762559949282
  0
ATTRIB
  5
28E
330
28D
100
AcDbEntity
  8
0
100
AcDbText
 10
64.03982537303938
 20
274.5333241321611
 30
0.0
 40
2.369230769230771
  1
XXXX
  7
ISOCP
 72
     1
 11
68.29950486021887
 21
275.7179395167764
 31
0.0
100
AcDbAttribute
  2
S_NAME
 70
     0
 74
     2
280
     0
 71
     1
 72
     0
 11
68.29950486021887
 21
275.7179395167764
 31
0.0
  0
ATTRIB
  5
28F
330
28D
100
AcDbEntity
  8
0
100
AcDbText
 10
61.90751768073163
 20
271.3962822985614
 30
0.0
 40
2.369230769230771
  1
XXXXXX
  7
ISOCP
 72
     1
 11
68.29950486021882
 21
272.5808976831768
 31
0.0
100
AcDbAttribute
  2
R_NAME
 70
     0
 74
     2
280
     0
 71
     1
 72
     0
 11
68.29950486021882
 21
272.5808976831768
 31
0.0
  0
ATTRIB
  5
290
330
28D
100
AcDbEntity
  8
0
 62
     0
100
AcDbText
 10
63.1392366717041
 20
265.2912134799877
 30
0.0
 40
2.369230769230771
  1
X
  7
ISOCP
 72
     1
 11
64.20045462042205
 21
267.6604442492185
 31
0.0
100
AcDbAttribute
  2
A
 70
     0
 74
     3
280
     0
 71
     1
 72
     0
 11
64.20045462042205
 21
267.6604442492185
 31
0.0
  0
ATTRIB
  5
291
330
28D
100
AcDbEntity
  8
0
 62
     0
100
AcDbText
 10
71.33733715129837
 20
265.2912134799877
 30
0.0
 40
2.369230769230771
  1
X
  7
ISOCP
 72
     1
 11
72.39855510001632
 21
267.6604442492185
 31
0.0
100
AcDbAttribute
  2
B
 70
     0
 74
     3
280
     0
 71
     1
 72
     0
 11
72.39855510001632
 21
267.6604442492185
 31
0.0
  0
ATTRIB
  5
292
330
28D
100
AcDbEntity
  8
0
100
AcDbText
 10
67.15658637276796
 20
265.4701441059736
 30
0.0
 40
2.369230769230771
  1
X
  7
ISOCP
 72
     1
 11
68.21780432148591
 21
266.654759490589
 31
0.0
100
AcDbAttribute
  2
C
 70
     0
 74
     2
280
     0
 71
     1
 72
     0
 11
68.21780432148591
 21
266.654759490589
 31
0.0
  0
ATTRIB
  5
293
330
28D
100
AcDbEntity
  8
0
100
AcDbText
 10
62.96573380230957
 20
277.4778297603027
 30
0.0
 40
2.369230769230771
  1
XXXXX
  7
ISOCP
 72
     1
 11
68.29156713564291
 21
278.662445144918
 31
0.0
100
AcDbAttribute
  2
R(POS)
 70
     0
 74
     2
280
     0
 71
     1
 72
     0
 11
68.29156713564291
 21
278.662445144918
 31
0.0
  0
ATTRIB
  5
2DA
330
28D
100
AcDbEntity
  8
0
100
AcDbText
 10
66.91995851062853
 20
258.5311021683845
 30
0.0
 40
2.049525119898564
  1
RB
  7
ISOCP
 72
     1
 11
68.5510389185478
 21
259.5558647283338
 31
0.0
100
AcDbAttribute
  2
DOC
 70
     5
 74
     2
280
     1
 71
     1
 72
     0
 11
68.5510389185478
 21
259.5558647283338
 31
0.0
  0
ATTRIB
  5
2DB
330
28D
100
AcDbEntity
  8
0
100
AcDbText
 10
67.0215978771995
 20
262.3564383284192
 30
0.0
 40
2.049525119898564
  1
21
  7
ISOCP
 72
     1
 11
68.24063833913917
 21
263.3812008883685
 31
0.0
100
AcDbAttribute
  2
WIRING
 70
     5
 74
     2
280
     1
 71
     1
 72
     0
 11
68.24063833913917
 21
263.3812008883685
 31
0.0
  0
SEQEND
  5
294
330
28D
100
AcDbEntity
  8
0
  0
ENDSEC
  0
SECTION
  2
OBJECTS
  0
DICTIONARY
  5
C
330
0
100
AcDbDictionary
281
     1
  3
ACAD_COLOR
350
264
  3
ACAD_DATALINK
350
25B
  3
ACAD_DETAILVIEWSTYLE
350
105
  3
ACAD_GROUP
350
D
  3
ACAD_IMAGE_VARS
350
6A
  3
ACAD_LAYOUT
350
1A
  3
ACAD_MATERIAL
350
72
  3
ACAD_MLEADERSTYLE
350
3F
  3
ACAD_MLINESTYLE
350
17
  3
ACAD_PLOTSETTINGS
350
19
  3
ACAD_PLOTSTYLENAME
350
E
  3
ACAD_SCALELIST
350
40
  3
ACAD_SECTIONVIEWSTYLE
350
106
  3
ACAD_TABLESTYLE
350
3B
  3
ACAD_VISUALSTYLE
350
2A
  3
ACDB_RECOMPOSE_DATA
350
2E1
  3
AcDbVariableDictionary
350
3D
  3
AEC_DIM_STYLES
350
22A
  3
AEC_DISP_REP_CONFIGURATIONS
350
226
  3
AEC_DISP_REP_SETS
350
223
  3
AEC_DISP_REPS
350
10F
  3
AEC_DISPLAY_PROPS_DEFAULTS
350
111
  3
AEC_LAYERKEY_STYLES
350
228
  3
AEC_VARS
350
10D
  3
APPDATA
350
73
  3
FX_BIM
350
24C
  0
SUN
  5
2D9
330
2D8
100
AcDbSun
 90
        1
290
     0
 63
     7
421
 16777215
 40
1.0
291
     1
 91
  2455826
 92
 54000000
292
     0
 70
     2
 71
   256
280
     1
  0
DICTIONARY
  5
288
330
2
100
AcDbDictionary
280
     1
281
     1
  3
ACAD_LAYERSTATES
360
289
  0
DICTIONARY
  5
2C7
330
272
100
AcDbDictionary
280
     1
281
     1
  3
ACAD_SORTENTS
360
2C8
  0
DICTIONARY
  5
264
102
{ACAD_REACTORS
330
C
102
}
330
C
100
AcDbDictionary
281
     1
  0
DICTIONARY
  5
25B
102
{ACAD_REACTORS
330
C
102
}
330
C
100
AcDbDictionary
280
     1
281
     1
  0
DICTIONARY
  5
105
102
{ACAD_REACTORS
330
C
102
}
330
C
100
AcDbDictionary
281
     1
  0
DICTIONARY
  5
D
102
{ACAD_REACTORS
330
C
102
}
330
C
100
AcDbDictionary
281
     1
  0
RASTERVARIABLES
  5
6A
102
{ACAD_REACTORS
330
C
102
}
330
C
100
AcDbRasterVariables
 90
        0
 70
     1
 71
     1
 72
     1
  0
DICTIONARY
  5
1A
102
{ACAD_REACTORS
330
C
102
}
330
C
100
AcDbDictionary
281
     1
  3
Model
350
22
  3
Sheet1
350
1E
  3
Sheet2
350
26
  0
DICTIONARY
  5
72
102
{ACAD_REACTORS
330
C
102
}
330
C
100
AcDbDictionary
281
     1
  3
ByBlock
350
77
  3
ByLayer
350
76
  3
Global
350
78
  0
DICTIONARY
  5
3F
102
{ACAD_REACTORS
330
C
102
}
330
C
100
AcDbDictionary
281
     1
  3
Annotative
350
107
  3
Standard
350
FF
  0
DICTIONARY
  5
17
102
{ACAD_REACTORS
330
C
102
}
330
C
100
AcDbDictionary
281
     1
  3
Standard
350
18
  0
DICTIONARY
  5
19
102
{ACAD_REACTORS
330
C
102
}
330
C
100
AcDbDictionary
281
     1
  0
ACDBDICTIONARYWDFLT
  5
E
102
{ACAD_REACTORS
330
C
102
}
330
C
100
AcDbDictionary
281
     1
  3
Normal
350
F
100
AcDbDictionaryWithDefault
340
F
  0
DICTIONARY
  5
40
102
{ACAD_REACTORS
330
C
102
}
330
C
100
AcDbDictionary
281
     1
  3
A0
350
41
  3
A1
350
42
  3
A2
350
43
  3
A3
350
44
  3
A4
350
45
  3
A5
350
46
  3
A6
350
47
  3
A7
350
48
  3
A8
350
49
  3
A9
350
4A
  3
B0
350
4B
  3
B1
350
4C
  3
B2
350
4D
  3
B3
350
4E
  3
B4
350
4F
  3
B5
350
50
  3
B6
350
51
  3
B7
350
52
  3
B8
350
53
  3
B9
350
54
  3
C0
350
55
  3
C1
350
56
  3
C2
350
57
  3
C3
350
58
  3
C4
350
59
  3
C5
350
5A
  3
C6
350
5B
  3
C7
350
5C
  3
C8
350
5D
  3
C9
350
5E
  3
D0
350
5F
  3
D1
350
60
  3
D2
350
61
  0
DICTIONARY
  5
106
102
{ACAD_REACTORS
330
C
102
}
330
C
100
AcDbDictionary
281
     1
  0
DICTIONARY
  5
3B
102
{ACAD_REACTORS
330
C
102
}
330
C
100
AcDbDictionary
281
     1
  3
Standard
350
3C
  0
DICTIONARY
  5
2A
102
{ACAD_REACTORS
330
C
102
}
330
C
100
AcDbDictionary
281
     1
  3
2dWireframe
350
2F
  3
Basic
350
32
  3
Brighten
350
36
  3
ColorChange
350
3A
  3
Conceptual
350
34
  3
Dim
350
35
  3
EdgeColorOff
350
AF
  3
Facepattern
350
39
  3
Flat
350
2B
  3
FlatWithEdges
350
2C
  3
Gouraud
350
2D
  3
GouraudWithEdges
350
2E
  3
Hidden
350
AC
  3
JitterOff
350
AD
  3
Linepattern
350
38
  3
OverhangOff
350
AE
  3
Realistic
350
33
  3
Shaded
350
B4
  3
Shaded with edges
350
B3
  3
Shades of Gray
350
B0
  3
Sketchy
350
B1
  3
Thicken
350
37
  3
Wireframe
350
AB
  3
X-Ray
350
B2
  0
XRECORD
  5
2E1
102
{ACAD_REACTORS
330
C
102
}
330
C
100
AcDbXrecord
280
     1
 90
        1
330
3C
  0
DICTIONARY
  5
3D
102
{ACAD_REACTORS
330
C
102
}
330
C
100
AcDbDictionary
281
     1
  3
CANNOSCALE
350
103
  3
CMLEADERSTYLE
350
104
  3
CTABLESTYLE
350
3E
  3
DIMASSOC
350
7C
  3
HIDETEXT
350
7D
  3
LIGHTSINBLOCKS
350
6F
  3
MSLTSCALE
350
B6
  3
XCLIPFRAME
350
70
  0
DICTIONARY
  5
22A
102
{ACAD_REACTORS
330
C
102
}
330
C
100
AcDbDictionary
281
     1
  0
DICTIONARY
  5
226
102
{ACAD_REACTORS
330
C
102
}
330
C
100
AcDbDictionary
281
     1
1001
AECBASE
1070
 10000
1005
227
  0
DICTIONARY
  5
223
102
{ACAD_REACTORS
330
C
102
}
330
C
100
AcDbDictionary
281
     1
  0
DICTIONARY
  5
10F
102
{ACAD_REACTORS
330
C
102
}
330
C
100
AcDbDictionary
281
     1
  0
DICTIONARY
  5
111
102
{ACAD_REACTORS
330
C
102
}
330
C
100
AcDbDictionary
281
     1
  0
DICTIONARY
  5
228
102
{ACAD_REACTORS
330
C
102
}
330
C
100
AcDbDictionary
281
     1
  0
DICTIONARY
  5
10D
102
{ACAD_REACTORS
330
C
102
}
330
C
100
AcDbDictionary
281
     1
  0
DICTIONARY
  5
73
102
{ACAD_REACTORS
330
C
102
}
330
C
100
AcDbDictionary
281
     1
  0
DICTIONARY
  5
24C
102
{ACAD_REACTORS
330
C
102
}
330
C
100
AcDbDictionary
281
     1
  3
FX_BIM_VARIABLES
350
24D
  0
DICTIONARY
  5
289
102
{ACAD_REACTORS
330
288
102
}
330
288
100
AcDbDictionary
281
     1
  0
SORTENTSTABLE
  5
2C8
102
{ACAD_REACTORS
330
2C7
102
}
330
2C7
100
AcDbSortentsTable
330
272
  0
LAYOUT
  5
22
102
{ACAD_REACTORS
330
1A
102
}
330
1A
100
AcDbPlotSettings
  1

  2
none_device
  4
ISO_A3_(420.00_x_297.00_MM)
  6

 40
7.5
 41
20.0
 42
7.5
 43
20.0
 44
420.0
 45
297.0
 46
0.0
 47
0.0
 48
0.0
 49
0.0
140
0.0
141
0.0
142
1.0
143
1.498832684824903
 70
  1712
 72
     1
 73
     0
 74
     0
  7

 75
     0
 76
     0
 77
     2
 78
   300
147
0.6671858774662512
148
0.0
149
0.0
100
AcDbLayout
  1
Model
 70
     1
 71
     0
 10
0.0
 20
0.0
 11
420.0
 21
297.0
 12
0.0
 22
0.0
 32
0.0
 14
62.25303050124444
 24
265.4146109158851
 34
0.0
 15
74.34597921919318
 25
279.7236630936359
 35
0.0
146
0.0
 13
0.0
 23
0.0
 33
0.0
 16
1.0
 26
0.0
 36
0.0
 17
0.0
 27
1.0
 37
0.0
 76
     0
330
1F
331
2D8
  0
LAYOUT
  5
1E
102
{ACAD_REACTORS
330
1A
102
}
330
1A
100
AcDbPlotSettings
  1

  2
none_device
  4

  6

 40
0.0
 41
0.0
 42
0.0
 43
0.0
 44
0.0
 45
0.0
 46
0.0
 47
0.0
 48
0.0
 49
0.0
140
0.0
141
0.0
142
1.0
143
1.0
 70
   688
 72
     0
 73
     0
 74
     5
  7

 75
    16
 76
     0
 77
     2
 78
   300
147
1.0
148
0.0
149
0.0
100
AcDbLayout
  1
Sheet1
 70
     1
 71
     1
 10
0.0
 20
0.0
 11
420.0
 21
297.0
 12
0.0
 22
0.0
 32
0.0
 14
1.000000000000000E+20
 24
1.000000000000000E+20
 34
1.000000000000000E+20
 15
-1.000000000000000E+20
 25
-1.000000000000000E+20
 35
-1.000000000000000E+20
146
0.0
 13
0.0
 23
0.0
 33
0.0
 16
1.0
 26
0.0
 36
0.0
 17
0.0
 27
1.0
 37
0.0
 76
     0
330
1B
  0
LAYOUT
  5
26
102
{ACAD_REACTORS
330
1A
102
}
330
1A
100
AcDbPlotSettings
  1

  2
none_device
  4

  6

 40
0.0
 41
0.0
 42
0.0
 43
0.0
 44
0.0
 45
0.0
 46
0.0
 47
0.0
 48
0.0
 49
0.0
140
0.0
141
0.0
142
1.0
143
1.0
 70
   688
 72
     0
 73
     0
 74
     5
  7

 75
    16
 76
     0
 77
     2
 78
   300
147
1.0
148
0.0
149
0.0
100
AcDbLayout
  1
Sheet2
 70
     1
 71
     2
 10
0.0
 20
0.0
 11
0.0
 21
0.0
 12
0.0
 22
0.0
 32
0.0
 14
0.0
 24
0.0
 34
0.0
 15
0.0
 25
0.0
 35
0.0
146
0.0
 13
0.0
 23
0.0
 33
0.0
 16
1.0
 26
0.0
 36
0.0
 17
0.0
 27
1.0
 37
0.0
 76
     0
330
23
  0
MATERIAL
  5
77
102
{ACAD_REACTORS
330
72
102
}
330
72
100
AcDbMaterial
  1
ByBlock
 72
     1
 94
      127
  0
MATERIAL
  5
76
102
{ACAD_REACTORS
330
72
102
}
330
72
100
AcDbMaterial
  1
ByLayer
 72
     1
 94
      127
  0
MATERIAL
  5
78
102
{ACAD_REACTORS
330
72
102
}
330
72
100
AcDbMaterial
  1
Global
 72
     1
 94
      127
  0
MLEADERSTYLE
  5
107
102
{ACAD_REACTORS
330
3F
102
}
330
3F
100
AcDbMLeaderStyle
179
     2
170
     2
171
     1
172
     0
 90
        2
 40
0.0
 41
0.0
173
     1
 91
-1056964608
340
14
 92
       -2
290
     1
 42
2.0
291
     1
 43
8.0
  3
Annotative
341
0
 44
4.0
300

342
11
174
     1
178
     1
175
     1
176
     0
 93
-1056964608
 45
4.0
292
     0
297
     0
 46
4.0
343
0
 94
-1056964608
 47
1.0
 49
1.0
140
1.0
293
     1
141
0.0
294
     1
177
     0
142
1.0
295
     0
296
     1
143
3.75
271
     0
272
     9
273
     9
298
     0
  0
MLEADERSTYLE
  5
FF
102
{ACAD_REACTORS
330
3F
102
}
330
3F
100
AcDbMLeaderStyle
179
     2
170
     2
171
     1
172
     0
 90
        2
 40
0.0
 41
0.0
173
     1
 91
-1056964608
340
14
 92
       -2
290
     1
 42
2.0
291
     1
 43
8.0
  3
Standard
341
0
 44
4.0
300

342
11
174
     1
178
     1
175
     1
176
     0
 93
-1056964608
 45
4.0
292
     0
297
     0
 46
4.0
343
0
 94
-1056964608
 47
1.0
 49
1.0
140
1.0
293
     1
141
0.0
294
     1
177
     0
142
1.0
295
     0
296
     0
143
3.75
271
     0
272
     9
273
     9
298
     0
  0
MLINESTYLE
  5
18
102
{ACAD_REACTORS
330
17
102
}
330
17
100
AcDbMlineStyle
  2
Standard
 70
     0
  3

 62
   256
 51
90.0
 52
90.0
 71
     2
 49
0.5
 62
   256
  6
BYLAYER
 49
-0.5
 62
   256
  6
BYLAYER
  0
ACDBPLACEHOLDER
  5
F
102
{ACAD_REACTORS
330
E
102
}
330
E
  0
SCALE
  5
41
102
{ACAD_REACTORS
330
40
102
}
330
40
100
AcDbScale
 70
     0
300
1:1
140
1.0
141
1.0
290
     1
  0
SCALE
  5
42
102
{ACAD_REACTORS
330
40
102
}
330
40
100
AcDbScale
 70
     0
300
1:2
140
1.0
141
2.0
290
     0
  0
SCALE
  5
43
102
{ACAD_REACTORS
330
40
102
}
330
40
100
AcDbScale
 70
     0
300
1:4
140
1.0
141
4.0
290
     0
  0
SCALE
  5
44
102
{ACAD_REACTORS
330
40
102
}
330
40
100
AcDbScale
 70
     0
300
1:5
140
1.0
141
5.0
290
     0
  0
SCALE
  5
45
102
{ACAD_REACTORS
330
40
102
}
330
40
100
AcDbScale
 70
     0
300
1:8
140
1.0
141
8.0
290
     0
  0
SCALE
  5
46
102
{ACAD_REACTORS
330
40
102
}
330
40
100
AcDbScale
 70
     0
300
1:10
140
1.0
141
10.0
290
     0
  0
SCALE
  5
47
102
{ACAD_REACTORS
330
40
102
}
330
40
100
AcDbScale
 70
     0
300
1:16
140
1.0
141
16.0
290
     0
  0
SCALE
  5
48
102
{ACAD_REACTORS
330
40
102
}
330
40
100
AcDbScale
 70
     0
300
1:20
140
1.0
141
20.0
290
     0
  0
SCALE
  5
49
102
{ACAD_REACTORS
330
40
102
}
330
40
100
AcDbScale
 70
     0
300
1:30
140
1.0
141
30.0
290
     0
  0
SCALE
  5
4A
102
{ACAD_REACTORS
330
40
102
}
330
40
100
AcDbScale
 70
     0
300
1:40
140
1.0
141
40.0
290
     0
  0
SCALE
  5
4B
102
{ACAD_REACTORS
330
40
102
}
330
40
100
AcDbScale
 70
     0
300
1:50
140
1.0
141
50.0
290
     0
  0
SCALE
  5
4C
102
{ACAD_REACTORS
330
40
102
}
330
40
100
AcDbScale
 70
     0
300
1:100
140
1.0
141
100.0
290
     0
  0
SCALE
  5
4D
102
{ACAD_REACTORS
330
40
102
}
330
40
100
AcDbScale
 70
     0
300
2:1
140
2.0
141
1.0
290
     0
  0
SCALE
  5
4E
102
{ACAD_REACTORS
330
40
102
}
330
40
100
AcDbScale
 70
     0
300
4:1
140
4.0
141
1.0
290
     0
  0
SCALE
  5
4F
102
{ACAD_REACTORS
330
40
102
}
330
40
100
AcDbScale
 70
     0
300
8:1
140
8.0
141
1.0
290
     0
  0
SCALE
  5
50
102
{ACAD_REACTORS
330
40
102
}
330
40
100
AcDbScale
 70
     0
300
10:1
140
10.0
141
1.0
290
     0
  0
SCALE
  5
51
102
{ACAD_REACTORS
330
40
102
}
330
40
100
AcDbScale
 70
     0
300
100:1
140
100.0
141
1.0
290
     0
  0
SCALE
  5
52
102
{ACAD_REACTORS
330
40
102
}
330
40
100
AcDbScale
 70
     0
300
1/128" = 1'-0"
140
0.0078125
141
12.0
290
     0
  0
SCALE
  5
53
102
{ACAD_REACTORS
330
40
102
}
330
40
100
AcDbScale
 70
     0
300
1/64" = 1'-0"
140
0.015625
141
12.0
290
     0
  0
SCALE
  5
54
102
{ACAD_REACTORS
330
40
102
}
330
40
100
AcDbScale
 70
     0
300
1/32" = 1'-0"
140
0.03125
141
12.0
290
     0
  0
SCALE
  5
55
102
{ACAD_REACTORS
330
40
102
}
330
40
100
AcDbScale
 70
     0
300
1/16" = 1'-0"
140
0.0625
141
12.0
290
     0
  0
SCALE
  5
56
102
{ACAD_REACTORS
330
40
102
}
330
40
100
AcDbScale
 70
     0
300
3/32" = 1'-0"
140
0.09375
141
12.0
290
     0
  0
SCALE
  5
57
102
{ACAD_REACTORS
330
40
102
}
330
40
100
AcDbScale
 70
     0
300
1/8" = 1'-0"
140
0.125
141
12.0
290
     0
  0
SCALE
  5
58
102
{ACAD_REACTORS
330
40
102
}
330
40
100
AcDbScale
 70
     0
300
3/16" = 1'-0"
140
0.1875
141
12.0
290
     0
  0
SCALE
  5
59
102
{ACAD_REACTORS
330
40
102
}
330
40
100
AcDbScale
 70
     0
300
1/4" = 1'-0"
140
0.25
141
12.0
290
     0
  0
SCALE
  5
5A
102
{ACAD_REACTORS
330
40
102
}
330
40
100
AcDbScale
 70
     0
300
3/8" = 1'-0"
140
0.375
141
12.0
290
     0
  0
SCALE
  5
5B
102
{ACAD_REACTORS
330
40
102
}
330
40
100
AcDbScale
 70
     0
300
1/2" = 1'-0"
140
0.5
141
12.0
290
     0
  0
SCALE
  5
5C
102
{ACAD_REACTORS
330
40
102
}
330
40
100
AcDbScale
 70
     0
300
3/4" = 1'-0"
140
0.75
141
12.0
290
     0
  0
SCALE
  5
5D
102
{ACAD_REACTORS
330
40
102
}
330
40
100
AcDbScale
 70
     0
300
1" = 1'-0"
140
1.0
141
12.0
290
     0
  0
SCALE
  5
5E
102
{ACAD_REACTORS
330
40
102
}
330
40
100
AcDbScale
 70
     0
300
1-1/2" = 1'-0"
140
1.5
141
12.0
290
     0
  0
SCALE
  5
5F
102
{ACAD_REACTORS
330
40
102
}
330
40
100
AcDbScale
 70
     0
300
3" = 1'-0"
140
3.0
141
12.0
290
     0
  0
SCALE
  5
60
102
{ACAD_REACTORS
330
40
102
}
330
40
100
AcDbScale
 70
     0
300
6" = 1'-0"
140
6.0
141
12.0
290
     0
  0
SCALE
  5
61
102
{ACAD_REACTORS
330
40
102
}
330
40
100
AcDbScale
 70
     0
300
1'-0" = 1'-0"
140
12.0
141
12.0
290
     0
  0
TABLESTYLE
  5
3C
102
{ACAD_REACTORS
330
3B
102
}
102
{ACAD_XDICTIONARY
360
2DF
102
}
330
3B
100
AcDbTableStyle
  3
Standard
 70
     0
 71
     0
 40
1.5
 41
1.5
280
     0
281
     0
  7
Standard
140
4.5
170
     2
 62
     0
 63
   257
283
     0
 90
      512
 91
        0
  1

274
    -2
284
     1
 64
     0
275
    -2
285
     1
 65
     0
276
    -2
286
     1
 66
     0
277
    -2
287
     1
 67
     0
278
    -2
288
     1
 68
     0
279
    -2
289
     1
 69
     0
  7
Standard
140
6.0
170
     5
 62
     0
 63
   257
283
     0
 90
      512
 91
        0
  1

274
    -2
284
     1
 64
     0
275
    -2
285
     1
 65
     0
276
    -2
286
     1
 66
     0
277
    -2
287
     1
 67
     0
278
    -2
288
     1
 68
     0
279
    -2
289
     1
 69
     0
  7
Standard
140
4.5
170
     5
 62
     0
 63
   257
283
     0
 90
      512
 91
        0
  1

274
    -2
284
     1
 64
     0
275
    -2
285
     1
 65
     0
276
    -2
286
     1
 66
     0
277
    -2
287
     1
 67
     0
278
    -2
288
     1
 68
     0
279
    -2
289
     1
 69
     0
  0
VISUALSTYLE
  5
2F
102
{ACAD_REACTORS
330
2A
102
}
330
2A
100
AcDbVisualStyle
  2
2dWireframe
 70
     4
177
     3
291
     0
 70
    58
 90
        0
176
     1
 90
        2
176
     1
 90
        1
176
     1
 90
        0
176
     1
 40
0.6
176
     1
 40
30.0
176
     1
 62
     7
420
 16777215
176
     1
 90
        1
176
     1
 90
        4
176
     1
 62
     7
176
     1
 62
   257
176
     1
 90
        1
176
     1
 90
        1
176
     1
 40
1.0
176
     1
 90
        0
176
     1
 62
   257
176
     1
 40
1.0
176
     1
 90
        1
176
     1
 90
        6
176
     1
 90
        2
176
     1
 62
     7
176
     1
 90
        5
176
     1
 90
        0
176
     1
 90
        0
176
     1
290
     0
176
     1
 90
        1
176
     1
 40
0.0
176
     1
 90
        0
176
     1
290
     1
176
     1
290
     1
176
     1
290
     0
176
     1
290
     0
176
     1
290
     0
176
     1
290
     0
176
     1
290
     0
176
     1
290
     0
176
     1
290
     0
176
     1
 90
       50
176
     1
 40
0.0
176
     1
 40
1.0
176
     1
 90
        0
176
     1
 62
    18
420
        0
176
     1
 90
       50
176
     1
 90
        3
176
     1
 62
     5
420
      255
176
     1
290
     0
176
     1
 90
       50
176
     1
 90
       50
176
     1
 90
       50
176
     1
290
     0
176
     1
 90
       50
176
     1
 62
   256
176
     0
 40
1.0
176
     0
 90
        2
176
     1
  1
strokes_ogs.tif
176
     1
290
     0
176
     1
 40
1.0
176
     1
 40
1.0
176
     1
  0
VISUALSTYLE
  5
32
102
{ACAD_REACTORS
330
2A
102
}
330
2A
100
AcDbVisualStyle
  2
Basic
 70
     7
177
     3
291
     1
 70
    58
 90
        1
176
     1
 90
        0
176
     1
 90
        1
176
     1
 90
        0
176
     1
 40
0.6
176
     1
 40
30.0
176
     1
 62
     7
420
 16777215
176
     1
 90
        0
176
     1
 90
        4
176
     1
 62
     7
176
     1
 62
   257
176
     1
 90
        1
176
     1
 90
        1
176
     1
 40
1.0
176
     1
 90
        8
176
     1
 62
     7
176
     1
 40
1.0
176
     1
 90
        1
176
     1
 90
        6
176
     1
 90
        2
176
     1
 62
     7
176
     1
 90
        5
176
     1
 90
        0
176
     1
 90
        0
176
     1
290
     0
176
     1
 90
        1
176
     1
 40
0.0
176
     1
 90
        0
176
     1
290
     0
176
     1
290
     1
176
     1
290
     1
176
     1
290
     0
176
     1
290
     0
176
     1
290
     0
176
     1
290
     0
176
     1
290
     0
176
     1
290
     0
176
     1
 90
       50
176
     1
 40
0.0
176
     1
 40
1.0
176
     1
 90
        0
176
     1
 62
    18
420
        0
176
     1
 90
       50
176
     1
 90
        3
176
     1
 62
     5
420
      255
176
     1
290
     0
176
     1
 90
       50
176
     1
 90
       50
176
     1
 90
       50
176
     1
290
     0
176
     1
 90
       50
176
     1
 62
   256
176
     0
 40
1.0
176
     0
 90
        2
176
     1
  1
strokes_ogs.tif
176
     1
290
     0
176
     1
 40
1.0
176
     1
 40
1.0
176
     1
  0
VISUALSTYLE
  5
36
102
{ACAD_REACTORS
330
2A
102
}
330
2A
100
AcDbVisualStyle
  2
Brighten
 70
    12
177
     3
291
     1
 70
    58
 90
        2
176
     1
 90
        2
176
     1
 90
        1
176
     1
 90
        0
176
     1
 40
0.6
176
     1
 40
30.0
176
     1
 62
     7
420
 16777215
176
     1
 90
        1
176
     1
 90
        4
176
     1
 62
     7
176
     1
 62
   257
176
     1
 90
        1
176
     1
 90
        1
176
     1
 40
1.0
176
     1
 90
        8
176
     1
 62
     7
176
     1
 40
1.0
176
     1
 90
        1
176
     1
 90
        6
176
     1
 90
        2
176
     1
 62
     7
176
     1
 90
        5
176
     1
 90
        0
176
     1
 90
        0
176
     1
290
     0
176
     1
 90
        1
176
     1
 40
50.0
176
     1
 90
        0
176
     1
290
     0
176
     1
290
     1
176
     1
290
     1
176
     1
290
     0
176
     1
290
     0
176
     1
290
     0
176
     1
290
     0
176
     1
290
     0
176
     1
290
     0
176
     1
 90
       50
176
     1
 40
0.0
176
     1
 40
1.0
176
     1
 90
        0
176
     1
 62
    18
420
        0
176
     1
 90
       50
176
     1
 90
        3
176
     1
 62
     5
420
      255
176
     1
290
     0
176
     1
 90
       50
176
     1
 90
       50
176
     1
 90
       50
176
     1
290
     0
176
     1
 90
       50
176
     1
 62
   256
176
     0
 40
1.0
176
     0
 90
        2
176
     1
  1
strokes_ogs.tif
176
     1
290
     0
176
     1
 40
1.0
176
     1
 40
1.0
176
     1
  0
VISUALSTYLE
  5
3A
102
{ACAD_REACTORS
330
2A
102
}
330
2A
100
AcDbVisualStyle
  2
ColorChange
 70
    16
177
     3
291
     1
 70
    58
 90
        2
176
     1
 90
        2
176
     1
 90
        3
176
     1
 90
        0
176
     1
 40
0.6
176
     1
 40
30.0
176
     1
 62
     8
420
  8421504
176
     1
 90
        1
176
     1
 90
        4
176
     1
 62
     7
176
     1
 62
   257
176
     1
 90
        1
176
     1
 90
        1
176
     1
 40
1.0
176
     1
 90
        8
176
     1
 62
     8
420
  8421504
176
     1
 40
1.0
176
     1
 90
        1
176
     1
 90
        6
176
     1
 90
        2
176
     1
 62
     7
176
     1
 90
        5
176
     1
 90
        0
176
     1
 90
        0
176
     1
290
     0
176
     1
 90
        1
176
     1
 40
0.0
176
     1
 90
        0
176
     1
290
     0
176
     1
290
     1
176
     1
290
     1
176
     1
290
     0
176
     1
290
     0
176
     1
290
     0
176
     1
290
     0
176
     1
290
     0
176
     1
290
     0
176
     1
 90
       50
176
     1
 40
0.0
176
     1
 40
1.0
176
     1
 90
        0
176
     1
 62
    18
420
        0
176
     1
 90
       50
176
     1
 90
        3
176
     1
 62
     5
420
      255
176
     1
290
     0
176
     1
 90
       50
176
     1
 90
       50
176
     1
 90
       50
176
     1
290
     0
176
     1
 90
       50
176
     1
 62
   256
176
     0
 40
1.0
176
     0
 90
        2
176
     1
  1
strokes_ogs.tif
176
     1
290
     0
176
     1
 40
1.0
176
     1
 40
1.0
176
     1
  0
VISUALSTYLE
  5
34
102
{ACAD_REACTORS
330
2A
102
}
330
2A
100
AcDbVisualStyle
  2
Conceptual
 70
     9
177
     3
291
     0
 70
    58
 90
        3
176
     1
 90
        2
176
     1
 90
        1
176
     1
 90
        0
176
     1
 40
0.6
176
     1
 40
30.0
176
     1
 62
     7
420
 16777215
176
     1
 90
        2
176
     1
 90
        2
176
     1
 62
     7
176
     1
 62
   257
176
     1
 90
        1
176
     1
 90
        1
176
     1
 40
40.0
176
     1
 90
        8
176
     1
 62
     7
176
     1
 40
1.0
176
     1
 90
        1
176
     1
 90
        6
176
     1
 90
        2
176
     1
 62
     7
176
     1
 90
        3
176
     1
 90
        0
176
     1
 90
        0
176
     1
290
     0
176
     1
 90
        1
176
     1
 40
0.0
176
     1
 90
        0
176
     1
290
     0
176
     1
290
     1
176
     1
290
     1
176
     1
290
     0
176
     1
290
     0
176
     1
290
     0
176
     1
290
     0
176
     1
290
     0
176
     1
290
     0
176
     1
 90
       50
176
     1
 40
0.0
176
     1
 40
1.0
176
     1
 90
        0
176
     1
 62
    18
420
        0
176
     1
 90
       50
176
     1
 90
        3
176
     1
 62
     5
420
      255
176
     1
290
     0
176
     1
 90
       50
176
     1
 90
       50
176
     1
 90
       50
176
     1
290
     0
176
     1
 90
       50
176
     1
 62
   256
176
     0
 40
1.0
176
     0
 90
        2
176
     1
  1
strokes_ogs.tif
176
     1
290
     0
176
     1
 40
1.0
176
     1
 40
1.0
176
     1
  0
VISUALSTYLE
  5
35
102
{ACAD_REACTORS
330
2A
102
}
330
2A
100
AcDbVisualStyle
  2
Dim
 70
    11
177
     3
291
     1
 70
    58
 90
        2
176
     1
 90
        2
176
     1
 90
        1
176
     1
 90
        0
176
     1
 40
0.6
176
     1
 40
30.0
176
     1
 62
     7
420
 16777215
176
     1
 90
        1
176
     1
 90
        4
176
     1
 62
     7
176
     1
 62
   257
176
     1
 90
        1
176
     1
 90
        1
176
     1
 40
1.0
176
     1
 90
        8
176
     1
 62
     7
176
     1
 40
1.0
176
     1
 90
        1
176
     1
 90
        6
176
     1
 90
        2
176
     1
 62
     7
176
     1
 90
        5
176
     1
 90
        0
176
     1
 90
        0
176
     1
290
     0
176
     1
 90
        1
176
     1
 40
-50.0
176
     1
 90
        0
176
     1
290
     0
176
     1
290
     1
176
     1
290
     1
176
     1
290
     0
176
     1
290
     0
176
     1
290
     0
176
     1
290
     0
176
     1
290
     0
176
     1
290
     0
176
     1
 90
       50
176
     1
 40
0.0
176
     1
 40
1.0
176
     1
 90
        0
176
     1
 62
    18
420
        0
176
     1
 90
       50
176
     1
 90
        3
176
     1
 62
     5
420
      255
176
     1
290
     0
176
     1
 90
       50
176
     1
 90
       50
176
     1
 90
       50
176
     1
290
     0
176
     1
 90
       50
176
     1
 62
   256
176
     0
 40
1.0
176
     0
 90
        2
176
     1
  1
strokes_ogs.tif
176
     1
290
     0
176
     1
 40
1.0
176
     1
 40
1.0
176
     1
  0
VISUALSTYLE
  5
AF
102
{ACAD_REACTORS
330
2A
102
}
330
2A
100
AcDbVisualStyle
  2
EdgeColorOff
 70
    22
177
     3
291
     1
 70
    58
 90
        2
176
     0
 90
        2
176
     0
 90
        0
176
     0
 90
        0
176
     0
 40
0.6
176
     0
 40
30.0
176
     0
 62
     7
420
 16777215
176
     0
 90
        1
176
     0
 90
        4
176
     0
 62
     7
176
     0
 62
   257
176
     0
 90
        1
176
     0
 90
        1
176
     0
 40
1.0
176
     0
 90
        8
176
     2
 62
     7
176
     0
 40
1.0
176
     0
 90
        1
176
     0
 90
        6
176
     0
 90
        2
176
     0
 62
     7
176
     0
 90
        5
176
     0
 90
        0
176
     0
 90
        0
176
     0
290
     0
176
     0
 90
        1
176
     0
 40
0.0
176
     0
 90
        0
176
     0
290
     0
176
     0
290
     1
176
     0
290
     1
176
     0
290
     0
176
     0
290
     0
176
     0
290
     0
176
     0
290
     0
176
     0
290
     0
176
     0
290
     0
176
     0
 90
       50
176
     0
 40
0.0
176
     0
 40
1.0
176
     0
 90
        0
176
     0
 62
    18
420
        0
176
     0
 90
       50
176
     0
 90
        3
176
     0
 62
     5
420
      255
176
     0
290
     0
176
     0
 90
       50
176
     0
 90
       50
176
     0
 90
       50
176
     0
290
     0
176
     0
 90
       50
176
     0
 62
   256
176
     0
 40
1.0
176
     0
 90
        2
176
     0
  1
strokes_ogs.tif
176
     0
290
     0
176
     0
 40
1.0
176
     0
 40
1.0
176
     0
  0
VISUALSTYLE
  5
39
102
{ACAD_REACTORS
330
2A
102
}
330
2A
100
AcDbVisualStyle
  2
Facepattern
 70
    15
177
     3
291
     1
 70
    58
 90
        2
176
     1
 90
        2
176
     1
 90
        1
176
     1
 90
        0
176
     1
 40
0.6
176
     1
 40
30.0
176
     1
 62
     7
420
 16777215
176
     1
 90
        1
176
     1
 90
        4
176
     1
 62
     7
176
     1
 62
   257
176
     1
 90
        1
176
     1
 90
        1
176
     1
 40
1.0
176
     1
 90
        8
176
     1
 62
     7
176
     1
 40
1.0
176
     1
 90
        1
176
     1
 90
        6
176
     1
 90
        2
176
     1
 62
     7
176
     1
 90
        5
176
     1
 90
        0
176
     1
 90
        0
176
     1
290
     0
176
     1
 90
        1
176
     1
 40
0.0
176
     1
 90
        0
176
     1
290
     0
176
     1
290
     1
176
     1
290
     1
176
     1
290
     0
176
     1
290
     0
176
     1
290
     0
176
     1
290
     0
176
     1
290
     0
176
     1
290
     0
176
     1
 90
       50
176
     1
 40
0.0
176
     1
 40
1.0
176
     1
 90
        0
176
     1
 62
    18
420
        0
176
     1
 90
       50
176
     1
 90
        3
176
     1
 62
     5
420
      255
176
     1
290
     0
176
     1
 90
       50
176
     1
 90
       50
176
     1
 90
       50
176
     1
290
     0
176
     1
 90
       50
176
     1
 62
   256
176
     0
 40
1.0
176
     0
 90
        2
176
     1
  1
strokes_ogs.tif
176
     1
290
     0
176
     1
 40
1.0
176
     1
 40
1.0
176
     1
  0
VISUALSTYLE
  5
2B
102
{ACAD_REACTORS
330
2A
102
}
330
2A
100
AcDbVisualStyle
  2
Flat
 70
     0
177
     3
291
     1
 70
    58
 90
        2
176
     1
 90
        1
176
     1
 90
        1
176
     1
 90
        2
176
     1
 40
0.6
176
     1
 40
30.0
176
     1
 62
     7
420
 16777215
176
     1
 90
        0
176
     1
 90
        0
176
     1
 62
     7
176
     1
 62
   257
176
     1
 90
        1
176
     1
 90
        1
176
     1
 40
1.0
176
     1
 90
        8
176
     1
 62
     7
176
     1
 40
1.0
176
     1
 90
        1
176
     1
 90
        6
176
     1
 90
        2
176
     1
 62
     7
176
     1
 90
        5
176
     1
 90
        0
176
     1
 90
        0
176
     1
290
     0
176
     1
 90
       13
176
     1
 40
0.0
176
     1
 90
        0
176
     1
290
     0
176
     1
290
     1
176
     1
290
     1
176
     1
290
     0
176
     1
290
     0
176
     1
290
     0
176
     1
290
     0
176
     1
290
     0
176
     1
290
     0
176
     1
 90
       50
176
     1
 40
0.0
176
     1
 40
1.0
176
     1
 90
        0
176
     1
 62
    18
420
        0
176
     1
 90
       50
176
     1
 90
        3
176
     1
 62
     5
420
      255
176
     1
290
     0
176
     1
 90
       50
176
     1
 90
       50
176
     1
 90
       50
176
     1
290
     0
176
     1
 90
       50
176
     1
 62
   256
176
     0
 40
1.0
176
     0
 90
        2
176
     1
  1
strokes_ogs.tif
176
     1
290
     0
176
     1
 40
1.0
176
     1
 40
1.0
176
     1
  0
VISUALSTYLE
  5
2C
102
{ACAD_REACTORS
330
2A
102
}
330
2A
100
AcDbVisualStyle
  2
FlatWithEdges
 70
     1
177
     3
291
     1
 70
    58
 90
        2
176
     1
 90
        1
176
     1
 90
        1
176
     1
 90
        2
176
     1
 40
0.6
176
     1
 40
30.0
176
     1
 62
     7
420
 16777215
176
     1
 90
        1
176
     1
 90
        0
176
     1
 62
     7
176
     1
 62
   257
176
     1
 90
        1
176
     1
 90
        1
176
     1
 40
1.0
176
     1
 90
        0
176
     1
 62
   257
176
     1
 40
1.0
176
     1
 90
        1
176
     1
 90
        6
176
     1
 90
        2
176
     1
 62
     7
176
     1
 90
        5
176
     1
 90
        0
176
     1
 90
        0
176
     1
290
     0
176
     1
 90
       13
176
     1
 40
0.0
176
     1
 90
        0
176
     1
290
     0
176
     1
290
     1
176
     1
290
     1
176
     1
290
     0
176
     1
290
     0
176
     1
290
     0
176
     1
290
     0
176
     1
290
     0
176
     1
290
     0
176
     1
 90
       50
176
     1
 40
0.0
176
     1
 40
1.0
176
     1
 90
        0
176
     1
 62
    18
420
        0
176
     1
 90
       50
176
     1
 90
        3
176
     1
 62
     5
420
      255
176
     1
290
     0
176
     1
 90
       50
176
     1
 90
       50
176
     1
 90
       50
176
     1
290
     0
176
     1
 90
       50
176
     1
 62
   256
176
     0
 40
1.0
176
     0
 90
        2
176
     1
  1
strokes_ogs.tif
176
     1
290
     0
176
     1
 40
1.0
176
     1
 40
1.0
176
     1
  0
VISUALSTYLE
  5
2D
102
{ACAD_REACTORS
330
2A
102
}
330
2A
100
AcDbVisualStyle
  2
Gouraud
 70
     2
177
     3
291
     1
 70
    58
 90
        2
176
     1
 90
        2
176
     1
 90
        1
176
     1
 90
        2
176
     1
 40
0.6
176
     1
 40
30.0
176
     1
 62
     7
420
 16777215
176
     1
 90
        0
176
     1
 90
        0
176
     1
 62
     7
176
     1
 62
   257
176
     1
 90
        1
176
     1
 90
        1
176
     1
 40
1.0
176
     1
 90
        0
176
     1
 62
     7
176
     1
 40
1.0
176
     1
 90
        1
176
     1
 90
        6
176
     1
 90
        2
176
     1
 62
     7
176
     1
 90
        5
176
     1
 90
        0
176
     1
 90
        0
176
     1
290
     0
176
     1
 90
       13
176
     1
 40
0.0
176
     1
 90
        0
176
     1
290
     0
176
     1
290
     1
176
     1
290
     1
176
     1
290
     0
176
     1
290
     0
176
     1
290
     0
176
     1
290
     0
176
     1
290
     0
176
     1
290
     0
176
     1
 90
       50
176
     1
 40
0.0
176
     1
 40
1.0
176
     1
 90
        0
176
     1
 62
    18
420
        0
176
     1
 90
       50
176
     1
 90
        3
176
     1
 62
     5
420
      255
176
     1
290
     0
176
     1
 90
       50
176
     1
 90
       50
176
     1
 90
       50
176
     1
290
     0
176
     1
 90
       50
176
     1
 62
   256
176
     0
 40
1.0
176
     0
 90
        2
176
     1
  1
strokes_ogs.tif
176
     1
290
     0
176
     1
 40
1.0
176
     1
 40
1.0
176
     1
  0
VISUALSTYLE
  5
2E
102
{ACAD_REACTORS
330
2A
102
}
330
2A
100
AcDbVisualStyle
  2
GouraudWithEdges
 70
     3
177
     3
291
     1
 70
    58
 90
        2
176
     1
 90
        2
176
     1
 90
        1
176
     1
 90
        2
176
     1
 40
0.6
176
     1
 40
30.0
176
     1
 62
     7
420
 16777215
176
     1
 90
        1
176
     1
 90
        0
176
     1
 62
     7
176
     1
 62
   257
176
     1
 90
        1
176
     1
 90
        1
176
     1
 40
1.0
176
     1
 90
        0
176
     1
 62
   257
176
     1
 40
1.0
176
     1
 90
        1
176
     1
 90
        6
176
     1
 90
        2
176
     1
 62
     7
176
     1
 90
        5
176
     1
 90
        0
176
     1
 90
        0
176
     1
290
     0
176
     1
 90
       13
176
     1
 40
0.0
176
     1
 90
        0
176
     1
290
     0
176
     1
290
     1
176
     1
290
     1
176
     1
290
     0
176
     1
290
     0
176
     1
290
     0
176
     1
290
     0
176
     1
290
     0
176
     1
290
     0
176
     1
 90
       50
176
     1
 40
0.0
176
     1
 40
1.0
176
     1
 90
        0
176
     1
 62
    18
420
        0
176
     1
 90
       50
176
     1
 90
        3
176
     1
 62
     5
420
      255
176
     1
290
     0
176
     1
 90
       50
176
     1
 90
       50
176
     1
 90
       50
176
     1
290
     0
176
     1
 90
       50
176
     1
 62
   256
176
     0
 40
1.0
176
     0
 90
        2
176
     1
  1
strokes_ogs.tif
176
     1
290
     0
176
     1
 40
1.0
176
     1
 40
1.0
176
     1
  0
VISUALSTYLE
  5
AC
102
{ACAD_REACTORS
330
2A
102
}
330
2A
100
AcDbVisualStyle
  2
Hidden
 70
     6
177
     3
291
     0
 70
    58
 90
        1
176
     1
 90
        2
176
     1
 90
        2
176
     1
 90
        0
176
     1
 40
0.6
176
     1
 40
30.0
176
     1
 62
     7
420
 16777215
176
     1
 90
        2
176
     1
 90
        2
176
     1
 62
     7
176
     1
 62
   257
176
     1
 90
        2
176
     1
 90
        1
176
     1
 40
40.0
176
     1
 90
        0
176
     1
 62
   257
176
     1
 40
1.0
176
     1
 90
        1
176
     1
 90
        6
176
     1
 90
        2
176
     1
 62
     7
176
     1
 90
        3
176
     1
 90
        0
176
     1
 90
        0
176
     1
290
     0
176
     1
 90
        1
176
     1
 40
0.0
176
     1
 90
        0
176
     1
290
     0
176
     1
290
     1
176
     1
290
     1
176
     1
290
     0
176
     1
290
     0
176
     1
290
     0
176
     1
290
     0
176
     1
290
     0
176
     1
290
     0
176
     1
 90
       50
176
     1
 40
0.0
176
     1
 40
1.0
176
     1
 90
        0
176
     1
 62
    18
420
        0
176
     1
 90
       50
176
     1
 90
        3
176
     1
 62
     5
420
      255
176
     1
290
     0
176
     1
 90
       50
176
     1
 90
       50
176
     1
 90
       50
176
     1
290
     0
176
     1
 90
       50
176
     1
 62
   256
176
     0
 40
1.0
176
     0
 90
        2
176
     1
  1
strokes_ogs.tif
176
     1
290
     0
176
     1
 40
1.0
176
     1
 40
1.0
176
     1
  0
VISUALSTYLE
  5
AD
102
{ACAD_REACTORS
330
2A
102
}
330
2A
100
AcDbVisualStyle
  2
JitterOff
 70
    20
177
     3
291
     1
 70
    58
 90
        2
176
     0
 90
        2
176
     0
 90
        0
176
     0
 90
        0
176
     0
 40
0.6
176
     0
 40
30.0
176
     0
 62
     7
420
 16777215
176
     0
 90
        1
176
     0
 90
        4
176
     0
 62
     7
176
     0
 62
   257
176
     0
 90
        1
176
     0
 90
        1
176
     0
 40
1.0
176
     0
 90
       10
176
     2
 62
     7
176
     0
 40
1.0
176
     0
 90
        1
176
     0
 90
        6
176
     0
 90
        2
176
     0
 62
     7
176
     0
 90
        5
176
     0
 90
        0
176
     0
 90
        0
176
     0
290
     0
176
     0
 90
        1
176
     0
 40
0.0
176
     0
 90
        0
176
     0
290
     0
176
     0
290
     1
176
     0
290
     1
176
     0
290
     0
176
     0
290
     0
176
     0
290
     0
176
     0
290
     0
176
     0
290
     0
176
     0
290
     0
176
     0
 90
       50
176
     0
 40
0.0
176
     0
 40
1.0
176
     0
 90
        0
176
     0
 62
    18
420
        0
176
     0
 90
       50
176
     0
 90
        3
176
     0
 62
     5
420
      255
176
     0
290
     0
176
     0
 90
       50
176
     0
 90
       50
176
     0
 90
       50
176
     0
290
     0
176
     0
 90
       50
176
     0
 62
   256
176
     0
 40
1.0
176
     0
 90
        2
176
     0
  1
strokes_ogs.tif
176
     0
290
     0
176
     0
 40
1.0
176
     0
 40
1.0
176
     0
  0
VISUALSTYLE
  5
38
102
{ACAD_REACTORS
330
2A
102
}
330
2A
100
AcDbVisualStyle
  2
Linepattern
 70
    14
177
     3
291
     1
 70
    58
 90
        2
176
     1
 90
        2
176
     1
 90
        1
176
     1
 90
        0
176
     1
 40
0.6
176
     1
 40
30.0
176
     1
 62
     7
420
 16777215
176
     1
 90
        1
176
     1
 90
        4
176
     1
 62
     7
176
     1
 62
   257
176
     1
 90
        7
176
     1
 90
        7
176
     1
 40
1.0
176
     1
 90
        8
176
     1
 62
     7
176
     1
 40
1.0
176
     1
 90
        1
176
     1
 90
        6
176
     1
 90
        2
176
     1
 62
     7
176
     1
 90
        5
176
     1
 90
        0
176
     1
 90
        0
176
     1
290
     0
176
     1
 90
        1
176
     1
 40
0.0
176
     1
 90
        0
176
     1
290
     0
176
     1
290
     1
176
     1
290
     1
176
     1
290
     0
176
     1
290
     0
176
     1
290
     0
176
     1
290
     0
176
     1
290
     0
176
     1
290
     0
176
     1
 90
       50
176
     1
 40
0.0
176
     1
 40
1.0
176
     1
 90
        0
176
     1
 62
    18
420
        0
176
     1
 90
       50
176
     1
 90
        3
176
     1
 62
     5
420
      255
176
     1
290
     0
176
     1
 90
       50
176
     1
 90
       50
176
     1
 90
       50
176
     1
290
     0
176
     1
 90
       50
176
     1
 62
   256
176
     0
 40
1.0
176
     0
 90
        2
176
     1
  1
strokes_ogs.tif
176
     1
290
     0
176
     1
 40
1.0
176
     1
 40
1.0
176
     1
  0
VISUALSTYLE
  5
AE
102
{ACAD_REACTORS
330
2A
102
}
330
2A
100
AcDbVisualStyle
  2
OverhangOff
 70
    21
177
     3
291
     1
 70
    58
 90
        2
176
     0
 90
        2
176
     0
 90
        0
176
     0
 90
        0
176
     0
 40
0.6
176
     0
 40
30.0
176
     0
 62
     7
420
 16777215
176
     0
 90
        1
176
     0
 90
        4
176
     0
 62
     7
176
     0
 62
   257
176
     0
 90
        1
176
     0
 90
        1
176
     0
 40
1.0
176
     0
 90
        9
176
     2
 62
     7
176
     0
 40
1.0
176
     0
 90
        1
176
     0
 90
        6
176
     0
 90
        2
176
     0
 62
     7
176
     0
 90
        5
176
     0
 90
        0
176
     0
 90
        0
176
     0
290
     0
176
     0
 90
        1
176
     0
 40
0.0
176
     0
 90
        0
176
     0
290
     0
176
     0
290
     1
176
     0
290
     1
176
     0
290
     0
176
     0
290
     0
176
     0
290
     0
176
     0
290
     0
176
     0
290
     0
176
     0
290
     0
176
     0
 90
       50
176
     0
 40
0.0
176
     0
 40
1.0
176
     0
 90
        0
176
     0
 62
    18
420
        0
176
     0
 90
       50
176
     0
 90
        3
176
     0
 62
     5
420
      255
176
     0
290
     0
176
     0
 90
       50
176
     0
 90
       50
176
     0
 90
       50
176
     0
290
     0
176
     0
 90
       50
176
     0
 62
   256
176
     0
 40
1.0
176
     0
 90
        2
176
     0
  1
strokes_ogs.tif
176
     0
290
     0
176
     0
 40
1.0
176
     0
 40
1.0
176
     0
  0
VISUALSTYLE
  5
33
102
{ACAD_REACTORS
330
2A
102
}
330
2A
100
AcDbVisualStyle
  2
Realistic
 70
     8
177
     3
291
     0
 70
    58
 90
        2
176
     1
 90
        3
176
     1
 90
        0
176
     1
 90
        2
176
     1
 40
0.6
176
     1
 40
30.0
176
     1
 62
     7
420
 16777215
176
     1
 90
        0
176
     1
 90
        0
176
     1
 62
     7
176
     1
 62
   257
176
     1
 90
        1
176
     1
 90
        1
176
     1
 40
1.0
176
     1
 90
        8
176
     1
 62
   257
176
     1
 40
1.0
176
     1
 90
        1
176
     1
 90
        6
176
     1
 90
        2
176
     1
 62
     7
176
     1
 90
        3
176
     1
 90
        0
176
     1
 90
        0
176
     1
290
     0
176
     1
 90
       13
176
     1
 40
0.0
176
     1
 90
        0
176
     1
290
     0
176
     1
290
     1
176
     1
290
     1
176
     1
290
     0
176
     1
290
     0
176
     1
290
     0
176
     1
290
     0
176
     1
290
     0
176
     1
290
     0
176
     1
 90
       50
176
     1
 40
0.0
176
     1
 40
1.0
176
     1
 90
        0
176
     1
 62
    18
420
        0
176
     1
 90
       50
176
     1
 90
        3
176
     1
 62
     5
420
      255
176
     1
290
     0
176
     1
 90
       50
176
     1
 90
       50
176
     1
 90
       50
176
     1
290
     0
176
     1
 90
       50
176
     1
 62
   256
176
     0
 40
1.0
176
     0
 90
        2
176
     1
  1
strokes_ogs.tif
176
     1
290
     0
176
     1
 40
1.0
176
     1
 40
1.0
176
     1
  0
VISUALSTYLE
  5
B4
102
{ACAD_REACTORS
330
2A
102
}
330
2A
100
AcDbVisualStyle
  2
Shaded
 70
    27
177
     3
291
     0
 70
    58
 90
        2
176
     1
 90
        2
176
     1
 90
        1
176
     1
 90
        2
176
     1
 40
0.6
176
     1
 40
30.0
176
     1
 62
     7
420
 16777215
176
     1
 90
        0
176
     1
 90
        4
176
     1
 62
     7
176
     1
 62
   257
176
     1
 90
        1
176
     1
 90
        1
176
     1
 40
1.0
176
     1
 90
        8
176
     1
 62
   257
176
     1
 40
1.0
176
     1
 90
        1
176
     1
 90
        6
176
     1
 90
        2
176
     1
 62
     8
420
  7895160
176
     1
 90
        3
176
     1
 90
        0
176
     1
 90
        0
176
     1
290
     0
176
     1
 90
        5
176
     1
 40
0.0
176
     1
 90
        0
176
     1
290
     0
176
     1
290
     1
176
     1
290
     1
176
     1
290
     0
176
     1
290
     0
176
     1
290
     0
176
     1
290
     0
176
     1
290
     0
176
     1
290
     0
176
     1
 90
       50
176
     1
 40
0.0
176
     1
 40
1.0
176
     1
 90
        0
176
     1
 62
    18
420
        0
176
     1
 90
       50
176
     1
 90
        3
176
     1
 62
     5
420
      255
176
     1
290
     0
176
     1
 90
       50
176
     1
 90
       50
176
     1
 90
       50
176
     1
290
     0
176
     1
 90
       50
176
     1
 62
   256
176
     0
 40
1.0
176
     0
 90
        2
176
     1
  1
strokes_ogs.tif
176
     1
290
     0
176
     1
 40
1.0
176
     1
 40
1.0
176
     1
  0
VISUALSTYLE
  5
B3
102
{ACAD_REACTORS
330
2A
102
}
330
2A
100
AcDbVisualStyle
  2
Shaded with edges
 70
    26
177
     3
291
     0
 70
    58
 90
        2
176
     1
 90
        2
176
     1
 90
        1
176
     1
 90
        2
176
     1
 40
0.6
176
     1
 40
30.0
176
     1
 62
     7
420
 16777215
176
     1
 90
        1
176
     1
 90
        2
176
     1
 62
     7
176
     1
 62
   257
176
     1
 90
        2
176
     1
 90
        1
176
     1
 40
1.0
176
     1
 90
        8
176
     1
 62
   257
176
     1
 40
1.0
176
     1
 90
        1
176
     1
 90
        6
176
     1
 90
        2
176
     1
 62
     7
176
     1
 90
        3
176
     1
 90
        0
176
     1
 90
        0
176
     1
290
     0
176
     1
 90
        5
176
     1
 40
0.0
176
     1
 90
        0
176
     1
290
     0
176
     1
290
     1
176
     1
290
     1
176
     1
290
     0
176
     1
290
     0
176
     1
290
     0
176
     1
290
     0
176
     1
290
     0
176
     1
290
     0
176
     1
 90
       50
176
     1
 40
0.0
176
     1
 40
1.0
176
     1
 90
        0
176
     1
 62
    18
420
        0
176
     1
 90
       50
176
     1
 90
        3
176
     1
 62
     5
420
      255
176
     1
290
     0
176
     1
 90
       50
176
     1
 90
       50
176
     1
 90
       50
176
     1
290
     0
176
     1
 90
       50
176
     1
 62
   256
176
     0
 40
1.0
176
     0
 90
        2
176
     1
  1
strokes_ogs.tif
176
     1
290
     0
176
     1
 40
1.0
176
     1
 40
1.0
176
     1
  0
VISUALSTYLE
  5
B0
102
{ACAD_REACTORS
330
2A
102
}
330
2A
100
AcDbVisualStyle
  2
Shades of Gray
 70
    23
177
     3
291
     0
 70
    58
 90
        2
176
     1
 90
        2
176
     1
 90
        3
176
     1
 90
        0
176
     1
 40
0.6
176
     1
 40
30.0
176
     1
 62
     7
420
 16777215
176
     1
 90
        2
176
     1
 90
        2
176
     1
 62
     7
176
     1
 62
     7
176
     1
 90
        1
176
     1
 90
        1
176
     1
 40
40.0
176
     1
 90
        8
176
     1
 62
     7
176
     1
 40
1.0
176
     1
 90
        1
176
     1
 90
        6
176
     1
 90
        2
176
     1
 62
     7
176
     1
 90
        3
176
     1
 90
        0
176
     1
 90
        0
176
     1
290
     0
176
     1
 90
        1
176
     1
 40
0.0
176
     1
 90
        0
176
     1
290
     0
176
     1
290
     1
176
     1
290
     1
176
     1
290
     0
176
     1
290
     0
176
     1
290
     0
176
     1
290
     0
176
     1
290
     0
176
     1
290
     0
176
     1
 90
       50
176
     1
 40
0.0
176
     1
 40
1.0
176
     1
 90
        0
176
     1
 62
    18
420
        0
176
     1
 90
       50
176
     1
 90
        3
176
     1
 62
     5
420
      255
176
     1
290
     0
176
     1
 90
       50
176
     1
 90
       50
176
     1
 90
       50
176
     1
290
     0
176
     1
 90
       50
176
     1
 62
   256
176
     0
 40
1.0
176
     0
 90
        2
176
     1
  1
strokes_ogs.tif
176
     1
290
     0
176
     1
 40
1.0
176
     1
 40
1.0
176
     1
  0
VISUALSTYLE
  5
B1
102
{ACAD_REACTORS
330
2A
102
}
330
2A
100
AcDbVisualStyle
  2
Sketchy
 70
    24
177
     3
291
     0
 70
    58
 90
        1
176
     1
 90
        2
176
     1
 90
        2
176
     1
 90
        0
176
     1
 40
0.6
176
     1
 40
30.0
176
     1
 62
     7
420
 16777215
176
     1
 90
        2
176
     1
 90
        2
176
     1
 62
     7
176
     1
 62
     7
176
     1
 90
        1
176
     1
 90
        1
176
     1
 40
40.0
176
     1
 90
       11
176
     1
 62
     7
176
     1
 40
1.0
176
     1
 90
        1
176
     1
 90
        6
176
     1
 90
        2
176
     1
 62
     7
176
     1
 90
        6
176
     1
 90
        0
176
     1
 90
        0
176
     1
290
     0
176
     1
 90
        1
176
     1
 40
0.0
176
     1
 90
        0
176
     1
290
     0
176
     1
290
     1
176
     1
290
     1
176
     1
290
     0
176
     1
290
     0
176
     1
290
     0
176
     1
290
     0
176
     1
290
     0
176
     1
290
     0
176
     1
 90
       50
176
     1
 40
0.0
176
     1
 40
1.0
176
     1
 90
        0
176
     1
 62
    18
420
        0
176
     1
 90
       50
176
     1
 90
        3
176
     1
 62
     5
420
      255
176
     1
290
     0
176
     1
 90
       50
176
     1
 90
       50
176
     1
 90
       50
176
     1
290
     0
176
     1
 90
       50
176
     1
 62
   256
176
     0
 40
1.0
176
     0
 90
        2
176
     1
  1
strokes_ogs.tif
176
     1
290
     0
176
     1
 40
1.0
176
     1
 40
1.0
176
     1
  0
VISUALSTYLE
  5
37
102
{ACAD_REACTORS
330
2A
102
}
330
2A
100
AcDbVisualStyle
  2
Thicken
 70
    13
177
     3
291
     1
 70
    58
 90
        2
176
     1
 90
        2
176
     1
 90
        1
176
     1
 90
        0
176
     1
 40
0.6
176
     1
 40
30.0
176
     1
 62
     7
420
 16777215
176
     1
 90
        1
176
     1
 90
        4
176
     1
 62
     7
176
     1
 62
   257
176
     1
 90
        1
176
     1
 90
        1
176
     1
 40
1.0
176
     1
 90
       12
176
     1
 62
     7
176
     1
 40
1.0
176
     1
 90
        1
176
     1
 90
        6
176
     1
 90
        2
176
     1
 62
     7
176
     1
 90
        5
176
     1
 90
        0
176
     1
 90
        0
176
     1
290
     0
176
     1
 90
        1
176
     1
 40
0.0
176
     1
 90
        0
176
     1
290
     0
176
     1
290
     1
176
     1
290
     1
176
     1
290
     0
176
     1
290
     0
176
     1
290
     0
176
     1
290
     0
176
     1
290
     0
176
     1
290
     0
176
     1
 90
       50
176
     1
 40
0.0
176
     1
 40
1.0
176
     1
 90
        0
176
     1
 62
    18
420
        0
176
     1
 90
       50
176
     1
 90
        3
176
     1
 62
     5
420
      255
176
     1
290
     0
176
     1
 90
       50
176
     1
 90
       50
176
     1
 90
       50
176
     1
290
     0
176
     1
 90
       50
176
     1
 62
   256
176
     0
 40
1.0
176
     0
 90
        2
176
     1
  1
strokes_ogs.tif
176
     1
290
     0
176
     1
 40
1.0
176
     1
 40
1.0
176
     1
  0
VISUALSTYLE
  5
AB
102
{ACAD_REACTORS
330
2A
102
}
330
2A
100
AcDbVisualStyle
  2
Wireframe
 70
     5
177
     3
291
     0
 70
    58
 90
        0
176
     1
 90
        2
176
     1
 90
        0
176
     1
 90
        0
176
     1
 40
0.6
176
     1
 40
30.0
176
     1
 62
     7
420
 16777215
176
     1
 90
        1
176
     1
 90
        4
176
     1
 62
     7
176
     1
 62
   257
176
     1
 90
        1
176
     1
 90
        1
176
     1
 40
1.0
176
     1
 90
        0
176
     1
 62
   257
176
     1
 40
1.0
176
     1
 90
        1
176
     1
 90
        6
176
     1
 90
        2
176
     1
 62
     7
176
     1
 90
        3
176
     1
 90
        0
176
     1
 90
        0
176
     1
290
     0
176
     1
 90
        1
176
     1
 40
0.0
176
     1
 90
        0
176
     1
290
     0
176
     1
290
     1
176
     1
290
     1
176
     1
290
     0
176
     1
290
     0
176
     1
290
     0
176
     1
290
     0
176
     1
290
     0
176
     1
290
     0
176
     1
 90
       50
176
     1
 40
0.0
176
     1
 40
1.0
176
     1
 90
        0
176
     1
 62
    18
420
        0
176
     1
 90
       50
176
     1
 90
        3
176
     1
 62
     5
420
      255
176
     1
290
     0
176
     1
 90
       50
176
     1
 90
       50
176
     1
 90
       50
176
     1
290
     0
176
     1
 90
       50
176
     1
 62
   256
176
     0
 40
1.0
176
     0
 90
        2
176
     1
  1
strokes_ogs.tif
176
     1
290
     0
176
     1
 40
1.0
176
     1
 40
1.0
176
     1
  0
VISUALSTYLE
  5
B2
102
{ACAD_REACTORS
330
2A
102
}
330
2A
100
AcDbVisualStyle
  2
X-Ray
 70
    25
177
     3
291
     0
 70
    58
 90
        2
176
     1
 90
        2
176
     1
 90
        1
176
     1
 90
        1
176
     1
 40
0.5
176
     1
 40
30.0
176
     1
 62
     7
420
 16777215
176
     1
 90
        1
176
     1
 90
        0
176
     1
 62
     7
176
     1
 62
   257
176
     1
 90
        1
176
     1
 90
        1
176
     1
 40
1.0
176
     1
 90
        8
176
     1
 62
     7
176
     1
 40
1.0
176
     1
 90
        1
176
     1
 90
        6
176
     1
 90
        2
176
     1
 62
     7
176
     1
 90
        3
176
     1
 90
        0
176
     1
 90
        0
176
     1
290
     0
176
     1
 90
       13
176
     1
 40
0.0
176
     1
 90
        0
176
     1
290
     0
176
     1
290
     1
176
     1
290
     1
176
     1
290
     0
176
     1
290
     0
176
     1
290
     0
176
     1
290
     0
176
     1
290
     0
176
     1
290
     0
176
     1
 90
       50
176
     1
 40
0.0
176
     1
 40
1.0
176
     1
 90
        0
176
     1
 62
    18
420
        0
176
     1
 90
       50
176
     1
 90
        3
176
     1
 62
     5
420
      255
176
     1
290
     0
176
     1
 90
       50
176
     1
 90
       50
176
     1
 90
       50
176
     1
290
     0
176
     1
 90
       50
176
     1
 62
   256
176
     0
 40
1.0
176
     0
 90
        2
176
     1
  1
strokes_ogs.tif
176
     1
290
     0
176
     1
 40
1.0
176
     1
 40
1.0
176
     1
  0
DICTIONARYVAR
  5
103
102
{ACAD_REACTORS
330
3D
102
}
330
3D
100
DictionaryVariables
280
     0
  1
1:1
  0
DICTIONARYVAR
  5
104
102
{ACAD_REACTORS
330
3D
102
}
330
3D
100
DictionaryVariables
280
     0
  1
Standard
  0
DICTIONARYVAR
  5
3E
102
{ACAD_REACTORS
330
3D
102
}
330
3D
100
DictionaryVariables
280
     0
  1
Standard
  0
DICTIONARYVAR
  5
7C
102
{ACAD_REACTORS
330
3D
102
}
330
3D
100
DictionaryVariables
280
     0
  1
2
  0
DICTIONARYVAR
  5
7D
102
{ACAD_REACTORS
330
3D
102
}
330
3D
100
DictionaryVariables
280
     0
  1
1
  0
DICTIONARYVAR
  5
6F
102
{ACAD_REACTORS
330
3D
102
}
330
3D
100
DictionaryVariables
280
     0
  1
0
  0
DICTIONARYVAR
  5
B6
102
{ACAD_REACTORS
330
3D
102
}
330
3D
100
DictionaryVariables
280
     0
  1
0
  0
DICTIONARYVAR
  5
70
102
{ACAD_REACTORS
330
3D
102
}
330
3D
100
DictionaryVariables
280
     0
  1
0
  0
DICTIONARY
  5
24D
102
{ACAD_REACTORS
330
24C
102
}
330
24C
100
AcDbDictionary
281
     1
  3
BIMAUTOTEMPLATE
350
254
  3
BIMCURRENTDIMSTYLE
350
24E
  0
DICTIONARY
  5
2DF
330
3C
100
AcDbDictionary
280
     1
281
     1
  3
ACAD_ROUNDTRIP_2008_TABLESTYLE_CELLSTYLEMAP
360
2E0
  0
DICTIONARYVAR
  5
254
102
{ACAD_REACTORS
330
24D
102
}
330
24D
100
DictionaryVariables
280
     0
  1
ISO_A1_Landscape(1_100).dwg
  0
DICTIONARYVAR
  5
24E
102
{ACAD_REACTORS
330
24D
102
}
330
24D
100
DictionaryVariables
280
     0
  1
Standard
  0
CELLSTYLEMAP
  5
2E0
102
{ACAD_REACTORS
330
2DF
102
}
330
2DF
100
AcDbCellStyleMap
 90
        3
300
CELLSTYLE
  1
TABLEFORMAT_BEGIN
 90
        5
170
     1
 91
        0
 92
    32768
 62
   257
 93
        1
300
CONTENTFORMAT
  1
CONTENTFORMAT_BEGIN
 90
        0
 91
        0
 92
      512
 93
        0
300

 40
0.0
140
1.0
 94
        5
 62
     0
340
11
144
6.0
309
CONTENTFORMAT_END
171
     1
301
MARGIN
  1
CELLMARGIN_BEGIN
 40
1.5
 40
1.5
 40
1.5
 40
1.5
 40
0.18
 40
0.18
309
CELLMARGIN_END
 94
        6
 95
        1
302
GRIDFORMAT
  1
GRIDFORMAT_BEGIN
 90
        0
 91
        1
 62
     0
 92
       -2
340
0
 93
        0
 40
0.045
309
GRIDFORMAT_END
 95
        2
302
GRIDFORMAT
  1
GRIDFORMAT_BEGIN
 90
        0
 91
        1
 62
     0
 92
       -2
340
0
 93
        0
 40
0.045
309
GRIDFORMAT_END
 95
        4
302
GRIDFORMAT
  1
GRIDFORMAT_BEGIN
 90
        0
 91
        1
 62
     0
 92
       -2
340
0
 93
        0
 40
0.045
309
GRIDFORMAT_END
 95
        8
302
GRIDFORMAT
  1
GRIDFORMAT_BEGIN
 90
        0
 91
        1
 62
     0
 92
       -2
340
0
 93
        0
 40
0.045
309
GRIDFORMAT_END
 95
       16
302
GRIDFORMAT
  1
GRIDFORMAT_BEGIN
 90
        0
 91
        1
 62
     0
 92
       -2
340
0
 93
        0
 40
0.045
309
GRIDFORMAT_END
 95
       32
302
GRIDFORMAT
  1
GRIDFORMAT_BEGIN
 90
        0
 91
        1
 62
     0
 92
       -2
340
0
 93
        0
 40
0.045
309
GRIDFORMAT_END
309
TABLEFORMAT_END
  1
CELLSTYLE_BEGIN
 90
        1
 91
        1
300
_TITLE
309
CELLSTYLE_END
300
CELLSTYLE
  1
TABLEFORMAT_BEGIN
 90
        5
170
     1
 91
        0
 92
        0
 62
   257
 93
        1
300
CONTENTFORMAT
  1
CONTENTFORMAT_BEGIN
 90
        0
 91
        0
 92
      512
 93
        0
300

 40
0.0
140
1.0
 94
        5
 62
     0
340
11
144
4.5
309
CONTENTFORMAT_END
171
     1
301
MARGIN
  1
CELLMARGIN_BEGIN
 40
1.5
 40
1.5
 40
1.5
 40
1.5
 40
0.18
 40
0.18
309
CELLMARGIN_END
 94
        6
 95
        1
302
GRIDFORMAT
  1
GRIDFORMAT_BEGIN
 90
        0
 91
        1
 62
     0
 92
       -2
340
0
 93
        0
 40
0.045
309
GRIDFORMAT_END
 95
        2
302
GRIDFORMAT
  1
GRIDFORMAT_BEGIN
 90
        0
 91
        1
 62
     0
 92
       -2
340
0
 93
        0
 40
0.045
309
GRIDFORMAT_END
 95
        4
302
GRIDFORMAT
  1
GRIDFORMAT_BEGIN
 90
        0
 91
        1
 62
     0
 92
       -2
340
0
 93
        0
 40
0.045
309
GRIDFORMAT_END
 95
        8
302
GRIDFORMAT
  1
GRIDFORMAT_BEGIN
 90
        0
 91
        1
 62
     0
 92
       -2
340
0
 93
        0
 40
0.045
309
GRIDFORMAT_END
 95
       16
302
GRIDFORMAT
  1
GRIDFORMAT_BEGIN
 90
        0
 91
        1
 62
     0
 92
       -2
340
0
 93
        0
 40
0.045
309
GRIDFORMAT_END
 95
       32
302
GRIDFORMAT
  1
GRIDFORMAT_BEGIN
 90
        0
 91
        1
 62
     0
 92
       -2
340
0
 93
        0
 40
0.045
309
GRIDFORMAT_END
309
TABLEFORMAT_END
  1
CELLSTYLE_BEGIN
 90
        2
 91
        1
300
_HEADER
309
CELLSTYLE_END
300
CELLSTYLE
  1
TABLEFORMAT_BEGIN
 90
        5
170
     1
 91
        0
 92
    32768
 62
   257
 93
        1
300
CONTENTFORMAT
  1
CONTENTFORMAT_BEGIN
 90
        0
 91
        0
 92
      512
 93
        0
300

 40
0.0
140
1.0
 94
        2
 62
     0
340
11
144
4.5
309
CONTENTFORMAT_END
171
     1
301
MARGIN
  1
CELLMARGIN_BEGIN
 40
1.5
 40
1.5
 40
1.5
 40
1.5
 40
0.18
 40
0.18
309
CELLMARGIN_END
 94
        6
 95
        1
302
GRIDFORMAT
  1
GRIDFORMAT_BEGIN
 90
        0
 91
        1
 62
     0
 92
       -2
340
0
 93
        0
 40
0.045
309
GRIDFORMAT_END
 95
        2
302
GRIDFORMAT
  1
GRIDFORMAT_BEGIN
 90
        0
 91
        1
 62
     0
 92
       -2
340
0
 93
        0
 40
0.045
309
GRIDFORMAT_END
 95
        4
302
GRIDFORMAT
  1
GRIDFORMAT_BEGIN
 90
        0
 91
        1
 62
     0
 92
       -2
340
0
 93
        0
 40
0.045
309
GRIDFORMAT_END
 95
        8
302
GRIDFORMAT
  1
GRIDFORMAT_BEGIN
 90
        0
 91
        1
 62
     0
 92
       -2
340
0
 93
        0
 40
0.045
309
GRIDFORMAT_END
 95
       16
302
GRIDFORMAT
  1
GRIDFORMAT_BEGIN
 90
        0
 91
        1
 62
     0
 92
       -2
340
0
 93
        0
 40
0.045
309
GRIDFORMAT_END
 95
       32
302
GRIDFORMAT
  1
GRIDFORMAT_BEGIN
 90
        0
 91
        1
 62
     0
 92
       -2
340
0
 93
        0
 40
0.045
309
GRIDFORMAT_END
309
TABLEFORMAT_END
  1
CELLSTYLE_BEGIN
 90
        3
 91
        2
300
_DATA
309
CELLSTYLE_END
  0
ENDSEC
  0
EOF
