  0
SECTION
  2
HEADER
  9
$ACADVER
  1
AC1032
  9
$ACADMAINTVER
 90
       55
  9
$DWGCODEPAGE
  3
ANSI_1252
  9
$LASTSAVEDBY
  1
USTS-CP-L-44 - User
  9
$REQUIREDVERSIONS
160
                 0
  9
$INSBASE
 10
0.0
 20
0.0
 30
0.0
  9
$EXTMIN
 10
37.12038526320384
 20
50.3802196293492
 30
0.0
  9
$EXTMAX
 10
400.8013184500339
 20
286.3319985374767
 30
0.0
  9
$LIMMIN
 10
0.0
 20
0.0
  9
$LIMMAX
 10
12.0
 20
9.0
  9
$ORTHOMODE
 70
     1
  9
$REGENMODE
 70
     1
  9
$FILLMODE
 70
     1
  9
$QTEXTMODE
 70
     0
  9
$MIRRTEXT
 70
     0
  9
$LTSCALE
 40
1.0
  9
$ATTMODE
 70
     1
  9
$TEXTSIZE
 40
2.2
  9
$TRACEWID
 40
0.05
  9
$TEXTSTYLE
  7
ISOCP
  9
$CLAYER
  8
0
  9
$CELTYPE
  6
ByLayer
  9
$CECOLOR
 62
   256
  9
$CELTSCALE
 40
1.0
  9
$DISPSILH
 70
     0
  9
$DIMSCALE
 40
1.0
  9
$DIMASZ
 40
0.18
  9
$DIMEXO
 40
0.0625
  9
$DIMDLI
 40
0.38
  9
$DIMRND
 40
0.0
  9
$DIMDLE
 40
0.0
  9
$DIMEXE
 40
0.18
  9
$DIMTP
 40
0.0
  9
$DIMTM
 40
0.0
  9
$DIMTXT
 40
0.18
  9
$DIMCEN
 40
0.09
  9
$DIMTSZ
 40
0.0
  9
$DIMTOL
 70
     0
  9
$DIMLIM
 70
     0
  9
$DIMTIH
 70
     1
  9
$DIMTOH
 70
     1
  9
$DIMSE1
 70
     0
  9
$DIMSE2
 70
     0
  9
$DIMTAD
 70
     0
  9
$DIMZIN
 70
     0
  9
$DIMBLK
  1

  9
$DIMASO
 70
     1
  9
$DIMSHO
 70
     1
  9
$DIMPOST
  1

  9
$DIMAPOST
  1

  9
$DIMALT
 70
     0
  9
$DIMALTD
 70
     2
  9
$DIMALTF
 40
25.4
  9
$DIMLFAC
 40
1.0
  9
$DIMTOFL
 70
     0
  9
$DIMTVP
 40
0.0
  9
$DIMTIX
 70
     0
  9
$DIMSOXD
 70
     0
  9
$DIMSAH
 70
     0
  9
$DIMBLK1
  1

  9
$DIMBLK2
  1

  9
$DIMSTYLE
  2
Standard
  9
$DIMCLRD
 70
     0
  9
$DIMCLRE
 70
     0
  9
$DIMCLRT
 70
     0
  9
$DIMTFAC
 40
1.0
  9
$DIMGAP
 40
0.09
  9
$DIMJUST
 70
     0
  9
$DIMSD1
 70
     0
  9
$DIMSD2
 70
     0
  9
$DIMTOLJ
 70
     1
  9
$DIMTZIN
 70
     0
  9
$DIMALTZ
 70
     0
  9
$DIMALTTZ
 70
     0
  9
$DIMUPT
 70
     0
  9
$DIMDEC
 70
     4
  9
$DIMTDEC
 70
     4
  9
$DIMALTU
 70
     2
  9
$DIMALTTD
 70
     2
  9
$DIMTXSTY
  7
Standard
  9
$DIMAUNIT
 70
     0
  9
$DIMADEC
 70
     0
  9
$DIMALTRND
 40
0.0
  9
$DIMAZIN
 70
     0
  9
$DIMDSEP
 70
    46
  9
$DIMATFIT
 70
     3
  9
$DIMFRAC
 70
     0
  9
$DIMLDRBLK
  1

  9
$DIMLUNIT
 70
     2
  9
$DIMLWD
 70
    -2
  9
$DIMLWE
 70
    -2
  9
$DIMTMOVE
 70
     0
  9
$DIMFXL
 40
1.0
  9
$DIMFXLON
 70
     0
  9
$DIMJOGANG
 40
0.7853981633974483
  9
$DIMTFILL
 70
     0
  9
$DIMTFILLCLR
 70
     0
  9
$DIMARCSYM
 70
     0
  9
$DIMLTYPE
  6

  9
$DIMLTEX1
  6

  9
$DIMLTEX2
  6

  9
$DIMTXTDIRECTION
 70
     0
  9
$LUNITS
 70
     2
  9
$LUPREC
 70
     4
  9
$SKETCHINC
 40
0.1
  9
$FILLETRAD
 40
0.0
  9
$AUNITS
 70
     0
  9
$AUPREC
 70
     0
  9
$MENU
  1
.
  9
$ELEVATION
 40
0.0
  9
$PELEVATION
 40
0.0
  9
$THICKNESS
 40
0.0
  9
$LIMCHECK
 70
     0
  9
$CHAMFERA
 40
0.0
  9
$CHAMFERB
 40
0.0
  9
$CHAMFERC
 40
0.0
  9
$CHAMFERD
 40
0.0
  9
$SKPOLY
 70
     0
  9
$TDCREATE
 40
2460403.541990741
  9
$TDUCREATE
 40
2460403.312824074
  9
$TDUPDATE
 40
2461243.767444549
  9
$TDUUPDATE
 40
2461243.538277882
  9
$TDINDWG
 40
0.0018679167
  9
$TDUSRTIMER
 40
0.0004096296
  9
$USRTIMER
 70
     1
  9
$ANGBASE
 50
0.0
  9
$ANGDIR
 70
     0
  9
$PDMODE
 70
     0
  9
$PDSIZE
 40
0.0
  9
$PLINEWID
 40
0.0
  9
$SPLFRAME
 70
     0
  9
$SPLINETYPE
 70
     6
  9
$SPLINESEGS
 70
     8
  9
$HANDSEED
  5
7BBA
  9
$SURFTAB1
 70
     6
  9
$SURFTAB2
 70
     6
  9
$SURFTYPE
 70
     6
  9
$SURFU
 70
     6
  9
$SURFV
 70
     6
  9
$UCSBASE
  2

  9
$UCSNAME
  2

  9
$UCSORG
 10
0.0
 20
0.0
 30
0.0
  9
$UCSXDIR
 10
1.0
 20
0.0
 30
0.0
  9
$UCSYDIR
 10
0.0
 20
1.0
 30
0.0
  9
$UCSORTHOREF
  2

  9
$UCSORTHOVIEW
 70
     0
  9
$UCSORGTOP
 10
0.0
 20
0.0
 30
0.0
  9
$UCSORGBOTTOM
 10
0.0
 20
0.0
 30
0.0
  9
$UCSORGLEFT
 10
0.0
 20
0.0
 30
0.0
  9
$UCSORGRIGHT
 10
0.0
 20
0.0
 30
0.0
  9
$UCSORGFRONT
 10
0.0
 20
0.0
 30
0.0
  9
$UCSORGBACK
 10
0.0
 20
0.0
 30
0.0
  9
$PUCSBASE
  2

  9
$PUCSNAME
  2

  9
$PUCSORG
 10
0.0
 20
0.0
 30
0.0
  9
$PUCSXDIR
 10
1.0
 20
0.0
 30
0.0
  9
$PUCSYDIR
 10
0.0
 20
1.0
 30
0.0
  9
$PUCSORTHOREF
  2

  9
$PUCSORTHOVIEW
 70
     0
  9
$PUCSORGTOP
 10
0.0
 20
0.0
 30
0.0
  9
$PUCSORGBOTTOM
 10
0.0
 20
0.0
 30
0.0
  9
$PUCSORGLEFT
 10
0.0
 20
0.0
 30
0.0
  9
$PUCSORGRIGHT
 10
0.0
 20
0.0
 30
0.0
  9
$PUCSORGFRONT
 10
0.0
 20
0.0
 30
0.0
  9
$PUCSORGBACK
 10
0.0
 20
0.0
 30
0.0
  9
$USERI1
 70
     0
  9
$USERI2
 70
     0
  9
$USERI3
 70
     0
  9
$USERI4
 70
     0
  9
$USERI5
 70
     0
  9
$USERR1
 40
0.0
  9
$USERR2
 40
0.0
  9
$USERR3
 40
0.0
  9
$USERR4
 40
0.0
  9
$USERR5
 40
0.0
  9
$WORLDVIEW
 70
     1
  9
$SHADEDGE
 70
     3
  9
$SHADEDIF
 70
    70
  9
$TILEMODE
 70
     1
  9
$MAXACTVP
 70
    64
  9
$PINSBASE
 10
0.0
 20
0.0
 30
0.0
  9
$PLIMCHECK
 70
     0
  9
$PEXTMIN
 10
0.0
 20
0.0
 30
0.0
  9
$PEXTMAX
 10
0.0
 20
0.0
 30
0.0
  9
$PLIMMIN
 10
0.0
 20
0.0
  9
$PLIMMAX
 10
0.0
 20
0.0
  9
$UNITMODE
 70
     0
  9
$VISRETAIN
 70
     1
  9
$PLINEGEN
 70
     0
  9
$PSLTSCALE
 70
     1
  9
$TREEDEPTH
 70
  3020
  9
$CMLSTYLE
  2
Standard
  9
$CMLJUST
 70
     0
  9
$CMLSCALE
 40
1.0
  9
$PROXYGRAPHICS
 70
     1
  9
$MEASUREMENT
 70
     0
  9
$CELWEIGHT
370
    -1
  9
$ENDCAPS
280
     0
  9
$JOINSTYLE
280
     0
  9
$LWDISPLAY
290
     0
  9
$INSUNITS
 70
     4
  9
$HYPERLINKBASE
  1

  9
$STYLESHEET
  1
acadlt.ctb
  9
$XEDIT
290
     1
  9
$CEPSNTYPE
380
     0
  9
$PSTYLEMODE
290
     1
  9
$FINGERPRINTGUID
  2
{B3C17FDA-5D3E-0449-B746-50678B212CAE}
  9
$VERSIONGUID
  2
{7223FAF7-72AC-4589-ABA4-EEC3608BD5B8}
  9
$EXTNAMES
290
     1
  9
$PSVPSCALE
 40
0.0
  9
$OLESTARTUP
290
     0
  9
$SORTENTS
280
   127
  9
$INDEXCTL
280
     0
  9
$HIDETEXT
280
     1
  9
$XCLIPFRAME
280
     2
  9
$HALOGAP
280
     0
  9
$OBSCOLOR
 70
   257
  9
$OBSLTYPE
280
     0
  9
$INTERSECTIONDISPLAY
280
     0
  9
$INTERSECTIONCOLOR
 70
   257
  9
$DIMASSOC
280
     2
  9
$PROJECTNAME
  1

  9
$CAMERADISPLAY
290
     0
  9
$LENSLENGTH
 40
50.0
  9
$CAMERAHEIGHT
 40
0.0
  9
$STEPSPERSEC
 40
2.0
  9
$STEPSIZE
 40
6.0
  9
$3DDWFPREC
 40
2.0
  9
$PSOLWIDTH
 40
0.25
  9
$PSOLHEIGHT
 40
4.0
  9
$LOFTANG1
 40
1.570796326794897
  9
$LOFTANG2
 40
1.570796326794897
  9
$LOFTMAG1
 40
0.0
  9
$LOFTMAG2
 40
0.0
  9
$LOFTPARAM
 70
     7
  9
$LOFTNORMALS
280
     1
  9
$LATITUDE
 40
37.795
  9
$LONGITUDE
 40
-122.394
  9
$NORTHDIRECTION
 40
0.0
  9
$TIMEZONE
 70
 -8000
  9
$LIGHTGLYPHDISPLAY
280
     1
  9
$TILEMODELIGHTSYNCH
280
     1
  9
$CMATERIAL
347
96
  9
$SOLIDHIST
280
     0
  9
$SHOWHIST
280
     1
  9
$DWFFRAME
280
     2
  9
$DGNFRAME
280
     0
  9
$REALWORLDSCALE
290
     1
  9
$INTERFERECOLOR
 62
     1
  9
$CSHADOW
280
     0
  9
$SHADOWPLANELOCATION
 40
0.0
  0
ENDSEC
  0
SECTION
  2
CLASSES
  0
CLASS
  1
ACDBDICTIONARYWDFLT
  2
AcDbDictionaryWithDefault
  3
ObjectDBX Classes
 90
        0
 91
        3
280
     0
281
     0
  0
CLASS
  1
ACDBPLACEHOLDER
  2
AcDbPlaceHolder
  3
ObjectDBX Classes
 90
        0
 91
        1
280
     0
281
     0
  0
CLASS
  1
LAYOUT
  2
AcDbLayout
  3
ObjectDBX Classes
 90
        0
 91
        1
280
     0
281
     0
  0
CLASS
  1
DICTIONARYVAR
  2
AcDbDictionaryVar
  3
ObjectDBX Classes
 90
        0
 91
        3
280
     0
281
     0
  0
CLASS
  1
TABLESTYLE
  2
AcDbTableStyle
  3
ObjectDBX Classes
 90
     4095
 91
        3
280
     0
281
     0
  0
CLASS
  1
MATERIAL
  2
AcDbMaterial
  3
ObjectDBX Classes
 90
     1153
 91
        3
280
     0
281
     0
  0
CLASS
  1
VISUALSTYLE
  2
AcDbVisualStyle
  3
ObjectDBX Classes
 90
     4095
 91
        3
280
     0
281
     0
  0
CLASS
  1
SCALE
  2
AcDbScale
  3
ObjectDBX Classes
 90
     1153
 91
        3
280
     0
281
     0
  0
CLASS
  1
MLEADERSTYLE
  2
AcDbMLeaderStyle
  3
ACDB_MLEADERSTYLE_CLASS
 90
     4095
 91
        3
280
     0
281
     0
  0
CLASS
  1
CELLSTYLEMAP
  2
AcDbCellStyleMap
  3
ObjectDBX Classes
 90
     1152
 91
        3
280
     0
281
     0
  0
CLASS
  1
EXACXREFPANELOBJECT
  2
ExAcXREFPanelObject
  3
EXAC_ESW
 90
     1025
 91
        1
280
     1
281
     0
  0
CLASS
  1
NPOCOLLECTION
  2
AcDbImpNonPersistentObjectsCollection
  3
ObjectDBX Classes
 90
     1153
 91
        1
280
     1
281
     0
  0
CLASS
  1
LAYER_INDEX
  2
AcDbLayerIndex
  3
ObjectDBX Classes
 90
        0
 91
        3
280
     0
281
     0
  0
CLASS
  1
SPATIAL_INDEX
  2
AcDbSpatialIndex
  3
AutoCAD 2000
 90
        0
 91
        3
280
     0
281
     0
  0
CLASS
  1
IDBUFFER
  2
AcDbIdBuffer
  3
ObjectDBX Classes
 90
        0
 91
        3
280
     0
281
     0
  0
CLASS
  1
ACDBSECTIONVIEWSTYLE
  2
AcDbSectionViewStyle
  3
ObjectDBX Classes
 90
     1025
 91
        3
280
     0
281
     0
  0
CLASS
  1
ACDBDETAILVIEWSTYLE
  2
AcDbDetailViewStyle
  3
ObjectDBX Classes
 90
     1025
 91
        3
280
     0
281
     0
  0
CLASS
  1
ACAD_EVALUATION_GRAPH
  2
AcDbEvalGraph
  3
ObjectDBX Classes
 90
     1153
 91
        3
280
     0
281
     0
  0
CLASS
  1
ACAECUSTOBJ
  2
AcAeEditorObj
  3
AcAeEditorObj
 90
     1024
 91
        1
280
     1
281
     0
  0
CLASS
  1
ACDB_DYNAMICBLOCKPURGEPREVENTER_VERSION
  2
AcDbDynamicBlockPurgePreventer
  3
ObjectDBX Classes
 90
     1153
 91
        3
280
     0
281
     0
  0
CLASS
  1
SORTENTSTABLE
  2
AcDbSortentsTable
  3
ObjectDBX Classes
 90
        0
 91
        3
280
     0
281
     0
  0
CLASS
  1
DIMASSOC
  2
AcDbDimAssoc
  3
"AcDbDimAssoc|Product Desc:     AcDim ARX App For Dimension|Company:          Autodesk, Inc.|WEB Address:      www.autodesk.com"
 90
        0
 91
        3
280
     0
281
     0
  0
CLASS
  1
SUN
  2
AcDbSun
  3
SCENEOE
 90
     1153
 91
        3
280
     0
281
     0
  0
CLASS
  1
RASTERVARIABLES
  2
AcDbRasterVariables
  3
ISM
 90
        0
 91
        3
280
     0
281
     0
  0
CLASS
  1
FIELD
  2
AcDbField
  3
ObjectDBX Classes
 90
     1152
 91
        3
280
     0
281
     0
  0
CLASS
  1
FIELDLIST
  2
AcDbFieldList
  3
ObjectDBX Classes
 90
     1152
 91
        3
280
     0
281
     0
  0
CLASS
  1
MENTALRAYRENDERSETTINGS
  2
AcDbMentalRayRenderSettings
  3
SCENEOE
 90
     1024
 91
        3
280
     0
281
     0
  0
ENDSEC
  0
SECTION
  2
TABLES
  0
TABLE
  2
VPORT
  5
8
330
0
100
AcDbSymbolTable
 70
     1
  0
VPORT
  5
94
330
8
100
AcDbSymbolTableRecord
100
AcDbViewportTableRecord
  2
*Active
 70
     0
 10
0.0
 20
0.0
 11
1.0
 21
1.0
 12
218.9608518566189
 22
168.3561090834129
 13
0.0
 23
0.0
 14
0.5
 24
0.5
 15
0.5
 25
0.5
 16
0.0
 26
0.0
 36
1.0
 17
0.0
 27
0.0
 37
0.0
 40
240.67081448629
 41
1.951697127937337
 42
50.0
 43
0.0
 44
0.0
 50
0.0
 51
0.0
 71
    16
 72
  1000
 73
     1
 74
     3
 75
     0
 76
     1
 77
     0
 78
     1
281
     0
 65
     1
110
0.0
120
0.0
130
0.0
111
1.0
121
0.0
131
0.0
112
0.0
122
1.0
132
0.0
 79
     0
146
0.0
348
9F
 60
     3
 61
     5
292
     1
282
     1
141
0.0
142
0.0
 63
   250
421
  3355443
361
7539
1001
ACAD_NAV_VCDISPLAY
1070
     3
  0
ENDTAB
  0
TABLE
  2
LTYPE
  5
5
330
0
100
AcDbSymbolTable
 70
     2
  0
LTYPE
  5
14
330
5
100
AcDbSymbolTableRecord
100
AcDbLinetypeTableRecord
  2
ByBlock
 70
     0
  3

 72
    65
 73
     0
 40
0.0
  0
LTYPE
  5
15
330
5
100
AcDbSymbolTableRecord
100
AcDbLinetypeTableRecord
  2
ByLayer
 70
     0
  3

 72
    65
 73
     0
 40
0.0
  0
LTYPE
  5
16
330
5
100
AcDbSymbolTableRecord
100
AcDbLinetypeTableRecord
  2
Continuous
 70
     0
  3
Solid line
 72
    65
 73
     0
 40
0.0
  0
LTYPE
  5
5525
330
5
100
AcDbSymbolTableRecord
100
AcDbLinetypeTableRecord
  2
ACAD_ISO02W100
 70
     0
  3
ISO dash __ __ __ __ __ __ __ __ __ __ __ __ __
 72
    65
 73
     2
 40
15.0
 49
12.0
 74
     0
 49
-3.0
 74
     0
  0
ENDTAB
  0
TABLE
  2
LAYER
  5
2
102
{ACAD_XDICTIONARY
360
18E
102
}
330
0
100
AcDbSymbolTable
 70
     1
  0
LAYER
  5
10
330
2
100
AcDbSymbolTableRecord
100
AcDbLayerTableRecord
  2
0
 70
     0
 62
     7
  6
Continuous
370
    -3
390
F
347
98
348
0
  0
ENDTAB
  0
TABLE
  2
STYLE
  5
3
330
0
100
AcDbSymbolTable
 70
     5
  0
STYLE
  5
11
330
3
100
AcDbSymbolTableRecord
100
AcDbTextStyleTableRecord
  2
Standard
 70
     0
 40
0.0
 41
1.0
 50
0.0
 71
     0
 42
2.2
  3
arial.ttf
  4

1001
ACAD
1000
Arial
1071
       34
  0
STYLE
  5
398
330
3
100
AcDbSymbolTableRecord
100
AcDbTextStyleTableRecord
  2
ISOCP
 70
     0
 40
0.0
 41
1.0
 50
0.0
 71
     0
 42
2.2
  3
isocp.shx
  4

  0
STYLE
  5
43B2
330
3
100
AcDbSymbolTableRecord
100
AcDbTextStyleTableRecord
  2
ROMANS
 70
     0
 40
2.5
 41
1.0
 50
0.0
 71
     0
 42
2.5
  3
romans.shx
  4

  0
STYLE
  5
44AF
330
3
100
AcDbSymbolTableRecord
100
AcDbTextStyleTableRecord
  2
ROMAND
 70
     0
 40
0.0
 41
1.0
 50
0.0
 71
     0
 42
2.0
  3
romand
  4

  0
STYLE
  5
44B0
330
3
100
AcDbSymbolTableRecord
100
AcDbTextStyleTableRecord
  2
SIMPLEXSTYLE
 70
     0
 40
0.0
 41
1.0
 50
0.0
 71
     0
 42
2.5
  3
simplex.shx
  4

  0
ENDTAB
  0
TABLE
  2
VIEW
  5
6
330
0
100
AcDbSymbolTable
 70
     0
  0
ENDTAB
  0
TABLE
  2
UCS
  5
7
330
0
100
AcDbSymbolTable
 70
     0
  0
ENDTAB
  0
TABLE
  2
APPID
  5
9
330
0
100
AcDbSymbolTable
 70
    25
  0
APPID
  5
12
330
9
100
AcDbSymbolTableRecord
100
AcDbRegAppTableRecord
  2
ACAD
 70
     0
  0
APPID
  5
DD
330
9
100
AcDbSymbolTableRecord
100
AcDbRegAppTableRecord
  2
AcadAnnoPO
 70
     0
  0
APPID
  5
DE
330
9
100
AcDbSymbolTableRecord
100
AcDbRegAppTableRecord
  2
AcadAnnotative
 70
     0
  0
APPID
  5
DF
330
9
100
AcDbSymbolTableRecord
100
AcDbRegAppTableRecord
  2
ACAD_DSTYLE_DIMJAG
 70
     0
  0
APPID
  5
E0
330
9
100
AcDbSymbolTableRecord
100
AcDbRegAppTableRecord
  2
ACAD_DSTYLE_DIMTALN
 70
     0
  0
APPID
  5
107
330
9
100
AcDbSymbolTableRecord
100
AcDbRegAppTableRecord
  2
ACAD_MLEADERVER
 70
     0
  0
APPID
  5
1A6
330
9
100
AcDbSymbolTableRecord
100
AcDbRegAppTableRecord
  2
ACAD_NAV_VCDISPLAY
 70
     0
  0
APPID
  5
284
330
9
100
AcDbSymbolTableRecord
100
AcDbRegAppTableRecord
  2
ACAD_EXEMPT_FROM_CAD_STANDARDS
 70
     0
  0
APPID
  5
29A
330
9
100
AcDbSymbolTableRecord
100
AcDbRegAppTableRecord
  2
AcDbDynamicBlockGUID
 70
     0
  0
APPID
  5
29B
330
9
100
AcDbSymbolTableRecord
100
AcDbRegAppTableRecord
  2
AcDbBlockRepETag
 70
     0
  0
APPID
  5
2D3
330
9
100
AcDbSymbolTableRecord
100
AcDbRegAppTableRecord
  2
ACAUTHENVIRON
 70
     0
  0
APPID
  5
2D6
330
9
100
AcDbSymbolTableRecord
100
AcDbRegAppTableRecord
  2
AcDbDynamicBlockTrueName
 70
     0
  0
APPID
  5
4C9
330
9
100
AcDbSymbolTableRecord
100
AcDbRegAppTableRecord
  2
ACAD_PSEXT
 70
     0
  0
APPID
  5
1B7B
330
9
100
AcDbSymbolTableRecord
100
AcDbRegAppTableRecord
  2
GradientColor1ACI
 70
     0
  0
APPID
  5
1B7C
330
9
100
AcDbSymbolTableRecord
100
AcDbRegAppTableRecord
  2
GradientColor2ACI
 70
     0
  0
APPID
  5
1B81
330
9
100
AcDbSymbolTableRecord
100
AcDbRegAppTableRecord
  2
Acad_TC
 70
     0
  0
APPID
  5
43B3
330
9
100
AcDbSymbolTableRecord
100
AcDbRegAppTableRecord
  2
AcAecLayerStandard
 70
     0
  0
APPID
  5
43B4
330
9
100
AcDbSymbolTableRecord
100
AcDbRegAppTableRecord
  2
GENIUS_GENODEF_13
 70
     0
  0
APPID
  5
43B5
330
9
100
AcDbSymbolTableRecord
100
AcDbRegAppTableRecord
  2
GENIUS_GENOBJ-N-CEN_13
 70
     0
  0
APPID
  5
43B6
330
9
100
AcDbSymbolTableRecord
100
AcDbRegAppTableRecord
  2
GENIUS_GENCEN_19
 70
     0
  0
APPID
  5
43B7
330
9
100
AcDbSymbolTableRecord
100
AcDbRegAppTableRecord
  2
AcCmTransparency
 70
     0
  0
APPID
  5
43CA
330
9
100
AcDbSymbolTableRecord
100
AcDbRegAppTableRecord
  2
AcDbDynamicBlockTrueName2
 70
     0
  0
APPID
  5
43CB
330
9
100
AcDbSymbolTableRecord
100
AcDbRegAppTableRecord
  2
AcDbBlockRepBTag
 70
     0
  0
APPID
  5
6C4C
330
9
100
AcDbSymbolTableRecord
100
AcDbRegAppTableRecord
  2
HATCHBACKGROUNDCOLOR
 70
     0
  0
APPID
  5
6C4D
330
9
100
AcDbSymbolTableRecord
100
AcDbRegAppTableRecord
  2
EZDXF
 70
     0
  0
ENDTAB
  0
TABLE
  2
DIMSTYLE
  5
A
330
0
100
AcDbSymbolTable
 70
     1
100
AcDbDimStyleTable
  0
DIMSTYLE
105
27
330
A
100
AcDbSymbolTableRecord
100
AcDbDimStyleTableRecord
  2
Standard
 70
     0
 41
2.5
 42
0.625
 43
3.75
 44
1.25
 49
2.5
 73
     0
 74
     0
 77
     1
 78
     8
 79
     3
140
2.5
141
2.5
143
0.03937007874
147
0.625
171
     3
172
     1
178
     0
179
     2
271
     2
272
     2
274
     3
278
    44
283
     0
284
     8
340
11
  0
ENDTAB
  0
TABLE
  2
BLOCK_RECORD
  5
1
330
0
100
AcDbSymbolTable
 70
     8
  0
BLOCK_RECORD
  5
1F
102
{ACAD_XDICTIONARY
360
15D
102
}
330
1
100
AcDbSymbolTableRecord
100
AcDbBlockTableRecord
  2
*Model_Space
340
22
 70
     0
280
     1
281
     0
  0
BLOCK_RECORD
  5
58
330
1
100
AcDbSymbolTableRecord
100
AcDbBlockTableRecord
  2
*Paper_Space
340
59
 70
     0
280
     1
281
     0
  0
BLOCK_RECORD
  5
5D
330
1
100
AcDbSymbolTableRecord
100
AcDbBlockTableRecord
  2
*Paper_Space0
340
5E
 70
     0
280
     1
281
     0
  0
BLOCK_RECORD
  5
4492
330
1
100
AcDbSymbolTableRecord
100
AcDbBlockTableRecord
  2
RRT
340
0
102
{BLKREFS
331
467C
331
4680
331
46B0
331
46B4
331
46DE
331
46E2
331
4712
331
4716
102
}
 70
     0
280
     1
281
     0
  0
BLOCK_RECORD
  5
44A5
330
1
100
AcDbSymbolTableRecord
100
AcDbBlockTableRecord
  2
CTR
340
0
102
{BLKREFS
331
473A
331
4740
331
4746
331
474C
331
475A
331
4760
331
4768
331
476E
102
}
 70
     4
280
     1
281
     0
1001
AcDbDynamicBlockGUID
1000
{D98DF382-C499-804D-8F9D-D42EB6DCC171}
  0
BLOCK_RECORD
  5
7552
330
1
100
AcDbSymbolTableRecord
100
AcDbBlockTableRecord
  2
UBSBI_IN_BIT
340
0
102
{BLKREFS
331
7561
102
}
 70
     4
280
     1
281
     0
  0
BLOCK_RECORD
  5
757F
330
1
100
AcDbSymbolTableRecord
100
AcDbBlockTableRecord
  2
UBSBIT_OUT_BIT
340
0
102
{BLKREFS
331
758E
102
}
 70
     4
280
     1
281
     0
  0
BLOCK_RECORD
  5
79AE
330
1
100
AcDbSymbolTableRecord
100
AcDbBlockTableRecord
  2
L-X
340
0
102
{BLKREFS
331
79B9
102
}
 70
     4
280
     1
281
     0
  0
BLOCK_RECORD
  5
7A54
102
{ACAD_XDICTIONARY
360
7A55
102
}
330
1
100
AcDbSymbolTableRecord
100
AcDbBlockTableRecord
  2
Front_Contact
340
0
102
{BLKREFS
331
7A53
331
7A6D
331
7A9C
331
7AA6
331
7AC4
331
7ACE
331
7AEC
331
7AF6
331
7B17
331
7B21
331
7B3F
331
7B49
331
7B67
331
7B71
331
7B8F
331
7B99
102
}
 70
     4
280
     1
281
     0
  0
BLOCK_RECORD
  5
7A78
102
{ACAD_XDICTIONARY
360
7A79
102
}
330
1
100
AcDbSymbolTableRecord
100
AcDbBlockTableRecord
  2
Back_Contact
340
0
102
{BLKREFS
331
7A77
331
7A92
331
7AB0
331
7ABA
331
7AD8
331
7AE2
331
7B00
331
7B0A
331
7B2B
331
7B35
331
7B53
331
7B5D
331
7B7B
331
7B85
331
7BA3
331
7BAD
102
}
 70
     4
280
     1
281
     0
  0
ENDTAB
  0
ENDSEC
  0
SECTION
  2
BLOCKS
  0
BLOCK
  5
20
330
1F
100
AcDbEntity
  8
0
100
AcDbBlockBegin
  2
*Model_Space
 70
     0
 10
0.0
 20
0.0
 30
0.0
  3
*Model_Space
  1

  0
ENDBLK
  5
21
330
1F
100
AcDbEntity
  8
0
100
AcDbBlockEnd
  0
BLOCK
  5
5A
330
58
100
AcDbEntity
 67
     1
  8
0
100
AcDbBlockBegin
  2
*Paper_Space
 70
     0
 10
0.0
 20
0.0
 30
0.0
  3
*Paper_Space
  1

  0
ENDBLK
  5
5B
330
58
100
AcDbEntity
 67
     1
  8
0
100
AcDbBlockEnd
  0
BLOCK
  5
5F
330
5D
100
AcDbEntity
  8
0
100
AcDbBlockBegin
  2
*Paper_Space0
 70
     0
 10
0.0
 20
0.0
 30
0.0
  3
*Paper_Space0
  1

  0
ENDBLK
  5
60
330
5D
100
AcDbEntity
  8
0
100
AcDbBlockEnd
  0
BLOCK
  5
4493
330
4492
100
AcDbEntity
  8
0
100
AcDbBlockBegin
  2
RRT
 70
     2
 10
0.0
 20
1.75
 30
0.0
  3
RRT
  1

  0
LINE
  5
4494
330
4492
100
AcDbEntity
  8
0
100
AcDbLine
 10
0.0
 20
0.0
 30
0.0
 11
0.0
 21
3.5
 31
0.0
  0
LINE
  5
4495
330
4492
100
AcDbEntity
  8
0
100
AcDbLine
 10
0.0
 20
3.5
 30
0.0
 11
2.5
 21
3.5
 31
0.0
  0
LINE
  5
4496
330
4492
100
AcDbEntity
  8
0
100
AcDbLine
 10
2.5
 20
3.5
 30
0.0
 11
2.5
 21
0.0
 31
0.0
  0
ATTDEF
  5
4497
330
4492
100
AcDbEntity
  8
0
100
AcDbText
 10
1.5
 20
9.0
 30
0.0
 40
2.0
  1

 72
     4
 11
1.5
 21
9.0
 31
0.0
100
AcDbAttributeDefinition
  3
Enter Relay rack no:
  2

 70
     0
280
     0
 71
     1
 72
     0
 11
1.5
 21
9.0
 31
0.0
  0
ATTDEF
  5
4498
330
4492
100
AcDbEntity
  8
0
100
AcDbText
 10
1.5
 20
6.0
 30
0.0
 40
2.0
  1

 72
     4
 11
1.5
 21
6.0
 31
0.0
100
AcDbAttributeDefinition
  3
Enter Terminal no:
  2

 70
     0
280
     0
 71
     1
 72
     0
 11
1.5
 21
6.0
 31
0.0
  0
ENDBLK
  5
4499
330
4492
100
AcDbEntity
  8
0
100
AcDbBlockEnd
  0
BLOCK
  5
44A6
330
44A5
100
AcDbEntity
  8
0
100
AcDbBlockBegin
  2
CTR
 70
     2
 10
0.0
 20
0.0
 30
0.0
  3
CTR
  1

  0
LWPOLYLINE
  5
44A7
330
44A5
100
AcDbEntity
  8
0
 62
     0
100
AcDbPolyline
 90
        2
 70
     1
 43
0.45
 10
-0.2250000000000227
 20
0.0
 42
1.0
 10
0.2250000000000227
 20
0.0
 42
1.0
  0
ARC
  5
44A8
330
44A5
100
AcDbEntity
  8
0
 62
     0
100
AcDbCircle
 10
0.0000006207004047
 20
-0.0000000000001926
 30
0.0
 40
0.9999999999999999
100
AcDbArc
 50
89.99999999999999
 51
269.9999288729762
  0
ATTDEF
  5
44A9
330
44A5
100
AcDbEntity
  8
0
100
AcDbText
 10
-2.520833333333333
 20
2.030550486234711
 30
0.0
 40
2.2
  1
CTR
  7
ISOCP
 72
     1
 11
0.0
 21
3.130550486234711
 31
0.0
100
AcDbAttributeDefinition
  3

  2
CTR
 70
     0
 74
     2
280
     0
 71
     1
 72
     0
 11
0.0
 21
3.130550486234711
 31
0.0
  0
ATTDEF
  5
44AA
330
44A5
100
AcDbEntity
  8
0
 62
     0
100
AcDbText
 10
-1.537708333333333
 20
-4.2
 30
0.0
 40
2.2
  1
??
  7
ISOCP
 72
     1
 11
0.0
 21
-2.0
 31
0.0
100
AcDbAttributeDefinition
  3

  2
POS
 70
     0
 74
     3
280
     0
 71
     1
 72
     0
 11
0.0
 21
-2.0
 31
0.0
  0
ENDBLK
  5
44AB
330
44A5
100
AcDbEntity
  8
0
100
AcDbBlockEnd
  0
BLOCK
  5
7553
330
7552
100
AcDbEntity
  8
0
100
AcDbBlockBegin
  2
UBSBI_IN_BIT
 70
     2
 10
0.0
 20
0.0
 30
0.0
  3
UBSBI_IN_BIT
  1

  0
ATTDEF
  5
7554
330
7552
100
AcDbEntity
  8
0
100
AcDbText
 10
137.9460357571401
 20
210.1507582021801
 30
0.0
 40
2.2
  1

  7
ISOCP
 72
     1
 11
137.9460357571401
 21
211.2507582021801
 31
0.0
100
AcDbAttributeDefinition
  3
BIT
  2
BIT1
 70
     0
 74
     2
280
     0
 71
     1
 72
     0
 11
137.9460357571401
 21
211.2507582021801
 31
0.0
  0
ATTDEF
  5
7555
330
7552
100
AcDbEntity
  8
0
100
AcDbText
 10
137.6330694810945
 20
151.1711888020468
 30
0.0
 40
2.2
  1

  7
ISOCP
 72
     1
 11
137.6330694810945
 21
152.2711888020468
 31
0.0
100
AcDbAttributeDefinition
  3
BIT
  2
BIT2
 70
     0
 74
     2
280
     0
 71
     1
 72
     0
 11
137.6330694810945
 21
152.2711888020468
 31
0.0
  0
ATTDEF
  5
7556
330
7552
100
AcDbEntity
  8
0
100
AcDbText
 10
137.9460357571401
 20
92.1916113871568
 30
0.0
 40
2.2
  1

  7
ISOCP
 72
     1
 11
137.9460357571401
 21
93.29161138715679
 31
0.0
100
AcDbAttributeDefinition
  3
BIT
  2
BIT3
 70
     0
 74
     2
280
     0
 71
     1
 72
     0
 11
137.9460357571401
 21
93.29161138715679
 31
0.0
  0
ATTDEF
  5
7557
330
7552
100
AcDbEntity
  8
0
100
AcDbText
 10
238.2986704669401
 20
113.1933569475141
 30
0.0
 40
2.2
  1

  7
ISOCP
 72
     1
 11
238.2986704669401
 21
114.2933569475141
 31
0.0
100
AcDbAttributeDefinition
  3
BIT
  2
BIT4
 70
     0
 74
     2
280
     0
 71
     1
 72
     0
 11
238.2986704669401
 21
114.2933569475141
 31
0.0
  0
ENDBLK
  5
7558
330
7552
100
AcDbEntity
  8
0
100
AcDbBlockEnd
  0
BLOCK
  5
7580
330
757F
100
AcDbEntity
  8
0
100
AcDbBlockBegin
  2
UBSBIT_OUT_BIT
 70
     2
 10
0.0
 20
0.0
 30
0.0
  3
UBSBIT_OUT_BIT
  1

  0
ATTDEF
  5
7581
330
757F
100
AcDbEntity
  8
0
100
AcDbText
 10
278.0361572439491
 20
218.8903177933674
 30
0.0
 40
2.2
  1

  7
ISOCP
 72
     1
 11
278.0361572439491
 21
219.9903177933674
 31
0.0
100
AcDbAttributeDefinition
  3
BIT
  2
BIT1
 70
     0
 74
     2
280
     0
 71
     1
 72
     0
 11
278.0361572439491
 21
219.9903177933674
 31
0.0
  0
ATTDEF
  5
7582
330
757F
100
AcDbEntity
  8
0
100
AcDbText
 10
278.0361572439491
 20
179.9096585314277
 30
0.0
 40
2.2
  1

  7
ISOCP
 72
     1
 11
278.0361572439491
 21
181.0096585314277
 31
0.0
100
AcDbAttributeDefinition
  3
BIT
  2
BIT2
 70
     0
 74
     2
280
     0
 71
     1
 72
     0
 11
278.0361572439491
 21
181.0096585314277
 31
0.0
  0
ATTDEF
  5
7583
330
757F
100
AcDbEntity
  8
0
100
AcDbText
 10
278.036157243949
 20
141.4352735209144
 30
0.0
 40
2.2
  1

  7
ISOCP
 72
     1
 11
278.036157243949
 21
142.5352735209144
 31
0.0
100
AcDbAttributeDefinition
  3
BIT
  2
BIT3
 70
     0
 74
     2
280
     0
 71
     1
 72
     0
 11
278.036157243949
 21
142.5352735209144
 31
0.0
  0
ATTDEF
  5
7584
330
757F
100
AcDbEntity
  8
0
100
AcDbText
 10
278.0361572439491
 20
101.8218442173269
 30
0.0
 40
2.2
  1

  7
ISOCP
 72
     1
 11
278.0361572439491
 21
102.9218442173269
 31
0.0
100
AcDbAttributeDefinition
  3
BIT
  2
BIT4
 70
     0
 74
     2
280
     0
 71
     1
 72
     0
 11
278.0361572439491
 21
102.9218442173269
 31
0.0
  0
ENDBLK
  5
7585
330
757F
100
AcDbEntity
  8
0
100
AcDbBlockEnd
  0
BLOCK
  5
79B7
330
79AE
100
AcDbEntity
  8
0
100
AcDbBlockBegin
  2
L-X
 70
     2
 10
0.0
 20
0.0
 30
0.0
  3
L-X
  1

  0
ATTDEF
  5
79AF
330
79AE
100
AcDbEntity
  8
0
100
AcDbText
 10
130.3309016504164
 20
228.9307656981601
 30
0.0
 40
2.2
  1

  7
SIMPLEXSTYLE
 72
     2
 11
130.3309016504164
 21
230.0307656981601
 31
0.0
100
AcDbAttributeDefinition
  3
L-X
  2
L-1
 70
     0
 74
     2
280
     0
 71
     1
 72
     0
 11
130.3309016504164
 21
230.0307656981601
 31
0.0
  0
ATTDEF
  5
79B0
330
79AE
100
AcDbEntity
  8
0
100
AcDbText
 10
130.3309016504164
 20
199.440976990715
 30
0.0
 40
2.2
  1

  7
SIMPLEXSTYLE
 72
     2
 11
130.3309016504164
 21
200.540976990715
 31
0.0
100
AcDbAttributeDefinition
  3
L-X
  2
L-2
 70
     0
 74
     2
280
     0
 71
     1
 72
     0
 11
130.3309016504164
 21
200.540976990715
 31
0.0
  0
ATTDEF
  5
79B1
330
79AE
100
AcDbEntity
  8
0
100
AcDbText
 10
130.3309016504165
 20
169.9511962980269
 30
0.0
 40
2.2
  1

  7
SIMPLEXSTYLE
 72
     2
 11
130.3309016504165
 21
171.0511962980269
 31
0.0
100
AcDbAttributeDefinition
  3
L-X
  2
L-3
 70
     0
 74
     2
280
     0
 71
     1
 72
     0
 11
130.3309016504165
 21
171.0511962980269
 31
0.0
  0
ATTDEF
  5
79B2
330
79AE
100
AcDbEntity
  8
0
100
AcDbText
 10
130.3309016504165
 20
140.4614075905818
 30
0.0
 40
2.2
  1

  7
SIMPLEXSTYLE
 72
     2
 11
130.3309016504165
 21
141.5614075905818
 31
0.0
100
AcDbAttributeDefinition
  3
L-X
  2
L-4
 70
     0
 74
     2
280
     0
 71
     1
 72
     0
 11
130.3309016504165
 21
141.5614075905818
 31
0.0
  0
ATTDEF
  5
79B3
330
79AE
100
AcDbEntity
  8
0
100
AcDbText
 10
130.3309016504168
 20
110.9716188831368
 30
0.0
 40
2.2
  1

  7
SIMPLEXSTYLE
 72
     2
 11
130.3309016504168
 21
112.0716188831368
 31
0.0
100
AcDbAttributeDefinition
  3
L-X
  2
L-5
 70
     0
 74
     2
280
     0
 71
     1
 72
     0
 11
130.3309016504168
 21
112.0716188831368
 31
0.0
  0
ATTDEF
  5
79B4
330
79AE
100
AcDbEntity
  8
0
100
AcDbText
 10
130.3309016504168
 20
81.48183017569171
 30
0.0
 40
2.2
  1

  7
SIMPLEXSTYLE
 72
     2
 11
130.3309016504168
 21
82.5818301756917
 31
0.0
100
AcDbAttributeDefinition
  3
L-X
  2
L-6
 70
     0
 74
     2
280
     0
 71
     1
 72
     0
 11
130.3309016504168
 21
82.5818301756917
 31
0.0
  0
ATTDEF
  5
79B5
330
79AE
100
AcDbEntity
  8
0
100
AcDbText
 10
230.689578367614
 20
132.956102412812
 30
0.0
 40
2.2
  1

  7
SIMPLEXSTYLE
 72
     2
 11
230.689578367614
 21
134.056102412812
 31
0.0
100
AcDbAttributeDefinition
  3
L-X
  2
L-7
 70
     0
 74
     2
280
     0
 71
     1
 72
     0
 11
230.689578367614
 21
134.056102412812
 31
0.0
  0
ATTDEF
  5
79B6
330
79AE
100
AcDbEntity
  8
0
100
AcDbText
 10
230.689578367614
 20
103.4663137053667
 30
0.0
 40
2.2
  1

  7
SIMPLEXSTYLE
 72
     2
 11
230.689578367614
 21
104.5663137053667
 31
0.0
100
AcDbAttributeDefinition
  3
L-X
  2
L-8
 70
     0
 74
     2
280
     0
 71
     1
 72
     0
 11
230.689578367614
 21
104.5663137053667
 31
0.0
  0
ENDBLK
  5
79B8
330
79AE
100
AcDbEntity
  8
0
100
AcDbBlockEnd
  0
BLOCK
  5
7A57
330
7A54
100
AcDbEntity
  8
0
100
AcDbBlockBegin
  2
Front_Contact
 70
     2
 10
0.0
 20
0.0
 30
0.0
  3
Front_Contact
  1

  4
Front contact for positive supply
  0
LWPOLYLINE
  5
7A58
330
7A54
100
AcDbEntity
  8
0
 62
     0
100
AcDbPolyline
 90
        2
 70
     0
 43
0.0
 10
8.0
 20
0.0
 10
0.0
 20
0.0
  0
LWPOLYLINE
  5
7A59
330
7A54
100
AcDbEntity
  8
0
 62
     0
100
AcDbPolyline
 90
        2
 70
     1
 43
0.75
 10
-0.375
 20
0.0
 42
1.0
 10
0.375
 20
0.0
 42
1.0
  0
LWPOLYLINE
  5
7A5A
330
7A54
100
AcDbEntity
  8
0
 62
     0
100
AcDbPolyline
 90
        3
 70
     0
 43
0.0
 10
8.75
 20
1.5
 10
8.0
 20
0.0
 10
7.250000000000114
 20
1.5
  0
ATTDEF
  5
7A5B
330
7A54
100
AcDbEntity
  8
0
100
AcDbText
 10
-1.717708333333333
 20
5.171711017146118
 30
0.0
 40
2.2
  1
S_NAME
  7
ISOCP
 72
     1
 11
4.0
 21
6.271711017146117
 31
0.0
100
AcDbAttributeDefinition
  3
Signal Name
  2
S_NAME
 70
     0
 74
     2
280
     0
 71
     1
 72
     0
 11
4.0
 21
6.271711017146117
 31
0.0
  0
ATTDEF
  5
7A5C
330
7A54
100
AcDbEntity
  8
0
100
AcDbText
 10
4.0
 20
2.067615775103741
 30
0.0
 40
2.2
  1

  7
ISOCP
 72
     1
 11
4.0
 21
3.167615775103741
 31
0.0
100
AcDbAttributeDefinition
  3
Relay Name
  2
R_NAME
 70
     0
 74
     2
280
     0
 71
     1
 72
     0
 11
4.0
 21
3.167615775103741
 31
0.0
  0
ATTDEF
  5
7A5D
330
7A54
100
AcDbEntity
  8
0
 62
     0
100
AcDbText
 10
0.0
 20
-3.2
 30
0.0
 40
2.2
  1

  7
ISOCP
 72
     1
 11
0.0
 21
-1.0
 31
0.0
100
AcDbAttributeDefinition
  3
ARM
  2
A
 70
     0
 74
     3
280
     0
 71
     1
 72
     0
 11
0.0
 21
-1.0
 31
0.0
  0
ATTDEF
  5
7A5E
330
7A54
100
AcDbEntity
  8
0
 62
     0
100
AcDbText
 10
8.0
 20
-3.2
 30
0.0
 40
2.2
  1

  7
ISOCP
 72
     1
 11
8.0
 21
-1.0
 31
0.0
100
AcDbAttributeDefinition
  3
FRONT
  2
F
 70
     0
 74
     3
280
     0
 71
     1
 72
     0
 11
8.0
 21
-1.0
 31
0.0
  0
ATTDEF
  5
7A5F
330
7A54
100
AcDbEntity
  8
0
100
AcDbText
 10
3.232291666666639
 20
-3.132201451073121
 30
0.0
 40
2.2
  1
C
  7
ISOCP
 72
     1
 11
3.999999999999972
 21
-2.032201451073121
 31
0.0
100
AcDbAttributeDefinition
  3
C
  2
C
 70
     0
 74
     2
280
     0
 71
     1
 72
     0
 11
3.999999999999972
 21
-2.032201451073121
 31
0.0
  0
ATTDEF
  5
7A60
330
7A54
100
AcDbEntity
  8
0
100
AcDbText
 10
4.045534728890289
 20
8.020192804134604
 30
0.0
 40
2.2
  1

  7
ISOCP
 72
     1
 11
4.045534728890289
 21
9.120192804134604
 31
0.0
100
AcDbAttributeDefinition
  3
Relay position
  2
R(POS)
 70
     0
 74
     2
280
     0
 71
     1
 72
     0
 11
4.045534728890289
 21
9.120192804134604
 31
0.0
  0
ATTDEF
  5
7A61
330
7A54
100
AcDbEntity
  8
0
100
AcDbText
 10
-0.091666666666665
 20
-5.5
 30
0.0
 40
2.0
  1

  7
ISOCP
 72
     1
 11
4.0
 21
-4.5
 31
0.0
100
AcDbAttributeDefinition
  3
WIRING_CNT
  2
WIRING
 70
     5
 74
     2
280
     1
 71
     1
 72
     0
 11
4.0
 21
-4.5
 31
0.0
  0
ATTDEF
  5
7A62
330
7A54
100
AcDbEntity
  8
0
100
AcDbText
 10
2.004983333333333
 20
-9.232899999999994
 30
0.0
 40
2.0
  1

  7
ISOCP
 72
     1
 11
4.302899999999999
 21
-8.232899999999994
 31
0.0
100
AcDbAttributeDefinition
  3
DIRECTION OF CONTACT
  2
DOC
 70
     5
 74
     2
280
     1
 71
     1
 72
     0
 11
4.302899999999999
 21
-8.232899999999994
 31
0.0
  0
ENDBLK
  5
7A63
330
7A54
100
AcDbEntity
  8
0
100
AcDbBlockEnd
  0
BLOCK
  5
7A7B
330
7A78
100
AcDbEntity
  8
0
100
AcDbBlockBegin
  2
Back_Contact
 70
     2
 10
0.0
 20
0.0
 30
0.0
  3
Back_Contact
  1

  4
Back contact for positive supply
  0
LINE
  5
7A7C
330
7A78
100
AcDbEntity
  8
0
 62
     0
100
AcDbLine
 10
8.750004609883732
 20
-1.499992178913061
 30
0.0
 11
8.000004609883732
 21
0.0000078210868821
 31
0.0
  0
LINE
  5
7A7D
330
7A78
100
AcDbEntity
  8
0
 62
     0
100
AcDbLine
 10
8.000004609883732
 20
0.0000078210868821
 30
0.0
 11
7.250004609883831
 21
-1.499992178913061
 31
0.0
  0
LWPOLYLINE
  5
7A7E
330
7A78
100
AcDbEntity
  8
0
 62
     0
100
AcDbPolyline
 90
        2
 70
     1
 43
0.7500000000000003
 10
-0.3749953901162826
 20
0.0000078210868821
 42
1.0
 10
0.3750046098837174
 20
0.0000078210868821
 42
1.0
  0
LWPOLYLINE
  5
7A7F
330
7A78
100
AcDbEntity
  8
0
 62
     0
100
AcDbPolyline
 90
        2
 70
     0
 43
0.0
 10
8.000004609883959
 20
-0.0000000000000284
 10
0.0000046098838311
 20
-0.0000000000000284
  0
ATTDEF
  5
7A80
330
7A78
100
AcDbEntity
  8
0
100
AcDbText
 10
-2.008735650481454
 20
4.950752625713708
 30
0.0
 40
2.311980220421041
  1
S_NAME
  7
ISOCP
 72
     1
 11
4.000004609883646
 21
6.106742735924229
 31
0.0
100
AcDbAttributeDefinition
  3
Signal Name
  2
S_NAME
 70
     0
 74
     2
280
     0
 71
     1
 72
     0
 11
4.000004609883646
 21
6.106742735924229
 31
0.0
  0
ATTDEF
  5
7A81
330
7A78
100
AcDbEntity
  8
0
100
AcDbText
 10
4.00000460988359
 20
1.889514875424655
 30
0.0
 40
2.311980220421041
  1

  7
ISOCP
 72
     1
 11
4.00000460988359
 21
3.045504985635176
 31
0.0
100
AcDbAttributeDefinition
  3
Relay Name
  2
R_NAME
 70
     0
 74
     2
280
     0
 71
     1
 72
     0
 11
4.00000460988359
 21
3.045504985635176
 31
0.0
  0
ATTDEF
  5
7A82
330
7A78
100
AcDbEntity
  8
0
 62
     0
100
AcDbText
 10
0.0000046098839448
 20
-4.068029883895881
 30
0.0
 40
2.311980220421041
  1

  7
ISOCP
 72
     1
 11
0.0000046098839448
 21
-1.75604966347484
 31
0.0
100
AcDbAttributeDefinition
  3
ARM
  2
A
 70
     0
 74
     3
280
     0
 71
     1
 72
     0
 11
0.0000046098839448
 21
-1.75604966347484
 31
0.0
  0
ATTDEF
  5
7A83
330
7A78
100
AcDbEntity
  8
0
 62
     0
100
AcDbText
 10
8.000004609883959
 20
-4.068029883895881
 30
0.0
 40
2.311980220421041
  1

  7
ISOCP
 72
     1
 11
8.000004609883959
 21
-1.75604966347484
 31
0.0
100
AcDbAttributeDefinition
  3
BACK
  2
B
 70
     0
 74
     3
280
     0
 71
     1
 72
     0
 11
8.000004609883959
 21
-1.75604966347484
 31
0.0
  0
ATTDEF
  5
7A84
330
7A78
100
AcDbEntity
  8
0
100
AcDbText
 10
3.113493534292883
 20
-3.893422972032536
 30
0.0
 40
2.311980220421041
  1
C
  7
ISOCP
 72
     1
 11
3.920278298710642
 21
-2.737432861822015
 31
0.0
100
AcDbAttributeDefinition
  3
C
  2
C
 70
     0
 74
     2
280
     0
 71
     1
 72
     0
 11
3.920278298710642
 21
-2.737432861822015
 31
0.0
  0
ATTDEF
  5
7A85
330
7A78
100
AcDbEntity
  8
0
100
AcDbText
 10
3.992258694013771
 20
7.82410665251118
 30
0.0
 40
2.311980220421041
  1

  7
ISOCP
 72
     1
 11
3.992258694013771
 21
8.9800967627217
 31
0.0
100
AcDbAttributeDefinition
  3
Relay position
  2
R(POS)
 70
     0
 74
     2
280
     0
 71
     1
 72
     0
 11
3.992258694013771
 21
8.9800967627217
 31
0.0
  0
ATTDEF
  5
7A86
330
7A78
100
AcDbEntity
  8
0
100
AcDbText
 10
-0.091666666666665
 20
-6.5
 30
0.0
 40
2.0
  1

  7
ISOCP
 72
     1
 11
4.0
 21
-5.5
 31
0.0
100
AcDbAttributeDefinition
  3
WIRING_CNT
  2
WIRING
 70
     5
 74
     2
280
     1
 71
     1
 72
     0
 11
4.0
 21
-5.5
 31
0.0
  0
ATTDEF
  5
7A87
330
7A78
100
AcDbEntity
  8
0
100
AcDbText
 10
2.004983333333333
 20
-10.23289999999999
 30
0.0
 40
2.0
  1

  7
ISOCP
 72
     1
 11
4.302899999999999
 21
-9.232899999999994
 31
0.0
100
AcDbAttributeDefinition
  3
DIRECTION OF CONTACT
  2
DOC
 70
     5
 74
     2
280
     1
 71
     1
 72
     0
 11
4.302899999999999
 21
-9.232899999999994
 31
0.0
  0
ENDBLK
  5
7A88
330
7A78
100
AcDbEntity
  8
0
100
AcDbBlockEnd
  0
ENDSEC
  0
SECTION
  2
ENTITIES
  0
LINE
  5
4620
330
1F
100
AcDbEntity
  8
0
100
AcDbLine
 10
272.8833593192788
 20
211.5809347717334
 30
0.0
 11
272.8833593192788
 21
76.110778416157
 31
0.0
  0
LINE
  5
4621
330
1F
100
AcDbEntity
  8
0
100
AcDbLine
 10
272.8833593192788
 20
211.5809347717335
 30
0.0
 11
272.8833593192788
 21
249.2491313343353
 31
0.0
  0
LINE
  5
4622
330
1F
100
AcDbEntity
  8
0
100
AcDbLine
 10
272.8833593192788
 20
249.2491313343353
 30
0.0
 11
282.8702663823727
 21
249.2491313343353
 31
0.0
  0
LINE
  5
4623
330
1F
100
AcDbEntity
  8
0
100
AcDbLine
 10
282.8702663823727
 20
249.2491313343353
 30
0.0
 11
282.8702663823727
 21
76.11077841615698
 31
0.0
  0
TEXT
  5
4624
330
1F
100
AcDbEntity
  8
0
100
AcDbText
 10
272.8762765264111
 20
255.8059663839629
 30
0.0
 40
1.877797656274224
  1
%%UOUTPUT
  7
SIMPLEXSTYLE
 72
     1
 11
278.2347062669936
 21
255.8059663839629
 31
0.0
100
AcDbText
  0
LINE
  5
4625
330
1F
100
AcDbEntity
  8
0
100
AcDbLine
 10
272.8833593192788
 20
76.110778416157
 30
0.0
 11
282.8702663823727
 21
76.11077841615698
 31
0.0
  0
CIRCLE
  5
4634
330
1F
100
AcDbEntity
  8
0
100
AcDbCircle
 10
278.0361572439491
 20
220.9016913046282
 30
0.0
 40
2.696710748911528
  0
CIRCLE
  5
4636
330
1F
100
AcDbEntity
  8
0
100
AcDbCircle
 10
278.0361572439491
 20
181.961745929755
 30
0.0
 40
2.696710748911528
  0
CIRCLE
  5
4638
330
1F
100
AcDbEntity
  8
0
100
AcDbCircle
 10
278.0361572439491
 20
143.0218005548817
 30
0.0
 40
2.696710748911528
  0
CIRCLE
  5
463A
330
1F
100
AcDbEntity
  8
0
100
AcDbCircle
 10
278.0361572439491
 20
104.0818551800083
 30
0.0
 40
2.696710748911528
  0
TEXT
  5
463D
330
1F
100
AcDbEntity
  8
0
100
AcDbText
 10
271.2220262101695
 20
251.9802031783412
 30
0.0
 40
1.877797656274224
  1
%%UMODULE 1
  7
SIMPLEXSTYLE
 72
     1
 11
278.2347062669936
 21
251.9802031783412
 31
0.0
100
AcDbText
  0
LINE
  5
464D
330
1F
100
AcDbEntity
  8
0
100
AcDbLine
 10
64.75955680554372
 20
226.2070260671634
 30
0.0
 11
132.8871911010387
 21
226.2070260671634
 31
0.0
  0
LINE
  5
464E
330
1F
100
AcDbEntity
  8
0
100
AcDbLine
 10
59.10745811763852
 20
196.7172373597184
 30
0.0
 11
132.8871911010387
 21
196.7172373597184
 31
0.0
  0
LINE
  5
464F
330
1F
100
AcDbEntity
  8
0
100
AcDbLine
 10
59.10745811763852
 20
208.5519699971813
 30
0.0
 11
59.10745811763852
 21
196.7172373597184
 31
0.0
  0
LINE
  5
4650
330
1F
100
AcDbEntity
  8
0
100
AcDbLine
 10
132.8871911010367
 20
213.9455089309534
 30
0.0
 11
132.8871911010367
 21
78.47535257537699
 31
0.0
  0
LINE
  5
4651
330
1F
100
AcDbEntity
  8
0
100
AcDbLine
 10
132.887191101035
 20
67.25337158729555
 30
0.0
 11
132.8871911010367
 21
213.9455089309534
 31
0.0
  0
LINE
  5
4652
330
1F
100
AcDbEntity
  8
0
100
AcDbLine
 10
132.8871911010367
 20
213.9455089309534
 30
0.0
 11
132.8871911010367
 21
251.6137054935553
 31
0.0
  0
LINE
  5
4653
330
1F
100
AcDbEntity
  8
0
100
AcDbLine
 10
132.8871911010367
 20
251.6137054935553
 30
0.0
 11
142.8740981641304
 21
251.6137054935553
 31
0.0
  0
LINE
  5
4654
330
1F
100
AcDbEntity
  8
0
100
AcDbLine
 10
142.8740981641304
 20
251.6137054935553
 30
0.0
 11
142.8740981641301
 21
67.25337158729543
 31
0.0
  0
LINE
  5
4657
330
1F
100
AcDbEntity
  8
0
100
AcDbLine
 10
132.887191101036
 20
67.25337158729555
 30
0.0
 11
142.8740981641297
 21
67.25337158729543
 31
0.0
  0
CIRCLE
  5
465A
330
1F
100
AcDbEntity
  8
0
100
AcDbCircle
 10
138.0460357571401
 20
212.1621317134409
 30
0.0
 40
2.696710748911528
  0
CIRCLE
  5
4660
330
1F
100
AcDbEntity
  8
0
100
AcDbCircle
 10
137.7330694810945
 20
153.1825623133076
 30
0.0
 40
2.696710748911528
  0
CIRCLE
  5
4662
330
1F
100
AcDbEntity
  8
0
100
AcDbCircle
 10
138.0460357571401
 20
94.20298489841731
 30
0.0
 40
2.696710748911528
  0
TEXT
  5
4674
330
1F
100
AcDbEntity
  8
0
100
AcDbText
 10
134.3108112843774
 20
258.1705405431829
 30
0.0
 40
1.877797656274224
  1
%%UINPUT
  7
SIMPLEXSTYLE
 72
     1
 11
138.238538048751
 21
258.1705405431829
 31
0.0
100
AcDbText
  0
TEXT
  5
4676
330
1F
100
AcDbEntity
  8
0
100
AcDbText
 10
131.2258579919269
 20
254.3447773375612
 30
0.0
 40
1.877797656274224
  1
%%UMODULE 1
  7
SIMPLEXSTYLE
 72
     1
 11
138.238538048751
 21
254.3447773375612
 31
0.0
100
AcDbText
  0
INSERT
  5
467C
330
1F
100
AcDbEntity
  8
0
100
AcDbBlockReference
 66
     1
  2
RRT
 10
103.0608434891194
 20
226.2070260671634
 30
0.0
 41
-0.9241130198199923
 42
0.9241130198199923
 43
0.9241130198199923
  0
ATTRIB
  5
467D
330
467C
100
AcDbEntity
  8
0
100
AcDbText
 10
101.6746739593893
 20
232.9068454608584
 30
0.0
 40
1.848226039639985
  1

 72
     4
 11
101.6746739593893
 21
232.9068454608584
 31
0.0
100
AcDbAttribute
  2

 70
     0
280
     0
 71
     1
 72
     0
 11
101.6746739593893
 21
232.9068454608584
 31
0.0
  0
ATTRIB
  5
467E
330
467C
100
AcDbEntity
  8
0
100
AcDbText
 10
101.6746739593893
 20
230.1345064013985
 30
0.0
 40
1.848226039639985
  1

 72
     4
 11
101.6746739593893
 21
230.1345064013985
 31
0.0
100
AcDbAttribute
  2

 70
     0
280
     0
 71
     1
 72
     0
 11
101.6746739593893
 21
230.1345064013985
 31
0.0
  0
SEQEND
  5
467F
330
467C
100
AcDbEntity
  8
0
  0
INSERT
  5
4680
330
1F
100
AcDbEntity
  8
0
100
AcDbBlockReference
 66
     1
  2
RRT
 10
103.0608434891194
 20
196.7172373597184
 30
0.0
 41
-0.9241130198199923
 42
0.9241130198199923
 43
0.9241130198199923
  0
ATTRIB
  5
4681
330
4680
100
AcDbEntity
  8
0
100
AcDbText
 10
101.6746739593893
 20
203.4170567534133
 30
0.0
 40
1.848226039639985
  1

 72
     4
 11
101.6746739593893
 21
203.4170567534133
 31
0.0
100
AcDbAttribute
  2

 70
     0
280
     0
 71
     1
 72
     0
 11
101.6746739593893
 21
203.4170567534133
 31
0.0
  0
ATTRIB
  5
4682
330
4680
100
AcDbEntity
  8
0
100
AcDbText
 10
101.6746739593893
 20
200.6447176939535
 30
0.0
 40
1.848226039639985
  1

 72
     4
 11
101.6746739593893
 21
200.6447176939535
 31
0.0
100
AcDbAttribute
  2

 70
     0
280
     0
 71
     1
 72
     0
 11
101.6746739593893
 21
200.6447176939535
 31
0.0
  0
SEQEND
  5
4683
330
4680
100
AcDbEntity
  8
0
  0
LINE
  5
4692
330
1F
100
AcDbEntity
  8
0
100
AcDbLine
 10
64.75955680554372
 20
211.462131713441
 30
0.0
 11
59.10745811763852
 21
208.5519699971813
 31
0.0
  0
LINE
  5
469B
330
1F
100
AcDbEntity
  8
0
100
AcDbLine
 10
64.75955680554384
 20
181.9723510207529
 30
0.0
 11
59.10745811763863
 21
179.0621893044931
 31
0.0
  0
LINE
  5
469C
330
1F
100
AcDbEntity
  8
0
100
AcDbLine
 10
59.10745811763863
 20
179.0621893044931
 30
0.0
 11
59.10745811763863
 21
167.2274566670303
 31
0.0
  0
LINE
  5
469D
330
1F
100
AcDbEntity
  8
0
100
AcDbLine
 10
59.10745811763863
 20
167.2274566670303
 30
0.0
 11
132.8871911010388
 21
167.2274566670303
 31
0.0
  0
LINE
  5
469E
330
1F
100
AcDbEntity
  8
0
100
AcDbLine
 10
59.10745811763863
 20
137.7376679595851
 30
0.0
 11
132.8871911010388
 21
137.7376679595853
 31
0.0
  0
LINE
  5
469F
330
1F
100
AcDbEntity
  8
0
100
AcDbLine
 10
59.10745811763863
 20
149.5724005970481
 30
0.0
 11
59.10745811763863
 21
137.7376679595851
 31
0.0
  0
INSERT
  5
46B0
330
1F
100
AcDbEntity
  8
0
100
AcDbBlockReference
 66
     1
  2
RRT
 10
103.0608434891195
 20
167.2274566670303
 30
0.0
 41
-0.9241130198199923
 42
0.9241130198199923
 43
0.9241130198199923
  0
ATTRIB
  5
46B1
330
46B0
100
AcDbEntity
  8
0
100
AcDbText
 10
101.6746739593894
 20
173.9272760607252
 30
0.0
 40
1.848226039639985
  1

 72
     4
 11
101.6746739593894
 21
173.9272760607252
 31
0.0
100
AcDbAttribute
  2

 70
     0
280
     0
 71
     1
 72
     0
 11
101.6746739593894
 21
173.9272760607252
 31
0.0
  0
ATTRIB
  5
46B2
330
46B0
100
AcDbEntity
  8
0
100
AcDbText
 10
101.6746739593894
 20
171.1549370012654
 30
0.0
 40
1.848226039639985
  1

 72
     4
 11
101.6746739593894
 21
171.1549370012654
 31
0.0
100
AcDbAttribute
  2

 70
     0
280
     0
 71
     1
 72
     0
 11
101.6746739593894
 21
171.1549370012654
 31
0.0
  0
SEQEND
  5
46B3
330
46B0
100
AcDbEntity
  8
0
  0
INSERT
  5
46B4
330
1F
100
AcDbEntity
  8
0
100
AcDbBlockReference
 66
     1
  2
RRT
 10
103.0608434891195
 20
137.7376679595853
 30
0.0
 41
-0.9241130198199923
 42
0.9241130198199923
 43
0.9241130198199923
  0
ATTRIB
  5
46B5
330
46B4
100
AcDbEntity
  8
0
100
AcDbText
 10
101.6746739593894
 20
144.4374873532801
 30
0.0
 40
1.848226039639985
  1

 72
     4
 11
101.6746739593894
 21
144.4374873532801
 31
0.0
100
AcDbAttribute
  2

 70
     0
280
     0
 71
     1
 72
     0
 11
101.6746739593894
 21
144.4374873532801
 31
0.0
  0
ATTRIB
  5
46B6
330
46B4
100
AcDbEntity
  8
0
100
AcDbText
 10
101.6746739593894
 20
141.6651482938202
 30
0.0
 40
1.848226039639985
  1

 72
     4
 11
101.6746739593894
 21
141.6651482938202
 31
0.0
100
AcDbAttribute
  2

 70
     0
280
     0
 71
     1
 72
     0
 11
101.6746739593894
 21
141.6651482938202
 31
0.0
  0
SEQEND
  5
46B7
330
46B4
100
AcDbEntity
  8
0
  0
LINE
  5
46C0
330
1F
100
AcDbEntity
  8
0
100
AcDbLine
 10
64.75955680554384
 20
152.4825623133077
 30
0.0
 11
59.10745811763863
 21
149.5724005970481
 31
0.0
  0
LINE
  5
46C9
330
1F
100
AcDbEntity
  8
0
100
AcDbLine
 10
64.75955680554407
 20
122.9927736058623
 30
0.0
 11
59.10745811763886
 21
120.0826118896027
 31
0.0
  0
LINE
  5
46CA
330
1F
100
AcDbEntity
  8
0
100
AcDbLine
 10
59.10745811763886
 20
120.0826118896027
 30
0.0
 11
59.10745811763886
 21
108.2478792521398
 31
0.0
  0
LINE
  5
46CB
330
1F
100
AcDbEntity
  8
0
100
AcDbLine
 10
59.10745811763886
 20
108.2478792521398
 30
0.0
 11
132.8871911010391
 21
108.2478792521398
 31
0.0
  0
LINE
  5
46CC
330
1F
100
AcDbEntity
  8
0
100
AcDbLine
 10
59.10745811763886
 20
78.75809054469475
 30
0.0
 11
132.8871911010391
 21
78.75809054469481
 31
0.0
  0
LINE
  5
46CD
330
1F
100
AcDbEntity
  8
0
100
AcDbLine
 10
59.10745811763886
 20
90.59282318215774
 30
0.0
 11
59.10745811763886
 21
78.75809054469475
 31
0.0
  0
INSERT
  5
46DE
330
1F
100
AcDbEntity
  8
0
100
AcDbBlockReference
 66
     1
  2
RRT
 10
103.0608434891197
 20
108.2478792521398
 30
0.0
 41
-0.9241130198199923
 42
0.9241130198199923
 43
0.9241130198199923
  0
ATTRIB
  5
46DF
330
46DE
100
AcDbEntity
  8
0
100
AcDbText
 10
101.6746739593897
 20
114.9476986458349
 30
0.0
 40
1.848226039639985
  1

 72
     4
 11
101.6746739593897
 21
114.9476986458349
 31
0.0
100
AcDbAttribute
  2

 70
     0
280
     0
 71
     1
 72
     0
 11
101.6746739593897
 21
114.9476986458349
 31
0.0
  0
ATTRIB
  5
46E0
330
46DE
100
AcDbEntity
  8
0
100
AcDbText
 10
101.6746739593897
 20
112.1753595863749
 30
0.0
 40
1.848226039639985
  1

 72
     4
 11
101.6746739593897
 21
112.1753595863749
 31
0.0
100
AcDbAttribute
  2

 70
     0
280
     0
 71
     1
 72
     0
 11
101.6746739593897
 21
112.1753595863749
 31
0.0
  0
SEQEND
  5
46E1
330
46DE
100
AcDbEntity
  8
0
  0
INSERT
  5
46E2
330
1F
100
AcDbEntity
  8
0
100
AcDbBlockReference
 66
     1
  2
RRT
 10
103.0608434891197
 20
78.75809054469481
 30
0.0
 41
-0.9241130198199923
 42
0.9241130198199923
 43
0.9241130198199923
  0
ATTRIB
  5
46E3
330
46E2
100
AcDbEntity
  8
0
100
AcDbText
 10
101.6746739593897
 20
85.45790993838976
 30
0.0
 40
1.848226039639985
  1

 72
     4
 11
101.6746739593897
 21
85.45790993838976
 31
0.0
100
AcDbAttribute
  2

 70
     0
280
     0
 71
     1
 72
     0
 11
101.6746739593897
 21
85.45790993838976
 31
0.0
  0
ATTRIB
  5
46E4
330
46E2
100
AcDbEntity
  8
0
100
AcDbText
 10
101.6746739593897
 20
82.68557087892985
 30
0.0
 40
1.848226039639985
  1

 72
     4
 11
101.6746739593897
 21
82.68557087892985
 31
0.0
100
AcDbAttribute
  2

 70
     0
280
     0
 71
     1
 72
     0
 11
101.6746739593897
 21
82.68557087892985
 31
0.0
  0
SEQEND
  5
46E5
330
46E2
100
AcDbEntity
  8
0
  0
LINE
  5
46EE
330
1F
100
AcDbEntity
  8
0
100
AcDbLine
 10
64.75955680554407
 20
93.50298489841738
 30
0.0
 11
59.10745811763886
 21
90.59282318215774
 31
0.0
  0
LINE
  5
46F7
330
1F
100
AcDbEntity
  8
0
100
AcDbLine
 10
64.75955208150796
 20
64.01319619097221
 30
0.0
 11
59.10745339360275
 21
61.10303447471252
 31
0.0
  0
LINE
  5
46F8
330
1F
100
AcDbEntity
  8
0
100
AcDbLine
 10
59.10745339360275
 20
61.10303447471252
 30
0.0
 11
59.10745339360275
 21
58.1443513153468
 31
0.0
  0
LINE
  5
46F9
330
1F
100
AcDbEntity
  8
0
100
AcDbLine
 10
233.2458678182329
 20
66.93986795327858
 30
0.0
 11
233.2458725422699
 21
145.8976146569269
 31
0.0
  0
LINE
  5
46FA
330
1F
100
AcDbEntity
  8
0
100
AcDbLine
 10
243.2327796053634
 20
145.8976146569269
 30
0.0
 11
243.2327796053625
 21
66.93986795327847
 31
0.0
  0
CIRCLE
  5
46FC
330
1F
100
AcDbEntity
  8
0
100
AcDbCircle
 10
238.3986704669401
 20
115.2047304587746
 30
0.0
 40
2.696710748911528
  0
LINE
  5
46FE
330
1F
100
AcDbEntity
  8
0
100
AcDbLine
 10
159.5661348348337
 20
140.8843574499602
 30
0.0
 11
159.5661348348337
 21
129.0496248124973
 31
0.0
  0
LINE
  5
46FF
330
1F
100
AcDbEntity
  8
0
100
AcDbLine
 10
159.5661348348337
 20
129.0496248124973
 30
0.0
 11
233.3458678182339
 21
129.0496248124973
 31
0.0
  0
LINE
  5
4700
330
1F
100
AcDbEntity
  8
0
100
AcDbLine
 10
159.5661348348337
 20
99.55983610505206
 30
0.0
 11
233.3458678182339
 21
99.55983610505206
 31
0.0
  0
LINE
  5
4701
330
1F
100
AcDbEntity
  8
0
100
AcDbLine
 10
159.5661348348337
 20
111.394568742515
 30
0.0
 11
159.5661348348337
 21
99.55983610505206
 31
0.0
  0
INSERT
  5
4712
330
1F
100
AcDbEntity
  8
0
100
AcDbBlockReference
 66
     1
  2
RRT
 10
203.5195202063146
 20
129.0496248124973
 30
0.0
 41
-0.9241130198199923
 42
0.9241130198199923
 43
0.9241130198199923
  0
ATTRIB
  5
4713
330
4712
100
AcDbEntity
  8
0
100
AcDbText
 10
202.1333506765845
 20
135.7494442061924
 30
0.0
 40
1.848226039639985
  1

 72
     4
 11
202.1333506765845
 21
135.7494442061924
 31
0.0
100
AcDbAttribute
  2

 70
     0
280
     0
 71
     1
 72
     0
 11
202.1333506765845
 21
135.7494442061924
 31
0.0
  0
ATTRIB
  5
4714
330
4712
100
AcDbEntity
  8
0
100
AcDbText
 10
202.1333506765845
 20
132.9771051467324
 30
0.0
 40
1.848226039639985
  1

 72
     4
 11
202.1333506765845
 21
132.9771051467324
 31
0.0
100
AcDbAttribute
  2

 70
     0
280
     0
 71
     1
 72
     0
 11
202.1333506765845
 21
132.9771051467324
 31
0.0
  0
SEQEND
  5
4715
330
4712
100
AcDbEntity
  8
0
  0
INSERT
  5
4716
330
1F
100
AcDbEntity
  8
0
100
AcDbBlockReference
 66
     1
  2
RRT
 10
203.5195202063146
 20
99.55983610505206
 30
0.0
 41
-0.9241130198199923
 42
0.9241130198199923
 43
0.9241130198199923
  0
ATTRIB
  5
4717
330
4716
100
AcDbEntity
  8
0
100
AcDbText
 10
202.1333506765845
 20
106.2596554987471
 30
0.0
 40
1.848226039639985
  1

 72
     4
 11
202.1333506765845
 21
106.2596554987471
 31
0.0
100
AcDbAttribute
  2

 70
     0
280
     0
 71
     1
 72
     0
 11
202.1333506765845
 21
106.2596554987471
 31
0.0
  0
ATTRIB
  5
4718
330
4716
100
AcDbEntity
  8
0
100
AcDbText
 10
202.1333506765845
 20
103.4873164392872
 30
0.0
 40
1.848226039639985
  1

 72
     4
 11
202.1333506765845
 21
103.4873164392872
 31
0.0
100
AcDbAttribute
  2

 70
     0
280
     0
 71
     1
 72
     0
 11
202.1333506765845
 21
103.4873164392872
 31
0.0
  0
SEQEND
  5
4719
330
4716
100
AcDbEntity
  8
0
  0
LINE
  5
4722
330
1F
100
AcDbEntity
  8
0
100
AcDbLine
 10
165.2182335227389
 20
114.3047304587747
 30
0.0
 11
159.5661348348337
 21
111.394568742515
 31
0.0
  0
TEXT
  5
472B
330
1F
100
AcDbEntity
  8
0
100
AcDbText
 10
158.3523860159712
 20
142.1686819241221
 30
0.0
 40
2.42
  1
X
  7
ROMANS
 72
     1
 11
159.5119693493045
 21
144.5886819241221
 31
0.0
100
AcDbText
 73
     3
  0
CIRCLE
  5
472C
330
1F
100
AcDbEntity
  8
0
100
AcDbCircle
 10
159.5661348348337
 20
143.3733997302
 30
0.0
 40
2.4890422802398
  0
TEXT
  5
472D
330
1F
100
AcDbEntity
  8
0
100
AcDbText
 10
57.89370457474021
 20
54.450591229029
 30
0.0
 40
2.42
  1
X
  7
ROMANS
 72
     1
 11
59.05328790807354
 21
56.870591229029
 31
0.0
100
AcDbText
 73
     3
  0
CIRCLE
  5
472E
330
1F
100
AcDbEntity
  8
0
100
AcDbCircle
 10
59.10745339360275
 20
55.655309035107
 30
0.0
 40
2.4890422802398
  0
LINE
  5
472F
330
1F
100
AcDbEntity
  8
0
100
AcDbLine
 10
233.2458725422699
 20
145.8976146569269
 30
0.0
 11
243.2327796053634
 21
145.8976146569268
 31
0.0
  0
LWPOLYLINE
  5
4730
330
1F
100
AcDbEntity
  8
0
100
AcDbPolyline
 90
        6
 70
     0
 43
0.0
 10
64.75955680554372
 20
226.2070260671634
 10
59.10745811763852
 20
223.2968643509038
 10
59.10745811763852
 20
211.462131713441
 10
78.41165549344893
 20
211.462131713441
 10
78.41165549344893
 20
223.2968643509038
 10
72.75955680554372
 20
226.2070260671634
  0
LWPOLYLINE
  5
4731
330
1F
100
AcDbEntity
  8
0
100
AcDbPolyline
 90
        6
 70
     0
 43
0.0
 10
64.95765728513801
 20
196.7172453744753
 10
59.3055585972328
 20
193.8070836582157
 10
59.3055585972328
 20
181.9723510207529
 10
78.60975597304322
 20
181.9723510207529
 10
78.60975597304322
 20
193.8070836582157
 10
72.95765728513801
 20
196.7172453744753
  0
LWPOLYLINE
  5
4732
330
1F
100
AcDbEntity
  8
0
100
AcDbPolyline
 90
        6
 70
     0
 43
0.0
 10
64.75955680554372
 20
167.2274566670303
 10
59.10745811763852
 20
164.3172949507706
 10
59.10745811763852
 20
152.4825623133077
 10
78.41165549344893
 20
152.4825623133077
 10
78.41165549344893
 20
164.3172949507706
 10
72.75955680554372
 20
167.2274566670303
  0
LWPOLYLINE
  5
4733
330
1F
100
AcDbEntity
  8
0
100
AcDbPolyline
 90
        6
 70
     0
 43
0.0
 10
64.95766129251665
 20
137.7376679595851
 10
59.30556260461144
 20
134.8275062433254
 10
59.30556260461144
 20
122.9927736058623
 10
78.60975998042186
 20
122.9927736058624
 10
78.60975998042186
 20
134.8275062433255
 10
72.95766129251665
 20
137.7376679595851
  0
LWPOLYLINE
  5
4734
330
1F
100
AcDbEntity
  8
0
100
AcDbPolyline
 90
        6
 70
     0
 43
0.0
 10
64.75955680554407
 20
108.2478792521398
 10
59.10745811763886
 20
105.3377175358801
 10
59.10745811763886
 20
93.50298489841732
 10
78.41165549344927
 20
93.50298489841735
 10
78.41165549344927
 20
105.3377175358802
 10
72.75955680554407
 20
108.2478792521398
  0
LWPOLYLINE
  5
4735
330
1F
100
AcDbEntity
  8
0
100
AcDbPolyline
 90
        6
 70
     0
 43
0.0
 10
64.95766129251687
 20
78.75809054469472
 10
59.30556260461167
 20
75.84792882843509
 10
59.30556260461167
 20
64.01319619097218
 10
78.60975998042208
 20
64.01319619097221
 10
78.60975998042208
 20
75.84792882843512
 10
72.95766129251687
 20
78.75809054469475
  0
LWPOLYLINE
  5
4736
330
1F
100
AcDbEntity
  8
0
100
AcDbPolyline
 90
        6
 70
     0
 43
0.0
 10
165.2182335227389
 20
129.0496248124973
 10
159.5661348348337
 20
126.1394630962377
 10
159.5661348348337
 20
114.3047304587746
 10
178.8703322106441
 20
114.3047304587747
 10
178.8703322106441
 20
126.1394630962377
 10
173.2182335227389
 20
129.0496248124973
  0
LWPOLYLINE
  5
4737
330
1F
100
AcDbEntity
  8
0
100
AcDbPolyline
 90
        6
 70
     0
 43
0.0
 10
165.4163380097118
 20
99.55983610505206
 10
159.7642393218065
 20
96.64967438879239
 10
159.7642393218065
 20
84.81494175132953
 10
179.068436697617
 20
84.81494175132956
 10
179.068436697617
 20
96.64967438879249
 10
173.4163380097118
 20
99.55983610505206
  0
INSERT
  5
473A
330
1F
100
AcDbEntity
  8
0
100
AcDbBlockReference
 66
     1
  2
CTR
 10
306.4167566336926
 20
231.0509074591698
 30
0.0
 41
1.024762559949282
 42
1.024762559949282
 43
1.024762559949282
  0
ATTRIB
  5
473B
330
473A
100
AcDbEntity
  8
0
100
AcDbText
 10
306.4167566336926
 20
233.13173957355
 30
0.0
 40
2.25447763188842
  1

  7
ISOCP
 72
     1
 11
306.4167566336926
 21
234.2589783894942
 31
0.0
100
AcDbAttribute
  2
CTR
 70
     0
 74
     2
280
     0
 71
     1
 72
     0
 11
306.4167566336926
 21
234.2589783894942
 31
0.0
  0
ATTRIB
  5
473C
330
473A
100
AcDbEntity
  8
0
 62
     0
100
AcDbText
 10
306.4167566336926
 20
226.7469047073829
 30
0.0
 40
2.25447763188842
  1

  7
ISOCP
 72
     1
 11
306.4167566336926
 21
229.0013823392713
 31
0.0
100
AcDbAttribute
  2
POS
 70
     0
 74
     3
280
     0
 71
     1
 72
     0
 11
306.4167566336926
 21
229.0013823392713
 31
0.0
  0
SEQEND
  5
473D
330
473A
100
AcDbEntity
  8
0
  0
INSERT
  5
4740
330
1F
100
AcDbEntity
  8
0
100
AcDbBlockReference
 66
     1
  2
CTR
 10
306.4167566336926
 20
211.5809347717332
 30
0.0
 41
1.024762559949282
 42
1.024762559949282
 43
1.024762559949282
  0
ATTRIB
  5
4741
330
4740
100
AcDbEntity
  8
0
100
AcDbText
 10
306.4167566336926
 20
213.6617668861134
 30
0.0
 40
2.25447763188842
  1

  7
ISOCP
 72
     1
 11
306.4167566336926
 21
214.7890057020576
 31
0.0
100
AcDbAttribute
  2
CTR
 70
     0
 74
     2
280
     0
 71
     1
 72
     0
 11
306.4167566336926
 21
214.7890057020576
 31
0.0
  0
ATTRIB
  5
4742
330
4740
100
AcDbEntity
  8
0
 62
     0
100
AcDbText
 10
306.4167566336926
 20
207.2769320199462
 30
0.0
 40
2.25447763188842
  1

  7
ISOCP
 72
     1
 11
306.4167566336926
 21
209.5314096518346
 31
0.0
100
AcDbAttribute
  2
POS
 70
     0
 74
     3
280
     0
 71
     1
 72
     0
 11
306.4167566336926
 21
209.5314096518346
 31
0.0
  0
SEQEND
  5
4743
330
4740
100
AcDbEntity
  8
0
  0
INSERT
  5
4746
330
1F
100
AcDbEntity
  8
0
100
AcDbBlockReference
 66
     1
  2
CTR
 10
306.4167566336926
 20
192.1109620842966
 30
0.0
 41
1.024762559949282
 42
1.024762559949282
 43
1.024762559949282
  0
ATTRIB
  5
4747
330
4746
100
AcDbEntity
  8
0
100
AcDbText
 10
306.4167566336926
 20
194.1917941986768
 30
0.0
 40
2.25447763188842
  1

  7
ISOCP
 72
     1
 11
306.4167566336926
 21
195.319033014621
 31
0.0
100
AcDbAttribute
  2
CTR
 70
     0
 74
     2
280
     0
 71
     1
 72
     0
 11
306.4167566336926
 21
195.319033014621
 31
0.0
  0
ATTRIB
  5
4748
330
4746
100
AcDbEntity
  8
0
 62
     0
100
AcDbText
 10
306.4167566336926
 20
187.8069593325096
 30
0.0
 40
2.25447763188842
  1

  7
ISOCP
 72
     1
 11
306.4167566336926
 21
190.061436964398
 31
0.0
100
AcDbAttribute
  2
POS
 70
     0
 74
     3
280
     0
 71
     1
 72
     0
 11
306.4167566336926
 21
190.061436964398
 31
0.0
  0
SEQEND
  5
4749
330
4746
100
AcDbEntity
  8
0
  0
INSERT
  5
474C
330
1F
100
AcDbEntity
  8
0
100
AcDbBlockReference
 66
     1
  2
CTR
 10
306.4167566336926
 20
172.64098939686
 30
0.0
 41
1.024762559949282
 42
1.024762559949282
 43
1.024762559949282
  0
ATTRIB
  5
474D
330
474C
100
AcDbEntity
  8
0
100
AcDbText
 10
306.4167566336926
 20
174.7218215112402
 30
0.0
 40
2.25447763188842
  1

  7
ISOCP
 72
     1
 11
306.4167566336926
 21
175.8490603271844
 31
0.0
100
AcDbAttribute
  2
CTR
 70
     0
 74
     2
280
     0
 71
     1
 72
     0
 11
306.4167566336926
 21
175.8490603271844
 31
0.0
  0
ATTRIB
  5
474E
330
474C
100
AcDbEntity
  8
0
 62
     0
100
AcDbText
 10
306.4167566336926
 20
168.336986645073
 30
0.0
 40
2.25447763188842
  1

  7
ISOCP
 72
     1
 11
306.4167566336926
 21
170.5914642769614
 31
0.0
100
AcDbAttribute
  2
POS
 70
     0
 74
     3
280
     0
 71
     1
 72
     0
 11
306.4167566336926
 21
170.5914642769614
 31
0.0
  0
SEQEND
  5
474F
330
474C
100
AcDbEntity
  8
0
  0
MTEXT
  5
4750
330
1F
100
AcDbEntity
  8
0
100
AcDbMText
 10
329.7921125984685
 20
233.2157046415821
 30
0.0
 40
2.5
 41
31.28267284908886
 46
0.0
 71
     5
 72
     5
  1
\PSH.NO:XXX
  7
ISOCP
 73
     1
 44
1.0
101
Embedded Object
 70
     1
 10
1.0
 20
0.0
 30
0.0
 11
329.7921125984685
 21
233.2157046415821
 31
0.0
 40
31.28267284908886
 41
0.0
 42
15.51041666666667
 43
6.666666666666667
 71
     2
 72
     1
 44
31.28267284908886
 45
9.990172111386347
 73
     0
 74
     0
 46
0.0
1001
AcadAnnotative
1000
AnnotativeData
1002
{
1070
     1
1070
     0
1002
}
  0
MTEXT
  5
4751
330
1F
100
AcDbEntity
  8
0
100
AcDbMText
 10
329.7921125984685
 20
213.7457319541455
 30
0.0
 40
2.5
 41
31.28267284908886
 46
0.0
 71
     5
 72
     5
  1
\PSH.NO:XXX
  7
ISOCP
 73
     1
 44
1.0
101
Embedded Object
 70
     1
 10
1.0
 20
0.0
 30
0.0
 11
329.7921125984685
 21
213.7457319541455
 31
0.0
 40
31.28267284908886
 41
0.0
 42
15.51041666666667
 43
6.666666666666667
 71
     2
 72
     1
 44
31.28267284908886
 45
9.990172111386347
 73
     0
 74
     0
 46
0.0
1001
AcadAnnotative
1000
AnnotativeData
1002
{
1070
     1
1070
     0
1002
}
  0
MTEXT
  5
4752
330
1F
100
AcDbEntity
  8
0
100
AcDbMText
 10
329.7921125984685
 20
194.2757592667088
 30
0.0
 40
2.5
 41
31.28267284908886
 46
0.0
 71
     5
 72
     5
  1
\PSH.NO:XXX
  7
ISOCP
 73
     1
 44
1.0
101
Embedded Object
 70
     1
 10
1.0
 20
0.0
 30
0.0
 11
329.7921125984685
 21
194.2757592667088
 31
0.0
 40
31.28267284908886
 41
0.0
 42
15.51041666666667
 43
6.666666666666667
 71
     2
 72
     1
 44
31.28267284908886
 45
9.990172111386347
 73
     0
 74
     0
 46
-6.666666666666667
  0
MTEXT
  5
4753
330
1F
100
AcDbEntity
  8
0
100
AcDbMText
 10
329.7921125984685
 20
174.8057865792722
 30
0.0
 40
2.5
 41
31.28267284908886
 46
0.0
 71
     5
 72
     5
  1
\PSH.NO:XXX
  7
ISOCP
 73
     1
 44
1.0
101
Embedded Object
 70
     1
 10
1.0
 20
0.0
 30
0.0
 11
329.7921125984685
 21
174.8057865792722
 31
0.0
 40
31.28267284908886
 41
0.0
 42
15.51041666666667
 43
6.666666666666667
 71
     2
 72
     1
 44
31.28267284908886
 45
9.990172111386347
 73
     0
 74
     0
 46
-6.666666666666667
  0
INSERT
  5
475A
330
1F
100
AcDbEntity
  8
0
100
AcDbBlockReference
 66
     1
  2
CTR
 10
306.4167566336926
 20
153.1710167094234
 30
0.0
 41
1.024762559949282
 42
1.024762559949282
 43
1.024762559949282
  0
ATTRIB
  5
475B
330
475A
100
AcDbEntity
  8
0
100
AcDbText
 10
306.4167566336926
 20
155.2518488238036
 30
0.0
 40
2.25447763188842
  1

  7
ISOCP
 72
     1
 11
306.4167566336926
 21
156.3790876397478
 31
0.0
100
AcDbAttribute
  2
CTR
 70
     0
 74
     2
280
     0
 71
     1
 72
     0
 11
306.4167566336926
 21
156.3790876397478
 31
0.0
  0
ATTRIB
  5
475C
330
475A
100
AcDbEntity
  8
0
 62
     0
100
AcDbText
 10
306.4167566336926
 20
148.8670139576364
 30
0.0
 40
2.25447763188842
  1

  7
ISOCP
 72
     1
 11
306.4167566336926
 21
151.1214915895248
 31
0.0
100
AcDbAttribute
  2
POS
 70
     0
 74
     3
280
     0
 71
     1
 72
     0
 11
306.4167566336926
 21
151.1214915895248
 31
0.0
  0
SEQEND
  5
475D
330
475A
100
AcDbEntity
  8
0
  0
INSERT
  5
4760
330
1F
100
AcDbEntity
  8
0
100
AcDbBlockReference
 66
     1
  2
CTR
 10
306.4167566336926
 20
133.7010440219868
 30
0.0
 41
1.024762559949282
 42
1.024762559949282
 43
1.024762559949282
  0
ATTRIB
  5
4761
330
4760
100
AcDbEntity
  8
0
100
AcDbText
 10
306.4167566336926
 20
135.781876136367
 30
0.0
 40
2.25447763188842
  1

  7
ISOCP
 72
     1
 11
306.4167566336926
 21
136.9091149523112
 31
0.0
100
AcDbAttribute
  2
CTR
 70
     0
 74
     2
280
     0
 71
     1
 72
     0
 11
306.4167566336926
 21
136.9091149523112
 31
0.0
  0
ATTRIB
  5
4762
330
4760
100
AcDbEntity
  8
0
 62
     0
100
AcDbText
 10
306.4167566336926
 20
129.3970412701998
 30
0.0
 40
2.25447763188842
  1

  7
ISOCP
 72
     1
 11
306.4167566336926
 21
131.6515189020882
 31
0.0
100
AcDbAttribute
  2
POS
 70
     0
 74
     3
280
     0
 71
     1
 72
     0
 11
306.4167566336926
 21
131.6515189020882
 31
0.0
  0
SEQEND
  5
4763
330
4760
100
AcDbEntity
  8
0
  0
MTEXT
  5
4764
330
1F
100
AcDbEntity
  8
0
100
AcDbMText
 10
329.7921125984685
 20
155.3358138918356
 30
0.0
 40
2.5
 41
31.28267284908886
 46
0.0
 71
     5
 72
     5
  1
\PSH.NO:XXX
  7
ISOCP
 73
     1
 44
1.0
101
Embedded Object
 70
     1
 10
1.0
 20
0.0
 30
0.0
 11
329.7921125984685
 21
155.3358138918356
 31
0.0
 40
31.28267284908886
 41
0.0
 42
15.51041666666667
 43
6.666666666666667
 71
     2
 72
     1
 44
31.28267284908886
 45
9.990172111386347
 73
     0
 74
     0
 46
-6.666666666666667
  0
MTEXT
  5
4765
330
1F
100
AcDbEntity
  8
0
100
AcDbMText
 10
329.7921125984685
 20
135.865841204399
 30
0.0
 40
2.5
 41
31.28267284908886
 46
6.666666666666667
 71
     5
 72
     5
  1
{\PSH.NO:XXX}
  7
ISOCP
 73
     1
 44
1.0
101
Embedded Object
 70
     1
 10
1.0
 20
0.0
 30
0.0
 11
329.7921125984685
 21
135.865841204399
 31
0.0
 40
31.28267284908886
 41
6.666666666666667
 42
15.51041666666667
 43
6.666666666666667
 71
     2
 72
     1
 44
31.28267284908884
 45
31.28267284908884
 73
     0
 74
     0
 46
-6.666666666666667
  0
INSERT
  5
4768
330
1F
100
AcDbEntity
  8
0
100
AcDbBlockReference
 66
     1
  2
CTR
 10
306.4167566336926
 20
114.2310713345501
 30
0.0
 41
1.024762559949282
 42
1.024762559949282
 43
1.024762559949282
  0
ATTRIB
  5
4769
330
4768
100
AcDbEntity
  8
0
100
AcDbText
 10
306.4167566336926
 20
116.3119034489302
 30
0.0
 40
2.25447763188842
  1

  7
ISOCP
 72
     1
 11
306.4167566336926
 21
117.4391422648744
 31
0.0
100
AcDbAttribute
  2
CTR
 70
     0
 74
     2
280
     0
 71
     1
 72
     0
 11
306.4167566336926
 21
117.4391422648744
 31
0.0
  0
ATTRIB
  5
476A
330
4768
100
AcDbEntity
  8
0
 62
     0
100
AcDbText
 10
306.4167566336926
 20
109.927068582763
 30
0.0
 40
2.25447763188842
  1

  7
ISOCP
 72
     1
 11
306.4167566336926
 21
112.1815462146514
 31
0.0
100
AcDbAttribute
  2
POS
 70
     0
 74
     3
280
     0
 71
     1
 72
     0
 11
306.4167566336926
 21
112.1815462146514
 31
0.0
  0
SEQEND
  5
476B
330
4768
100
AcDbEntity
  8
0
  0
INSERT
  5
476E
330
1F
100
AcDbEntity
  8
0
100
AcDbBlockReference
 66
     1
  2
CTR
 10
306.4167566336926
 20
94.76109864711346
 30
0.0
 41
1.024762559949282
 42
1.024762559949282
 43
1.024762559949282
  0
ATTRIB
  5
476F
330
476E
100
AcDbEntity
  8
0
100
AcDbText
 10
306.4167566336926
 20
96.84193076149363
 30
0.0
 40
2.25447763188842
  1

  7
ISOCP
 72
     1
 11
306.4167566336926
 21
97.96916957743784
 31
0.0
100
AcDbAttribute
  2
CTR
 70
     0
 74
     2
280
     0
 71
     1
 72
     0
 11
306.4167566336926
 21
97.96916957743784
 31
0.0
  0
ATTRIB
  5
4770
330
476E
100
AcDbEntity
  8
0
 62
     0
100
AcDbText
 10
306.4167566336926
 20
90.45709589532645
 30
0.0
 40
2.25447763188842
  1

  7
ISOCP
 72
     1
 11
306.4167566336926
 21
92.71157352721487
 31
0.0
100
AcDbAttribute
  2
POS
 70
     0
 74
     3
280
     0
 71
     1
 72
     0
 11
306.4167566336926
 21
92.71157352721487
 31
0.0
  0
SEQEND
  5
4771
330
476E
100
AcDbEntity
  8
0
  0
MTEXT
  5
4772
330
1F
100
AcDbEntity
  8
0
100
AcDbMText
 10
329.7921125984685
 20
116.3958685169622
 30
0.0
 40
2.5
 41
31.28267284908886
 46
0.0
 71
     5
 72
     5
  1
\PSH.NO:XXX
  7
ISOCP
 73
     1
 44
1.0
101
Embedded Object
 70
     1
 10
1.0
 20
0.0
 30
0.0
 11
329.7921125984685
 21
116.3958685169622
 31
0.0
 40
31.28267284908886
 41
0.0
 42
15.51041666666667
 43
6.666666666666667
 71
     2
 72
     1
 44
31.28267284908886
 45
9.990172111386347
 73
     0
 74
     0
 46
-6.666666666666667
  0
MTEXT
  5
4773
330
1F
100
AcDbEntity
  8
0
100
AcDbMText
 10
329.7921125984685
 20
96.92589582952566
 30
0.0
 40
2.5
 41
31.28267284908886
 46
0.0
 71
     5
 72
     5
  1
\PSH.NO:XXX
  7
ISOCP
 73
     1
 44
1.0
101
Embedded Object
 70
     1
 10
1.0
 20
0.0
 30
0.0
 11
329.7921125984685
 21
96.92589582952566
 31
0.0
 40
31.28267284908886
 41
0.0
 42
15.51041666666667
 43
6.666666666666667
 71
     2
 72
     1
 44
31.28267284908886
 45
9.990172111386347
 73
     0
 74
     0
 46
-6.666666666666667
  0
TEXT
  5
4774
330
1F
100
AcDbEntity
  8
0
100
AcDbText
 10
317.302805611491
 20
229.846189653092
 30
0.0
 40
2.42
  1
1
  7
ROMANS
 72
     1
 11
318.2733264448243
 21
232.266189653092
 31
0.0
100
AcDbText
 73
     3
  0
CIRCLE
  5
4775
330
1F
100
AcDbEntity
  8
0
100
AcDbCircle
 10
318.3274919303535
 20
231.05090745917
 30
0.0
 40
2.4890422802398
  0
TEXT
  5
4776
330
1F
100
AcDbEntity
  8
0
100
AcDbText
 10
317.113743111491
 20
210.3762169656554
 30
0.0
 40
2.42
  1
2
  7
ROMANS
 72
     1
 11
318.2733264448243
 21
212.7962169656554
 31
0.0
100
AcDbText
 73
     3
  0
CIRCLE
  5
4777
330
1F
100
AcDbEntity
  8
0
100
AcDbCircle
 10
318.3274919303535
 20
211.5809347717334
 30
0.0
 40
2.4890422802398
  0
TEXT
  5
4778
330
1F
100
AcDbEntity
  8
0
100
AcDbText
 10
317.113743111491
 20
190.9062442782188
 30
0.0
 40
2.42
  1
3
  7
ROMANS
 72
     1
 11
318.2733264448243
 21
193.3262442782188
 31
0.0
100
AcDbText
 73
     3
  0
CIRCLE
  5
4779
330
1F
100
AcDbEntity
  8
0
100
AcDbCircle
 10
318.3274919303535
 20
192.1109620842968
 30
0.0
 40
2.4890422802398
  0
TEXT
  5
477A
330
1F
100
AcDbEntity
  8
0
100
AcDbText
 10
317.0633264448244
 20
171.4362715907822
 30
0.0
 40
2.42
  1
4
  7
ROMANS
 72
     1
 11
318.2733264448244
 21
173.8562715907822
 31
0.0
100
AcDbText
 73
     3
  0
CIRCLE
  5
477B
330
1F
100
AcDbEntity
  8
0
100
AcDbCircle
 10
318.3274919303536
 20
172.6409893968601
 30
0.0
 40
2.4890422802398
  0
TEXT
  5
477C
330
1F
100
AcDbEntity
  8
0
100
AcDbText
 10
317.113743111491
 20
151.9662989033455
 30
0.0
 40
2.42
  1
5
  7
ROMANS
 72
     1
 11
318.2733264448243
 21
154.3862989033455
 31
0.0
100
AcDbText
 73
     3
  0
CIRCLE
  5
477D
330
1F
100
AcDbEntity
  8
0
100
AcDbCircle
 10
318.3274919303535
 20
153.1710167094235
 30
0.0
 40
2.4890422802398
  0
TEXT
  5
477E
330
1F
100
AcDbEntity
  8
0
100
AcDbText
 10
317.0633264448244
 20
132.4963262159089
 30
0.0
 40
2.42
  1
6
  7
ROMANS
 72
     1
 11
318.2733264448244
 21
134.9163262159089
 31
0.0
100
AcDbText
 73
     3
  0
CIRCLE
  5
477F
330
1F
100
AcDbEntity
  8
0
100
AcDbCircle
 10
318.3274919303536
 20
133.7010440219869
 30
0.0
 40
2.4890422802398
  0
TEXT
  5
4780
330
1F
100
AcDbEntity
  8
0
100
AcDbText
 10
317.113743111491
 20
113.0263535284721
 30
0.0
 40
2.42
  1
7
  7
ROMANS
 72
     1
 11
318.2733264448243
 21
115.4463535284721
 31
0.0
100
AcDbText
 73
     3
  0
CIRCLE
  5
4781
330
1F
100
AcDbEntity
  8
0
100
AcDbCircle
 10
318.3274919303535
 20
114.2310713345501
 30
0.0
 40
2.4890422802398
  0
TEXT
  5
4782
330
1F
100
AcDbEntity
  8
0
100
AcDbText
 10
317.113743111491
 20
93.55638084103549
 30
0.0
 40
2.42
  1
8
  7
ROMANS
 72
     1
 11
318.2733264448243
 21
95.97638084103549
 31
0.0
100
AcDbText
 73
     3
  0
CIRCLE
  5
4783
330
1F
100
AcDbEntity
  8
0
100
AcDbCircle
 10
318.3274919303535
 20
94.76109864711349
 30
0.0
 40
2.4890422802398
  0
LWPOLYLINE
  5
5522
330
1F
100
AcDbEntity
  8
0
  6
ACAD_ISO02W100
 48
0.5
370
    25
100
AcDbPolyline
 90
        4
 70
     1
 43
0.0
 10
37.12038526320384
 20
271.8679989601143
 10
251.1396327684727
 20
271.8679989601143
 10
251.1396327684727
 20
50.38021962934921
 10
37.12038526320384
 20
50.38021962934921
  0
LWPOLYLINE
  5
5523
330
1F
100
AcDbEntity
  8
0
  6
ACAD_ISO02W100
 48
0.5
370
    25
100
AcDbPolyline
 90
        4
 70
     1
 43
0.0
 10
256.3003810687617
 20
271.8679989601143
 10
400.8013184500339
 20
271.8679989601143
 10
400.8013184500339
 20
50.38021962934921
 10
256.3003810687617
 20
50.38021962934921
  0
LINE
  5
6175
330
1F
100
AcDbEntity
  8
0
100
AcDbLine
 10
59.10745811763852
 20
226.2070260671636
 30
0.0
 11
59.10745811763854
 21
240.6105549303225
 31
0.0
  0
LINE
  5
617D
330
1F
100
AcDbEntity
  8
0
100
AcDbLine
 10
59.10745811763852
 20
226.2070260671636
 30
0.0
 11
64.75955680554378
 21
226.2070260671634
 31
0.0
  0
MTEXT
  5
63F9
330
1F
100
AcDbEntity
  8
0
100
AcDbMText
 10
340.5612940381128
 20
68.56399987902559
 30
0.0
 40
2.464
 41
24.02088855743003
 46
0.0
 71
     5
 72
     5
  1
{\LNOTE:}
  7
ISOCP
 73
     1
 44
1.0
101
Embedded Object
 70
     1
 10
1.0
 20
0.0
 30
0.0
 11
340.5612940381128
 21
68.56399987902559
 31
0.0
 40
24.02088855743003
 41
0.0
 42
7.638399999999999
 43
2.9568
 71
     2
 72
     1
 44
24.02088855743003
 45
9.990172111386347
 73
     0
 74
     0
 46
-2.9568
  0
MTEXT
  5
63FA
102
{ACAD_XDICTIONARY
360
63FB
102
}
330
1F
100
AcDbEntity
  8
0
100
AcDbMText
 10
364.7716218434821
 20
60.85896126564391
 30
0.0
 40
2.464
 41
46.64841554511011
 46
0.0
 71
     5
 72
     5
  1
FUSE AND TERMINAL DETAILS TO BE UPDATED AT SITE
  7
ISOCP
 73
     1
 44
1.0
101
Embedded Object
 70
     1
 10
1.0
 20
0.0
 30
0.0
 11
364.7716218434821
 21
60.85896126564391
 31
0.0
 40
46.64841554511011
 41
0.0
 42
42.62719999999999
 43
6.570666666666666
 71
     2
 72
     1
 44
46.64841554511011
 45
9.990172111386347
 73
     0
 74
     0
 46
-6.62207333146268
  0
LINE
  5
6696
330
1F
100
AcDbEntity
  8
0
100
AcDbLine
 10
233.2458678182329
 20
66.93986795327858
 30
0.0
 11
243.2327748813266
 21
66.93986795327847
 31
0.0
  0
LINE
  5
6C7D
330
1F
100
AcDbEntity
  8
0
100
AcDbLine
 10
282.8702663823727
 20
133.701044021987
 30
0.0
 11
315.8384496501137
 21
133.701044021987
 31
0.0
  0
LINE
  5
6C7F
330
1F
100
AcDbEntity
  8
0
100
AcDbLine
 10
315.8384496501137
 20
153.1710167094235
 30
0.0
 11
282.8702663823727
 21
153.1710167094236
 31
0.0
  0
LINE
  5
6C80
330
1F
100
AcDbEntity
  8
0
100
AcDbLine
 10
282.8702663823727
 20
153.1710167094236
 30
0.0
 11
315.8384496501137
 21
153.1710167094235
 31
0.0
  0
LINE
  5
6C81
330
1F
100
AcDbEntity
  8
0
100
AcDbLine
 10
282.8702663823727
 20
172.6409893968602
 30
0.0
 11
315.8384496501138
 21
172.6409893968601
 31
0.0
  0
LINE
  5
6C83
330
1F
100
AcDbEntity
  8
0
100
AcDbLine
 10
315.8384496501137
 20
192.1109620842967
 30
0.0
 11
282.8702663823727
 21
192.1109620842968
 31
0.0
  0
LINE
  5
6C84
330
1F
100
AcDbEntity
  8
0
100
AcDbLine
 10
282.8702663823727
 20
192.1109620842968
 30
0.0
 11
315.8384496501137
 21
192.1109620842967
 31
0.0
  0
LINE
  5
6C85
330
1F
100
AcDbEntity
  8
0
100
AcDbLine
 10
282.8702663823727
 20
211.5809347717334
 30
0.0
 11
315.8384496501137
 21
211.5809347717334
 31
0.0
  0
LINE
  5
6C88
330
1F
100
AcDbEntity
  8
0
100
AcDbLine
 10
282.8702663823727
 20
231.05090745917
 30
0.0
 11
315.8384496501137
 21
231.05090745917
 31
0.0
  0
LINE
  5
6C89
330
1F
100
AcDbEntity
  8
0
100
AcDbLine
 10
282.8702663823727
 20
94.76109864711366
 30
0.0
 11
315.8384496501137
 21
94.76109864711349
 31
0.0
  0
LINE
  5
6C8C
330
1F
100
AcDbEntity
  8
0
100
AcDbLine
 10
282.8702663823727
 20
114.2310713345503
 30
0.0
 11
315.8384496501137
 21
114.2310713345503
 31
0.0
  0
LINE
  5
6C8F
330
1F
100
AcDbEntity
  8
0
100
AcDbLine
 10
315.8384496501137
 20
114.2310713345503
 30
0.0
 11
282.8702663823727
 21
114.2310713345503
 31
0.0
  0
LINE
  5
6C92
330
1F
100
AcDbEntity
  8
0
100
AcDbLine
 10
315.8384496501137
 20
231.05090745917
 30
0.0
 11
282.8702663823727
 21
231.05090745917
 31
0.0
  0
INSERT
  5
7561
330
1F
100
AcDbEntity
  8
0
100
AcDbBlockReference
 66
     1
  2
UBSBI_IN_BIT
 10
0.0
 20
0.9113735112607912
 30
0.0
  0
ATTRIB
  5
7562
330
7561
100
AcDbEntity
  8
0
100
AcDbText
 10
137.4074940904734
 20
211.0621317134409
 30
0.0
 40
2.2
  1
1
  7
ISOCP
 72
     1
 11
137.9460357571401
 21
212.1621317134409
 31
0.0
100
AcDbAttribute
  2
BIT1
 70
     0
 74
     2
280
     0
 71
     1
 72
     0
 11
137.9460357571401
 21
212.1621317134409
 31
0.0
  0
ATTRIB
  5
7563
330
7561
100
AcDbEntity
  8
0
100
AcDbText
 10
136.8653611477612
 20
152.0825623133076
 30
0.0
 40
2.2
  1
2
  7
ISOCP
 72
     1
 11
137.6330694810945
 21
153.1825623133076
 31
0.0
100
AcDbAttribute
  2
BIT2
 70
     0
 74
     2
280
     0
 71
     1
 72
     0
 11
137.6330694810945
 21
153.1825623133076
 31
0.0
  0
ATTRIB
  5
7564
330
7561
100
AcDbEntity
  8
0
100
AcDbText
 10
137.1783274238068
 20
93.10298489841759
 30
0.0
 40
2.2
  1
3
  7
ISOCP
 72
     1
 11
137.9460357571401
 21
94.20298489841758
 31
0.0
100
AcDbAttribute
  2
BIT3
 70
     0
 74
     2
280
     0
 71
     1
 72
     0
 11
137.9460357571401
 21
94.20298489841758
 31
0.0
  0
ATTRIB
  5
7565
330
7561
100
AcDbEntity
  8
0
100
AcDbText
 10
237.4278371336068
 20
114.1047304587749
 30
0.0
 40
2.2
  1
4
  7
ISOCP
 72
     1
 11
238.2986704669401
 21
115.2047304587749
 31
0.0
100
AcDbAttribute
  2
BIT4
 70
     0
 74
     2
280
     0
 71
     1
 72
     0
 11
238.2986704669401
 21
115.2047304587749
 31
0.0
  0
SEQEND
  5
7566
330
7561
100
AcDbEntity
  8
0
  0
INSERT
  5
758E
330
1F
100
AcDbEntity
  8
0
100
AcDbBlockReference
 66
     1
  2
UBSBIT_OUT_BIT
 10
0.0
 20
0.9113735112607912
 30
0.0
  0
ATTRIB
  5
758F
330
758E
100
AcDbEntity
  8
0
100
AcDbText
 10
277.4976155772824
 20
219.8016913046282
 30
0.0
 40
2.2
  1
1
  7
ISOCP
 72
     1
 11
278.0361572439491
 21
220.9016913046282
 31
0.0
100
AcDbAttribute
  2
BIT1
 70
     0
 74
     2
280
     0
 71
     1
 72
     0
 11
278.0361572439491
 21
220.9016913046282
 31
0.0
  0
ATTRIB
  5
7590
330
758E
100
AcDbEntity
  8
0
100
AcDbText
 10
277.2684489106157
 20
180.8210320426885
 30
0.0
 40
2.2
  1
2
  7
ISOCP
 72
     1
 11
278.0361572439491
 21
181.9210320426885
 31
0.0
100
AcDbAttribute
  2
BIT2
 70
     0
 74
     2
280
     0
 71
     1
 72
     0
 11
278.0361572439491
 21
181.9210320426885
 31
0.0
  0
ATTRIB
  5
7591
330
758E
100
AcDbEntity
  8
0
100
AcDbText
 10
277.2684489106156
 20
142.3466470321752
 30
0.0
 40
2.2
  1
3
  7
ISOCP
 72
     1
 11
278.036157243949
 21
143.4466470321752
 31
0.0
100
AcDbAttribute
  2
BIT3
 70
     0
 74
     2
280
     0
 71
     1
 72
     0
 11
278.036157243949
 21
143.4466470321752
 31
0.0
  0
ATTRIB
  5
7592
330
758E
100
AcDbEntity
  8
0
100
AcDbText
 10
277.1653239106158
 20
102.7332177285877
 30
0.0
 40
2.2
  1
4
  7
ISOCP
 72
     1
 11
278.0361572439491
 21
103.8332177285877
 31
0.0
100
AcDbAttribute
  2
BIT4
 70
     0
 74
     2
280
     0
 71
     1
 72
     0
 11
278.0361572439491
 21
103.8332177285877
 31
0.0
  0
SEQEND
  5
7593
330
758E
100
AcDbEntity
  8
0
  0
MTEXT
  5
75CB
330
1F
100
AcDbEntity
  8
0
100
AcDbMText
 10
96.12548370268081
 20
268.5882027223574
 30
0.0
 40
2.5
 41
34.81092958187904
 46
2.5
 71
     5
 72
     5
  1
{\LLOC1}
  7
ISOCP
 73
     1
 44
1.0
  0
MTEXT
  5
75CC
330
1F
100
AcDbEntity
  8
0
100
AcDbMText
 10
342.0758488411546
 20
268.5882027223574
 30
0.0
 40
2.5
 41
34.81092958187901
 46
2.5
 71
     5
 72
     5
  1
{\LLOC2}
  7
ISOCP
 73
     1
 44
1.0
  0
MTEXT
  5
75EA
330
1F
100
AcDbEntity
  8
0
100
AcDbMText
 10
138.8856918360442
 20
263.5202795831223
 30
0.0
 40
2.5
 41
34.81092958187904
 46
2.5
 71
     5
 72
     5
  1
{\LUFSBI-XX}
  7
ROMAND
 73
     1
 44
1.0
  0
MTEXT
  5
75EB
330
1F
100
AcDbEntity
  8
0
100
AcDbMText
 10
277.6908949948613
 20
260.669504838511
 30
0.0
 40
2.5
 41
34.81092958187904
 46
2.5
 71
     5
 72
     5
  1
{\LUFSBI-XX}
  7
ROMAND
 73
     1
 44
1.0
  0
MTEXT
  5
760A
330
1F
100
AcDbEntity
  8
0
100
AcDbMText
 10
224.6171916516764
 20
279.1993581660792
 30
0.0
 40
2.5
 41
34.81092958187904
 46
2.5
 71
     5
 72
     5
  1
{\LUFSBI-XX}
  7
ROMAND
 73
     1
 44
1.0
  0
LINE
  5
7632
330
1F
100
AcDbEntity
  8
0
100
AcDbLine
 10
165.1345803376156
 20
84.8149417513298
 30
0.0
 11
159.4824816497104
 21
81.90478003507016
 31
0.0
  0
LINE
  5
7633
330
1F
100
AcDbEntity
  8
0
100
AcDbLine
 10
159.4824816497104
 20
81.90478003507016
 30
0.0
 11
159.4824816497104
 21
75.98741371633871
 31
0.0
  0
MTEXT
  5
7975
330
1F
100
AcDbEntity
  8
0
100
AcDbMText
 10
225.9686759718307
 20
284.5319985374767
 30
0.0
 40
3.0
 41
113.309241345981
 46
3.0
 71
     5
 72
     5
  1
{\LLOC1 TO LOC2}
  7
ROMAND
 73
     1
 44
1.0
  0
INSERT
  5
79B9
330
1F
100
AcDbEntity
  8
0
100
AcDbBlockReference
 66
     1
  2
L-X
 10
-2.100000000000001
 20
-0.7
 30
0.0
  0
ATTRIB
  5
79BA
330
79B9
100
AcDbEntity
  8
0
100
AcDbText
 10
122.2594730789879
 20
228.2307656981601
 30
0.0
 40
2.2
  1
L-2
  7
SIMPLEXSTYLE
 72
     2
 11
128.2309016504165
 21
229.3307656981601
 31
0.0
100
AcDbAttribute
  2
L-1
 70
     0
 74
     2
280
     0
 71
     1
 72
     0
 11
128.2309016504165
 21
229.3307656981601
 31
0.0
  0
ATTRIB
  5
79BB
330
79B9
100
AcDbEntity
  8
0
100
AcDbText
 10
122.2594730789879
 20
198.740976990715
 30
0.0
 40
2.2
  1
L-3
  7
SIMPLEXSTYLE
 72
     2
 11
128.2309016504165
 21
199.840976990715
 31
0.0
100
AcDbAttribute
  2
L-2
 70
     0
 74
     2
280
     0
 71
     1
 72
     0
 11
128.2309016504165
 21
199.840976990715
 31
0.0
  0
ATTRIB
  5
79BC
330
79B9
100
AcDbEntity
  8
0
100
AcDbText
 10
122.1448897456547
 20
169.2511962980269
 30
0.0
 40
2.2
  1
L-4
  7
SIMPLEXSTYLE
 72
     2
 11
128.2309016504166
 21
170.3511962980269
 31
0.0
100
AcDbAttribute
  2
L-3
 70
     0
 74
     2
280
     0
 71
     1
 72
     0
 11
128.2309016504166
 21
170.3511962980269
 31
0.0
  0
ATTRIB
  5
79BD
330
79B9
100
AcDbEntity
  8
0
100
AcDbText
 10
122.259473078988
 20
139.7614075905818
 30
0.0
 40
2.2
  1
L-5
  7
SIMPLEXSTYLE
 72
     2
 11
128.2309016504166
 21
140.8614075905818
 31
0.0
100
AcDbAttribute
  2
L-4
 70
     0
 74
     2
280
     0
 71
     1
 72
     0
 11
128.2309016504166
 21
140.8614075905818
 31
0.0
  0
ATTRIB
  5
79BE
330
79B9
100
AcDbEntity
  8
0
100
AcDbText
 10
122.3740564123217
 20
110.2716188831368
 30
0.0
 40
2.2
  1
L-6
  7
SIMPLEXSTYLE
 72
     2
 11
128.2309016504169
 21
111.3716188831368
 31
0.0
100
AcDbAttribute
  2
L-5
 70
     0
 74
     2
280
     0
 71
     1
 72
     0
 11
128.2309016504169
 21
111.3716188831368
 31
0.0
  0
ATTRIB
  5
79BF
330
79B9
100
AcDbEntity
  8
0
100
AcDbText
 10
122.2594730789883
 20
80.78183017569175
 30
0.0
 40
2.2
  1
L-7
  7
SIMPLEXSTYLE
 72
     2
 11
128.2309016504169
 21
81.88183017569175
 31
0.0
100
AcDbAttribute
  2
L-6
 70
     0
 74
     2
280
     0
 71
     1
 72
     0
 11
128.2309016504169
 21
81.88183017569175
 31
0.0
  0
ATTRIB
  5
79C0
330
79B9
100
AcDbEntity
  8
0
100
AcDbText
 10
222.6181497961855
 20
132.256102412812
 30
0.0
 40
2.2
  1
L-8
  7
SIMPLEXSTYLE
 72
     2
 11
228.5895783676141
 21
133.356102412812
 31
0.0
100
AcDbAttribute
  2
L-7
 70
     0
 74
     2
280
     0
 71
     1
 72
     0
 11
228.5895783676141
 21
133.356102412812
 31
0.0
  0
ATTRIB
  5
79C1
330
79B9
100
AcDbEntity
  8
0
100
AcDbText
 10
222.7327331295189
 20
102.7663137053667
 30
0.0
 40
2.2
  1
L-9
  7
SIMPLEXSTYLE
 72
     2
 11
228.5895783676141
 21
103.8663137053667
 31
0.0
100
AcDbAttribute
  2
L-8
 70
     0
 74
     2
280
     0
 71
     1
 72
     0
 11
228.5895783676141
 21
103.8663137053667
 31
0.0
  0
SEQEND
  5
79C2
330
79B9
100
AcDbEntity
  8
0
  0
INSERT
  5
7B17
330
1F
100
AcDbEntity
  8
0
100
AcDbBlockReference
 66
     1
  2
Front_Contact
 10
64.75955680554372
 20
226.2070260671631
 30
0.0
  0
ATTRIB
  5
7B18
330
7B17
100
AcDbEntity
  8
0
100
AcDbText
 10
64.80414013887706
 20
231.3787370843092
 30
0.0
 40
2.2
  1
XXXX
  7
ISOCP
 72
     1
 11
68.75955680554372
 21
232.4787370843092
 31
0.0
100
AcDbAttribute
  2
S_NAME
 70
     0
 74
     2
280
     0
 71
     1
 72
     0
 11
68.75955680554372
 21
232.4787370843092
 31
0.0
  0
ATTRIB
  5
7B19
330
7B17
100
AcDbEntity
  8
0
100
AcDbText
 10
64.80414013887706
 20
228.2746418422668
 30
0.0
 40
2.2
  1
XXXX
  7
ISOCP
 72
     1
 11
68.75955680554372
 21
229.3746418422668
 31
0.0
100
AcDbAttribute
  2
R_NAME
 70
     0
 74
     2
280
     0
 71
     1
 72
     0
 11
68.75955680554372
 21
229.3746418422668
 31
0.0
  0
ATTRIB
  5
7B1A
330
7B17
100
AcDbEntity
  8
0
 62
     0
100
AcDbText
 10
63.77414013887706
 20
223.0070260671631
 30
0.0
 40
2.2
  1
X
  7
ISOCP
 72
     1
 11
64.75955680554372
 21
225.2070260671631
 31
0.0
100
AcDbAttribute
  2
A
 70
     0
 74
     3
280
     0
 71
     1
 72
     0
 11
64.75955680554372
 21
225.2070260671631
 31
0.0
  0
ATTRIB
  5
7B1B
330
7B17
100
AcDbEntity
  8
0
 62
     0
100
AcDbText
 10
71.77414013887706
 20
223.0070260671631
 30
0.0
 40
2.2
  1
X
  7
ISOCP
 72
     1
 11
72.75955680554372
 21
225.2070260671631
 31
0.0
100
AcDbAttribute
  2
F
 70
     0
 74
     3
280
     0
 71
     1
 72
     0
 11
72.75955680554372
 21
225.2070260671631
 31
0.0
  0
ATTRIB
  5
7B1C
330
7B17
100
AcDbEntity
  8
0
100
AcDbText
 10
67.77414013887703
 20
223.07482461609
 30
0.0
 40
2.2
  1
X
  7
ISOCP
 72
     1
 11
68.7595568055437
 21
224.17482461609
 31
0.0
100
AcDbAttribute
  2
C
 70
     0
 74
     2
280
     0
 71
     1
 72
     0
 11
68.7595568055437
 21
224.17482461609
 31
0.0
  0
ATTRIB
  5
7B1D
330
7B17
100
AcDbEntity
  8
0
100
AcDbText
 10
63.85967486776735
 20
234.2272188712977
 30
0.0
 40
2.2
  1
XXXXX
  7
ISOCP
 72
     1
 11
68.80509153443401
 21
235.3272188712977
 31
0.0
100
AcDbAttribute
  2
R(POS)
 70
     0
 74
     2
280
     0
 71
     1
 72
     0
 11
68.80509153443401
 21
235.3272188712977
 31
0.0
  0
ATTRIB
  5
7B1E
330
7B17
100
AcDbEntity
  8
0
100
AcDbText
 10
67.56454013887705
 20
216.9741260671631
 30
0.0
 40
2.0
  1
RF
  7
ISOCP
 72
     1
 11
69.06245680554372
 21
217.9741260671631
 31
0.0
100
AcDbAttribute
  2
DOC
 70
     5
 74
     2
280
     1
 71
     1
 72
     0
 11
69.06245680554372
 21
217.9741260671631
 31
0.0
  0
ATTRIB
  5
7B1F
330
7B17
100
AcDbEntity
  8
0
100
AcDbText
 10
68.06164013887705
 20
220.7070260671631
 30
0.0
 40
2.0
  1
2
  7
ISOCP
 72
     1
 11
68.75955680554372
 21
221.7070260671631
 31
0.0
100
AcDbAttribute
  2
WIRING
 70
     5
 74
     2
280
     1
 71
     1
 72
     0
 11
68.75955680554372
 21
221.7070260671631
 31
0.0
  0
SEQEND
  5
7B20
330
7B17
100
AcDbEntity
  8
0
  0
INSERT
  5
7B21
330
1F
100
AcDbEntity
  8
0
100
AcDbBlockReference
 66
     1
  2
Front_Contact
 10
64.75955680554372
 20
211.4621317134406
 30
0.0
  0
ATTRIB
  5
7B22
330
7B21
100
AcDbEntity
  8
0
100
AcDbText
 10
64.80414013887706
 20
216.6338427305867
 30
0.0
 40
2.2
  1
XXXX
  7
ISOCP
 72
     1
 11
68.75955680554372
 21
217.7338427305867
 31
0.0
100
AcDbAttribute
  2
S_NAME
 70
     0
 74
     2
280
     0
 71
     1
 72
     0
 11
68.75955680554372
 21
217.7338427305867
 31
0.0
  0
ATTRIB
  5
7B23
330
7B21
100
AcDbEntity
  8
0
100
AcDbText
 10
64.80414013887706
 20
213.5297474885443
 30
0.0
 40
2.2
  1
XXXX
  7
ISOCP
 72
     1
 11
68.75955680554372
 21
214.6297474885443
 31
0.0
100
AcDbAttribute
  2
R_NAME
 70
     0
 74
     2
280
     0
 71
     1
 72
     0
 11
68.75955680554372
 21
214.6297474885443
 31
0.0
  0
ATTRIB
  5
7B24
330
7B21
100
AcDbEntity
  8
0
 62
     0
100
AcDbText
 10
63.77414013887706
 20
208.2621317134406
 30
0.0
 40
2.2
  1
X
  7
ISOCP
 72
     1
 11
64.75955680554372
 21
210.4621317134406
 31
0.0
100
AcDbAttribute
  2
A
 70
     0
 74
     3
280
     0
 71
     1
 72
     0
 11
64.75955680554372
 21
210.4621317134406
 31
0.0
  0
ATTRIB
  5
7B25
330
7B21
100
AcDbEntity
  8
0
 62
     0
100
AcDbText
 10
71.77414013887706
 20
208.2621317134406
 30
0.0
 40
2.2
  1
X
  7
ISOCP
 72
     1
 11
72.75955680554372
 21
210.4621317134406
 31
0.0
100
AcDbAttribute
  2
F
 70
     0
 74
     3
280
     0
 71
     1
 72
     0
 11
72.75955680554372
 21
210.4621317134406
 31
0.0
  0
ATTRIB
  5
7B26
330
7B21
100
AcDbEntity
  8
0
100
AcDbText
 10
67.77414013887703
 20
208.3299302623675
 30
0.0
 40
2.2
  1
X
  7
ISOCP
 72
     1
 11
68.7595568055437
 21
209.4299302623675
 31
0.0
100
AcDbAttribute
  2
C
 70
     0
 74
     2
280
     0
 71
     1
 72
     0
 11
68.7595568055437
 21
209.4299302623675
 31
0.0
  0
ATTRIB
  5
7B27
330
7B21
100
AcDbEntity
  8
0
100
AcDbText
 10
63.85967486776735
 20
219.4823245175752
 30
0.0
 40
2.2
  1
XXXXX
  7
ISOCP
 72
     1
 11
68.80509153443401
 21
220.5823245175752
 31
0.0
100
AcDbAttribute
  2
R(POS)
 70
     0
 74
     2
280
     0
 71
     1
 72
     0
 11
68.80509153443401
 21
220.5823245175752
 31
0.0
  0
ATTRIB
  5
7B28
330
7B21
100
AcDbEntity
  8
0
100
AcDbText
 10
67.56454013887705
 20
202.2292317134406
 30
0.0
 40
2.0
  1
RF
  7
ISOCP
 72
     1
 11
69.06245680554372
 21
203.2292317134406
 31
0.0
100
AcDbAttribute
  2
DOC
 70
     5
 74
     2
280
     1
 71
     1
 72
     0
 11
69.06245680554372
 21
203.2292317134406
 31
0.0
  0
ATTRIB
  5
7B29
330
7B21
100
AcDbEntity
  8
0
100
AcDbText
 10
67.56997347221039
 20
205.9621317134406
 30
0.0
 40
2.0
  1
21
  7
ISOCP
 72
     1
 11
68.75955680554372
 21
206.9621317134406
 31
0.0
100
AcDbAttribute
  2
WIRING
 70
     5
 74
     2
280
     1
 71
     1
 72
     0
 11
68.75955680554372
 21
206.9621317134406
 31
0.0
  0
SEQEND
  5
7B2A
330
7B21
100
AcDbEntity
  8
0
  0
INSERT
  5
7B2B
330
1F
100
AcDbEntity
  8
0
100
AcDbBlockReference
 66
     1
  2
Back_Contact
 10
64.75955208150751
 20
196.717237359718
 30
0.0
 41
1.024762559949282
 42
1.024762559949282
 43
1.024762559949282
  0
ATTRIB
  5
7B2C
330
7B2B
100
AcDbEntity
  8
0
100
AcDbText
 10
64.59892755816131
 20
201.79058329412
 30
0.0
 40
2.369230769230771
  1
XXXX
  7
ISOCP
 72
     1
 11
68.8586070453408
 21
202.9751986787354
 31
0.0
100
AcDbAttribute
  2
S_NAME
 70
     0
 74
     2
280
     0
 71
     1
 72
     0
 11
68.8586070453408
 21
202.9751986787354
 31
0.0
  0
ATTRIB
  5
7B2D
330
7B2B
100
AcDbEntity
  8
0
100
AcDbText
 10
64.59892755816125
 20
198.6535414605204
 30
0.0
 40
2.369230769230771
  1
XXXX
  7
ISOCP
 72
     1
 11
68.85860704534075
 21
199.8381568451358
 31
0.0
100
AcDbAttribute
  2
R_NAME
 70
     0
 74
     2
280
     0
 71
     1
 72
     0
 11
68.85860704534075
 21
199.8381568451358
 31
0.0
  0
ATTRIB
  5
7B2E
330
7B2B
100
AcDbEntity
  8
0
 62
     0
100
AcDbText
 10
63.69833885682603
 20
192.5484726419467
 30
0.0
 40
2.369230769230771
  1
X
  7
ISOCP
 72
     1
 11
64.75955680554398
 21
194.9177034111774
 31
0.0
100
AcDbAttribute
  2
A
 70
     0
 74
     3
280
     0
 71
     1
 72
     0
 11
64.75955680554398
 21
194.9177034111774
 31
0.0
  0
ATTRIB
  5
7B2F
330
7B2B
100
AcDbEntity
  8
0
 62
     0
100
AcDbText
 10
71.8964393364203
 20
192.5484726419467
 30
0.0
 40
2.369230769230771
  1
X
  7
ISOCP
 72
     1
 11
72.95765728513825
 21
194.9177034111774
 31
0.0
100
AcDbAttribute
  2
B
 70
     0
 74
     3
280
     0
 71
     1
 72
     0
 11
72.95765728513825
 21
194.9177034111774
 31
0.0
  0
ATTRIB
  5
7B30
330
7B2B
100
AcDbEntity
  8
0
100
AcDbText
 10
67.71568855788989
 20
192.7274032679326
 30
0.0
 40
2.369230769230771
  1
X
  7
ISOCP
 72
     1
 11
68.77690650660784
 21
193.912018652548
 31
0.0
100
AcDbAttribute
  2
C
 70
     0
 74
     2
280
     0
 71
     1
 72
     0
 11
68.77690650660784
 21
193.912018652548
 31
0.0
  0
ATTRIB
  5
7B31
330
7B2B
100
AcDbEntity
  8
0
100
AcDbText
 10
63.5248359874315
 20
204.7350889222615
 30
0.0
 40
2.369230769230771
  1
XXXXX
  7
ISOCP
 72
     1
 11
68.85066932076484
 21
205.9197043068769
 31
0.0
100
AcDbAttribute
  2
R(POS)
 70
     0
 74
     2
280
     0
 71
     1
 72
     0
 11
68.85066932076484
 21
205.9197043068769
 31
0.0
  0
ATTRIB
  5
7B32
330
7B2B
100
AcDbEntity
  8
0
100
AcDbText
 10
67.537922492794
 20
186.230944560013
 30
0.0
 40
2.049525119898564
  1
RB
  7
ISOCP
 72
     1
 11
69.16900290071327
 21
187.2557071199623
 31
0.0
100
AcDbAttribute
  2
DOC
 70
     5
 74
     2
280
     1
 71
     1
 72
     0
 11
69.16900290071327
 21
187.2557071199623
 31
0.0
  0
ATTRIB
  5
7B33
330
7B2B
100
AcDbEntity
  8
0
100
AcDbText
 10
68.14340345134002
 20
190.0562807200477
 30
0.0
 40
2.049525119898564
  1
2
  7
ISOCP
 72
     1
 11
68.85860232130463
 21
191.0810432799969
 31
0.0
100
AcDbAttribute
  2
WIRING
 70
     5
 74
     2
280
     1
 71
     1
 72
     0
 11
68.85860232130463
 21
191.0810432799969
 31
0.0
  0
SEQEND
  5
7B34
330
7B2B
100
AcDbEntity
  8
0
  0
INSERT
  5
7B35
330
1F
100
AcDbEntity
  8
0
100
AcDbBlockReference
 66
     1
  2
Back_Contact
 10
64.75955208150762
 20
181.9723430059954
 30
0.0
 41
1.024762559949282
 42
1.024762559949282
 43
1.024762559949282
  0
ATTRIB
  5
7B36
330
7B35
100
AcDbEntity
  8
0
100
AcDbText
 10
64.59892755816142
 20
187.0456889403974
 30
0.0
 40
2.369230769230771
  1
XXXX
  7
ISOCP
 72
     1
 11
68.85860704534092
 21
188.2303043250128
 31
0.0
100
AcDbAttribute
  2
S_NAME
 70
     0
 74
     2
280
     0
 71
     1
 72
     0
 11
68.85860704534092
 21
188.2303043250128
 31
0.0
  0
ATTRIB
  5
7B37
330
7B35
100
AcDbEntity
  8
0
100
AcDbText
 10
64.59892755816136
 20
183.9086471067978
 30
0.0
 40
2.369230769230771
  1
XXXX
  7
ISOCP
 72
     1
 11
68.85860704534086
 21
185.0932624914132
 31
0.0
100
AcDbAttribute
  2
R_NAME
 70
     0
 74
     2
280
     0
 71
     1
 72
     0
 11
68.85860704534086
 21
185.0932624914132
 31
0.0
  0
ATTRIB
  5
7B38
330
7B35
100
AcDbEntity
  8
0
 62
     0
100
AcDbText
 10
63.69833885682614
 20
177.8035782882241
 30
0.0
 40
2.369230769230771
  1
X
  7
ISOCP
 72
     1
 11
64.7595568055441
 21
180.1728090574548
 31
0.0
100
AcDbAttribute
  2
A
 70
     0
 74
     3
280
     0
 71
     1
 72
     0
 11
64.7595568055441
 21
180.1728090574548
 31
0.0
  0
ATTRIB
  5
7B39
330
7B35
100
AcDbEntity
  8
0
 62
     0
100
AcDbText
 10
71.89643933642041
 20
177.8035782882241
 30
0.0
 40
2.369230769230771
  1
X
  7
ISOCP
 72
     1
 11
72.95765728513837
 21
180.1728090574548
 31
0.0
100
AcDbAttribute
  2
B
 70
     0
 74
     3
280
     0
 71
     1
 72
     0
 11
72.95765728513837
 21
180.1728090574548
 31
0.0
  0
ATTRIB
  5
7B3A
330
7B35
100
AcDbEntity
  8
0
100
AcDbText
 10
67.71568855789
 20
177.98250891421
 30
0.0
 40
2.369230769230771
  1
X
  7
ISOCP
 72
     1
 11
68.77690650660796
 21
179.1671242988254
 31
0.0
100
AcDbAttribute
  2
C
 70
     0
 74
     2
280
     0
 71
     1
 72
     0
 11
68.77690650660796
 21
179.1671242988254
 31
0.0
  0
ATTRIB
  5
7B3B
330
7B35
100
AcDbEntity
  8
0
100
AcDbText
 10
63.52483598743162
 20
189.9901945685389
 30
0.0
 40
2.369230769230771
  1
XXXXX
  7
ISOCP
 72
     1
 11
68.85066932076495
 21
191.1748099531543
 31
0.0
100
AcDbAttribute
  2
R(POS)
 70
     0
 74
     2
280
     0
 71
     1
 72
     0
 11
68.85066932076495
 21
191.1748099531543
 31
0.0
  0
ATTRIB
  5
7B3C
330
7B35
100
AcDbEntity
  8
0
100
AcDbText
 10
67.53792249279411
 20
171.4860502062904
 30
0.0
 40
2.049525119898564
  1
RB
  7
ISOCP
 72
     1
 11
69.16900290071338
 21
172.5108127662397
 31
0.0
100
AcDbAttribute
  2
DOC
 70
     5
 74
     2
280
     1
 71
     1
 72
     0
 11
69.16900290071338
 21
172.5108127662397
 31
0.0
  0
ATTRIB
  5
7B3D
330
7B35
100
AcDbEntity
  8
0
100
AcDbText
 10
67.63956185936507
 20
175.3113863663251
 30
0.0
 40
2.049525119898564
  1
21
  7
ISOCP
 72
     1
 11
68.85860232130474
 21
176.3361489262743
 31
0.0
100
AcDbAttribute
  2
WIRING
 70
     5
 74
     2
280
     1
 71
     1
 72
     0
 11
68.85860232130474
 21
176.3361489262743
 31
0.0
  0
SEQEND
  5
7B3E
330
7B35
100
AcDbEntity
  8
0
  0
INSERT
  5
7B3F
330
1F
100
AcDbEntity
  8
0
100
AcDbBlockReference
 66
     1
  2
Front_Contact
 10
64.75955680554318
 20
167.2274566670299
 30
0.0
  0
ATTRIB
  5
7B40
330
7B3F
100
AcDbEntity
  8
0
100
AcDbText
 10
64.80414013887652
 20
172.399167684176
 30
0.0
 40
2.2
  1
XXXX
  7
ISOCP
 72
     1
 11
68.75955680554318
 21
173.499167684176
 31
0.0
100
AcDbAttribute
  2
S_NAME
 70
     0
 74
     2
280
     0
 71
     1
 72
     0
 11
68.75955680554318
 21
173.499167684176
 31
0.0
  0
ATTRIB
  5
7B41
330
7B3F
100
AcDbEntity
  8
0
100
AcDbText
 10
64.80414013887652
 20
169.2950724421336
 30
0.0
 40
2.2
  1
XXXX
  7
ISOCP
 72
     1
 11
68.75955680554318
 21
170.3950724421336
 31
0.0
100
AcDbAttribute
  2
R_NAME
 70
     0
 74
     2
280
     0
 71
     1
 72
     0
 11
68.75955680554318
 21
170.3950724421336
 31
0.0
  0
ATTRIB
  5
7B42
330
7B3F
100
AcDbEntity
  8
0
 62
     0
100
AcDbText
 10
63.77414013887652
 20
164.0274566670299
 30
0.0
 40
2.2
  1
X
  7
ISOCP
 72
     1
 11
64.75955680554318
 21
166.2274566670299
 31
0.0
100
AcDbAttribute
  2
A
 70
     0
 74
     3
280
     0
 71
     1
 72
     0
 11
64.75955680554318
 21
166.2274566670299
 31
0.0
  0
ATTRIB
  5
7B43
330
7B3F
100
AcDbEntity
  8
0
 62
     0
100
AcDbText
 10
71.77414013887652
 20
164.0274566670299
 30
0.0
 40
2.2
  1
X
  7
ISOCP
 72
     1
 11
72.75955680554318
 21
166.2274566670299
 31
0.0
100
AcDbAttribute
  2
F
 70
     0
 74
     3
280
     0
 71
     1
 72
     0
 11
72.75955680554318
 21
166.2274566670299
 31
0.0
  0
ATTRIB
  5
7B44
330
7B3F
100
AcDbEntity
  8
0
100
AcDbText
 10
67.77414013887649
 20
164.0952552159568
 30
0.0
 40
2.2
  1
X
  7
ISOCP
 72
     1
 11
68.75955680554316
 21
165.1952552159568
 31
0.0
100
AcDbAttribute
  2
C
 70
     0
 74
     2
280
     0
 71
     1
 72
     0
 11
68.75955680554316
 21
165.1952552159568
 31
0.0
  0
ATTRIB
  5
7B45
330
7B3F
100
AcDbEntity
  8
0
100
AcDbText
 10
63.85967486776681
 20
175.2476494711645
 30
0.0
 40
2.2
  1
XXXXX
  7
ISOCP
 72
     1
 11
68.80509153443347
 21
176.3476494711645
 31
0.0
100
AcDbAttribute
  2
R(POS)
 70
     0
 74
     2
280
     0
 71
     1
 72
     0
 11
68.80509153443347
 21
176.3476494711645
 31
0.0
  0
ATTRIB
  5
7B46
330
7B3F
100
AcDbEntity
  8
0
100
AcDbText
 10
67.56454013887651
 20
157.9945566670299
 30
0.0
 40
2.0
  1
RF
  7
ISOCP
 72
     1
 11
69.06245680554318
 21
158.9945566670299
 31
0.0
100
AcDbAttribute
  2
DOC
 70
     5
 74
     2
280
     1
 71
     1
 72
     0
 11
69.06245680554318
 21
158.9945566670299
 31
0.0
  0
ATTRIB
  5
7B47
330
7B3F
100
AcDbEntity
  8
0
100
AcDbText
 10
68.06164013887651
 20
161.7274566670299
 30
0.0
 40
2.0
  1
2
  7
ISOCP
 72
     1
 11
68.75955680554318
 21
162.7274566670299
 31
0.0
100
AcDbAttribute
  2
WIRING
 70
     5
 74
     2
280
     1
 71
     1
 72
     0
 11
68.75955680554318
 21
162.7274566670299
 31
0.0
  0
SEQEND
  5
7B48
330
7B3F
100
AcDbEntity
  8
0
  0
INSERT
  5
7B49
330
1F
100
AcDbEntity
  8
0
100
AcDbBlockReference
 66
     1
  2
Front_Contact
 10
64.75955680554318
 20
152.4825623133074
 30
0.0
  0
ATTRIB
  5
7B4A
330
7B49
100
AcDbEntity
  8
0
100
AcDbText
 10
64.80414013887652
 20
157.6542733304535
 30
0.0
 40
2.2
  1
XXXX
  7
ISOCP
 72
     1
 11
68.75955680554318
 21
158.7542733304535
 31
0.0
100
AcDbAttribute
  2
S_NAME
 70
     0
 74
     2
280
     0
 71
     1
 72
     0
 11
68.75955680554318
 21
158.7542733304535
 31
0.0
  0
ATTRIB
  5
7B4B
330
7B49
100
AcDbEntity
  8
0
100
AcDbText
 10
64.80414013887652
 20
154.5501780884111
 30
0.0
 40
2.2
  1
XXXX
  7
ISOCP
 72
     1
 11
68.75955680554318
 21
155.6501780884111
 31
0.0
100
AcDbAttribute
  2
R_NAME
 70
     0
 74
     2
280
     0
 71
     1
 72
     0
 11
68.75955680554318
 21
155.6501780884111
 31
0.0
  0
ATTRIB
  5
7B4C
330
7B49
100
AcDbEntity
  8
0
 62
     0
100
AcDbText
 10
63.77414013887652
 20
149.2825623133074
 30
0.0
 40
2.2
  1
X
  7
ISOCP
 72
     1
 11
64.75955680554318
 21
151.4825623133074
 31
0.0
100
AcDbAttribute
  2
A
 70
     0
 74
     3
280
     0
 71
     1
 72
     0
 11
64.75955680554318
 21
151.4825623133074
 31
0.0
  0
ATTRIB
  5
7B4D
330
7B49
100
AcDbEntity
  8
0
 62
     0
100
AcDbText
 10
71.77414013887652
 20
149.2825623133074
 30
0.0
 40
2.2
  1
X
  7
ISOCP
 72
     1
 11
72.75955680554318
 21
151.4825623133074
 31
0.0
100
AcDbAttribute
  2
F
 70
     0
 74
     3
280
     0
 71
     1
 72
     0
 11
72.75955680554318
 21
151.4825623133074
 31
0.0
  0
ATTRIB
  5
7B4E
330
7B49
100
AcDbEntity
  8
0
100
AcDbText
 10
67.77414013887649
 20
149.3503608622343
 30
0.0
 40
2.2
  1
X
  7
ISOCP
 72
     1
 11
68.75955680554316
 21
150.4503608622343
 31
0.0
100
AcDbAttribute
  2
C
 70
     0
 74
     2
280
     0
 71
     1
 72
     0
 11
68.75955680554316
 21
150.4503608622343
 31
0.0
  0
ATTRIB
  5
7B4F
330
7B49
100
AcDbEntity
  8
0
100
AcDbText
 10
63.85967486776681
 20
160.502755117442
 30
0.0
 40
2.2
  1
XXXXX
  7
ISOCP
 72
     1
 11
68.80509153443347
 21
161.602755117442
 31
0.0
100
AcDbAttribute
  2
R(POS)
 70
     0
 74
     2
280
     0
 71
     1
 72
     0
 11
68.80509153443347
 21
161.602755117442
 31
0.0
  0
ATTRIB
  5
7B50
330
7B49
100
AcDbEntity
  8
0
100
AcDbText
 10
67.56454013887651
 20
143.2496623133074
 30
0.0
 40
2.0
  1
RF
  7
ISOCP
 72
     1
 11
69.06245680554318
 21
144.2496623133074
 31
0.0
100
AcDbAttribute
  2
DOC
 70
     5
 74
     2
280
     1
 71
     1
 72
     0
 11
69.06245680554318
 21
144.2496623133074
 31
0.0
  0
ATTRIB
  5
7B51
330
7B49
100
AcDbEntity
  8
0
100
AcDbText
 10
67.56997347220985
 20
146.9825623133074
 30
0.0
 40
2.0
  1
21
  7
ISOCP
 72
     1
 11
68.75955680554318
 21
147.9825623133074
 31
0.0
100
AcDbAttribute
  2
WIRING
 70
     5
 74
     2
280
     1
 71
     1
 72
     0
 11
68.75955680554318
 21
147.9825623133074
 31
0.0
  0
SEQEND
  5
7B52
330
7B49
100
AcDbEntity
  8
0
  0
INSERT
  5
7B53
330
1F
100
AcDbEntity
  8
0
100
AcDbBlockReference
 66
     1
  2
Back_Contact
 10
64.75955208150697
 20
137.7376679595848
 30
0.0
 41
1.024762559949282
 42
1.024762559949282
 43
1.024762559949282
  0
ATTRIB
  5
7B54
330
7B53
100
AcDbEntity
  8
0
100
AcDbText
 10
64.59892755816077
 20
142.8110138939868
 30
0.0
 40
2.369230769230771
  1
XXXX
  7
ISOCP
 72
     1
 11
68.85860704534026
 21
143.9956292786022
 31
0.0
100
AcDbAttribute
  2
S_NAME
 70
     0
 74
     2
280
     0
 71
     1
 72
     0
 11
68.85860704534026
 21
143.9956292786022
 31
0.0
  0
ATTRIB
  5
7B55
330
7B53
100
AcDbEntity
  8
0
100
AcDbText
 10
64.59892755816071
 20
139.6739720603872
 30
0.0
 40
2.369230769230771
  1
XXXX
  7
ISOCP
 72
     1
 11
68.85860704534021
 21
140.8585874450026
 31
0.0
100
AcDbAttribute
  2
R_NAME
 70
     0
 74
     2
280
     0
 71
     1
 72
     0
 11
68.85860704534021
 21
140.8585874450026
 31
0.0
  0
ATTRIB
  5
7B56
330
7B53
100
AcDbEntity
  8
0
 62
     0
100
AcDbText
 10
63.69833885682549
 20
133.5689032418135
 30
0.0
 40
2.369230769230771
  1
X
  7
ISOCP
 72
     1
 11
64.75955680554344
 21
135.9381340110442
 31
0.0
100
AcDbAttribute
  2
A
 70
     0
 74
     3
280
     0
 71
     1
 72
     0
 11
64.75955680554344
 21
135.9381340110442
 31
0.0
  0
ATTRIB
  5
7B57
330
7B53
100
AcDbEntity
  8
0
 62
     0
100
AcDbText
 10
71.89643933641976
 20
133.5689032418135
 30
0.0
 40
2.369230769230771
  1
X
  7
ISOCP
 72
     1
 11
72.95765728513771
 21
135.9381340110442
 31
0.0
100
AcDbAttribute
  2
B
 70
     0
 74
     3
280
     0
 71
     1
 72
     0
 11
72.95765728513771
 21
135.9381340110442
 31
0.0
  0
ATTRIB
  5
7B58
330
7B53
100
AcDbEntity
  8
0
100
AcDbText
 10
67.71568855788935
 20
133.7478338677994
 30
0.0
 40
2.369230769230771
  1
X
  7
ISOCP
 72
     1
 11
68.7769065066073
 21
134.9324492524148
 31
0.0
100
AcDbAttribute
  2
C
 70
     0
 74
     2
280
     0
 71
     1
 72
     0
 11
68.7769065066073
 21
134.9324492524148
 31
0.0
  0
ATTRIB
  5
7B59
330
7B53
100
AcDbEntity
  8
0
100
AcDbText
 10
63.52483598743096
 20
145.7555195221283
 30
0.0
 40
2.369230769230771
  1
XXXXX
  7
ISOCP
 72
     1
 11
68.8506693207643
 21
146.9401349067437
 31
0.0
100
AcDbAttribute
  2
R(POS)
 70
     0
 74
     2
280
     0
 71
     1
 72
     0
 11
68.8506693207643
 21
146.9401349067437
 31
0.0
  0
ATTRIB
  5
7B5A
330
7B53
100
AcDbEntity
  8
0
100
AcDbText
 10
67.53792249279346
 20
127.2513751598798
 30
0.0
 40
2.049525119898564
  1
RB
  7
ISOCP
 72
     1
 11
69.16900290071273
 21
128.2761377198291
 31
0.0
100
AcDbAttribute
  2
DOC
 70
     5
 74
     2
280
     1
 71
     1
 72
     0
 11
69.16900290071273
 21
128.2761377198291
 31
0.0
  0
ATTRIB
  5
7B5B
330
7B53
100
AcDbEntity
  8
0
100
AcDbText
 10
68.14340345133948
 20
131.0767113199145
 30
0.0
 40
2.049525119898564
  1
2
  7
ISOCP
 72
     1
 11
68.85860232130409
 21
132.1014738798638
 31
0.0
100
AcDbAttribute
  2
WIRING
 70
     5
 74
     2
280
     1
 71
     1
 72
     0
 11
68.85860232130409
 21
132.1014738798638
 31
0.0
  0
SEQEND
  5
7B5C
330
7B53
100
AcDbEntity
  8
0
  0
INSERT
  5
7B5D
330
1F
100
AcDbEntity
  8
0
100
AcDbBlockReference
 66
     1
  2
Back_Contact
 10
64.75955208150708
 20
122.9927736058624
 30
0.0
 41
1.024762559949282
 42
1.024762559949282
 43
1.024762559949282
  0
ATTRIB
  5
7B5E
330
7B5D
100
AcDbEntity
  8
0
100
AcDbText
 10
64.59892755816088
 20
128.0661195402644
 30
0.0
 40
2.369230769230771
  1
XXXX
  7
ISOCP
 72
     1
 11
68.85860704534038
 21
129.2507349248798
 31
0.0
100
AcDbAttribute
  2
S_NAME
 70
     0
 74
     2
280
     0
 71
     1
 72
     0
 11
68.85860704534038
 21
129.2507349248798
 31
0.0
  0
ATTRIB
  5
7B5F
330
7B5D
100
AcDbEntity
  8
0
100
AcDbText
 10
64.59892755816082
 20
124.9290777066648
 30
0.0
 40
2.369230769230771
  1
XXXX
  7
ISOCP
 72
     1
 11
68.85860704534032
 21
126.1136930912802
 31
0.0
100
AcDbAttribute
  2
R_NAME
 70
     0
 74
     2
280
     0
 71
     1
 72
     0
 11
68.85860704534032
 21
126.1136930912802
 31
0.0
  0
ATTRIB
  5
7B60
330
7B5D
100
AcDbEntity
  8
0
 62
     0
100
AcDbText
 10
63.6983388568256
 20
118.8240088880911
 30
0.0
 40
2.369230769230771
  1
X
  7
ISOCP
 72
     1
 11
64.75955680554355
 21
121.1932396573218
 31
0.0
100
AcDbAttribute
  2
A
 70
     0
 74
     3
280
     0
 71
     1
 72
     0
 11
64.75955680554355
 21
121.1932396573218
 31
0.0
  0
ATTRIB
  5
7B61
330
7B5D
100
AcDbEntity
  8
0
 62
     0
100
AcDbText
 10
71.89643933641987
 20
118.8240088880911
 30
0.0
 40
2.369230769230771
  1
X
  7
ISOCP
 72
     1
 11
72.95765728513783
 21
121.1932396573218
 31
0.0
100
AcDbAttribute
  2
B
 70
     0
 74
     3
280
     0
 71
     1
 72
     0
 11
72.95765728513783
 21
121.1932396573218
 31
0.0
  0
ATTRIB
  5
7B62
330
7B5D
100
AcDbEntity
  8
0
100
AcDbText
 10
67.71568855788946
 20
119.002939514077
 30
0.0
 40
2.369230769230771
  1
X
  7
ISOCP
 72
     1
 11
68.77690650660742
 21
120.1875548986924
 31
0.0
100
AcDbAttribute
  2
C
 70
     0
 74
     2
280
     0
 71
     1
 72
     0
 11
68.77690650660742
 21
120.1875548986924
 31
0.0
  0
ATTRIB
  5
7B63
330
7B5D
100
AcDbEntity
  8
0
100
AcDbText
 10
63.52483598743108
 20
131.0106251684059
 30
0.0
 40
2.369230769230771
  1
XXXXX
  7
ISOCP
 72
     1
 11
68.85066932076441
 21
132.1952405530213
 31
0.0
100
AcDbAttribute
  2
R(POS)
 70
     0
 74
     2
280
     0
 71
     1
 72
     0
 11
68.85066932076441
 21
132.1952405530213
 31
0.0
  0
ATTRIB
  5
7B64
330
7B5D
100
AcDbEntity
  8
0
100
AcDbText
 10
67.53792249279357
 20
112.5064808061574
 30
0.0
 40
2.049525119898564
  1
RB
  7
ISOCP
 72
     1
 11
69.16900290071284
 21
113.5312433661067
 31
0.0
100
AcDbAttribute
  2
DOC
 70
     5
 74
     2
280
     1
 71
     1
 72
     0
 11
69.16900290071284
 21
113.5312433661067
 31
0.0
  0
ATTRIB
  5
7B65
330
7B5D
100
AcDbEntity
  8
0
100
AcDbText
 10
67.63956185936453
 20
116.3318169661921
 30
0.0
 40
2.049525119898564
  1
21
  7
ISOCP
 72
     1
 11
68.8586023213042
 21
117.3565795261413
 31
0.0
100
AcDbAttribute
  2
WIRING
 70
     5
 74
     2
280
     1
 71
     1
 72
     0
 11
68.8586023213042
 21
117.3565795261413
 31
0.0
  0
SEQEND
  5
7B66
330
7B5D
100
AcDbEntity
  8
0
  0
INSERT
  5
7B67
330
1F
100
AcDbEntity
  8
0
100
AcDbBlockReference
 66
     1
  2
Front_Contact
 10
64.7595568055425
 20
108.2478792521398
 30
0.0
  0
ATTRIB
  5
7B68
330
7B67
100
AcDbEntity
  8
0
100
AcDbText
 10
64.80414013887584
 20
113.4195902692859
 30
0.0
 40
2.2
  1
XXXX
  7
ISOCP
 72
     1
 11
68.7595568055425
 21
114.5195902692859
 31
0.0
100
AcDbAttribute
  2
S_NAME
 70
     0
 74
     2
280
     0
 71
     1
 72
     0
 11
68.7595568055425
 21
114.5195902692859
 31
0.0
  0
ATTRIB
  5
7B69
330
7B67
100
AcDbEntity
  8
0
100
AcDbText
 10
64.80414013887584
 20
110.3154950272435
 30
0.0
 40
2.2
  1
XXXX
  7
ISOCP
 72
     1
 11
68.7595568055425
 21
111.4154950272435
 31
0.0
100
AcDbAttribute
  2
R_NAME
 70
     0
 74
     2
280
     0
 71
     1
 72
     0
 11
68.7595568055425
 21
111.4154950272435
 31
0.0
  0
ATTRIB
  5
7B6A
330
7B67
100
AcDbEntity
  8
0
 62
     0
100
AcDbText
 10
63.77414013887584
 20
105.0478792521398
 30
0.0
 40
2.2
  1
X
  7
ISOCP
 72
     1
 11
64.7595568055425
 21
107.2478792521398
 31
0.0
100
AcDbAttribute
  2
A
 70
     0
 74
     3
280
     0
 71
     1
 72
     0
 11
64.7595568055425
 21
107.2478792521398
 31
0.0
  0
ATTRIB
  5
7B6B
330
7B67
100
AcDbEntity
  8
0
 62
     0
100
AcDbText
 10
71.77414013887584
 20
105.0478792521398
 30
0.0
 40
2.2
  1
X
  7
ISOCP
 72
     1
 11
72.7595568055425
 21
107.2478792521398
 31
0.0
100
AcDbAttribute
  2
F
 70
     0
 74
     3
280
     0
 71
     1
 72
     0
 11
72.7595568055425
 21
107.2478792521398
 31
0.0
  0
ATTRIB
  5
7B6C
330
7B67
100
AcDbEntity
  8
0
100
AcDbText
 10
67.77414013887581
 20
105.1156778010667
 30
0.0
 40
2.2
  1
X
  7
ISOCP
 72
     1
 11
68.75955680554247
 21
106.2156778010667
 31
0.0
100
AcDbAttribute
  2
C
 70
     0
 74
     2
280
     0
 71
     1
 72
     0
 11
68.75955680554247
 21
106.2156778010667
 31
0.0
  0
ATTRIB
  5
7B6D
330
7B67
100
AcDbEntity
  8
0
100
AcDbText
 10
63.85967486776612
 20
116.2680720562744
 30
0.0
 40
2.2
  1
XXXXX
  7
ISOCP
 72
     1
 11
68.80509153443279
 21
117.3680720562744
 31
0.0
100
AcDbAttribute
  2
R(POS)
 70
     0
 74
     2
280
     0
 71
     1
 72
     0
 11
68.80509153443279
 21
117.3680720562744
 31
0.0
  0
ATTRIB
  5
7B6E
330
7B67
100
AcDbEntity
  8
0
100
AcDbText
 10
67.56454013887583
 20
99.0149792521398
 30
0.0
 40
2.0
  1
RF
  7
ISOCP
 72
     1
 11
69.0624568055425
 21
100.0149792521398
 31
0.0
100
AcDbAttribute
  2
DOC
 70
     5
 74
     2
280
     1
 71
     1
 72
     0
 11
69.0624568055425
 21
100.0149792521398
 31
0.0
  0
ATTRIB
  5
7B6F
330
7B67
100
AcDbEntity
  8
0
100
AcDbText
 10
68.06164013887583
 20
102.7478792521398
 30
0.0
 40
2.0
  1
2
  7
ISOCP
 72
     1
 11
68.7595568055425
 21
103.7478792521398
 31
0.0
100
AcDbAttribute
  2
WIRING
 70
     5
 74
     2
280
     1
 71
     1
 72
     0
 11
68.7595568055425
 21
103.7478792521398
 31
0.0
  0
SEQEND
  5
7B70
330
7B67
100
AcDbEntity
  8
0
  0
INSERT
  5
7B71
330
1F
100
AcDbEntity
  8
0
100
AcDbBlockReference
 66
     1
  2
Front_Contact
 10
64.7595568055425
 20
93.50298489841728
 30
0.0
  0
ATTRIB
  5
7B72
330
7B71
100
AcDbEntity
  8
0
100
AcDbText
 10
64.80414013887584
 20
98.6746959155634
 30
0.0
 40
2.2
  1
XXXX
  7
ISOCP
 72
     1
 11
68.7595568055425
 21
99.7746959155634
 31
0.0
100
AcDbAttribute
  2
S_NAME
 70
     0
 74
     2
280
     0
 71
     1
 72
     0
 11
68.7595568055425
 21
99.7746959155634
 31
0.0
  0
ATTRIB
  5
7B73
330
7B71
100
AcDbEntity
  8
0
100
AcDbText
 10
64.80414013887584
 20
95.57060067352103
 30
0.0
 40
2.2
  1
XXXX
  7
ISOCP
 72
     1
 11
68.7595568055425
 21
96.67060067352102
 31
0.0
100
AcDbAttribute
  2
R_NAME
 70
     0
 74
     2
280
     0
 71
     1
 72
     0
 11
68.7595568055425
 21
96.67060067352102
 31
0.0
  0
ATTRIB
  5
7B74
330
7B71
100
AcDbEntity
  8
0
 62
     0
100
AcDbText
 10
63.77414013887584
 20
90.30298489841728
 30
0.0
 40
2.2
  1
X
  7
ISOCP
 72
     1
 11
64.7595568055425
 21
92.50298489841728
 31
0.0
100
AcDbAttribute
  2
A
 70
     0
 74
     3
280
     0
 71
     1
 72
     0
 11
64.7595568055425
 21
92.50298489841728
 31
0.0
  0
ATTRIB
  5
7B75
330
7B71
100
AcDbEntity
  8
0
 62
     0
100
AcDbText
 10
71.77414013887584
 20
90.30298489841728
 30
0.0
 40
2.2
  1
X
  7
ISOCP
 72
     1
 11
72.7595568055425
 21
92.50298489841728
 31
0.0
100
AcDbAttribute
  2
F
 70
     0
 74
     3
280
     0
 71
     1
 72
     0
 11
72.7595568055425
 21
92.50298489841728
 31
0.0
  0
ATTRIB
  5
7B76
330
7B71
100
AcDbEntity
  8
0
100
AcDbText
 10
67.77414013887581
 20
90.37078344734417
 30
0.0
 40
2.2
  1
X
  7
ISOCP
 72
     1
 11
68.75955680554247
 21
91.47078344734416
 31
0.0
100
AcDbAttribute
  2
C
 70
     0
 74
     2
280
     0
 71
     1
 72
     0
 11
68.75955680554247
 21
91.47078344734416
 31
0.0
  0
ATTRIB
  5
7B77
330
7B71
100
AcDbEntity
  8
0
100
AcDbText
 10
63.85967486776612
 20
101.5231777025519
 30
0.0
 40
2.2
  1
XXXXX
  7
ISOCP
 72
     1
 11
68.80509153443279
 21
102.6231777025519
 31
0.0
100
AcDbAttribute
  2
R(POS)
 70
     0
 74
     2
280
     0
 71
     1
 72
     0
 11
68.80509153443279
 21
102.6231777025519
 31
0.0
  0
ATTRIB
  5
7B78
330
7B71
100
AcDbEntity
  8
0
100
AcDbText
 10
67.56454013887583
 20
84.27008489841728
 30
0.0
 40
2.0
  1
RF
  7
ISOCP
 72
     1
 11
69.0624568055425
 21
85.27008489841728
 31
0.0
100
AcDbAttribute
  2
DOC
 70
     5
 74
     2
280
     1
 71
     1
 72
     0
 11
69.0624568055425
 21
85.27008489841728
 31
0.0
  0
ATTRIB
  5
7B79
330
7B71
100
AcDbEntity
  8
0
100
AcDbText
 10
67.56997347220917
 20
88.00298489841728
 30
0.0
 40
2.0
  1
21
  7
ISOCP
 72
     1
 11
68.7595568055425
 21
89.00298489841728
 31
0.0
100
AcDbAttribute
  2
WIRING
 70
     5
 74
     2
280
     1
 71
     1
 72
     0
 11
68.7595568055425
 21
89.00298489841728
 31
0.0
  0
SEQEND
  5
7B7A
330
7B71
100
AcDbEntity
  8
0
  0
INSERT
  5
7B7B
330
1F
100
AcDbEntity
  8
0
100
AcDbBlockReference
 66
     1
  2
Back_Contact
 10
64.75955208150629
 20
78.75809054469471
 30
0.0
 41
1.024762559949282
 42
1.024762559949282
 43
1.024762559949282
  0
ATTRIB
  5
7B7C
330
7B7B
100
AcDbEntity
  8
0
100
AcDbText
 10
64.59892755816009
 20
83.83143647909672
 30
0.0
 40
2.369230769230771
  1
XXXX
  7
ISOCP
 72
     1
 11
68.85860704533958
 21
85.01605186371211
 31
0.0
100
AcDbAttribute
  2
S_NAME
 70
     0
 74
     2
280
     0
 71
     1
 72
     0
 11
68.85860704533958
 21
85.01605186371211
 31
0.0
  0
ATTRIB
  5
7B7D
330
7B7B
100
AcDbEntity
  8
0
100
AcDbText
 10
64.59892755816003
 20
80.69439464549713
 30
0.0
 40
2.369230769230771
  1
XXXX
  7
ISOCP
 72
     1
 11
68.85860704533953
 21
81.87901003011251
 31
0.0
100
AcDbAttribute
  2
R_NAME
 70
     0
 74
     2
280
     0
 71
     1
 72
     0
 11
68.85860704533953
 21
81.87901003011251
 31
0.0
  0
ATTRIB
  5
7B7E
330
7B7B
100
AcDbEntity
  8
0
 62
     0
100
AcDbText
 10
63.6983388568248
 20
74.58932582692339
 30
0.0
 40
2.369230769230771
  1
X
  7
ISOCP
 72
     1
 11
64.75955680554276
 21
76.95855659615415
 31
0.0
100
AcDbAttribute
  2
A
 70
     0
 74
     3
280
     0
 71
     1
 72
     0
 11
64.75955680554276
 21
76.95855659615415
 31
0.0
  0
ATTRIB
  5
7B7F
330
7B7B
100
AcDbEntity
  8
0
 62
     0
100
AcDbText
 10
71.89643933641908
 20
74.58932582692339
 30
0.0
 40
2.369230769230771
  1
X
  7
ISOCP
 72
     1
 11
72.95765728513703
 21
76.95855659615415
 31
0.0
100
AcDbAttribute
  2
B
 70
     0
 74
     3
280
     0
 71
     1
 72
     0
 11
72.95765728513703
 21
76.95855659615415
 31
0.0
  0
ATTRIB
  5
7B80
330
7B7B
100
AcDbEntity
  8
0
100
AcDbText
 10
67.71568855788867
 20
74.76825645290931
 30
0.0
 40
2.369230769230771
  1
X
  7
ISOCP
 72
     1
 11
68.77690650660662
 21
75.9528718375247
 31
0.0
100
AcDbAttribute
  2
C
 70
     0
 74
     2
280
     0
 71
     1
 72
     0
 11
68.77690650660662
 21
75.9528718375247
 31
0.0
  0
ATTRIB
  5
7B81
330
7B7B
100
AcDbEntity
  8
0
100
AcDbText
 10
63.52483598743028
 20
86.77594210723828
 30
0.0
 40
2.369230769230771
  1
XXXXX
  7
ISOCP
 72
     1
 11
68.85066932076361
 21
87.96055749185366
 31
0.0
100
AcDbAttribute
  2
R(POS)
 70
     0
 74
     2
280
     0
 71
     1
 72
     0
 11
68.85066932076361
 21
87.96055749185366
 31
0.0
  0
ATTRIB
  5
7B82
330
7B7B
100
AcDbEntity
  8
0
100
AcDbText
 10
67.53792249279277
 20
68.27179774498971
 30
0.0
 40
2.049525119898564
  1
RB
  7
ISOCP
 72
     1
 11
69.16900290071204
 21
69.29656030493899
 31
0.0
100
AcDbAttribute
  2
DOC
 70
     5
 74
     2
280
     1
 71
     1
 72
     0
 11
69.16900290071204
 21
69.29656030493899
 31
0.0
  0
ATTRIB
  5
7B83
330
7B7B
100
AcDbEntity
  8
0
100
AcDbText
 10
68.1434034513388
 20
72.09713390502438
 30
0.0
 40
2.049525119898564
  1
2
  7
ISOCP
 72
     1
 11
68.85860232130341
 21
73.12189646497366
 31
0.0
100
AcDbAttribute
  2
WIRING
 70
     5
 74
     2
280
     1
 71
     1
 72
     0
 11
68.85860232130341
 21
73.12189646497366
 31
0.0
  0
SEQEND
  5
7B84
330
7B7B
100
AcDbEntity
  8
0
  0
INSERT
  5
7B85
330
1F
100
AcDbEntity
  8
0
100
AcDbBlockReference
 66
     1
  2
Back_Contact
 10
64.7595520815064
 20
64.01319619097214
 30
0.0
 41
1.024762559949282
 42
1.024762559949282
 43
1.024762559949282
  0
ATTRIB
  5
7B86
330
7B85
100
AcDbEntity
  8
0
100
AcDbText
 10
64.5989275581602
 20
69.08654212537415
 30
0.0
 40
2.369230769230771
  1
XXXX
  7
ISOCP
 72
     1
 11
68.8586070453397
 21
70.27115750998954
 31
0.0
100
AcDbAttribute
  2
S_NAME
 70
     0
 74
     2
280
     0
 71
     1
 72
     0
 11
68.8586070453397
 21
70.27115750998954
 31
0.0
  0
ATTRIB
  5
7B87
330
7B85
100
AcDbEntity
  8
0
100
AcDbText
 10
64.59892755816014
 20
65.94950029177456
 30
0.0
 40
2.369230769230771
  1
XXXX
  7
ISOCP
 72
     1
 11
68.85860704533964
 21
67.13411567638994
 31
0.0
100
AcDbAttribute
  2
R_NAME
 70
     0
 74
     2
280
     0
 71
     1
 72
     0
 11
68.85860704533964
 21
67.13411567638994
 31
0.0
  0
ATTRIB
  5
7B88
330
7B85
100
AcDbEntity
  8
0
 62
     0
100
AcDbText
 10
63.69833885682492
 20
59.84443147320081
 30
0.0
 40
2.369230769230771
  1
X
  7
ISOCP
 72
     1
 11
64.75955680554287
 21
62.21366224243159
 31
0.0
100
AcDbAttribute
  2
A
 70
     0
 74
     3
280
     0
 71
     1
 72
     0
 11
64.75955680554287
 21
62.21366224243159
 31
0.0
  0
ATTRIB
  5
7B89
330
7B85
100
AcDbEntity
  8
0
 62
     0
100
AcDbText
 10
71.89643933641919
 20
59.84443147320081
 30
0.0
 40
2.369230769230771
  1
X
  7
ISOCP
 72
     1
 11
72.95765728513715
 21
62.21366224243159
 31
0.0
100
AcDbAttribute
  2
B
 70
     0
 74
     3
280
     0
 71
     1
 72
     0
 11
72.95765728513715
 21
62.21366224243159
 31
0.0
  0
ATTRIB
  5
7B8A
330
7B85
100
AcDbEntity
  8
0
100
AcDbText
 10
67.71568855788878
 20
60.02336209918673
 30
0.0
 40
2.369230769230771
  1
X
  7
ISOCP
 72
     1
 11
68.77690650660674
 21
61.20797748380212
 31
0.0
100
AcDbAttribute
  2
C
 70
     0
 74
     2
280
     0
 71
     1
 72
     0
 11
68.77690650660674
 21
61.20797748380212
 31
0.0
  0
ATTRIB
  5
7B8B
330
7B85
100
AcDbEntity
  8
0
100
AcDbText
 10
63.52483598743039
 20
72.03104775351571
 30
0.0
 40
2.369230769230771
  1
XXXXX
  7
ISOCP
 72
     1
 11
68.85066932076373
 21
73.21566313813109
 31
0.0
100
AcDbAttribute
  2
R(POS)
 70
     0
 74
     2
280
     0
 71
     1
 72
     0
 11
68.85066932076373
 21
73.21566313813109
 31
0.0
  0
ATTRIB
  5
7B8C
330
7B85
100
AcDbEntity
  8
0
100
AcDbText
 10
67.53792249279289
 20
53.52690339126714
 30
0.0
 40
2.049525119898564
  1
RB
  7
ISOCP
 72
     1
 11
69.16900290071216
 21
54.55166595121642
 31
0.0
100
AcDbAttribute
  2
DOC
 70
     5
 74
     2
280
     1
 71
     1
 72
     0
 11
69.16900290071216
 21
54.55166595121642
 31
0.0
  0
ATTRIB
  5
7B8D
330
7B85
100
AcDbEntity
  8
0
100
AcDbText
 10
67.63956185936385
 20
57.35223955130181
 30
0.0
 40
2.049525119898564
  1
21
  7
ISOCP
 72
     1
 11
68.85860232130352
 21
58.37700211125109
 31
0.0
100
AcDbAttribute
  2
WIRING
 70
     5
 74
     2
280
     1
 71
     1
 72
     0
 11
68.85860232130352
 21
58.37700211125109
 31
0.0
  0
SEQEND
  5
7B8E
330
7B85
100
AcDbEntity
  8
0
  0
INSERT
  5
7B8F
330
1F
100
AcDbEntity
  8
0
100
AcDbBlockReference
 66
     1
  2
Front_Contact
 10
165.1182335227389
 20
129.249624812497
 30
0.0
  0
ATTRIB
  5
7B90
330
7B8F
100
AcDbEntity
  8
0
100
AcDbText
 10
165.1628168560722
 20
134.4213358296431
 30
0.0
 40
2.2
  1
XXXX
  7
ISOCP
 72
     1
 11
169.1182335227389
 21
135.5213358296431
 31
0.0
100
AcDbAttribute
  2
S_NAME
 70
     0
 74
     2
280
     0
 71
     1
 72
     0
 11
169.1182335227389
 21
135.5213358296431
 31
0.0
  0
ATTRIB
  5
7B91
330
7B8F
100
AcDbEntity
  8
0
100
AcDbText
 10
165.1628168560722
 20
131.3172405876007
 30
0.0
 40
2.2
  1
XXXX
  7
ISOCP
 72
     1
 11
169.1182335227389
 21
132.4172405876007
 31
0.0
100
AcDbAttribute
  2
R_NAME
 70
     0
 74
     2
280
     0
 71
     1
 72
     0
 11
169.1182335227389
 21
132.4172405876007
 31
0.0
  0
ATTRIB
  5
7B92
330
7B8F
100
AcDbEntity
  8
0
 62
     0
100
AcDbText
 10
164.1328168560722
 20
126.049624812497
 30
0.0
 40
2.2
  1
X
  7
ISOCP
 72
     1
 11
165.1182335227389
 21
128.249624812497
 31
0.0
100
AcDbAttribute
  2
A
 70
     0
 74
     3
280
     0
 71
     1
 72
     0
 11
165.1182335227389
 21
128.249624812497
 31
0.0
  0
ATTRIB
  5
7B93
330
7B8F
100
AcDbEntity
  8
0
 62
     0
100
AcDbText
 10
172.1328168560722
 20
126.049624812497
 30
0.0
 40
2.2
  1
X
  7
ISOCP
 72
     1
 11
173.1182335227389
 21
128.249624812497
 31
0.0
100
AcDbAttribute
  2
F
 70
     0
 74
     3
280
     0
 71
     1
 72
     0
 11
173.1182335227389
 21
128.249624812497
 31
0.0
  0
ATTRIB
  5
7B94
330
7B8F
100
AcDbEntity
  8
0
100
AcDbText
 10
168.1328168560722
 20
126.1174233614239
 30
0.0
 40
2.2
  1
X
  7
ISOCP
 72
     1
 11
169.1182335227389
 21
127.2174233614239
 31
0.0
100
AcDbAttribute
  2
C
 70
     0
 74
     2
280
     0
 71
     1
 72
     0
 11
169.1182335227389
 21
127.2174233614239
 31
0.0
  0
ATTRIB
  5
7B95
330
7B8F
100
AcDbEntity
  8
0
100
AcDbText
 10
164.2183515849625
 20
137.2698176166316
 30
0.0
 40
2.2
  1
XXXXX
  7
ISOCP
 72
     1
 11
169.1637682516292
 21
138.3698176166316
 31
0.0
100
AcDbAttribute
  2
R(POS)
 70
     0
 74
     2
280
     0
 71
     1
 72
     0
 11
169.1637682516292
 21
138.3698176166316
 31
0.0
  0
ATTRIB
  5
7B96
330
7B8F
100
AcDbEntity
  8
0
100
AcDbText
 10
167.9232168560722
 20
120.016724812497
 30
0.0
 40
2.0
  1
RF
  7
ISOCP
 72
     1
 11
169.4211335227389
 21
121.016724812497
 31
0.0
100
AcDbAttribute
  2
DOC
 70
     5
 74
     2
280
     1
 71
     1
 72
     0
 11
169.4211335227389
 21
121.016724812497
 31
0.0
  0
ATTRIB
  5
7B97
330
7B8F
100
AcDbEntity
  8
0
100
AcDbText
 10
168.4203168560722
 20
123.749624812497
 30
0.0
 40
2.0
  1
2
  7
ISOCP
 72
     1
 11
169.1182335227389
 21
124.749624812497
 31
0.0
100
AcDbAttribute
  2
WIRING
 70
     5
 74
     2
280
     1
 71
     1
 72
     0
 11
169.1182335227389
 21
124.749624812497
 31
0.0
  0
SEQEND
  5
7B98
330
7B8F
100
AcDbEntity
  8
0
  0
INSERT
  5
7B99
330
1F
100
AcDbEntity
  8
0
100
AcDbBlockReference
 66
     1
  2
Front_Contact
 10
165.1182335227389
 20
114.5047304587746
 30
0.0
  0
ATTRIB
  5
7B9A
330
7B99
100
AcDbEntity
  8
0
100
AcDbText
 10
165.1628168560722
 20
119.6764414759207
 30
0.0
 40
2.2
  1
XXXX
  7
ISOCP
 72
     1
 11
169.1182335227389
 21
120.7764414759207
 31
0.0
100
AcDbAttribute
  2
S_NAME
 70
     0
 74
     2
280
     0
 71
     1
 72
     0
 11
169.1182335227389
 21
120.7764414759207
 31
0.0
  0
ATTRIB
  5
7B9B
330
7B99
100
AcDbEntity
  8
0
100
AcDbText
 10
165.1628168560722
 20
116.5723462338783
 30
0.0
 40
2.2
  1
XXXX
  7
ISOCP
 72
     1
 11
169.1182335227389
 21
117.6723462338783
 31
0.0
100
AcDbAttribute
  2
R_NAME
 70
     0
 74
     2
280
     0
 71
     1
 72
     0
 11
169.1182335227389
 21
117.6723462338783
 31
0.0
  0
ATTRIB
  5
7B9C
330
7B99
100
AcDbEntity
  8
0
 62
     0
100
AcDbText
 10
164.1328168560722
 20
111.3047304587746
 30
0.0
 40
2.2
  1
X
  7
ISOCP
 72
     1
 11
165.1182335227389
 21
113.5047304587746
 31
0.0
100
AcDbAttribute
  2
A
 70
     0
 74
     3
280
     0
 71
     1
 72
     0
 11
165.1182335227389
 21
113.5047304587746
 31
0.0
  0
ATTRIB
  5
7B9D
330
7B99
100
AcDbEntity
  8
0
 62
     0
100
AcDbText
 10
172.1328168560722
 20
111.3047304587746
 30
0.0
 40
2.2
  1
X
  7
ISOCP
 72
     1
 11
173.1182335227389
 21
113.5047304587746
 31
0.0
100
AcDbAttribute
  2
F
 70
     0
 74
     3
280
     0
 71
     1
 72
     0
 11
173.1182335227389
 21
113.5047304587746
 31
0.0
  0
ATTRIB
  5
7B9E
330
7B99
100
AcDbEntity
  8
0
100
AcDbText
 10
168.1328168560722
 20
111.3725290077015
 30
0.0
 40
2.2
  1
X
  7
ISOCP
 72
     1
 11
169.1182335227389
 21
112.4725290077015
 31
0.0
100
AcDbAttribute
  2
C
 70
     0
 74
     2
280
     0
 71
     1
 72
     0
 11
169.1182335227389
 21
112.4725290077015
 31
0.0
  0
ATTRIB
  5
7B9F
330
7B99
100
AcDbEntity
  8
0
100
AcDbText
 10
164.2183515849625
 20
122.5249232629092
 30
0.0
 40
2.2
  1
XXXXX
  7
ISOCP
 72
     1
 11
169.1637682516292
 21
123.6249232629092
 31
0.0
100
AcDbAttribute
  2
R(POS)
 70
     0
 74
     2
280
     0
 71
     1
 72
     0
 11
169.1637682516292
 21
123.6249232629092
 31
0.0
  0
ATTRIB
  5
7BA0
330
7B99
100
AcDbEntity
  8
0
100
AcDbText
 10
167.9232168560722
 20
105.2718304587746
 30
0.0
 40
2.0
  1
RF
  7
ISOCP
 72
     1
 11
169.4211335227389
 21
106.2718304587746
 31
0.0
100
AcDbAttribute
  2
DOC
 70
     5
 74
     2
280
     1
 71
     1
 72
     0
 11
169.4211335227389
 21
106.2718304587746
 31
0.0
  0
ATTRIB
  5
7BA1
330
7B99
100
AcDbEntity
  8
0
100
AcDbText
 10
167.9286501894056
 20
109.0047304587746
 30
0.0
 40
2.0
  1
21
  7
ISOCP
 72
     1
 11
169.1182335227389
 21
110.0047304587746
 31
0.0
100
AcDbAttribute
  2
WIRING
 70
     5
 74
     2
280
     1
 71
     1
 72
     0
 11
169.1182335227389
 21
110.0047304587746
 31
0.0
  0
SEQEND
  5
7BA2
330
7B99
100
AcDbEntity
  8
0
  0
INSERT
  5
7BA3
330
1F
100
AcDbEntity
  8
0
100
AcDbBlockReference
 66
     1
  2
Back_Contact
 10
165.1182287987027
 20
99.75983610505202
 30
0.0
 41
1.024762559949282
 42
1.024762559949282
 43
1.024762559949282
  0
ATTRIB
  5
7BA4
330
7BA3
100
AcDbEntity
  8
0
100
AcDbText
 10
164.9576042753565
 20
104.833182039454
 30
0.0
 40
2.369230769230771
  1
XXXX
  7
ISOCP
 72
     1
 11
169.217283762536
 21
106.0177974240694
 31
0.0
100
AcDbAttribute
  2
S_NAME
 70
     0
 74
     2
280
     0
 71
     1
 72
     0
 11
169.217283762536
 21
106.0177974240694
 31
0.0
  0
ATTRIB
  5
7BA5
330
7BA3
100
AcDbEntity
  8
0
100
AcDbText
 10
164.9576042753564
 20
101.6961402058544
 30
0.0
 40
2.369230769230771
  1
XXXX
  7
ISOCP
 72
     1
 11
169.2172837625359
 21
102.8807555904698
 31
0.0
100
AcDbAttribute
  2
R_NAME
 70
     0
 74
     2
280
     0
 71
     1
 72
     0
 11
169.2172837625359
 21
102.8807555904698
 31
0.0
  0
ATTRIB
  5
7BA6
330
7BA3
100
AcDbEntity
  8
0
 62
     0
100
AcDbText
 10
164.0570155740212
 20
95.59107138728069
 30
0.0
 40
2.369230769230771
  1
X
  7
ISOCP
 72
     1
 11
165.1182335227392
 21
97.96030215651146
 31
0.0
100
AcDbAttribute
  2
A
 70
     0
 74
     3
280
     0
 71
     1
 72
     0
 11
165.1182335227392
 21
97.96030215651146
 31
0.0
  0
ATTRIB
  5
7BA7
330
7BA3
100
AcDbEntity
  8
0
 62
     0
100
AcDbText
 10
172.2551160536155
 20
95.59107138728069
 30
0.0
 40
2.369230769230771
  1
X
  7
ISOCP
 72
     1
 11
173.3163340023334
 21
97.96030215651146
 31
0.0
100
AcDbAttribute
  2
B
 70
     0
 74
     3
280
     0
 71
     1
 72
     0
 11
173.3163340023334
 21
97.96030215651146
 31
0.0
  0
ATTRIB
  5
7BA8
330
7BA3
100
AcDbEntity
  8
0
100
AcDbText
 10
168.0743652750851
 20
95.77000201326662
 30
0.0
 40
2.369230769230771
  1
X
  7
ISOCP
 72
     1
 11
169.135583223803
 21
96.954617397882
 31
0.0
100
AcDbAttribute
  2
C
 70
     0
 74
     2
280
     0
 71
     1
 72
     0
 11
169.135583223803
 21
96.954617397882
 31
0.0
  0
ATTRIB
  5
7BA9
330
7BA3
100
AcDbEntity
  8
0
100
AcDbText
 10
163.8835127046267
 20
107.7776876675956
 30
0.0
 40
2.369230769230771
  1
XXXXX
  7
ISOCP
 72
     1
 11
169.20934603796
 21
108.962303052211
 31
0.0
100
AcDbAttribute
  2
R(POS)
 70
     0
 74
     2
280
     0
 71
     1
 72
     0
 11
169.20934603796
 21
108.962303052211
 31
0.0
  0
ATTRIB
  5
7BAA
330
7BA3
100
AcDbEntity
  8
0
100
AcDbText
 10
167.8965992099892
 20
89.27354330534702
 30
0.0
 40
2.049525119898564
  1
RB
  7
ISOCP
 72
     1
 11
169.5276796179085
 21
90.2983058652963
 31
0.0
100
AcDbAttribute
  2
DOC
 70
     5
 74
     2
280
     1
 71
     1
 72
     0
 11
169.5276796179085
 21
90.2983058652963
 31
0.0
  0
ATTRIB
  5
7BAB
330
7BA3
100
AcDbEntity
  8
0
100
AcDbText
 10
168.5020801685352
 20
93.09887946538169
 30
0.0
 40
2.049525119898564
  1
2
  7
ISOCP
 72
     1
 11
169.2172790384998
 21
94.12364202533097
 31
0.0
100
AcDbAttribute
  2
WIRING
 70
     5
 74
     2
280
     1
 71
     1
 72
     0
 11
169.2172790384998
 21
94.12364202533097
 31
0.0
  0
SEQEND
  5
7BAC
330
7BA3
100
AcDbEntity
  8
0
  0
INSERT
  5
7BAD
330
1F
100
AcDbEntity
  8
0
100
AcDbBlockReference
 66
     1
  2
Back_Contact
 10
165.1182287987028
 20
85.01494175132945
 30
0.0
 41
1.024762559949282
 42
1.024762559949282
 43
1.024762559949282
  0
ATTRIB
  5
7BAE
330
7BAD
100
AcDbEntity
  8
0
100
AcDbText
 10
164.9576042753566
 20
90.08828768573146
 30
0.0
 40
2.369230769230771
  1
XXXX
  7
ISOCP
 72
     1
 11
169.2172837625361
 21
91.27290307034684
 31
0.0
100
AcDbAttribute
  2
S_NAME
 70
     0
 74
     2
280
     0
 71
     1
 72
     0
 11
169.2172837625361
 21
91.27290307034684
 31
0.0
  0
ATTRIB
  5
7BAF
330
7BAD
100
AcDbEntity
  8
0
100
AcDbText
 10
164.9576042753565
 20
86.95124585213186
 30
0.0
 40
2.369230769230771
  1
XXXX
  7
ISOCP
 72
     1
 11
169.217283762536
 21
88.13586123674725
 31
0.0
100
AcDbAttribute
  2
R_NAME
 70
     0
 74
     2
280
     0
 71
     1
 72
     0
 11
169.217283762536
 21
88.13586123674725
 31
0.0
  0
ATTRIB
  5
7BB0
330
7BAD
100
AcDbEntity
  8
0
 62
     0
100
AcDbText
 10
164.0570155740213
 20
80.84617703355812
 30
0.0
 40
2.369230769230771
  1
X
  7
ISOCP
 72
     1
 11
165.1182335227393
 21
83.21540780278889
 31
0.0
100
AcDbAttribute
  2
A
 70
     0
 74
     3
280
     0
 71
     1
 72
     0
 11
165.1182335227393
 21
83.21540780278889
 31
0.0
  0
ATTRIB
  5
7BB1
330
7BAD
100
AcDbEntity
  8
0
 62
     0
100
AcDbText
 10
172.2551160536156
 20
80.84617703355812
 30
0.0
 40
2.369230769230771
  1
X
  7
ISOCP
 72
     1
 11
173.3163340023335
 21
83.21540780278889
 31
0.0
100
AcDbAttribute
  2
B
 70
     0
 74
     3
280
     0
 71
     1
 72
     0
 11
173.3163340023335
 21
83.21540780278889
 31
0.0
  0
ATTRIB
  5
7BB2
330
7BAD
100
AcDbEntity
  8
0
100
AcDbText
 10
168.0743652750852
 20
81.02510765954405
 30
0.0
 40
2.369230769230771
  1
X
  7
ISOCP
 72
     1
 11
169.1355832238031
 21
82.20972304415943
 31
0.0
100
AcDbAttribute
  2
C
 70
     0
 74
     2
280
     0
 71
     1
 72
     0
 11
169.1355832238031
 21
82.20972304415943
 31
0.0
  0
ATTRIB
  5
7BB3
330
7BAD
100
AcDbEntity
  8
0
100
AcDbText
 10
163.8835127046268
 20
93.03279331387301
 30
0.0
 40
2.369230769230771
  1
XXXXX
  7
ISOCP
 72
     1
 11
169.2093460379601
 21
94.2174086984884
 31
0.0
100
AcDbAttribute
  2
R(POS)
 70
     0
 74
     2
280
     0
 71
     1
 72
     0
 11
169.2093460379601
 21
94.2174086984884
 31
0.0
  0
ATTRIB
  5
7BB4
330
7BAD
100
AcDbEntity
  8
0
100
AcDbText
 10
167.8965992099893
 20
74.52864895162445
 30
0.0
 40
2.049525119898564
  1
RB
  7
ISOCP
 72
     1
 11
169.5276796179086
 21
75.55341151157373
 31
0.0
100
AcDbAttribute
  2
DOC
 70
     5
 74
     2
280
     1
 71
     1
 72
     0
 11
169.5276796179086
 21
75.55341151157373
 31
0.0
  0
ATTRIB
  5
7BB5
330
7BAD
100
AcDbEntity
  8
0
100
AcDbText
 10
167.9982385765603
 20
78.35398511165911
 30
0.0
 40
2.049525119898564
  1
21
  7
ISOCP
 72
     1
 11
169.2172790384999
 21
79.3787476716084
 31
0.0
100
AcDbAttribute
  2
WIRING
 70
     5
 74
     2
280
     1
 71
     1
 72
     0
 11
169.2172790384999
 21
79.3787476716084
 31
0.0
  0
SEQEND
  5
7BB6
330
7BAD
100
AcDbEntity
  8
0
  0
ENDSEC
  0
SECTION
  2
OBJECTS
  0
DICTIONARY
  5
C
330
0
100
AcDbDictionary
281
     1
  3
ACAD_CIP_PREVIOUS_PRODUCT_INFO
350
1A5
  3
ACAD_COLOR
350
73
  3
ACAD_DATALINK
350
2C81
  3
ACAD_DETAILVIEWSTYLE
350
1AB
  3
ACAD_DGNDEFINITIONS
350
6C96
  3
ACAD_DWFDEFINITIONS
350
6C95
  3
ACAD_FIELDLIST
350
5C14
  3
ACAD_GROUP
350
D
  3
ACAD_IMAGE_DICT
350
72DC
  3
ACAD_IMAGE_VARS
350
2C80
  3
ACAD_LAST_SAVED_VERSION_INFO
350
2F6
  3
ACAD_LAYOUT
350
1A
  3
ACAD_MATERIAL
350
72
  3
ACAD_MLEADERSTYLE
350
D7
  3
ACAD_MLINESTYLE
350
17
  3
ACAD_PDFDEFINITIONS
350
6C94
  3
ACAD_PLOTSETTINGS
350
19
  3
ACAD_PLOTSTYLENAME
350
E
  3
ACAD_SCALELIST
350
B6
  3
ACAD_SECTIONVIEWSTYLE
350
1A8
  3
ACAD_TABLESTYLE
350
86
  3
ACAD_VISUALSTYLE
350
99
  3
ACDB_RECOMPOSE_DATA
350
7BB9
  3
AcDbVariableDictionary
350
66
  3
APPDATA
350
2C7E
  3
EZDXF_META
350
6C4E
  0
SUN
  5
7539
330
94
100
AcDbSun
 90
        1
290
     0
 63
     7
421
 16777215
 40
1.0
291
     1
 91
  2455826
 92
 54000000
292
     0
 70
     2
 71
   256
280
     1
  0
DICTIONARY
  5
18E
330
2
100
AcDbDictionary
280
     1
281
     1
  3
ACAD_LAYERSTATES
360
18F
  0
DICTIONARY
  5
15D
330
1F
100
AcDbDictionary
280
     1
281
     1
  3
ACAD_SORTENTS
360
2F5
  0
DICTIONARY
  5
7A55
330
7A54
100
AcDbDictionary
280
     1
281
     1
  3
ACAD_SORTENTS
360
7A56
  0
DICTIONARY
  5
7A79
330
7A78
100
AcDbDictionary
280
     1
281
     1
  3
ACAD_SORTENTS
360
7A7A
  0
DICTIONARY
  5
63FB
330
63FA
100
AcDbDictionary
280
     1
281
     1
  0
XRECORD
  5
1A5
102
{ACAD_REACTORS
330
C
102
}
330
C
100
AcDbXrecord
280
     1
300
ACDLT
300
2026
300

  0
DICTIONARY
  5
73
102
{ACAD_REACTORS
330
C
102
}
330
C
100
AcDbDictionary
281
     1
  0
DICTIONARY
  5
2C81
102
{ACAD_REACTORS
330
C
102
}
330
C
100
AcDbDictionary
281
     1
  0
DICTIONARY
  5
1AB
102
{ACAD_REACTORS
330
C
102
}
330
C
100
AcDbDictionary
281
     1
  3
Imperial24
350
1AC
  3
Metric50
350
4CB
  0
DICTIONARY
  5
6C96
102
{ACAD_REACTORS
330
C
102
}
330
C
100
AcDbDictionary
281
     1
  0
DICTIONARY
  5
6C95
102
{ACAD_REACTORS
330
C
102
}
330
C
100
AcDbDictionary
281
     1
  0
FIELDLIST
  5
5C14
102
{ACAD_REACTORS
330
C
102
}
330
C
100
AcDbIdSet
 90
        0
100
AcDbFieldList
  0
DICTIONARY
  5
D
102
{ACAD_REACTORS
330
C
102
}
330
C
100
AcDbDictionary
281
     1
  0
DICTIONARY
  5
72DC
102
{ACAD_REACTORS
330
C
102
}
330
C
100
AcDbDictionary
281
     1
  0
RASTERVARIABLES
  5
2C80
102
{ACAD_REACTORS
330
C
102
}
330
C
100
AcDbRasterVariables
 90
        0
 70
     1
 71
     1
 72
     1
  0
XRECORD
  5
2F6
102
{ACAD_REACTORS
330
C
102
}
330
C
100
AcDbXrecord
280
     1
300
{76D8837C-0364-A342-BFF0-AD777C1AA80D}
301
{83EC8E86-7B4D-EC4E-AEC1-F55E562DED58}
302
{76D8837C-0364-A342-BFF0-AD777C1AA80D}
303
E:\PROJECTS\MSDAC\004. PV - TBM MSDAC Autohut IFC\6.WIP\MASTER\05.03.2026\TBM HUT_20260304\CCT.SR.MAS.PV-TBM AUTO SECTION(TBM HUT)_004.dwg
301
{7031DED3-ED1E-DF40-9579-5CCD93798A50}
302
{7F54402B-2572-4641-8CFA-673602C152ED}
303
E:\Sanjai\MSDAC\21-08-25\UPDATAING CAD\PROJ_SG_MS_51_MCPK-MTMY_2025_059.dwg
301
{FCBD3254-E0E2-DB4D-ABBD-F78BE941E849}
302
{8025C7DF-5DEE-DC49-B9AD-552B30B8FE73}
303
E:\MSDAC INPUTS\012-MCPK - MTMY-MSDAC Autohut IFC\9. Template\CAD\PROJ_SG_MS_51_MCPK-MTMY_2025_075.dwg
301
{F3DE2F24-9A3A-714C-A697-5CCE271084D0}
302
{7E5AB821-096E-AD46-8790-41BFC5A442D6}
303
F:\OTHER EMPLOYEES\kavish\MSDAC\012-MCPK - MTMY-MSDAC Autohut IFC\9. Template\CAD\PROJ_SG_MS_51_MCPK-MTMY_2025_075.dwg
301
{82EB644E-55E7-4F43-9AB8-B3F8A5425404}
302
{1C0E372C-A302-3B4B-93E0-7A01C1EC18F0}
303
F:\OTHER EMPLOYEES\kavish\MSDAC\012-MCPK - MTMY-MSDAC Autohut IFC\6. Wip\MASTER\15.07.2025\PROJ_SG_MS_51_MCPK-MTMY_2025_099.dwg
301
{C9920A38-6A04-264B-9454-41A36F739E0E}
302
{511B40D0-0D48-0544-B5F5-36BDEFA325D0}
303
E:\kavish\010.PEL-DVR MSDAC Autohut IFC\6. WIP\SUPERSEDED\COMM CIRCUIT\1\PROJ_SG_PEL_DVR_51_2024_065.dwg
301
{FE2936C4-5180-8E4C-B89E-CE3B90107E60}
302
{605548F1-07A6-3C44-A43C-D549BC08B7BF}
303
E:\SAMPATH\PEL-DVR\WIP\WIP\PROJ_SG_PEL_DVR_51_2024_0001.dwg
301
{66B35012-EF34-084D-A7CE-AF922FCFD18F}
302
{4E39E1CF-C719-9546-A1F7-C6C9202EC681}
303
D:\Senthilkumar S\MSDAC\PEL-DVR\Reference\RENAME\PROJ_SG_MS_51_2024_0001.dwg
301
{3ED469F7-5113-6042-B98D-58F8E4C2CD5F}
302
{E0147FE5-D98A-B442-93D3-F2EEBC8A0364}
303
E:\MAHITHA\MSDAC\004. PV - TBM MSDAC Autohut IFC\6.WIP\New 15.07.2024\PROJ_SG_MS_51_2024_0115.dwg
301
{CD559B23-52C7-3B43-9974-35D7C51204F6}
302
{F2AA39A8-1D06-404A-913E-0DACE7D981E1}
303
D:\PYTHON\PYTHON PROJECTS\Testing_Automation_2024\pdf\PROJ_SG_MS_51_2024_0131.dwg
301
{797CFB49-9665-AA4C-920A-CCFC6A046875}
302
{D66CC765-AC53-2C4C-B2FC-35C1D73B728C}
303
D:\Interface Circuits\8.Southern Railway\MSDAC\INDU-ST-24-25-0006-MSDAC-STM - PV\6.WIP\FINAL FILE\PROJ_SG_MS_51_2024_0061.dwg
  0
DICTIONARY
  5
1A
102
{ACAD_REACTORS
330
C
102
}
330
C
100
AcDbDictionary
281
     1
  3
Layout1
350
59
  3
Layout2
350
5E
  3
Model
350
22
  0
DICTIONARY
  5
72
102
{ACAD_REACTORS
330
C
102
}
330
C
100
AcDbDictionary
281
     1
  3
ByBlock
350
97
  3
ByLayer
350
96
  3
Global
350
98
  0
DICTIONARY
  5
D7
102
{ACAD_REACTORS
330
C
102
}
330
C
100
AcDbDictionary
281
     1
  3
Standard
350
D8
  0
DICTIONARY
  5
17
102
{ACAD_REACTORS
330
C
102
}
330
C
100
AcDbDictionary
281
     1
  3
Standard
350
18
  0
DICTIONARY
  5
6C94
102
{ACAD_REACTORS
330
C
102
}
330
C
100
AcDbDictionary
281
     1
  0
DICTIONARY
  5
19
102
{ACAD_REACTORS
330
C
102
}
330
C
100
AcDbDictionary
281
     1
  0
ACDBDICTIONARYWDFLT
  5
E
102
{ACAD_REACTORS
330
C
102
}
330
C
100
AcDbDictionary
281
     1
  3
Normal
350
F
100
AcDbDictionaryWithDefault
340
F
  0
DICTIONARY
  5
B6
102
{ACAD_REACTORS
330
C
102
}
330
C
100
AcDbDictionary
281
     1
  3
A0
350
B7
  3
A1
350
124
  3
A2
350
125
  3
A3
350
126
  3
A4
350
127
  3
A5
350
128
  3
A6
350
129
  3
A7
350
12A
  3
A8
350
12B
  3
A9
350
12C
  3
B0
350
12D
  3
B1
350
12E
  3
B2
350
12F
  3
B3
350
130
  3
B4
350
131
  3
B5
350
132
  3
B6
350
133
  3
B7
350
134
  3
B8
350
135
  3
B9
350
136
  3
C0
350
137
  3
C1
350
138
  3
C2
350
139
  3
C3
350
13A
  3
C4
350
13B
  3
C5
350
13C
  3
C6
350
13D
  3
C7
350
13E
  3
C8
350
13F
  3
C9
350
140
  3
D0
350
141
  3
D1
350
142
  3
D2
350
143
  0
DICTIONARY
  5
1A8
102
{ACAD_REACTORS
330
C
102
}
330
C
100
AcDbDictionary
281
     1
  3
Imperial24
350
1AA
  3
Metric50
350
4CA
  0
DICTIONARY
  5
86
102
{ACAD_REACTORS
330
C
102
}
330
C
100
AcDbDictionary
281
     1
  3
Standard
350
87
  0
DICTIONARY
  5
99
102
{ACAD_REACTORS
330
C
102
}
330
C
100
AcDbDictionary
281
     1
  3
2dWireframe
350
9F
  3
3dWireframe
350
43B8
  3
Basic
350
9E
  3
Brighten
350
A5
  3
ColorChange
350
A9
  3
Conceptual
350
A2
  3
Dim
350
A4
  3
EdgeColorOff
350
175
  3
Facepattern
350
A8
  3
Flat
350
9A
  3
FlatWithEdges
350
9B
  3
Gouraud
350
9C
  3
GouraudWithEdges
350
9D
  3
Hidden
350
A1
  3
JitterOff
350
173
  3
Linepattern
350
A7
  3
OverhangOff
350
174
  3
Realistic
350
A3
  3
Shaded
350
182
  3
Shaded with edges
350
181
  3
Shades of Gray
350
17E
  3
Sketchy
350
17F
  3
Thicken
350
A6
  3
Wireframe
350
A0
  3
X-Ray
350
180
  0
XRECORD
  5
7BB9
102
{ACAD_REACTORS
330
C
102
}
330
C
100
AcDbXrecord
280
     1
 90
        1
330
87
  0
DICTIONARY
  5
66
102
{ACAD_REACTORS
330
C
102
}
330
C
100
AcDbDictionary
281
     1
  3
CANNOSCALE
350
F0
  3
CMLEADERSTYLE
350
EF
  3
CTABLESTYLE
350
89
  3
CVIEWDETAILSTYLE
350
1B7
  3
CVIEWSECTIONSTYLE
350
1B8
  3
DIMASSOC
350
67
  3
HIDETEXT
350
6B
  3
HPCOLOR
350
1B7F
  3
HPTRANSPARENCY
350
1B7E
  3
LAYEREVAL
350
14D
  3
LAYERNOTIFY
350
14E
  0
DICTIONARY
  5
2C7E
102
{ACAD_REACTORS
330
C
102
}
330
C
100
AcDbDictionary
281
     1
  0
DICTIONARY
  5
6C4E
330
C
100
AcDbDictionary
281
     1
  3
WRITTEN_BY_EZDXF
350
6C4F
  0
DICTIONARY
  5
18F
102
{ACAD_REACTORS
330
18E
102
}
330
18E
100
AcDbDictionary
281
     1
  0
SORTENTSTABLE
  5
2F5
102
{ACAD_REACTORS
330
15D
102
}
330
15D
100
AcDbSortentsTable
330
1F
331
6C7F
  5
6C80
331
6C80
  5
6C81
331
6C81
  5
6C82
331
6C83
  5
6C84
331
6C84
  5
6C85
331
6C85
  5
6C86
331
6C88
  5
6C8A
331
6C89
  5
6C8C
331
6C8C
  5
6C90
331
6C92
  5
6C89
  0
SORTENTSTABLE
  5
7A56
102
{ACAD_REACTORS
330
7A55
102
}
330
7A55
100
AcDbSortentsTable
330
7A54
  0
SORTENTSTABLE
  5
7A7A
102
{ACAD_REACTORS
330
7A79
102
}
330
7A79
100
AcDbSortentsTable
330
7A78
  0
ACDBDETAILVIEWSTYLE
  5
1AC
102
{ACAD_REACTORS
330
1AB
102
}
330
1AB
100
AcDbModelDocViewStyle
 70
     0
  3
Imperial24
290
     0
300
Imperial24
 90
        0
100
AcDbDetailViewStyle
 70
     0
 71
     0
 90
        3
 71
     1
340
11
 62
   256
 40
0.24
340
0
 62
   256
 40
0.24
300

 40
0.36
280
     3
 71
     2
340
16
 90
       25
 62
   256
 71
     3
340
11
 62
   256
 40
0.24
 90
        1
 40
0.75
 90
        1
300
%<\AcVar ViewType \f "%tc1">% %<\AcVar ViewDetailId>%\PSCALE %<\AcVar ViewScale \f "%sn">%
 71
     4
340
16
 90
       25
 62
   256
340
16
 90
       25
 62
   256
280
     0
  0
ACDBDETAILVIEWSTYLE
  5
4CB
102
{ACAD_REACTORS
330
1AB
102
}
330
1AB
100
AcDbModelDocViewStyle
 70
     0
  3
Metric50
290
     0
300
Metric50
 90
        0
100
AcDbDetailViewStyle
 70
     0
 71
     0
 90
        3
 71
     1
340
11
 62
   256
 40
5.0
340
0
 62
   256
 40
5.0
300

 40
0.0
280
     1
 71
     2
340
16
 90
       25
 62
   256
 71
     3
340
11
 62
   256
 40
5.0
 90
        0
 40
15.0
 90
        1
300
%<\AcVar ViewDetailId>% (%<\AcVar ViewScale \f "%sn">%)
 71
     4
340
16
 90
       25
 62
   256
340
16
 90
       25
 62
   256
280
     0
  0
LAYOUT
  5
59
102
{ACAD_REACTORS
330
1A
102
}
330
1A
100
AcDbPlotSettings
  1

  2
None
  4

  6

 40
0.0
 41
0.0
 42
0.0
 43
0.0
 44
0.0
 45
0.0
 46
0.0
 47
0.0
 48
0.0
 49
0.0
140
0.0
141
0.0
142
1.0
143
1.0
 70
   688
 72
     0
 73
     0
 74
     5
  7

 75
    16
 76
     0
 77
     2
 78
   300
147
1.0
148
0.0
149
0.0
100
AcDbLayout
  1
Layout1
 70
     1
 71
     1
 10
0.0
 20
0.0
 11
12.0
 21
9.0
 12
0.0
 22
0.0
 32
0.0
 14
0.0
 24
0.0
 34
0.0
 15
0.0
 25
0.0
 35
0.0
146
0.0
 13
0.0
 23
0.0
 33
0.0
 16
1.0
 26
0.0
 36
0.0
 17
0.0
 27
1.0
 37
0.0
 76
     0
330
58
  0
LAYOUT
  5
5E
102
{ACAD_REACTORS
330
1A
102
}
330
1A
100
AcDbPlotSettings
  1

  2
None
  4

  6

 40
0.0
 41
0.0
 42
0.0
 43
0.0
 44
0.0
 45
0.0
 46
0.0
 47
0.0
 48
0.0
 49
0.0
140
0.0
141
0.0
142
1.0
143
1.0
 70
   688
 72
     0
 73
     0
 74
     5
  7

 75
    16
 76
     0
 77
     2
 78
   300
147
1.0
148
0.0
149
0.0
100
AcDbLayout
  1
Layout2
 70
     1
 71
     2
 10
0.0
 20
0.0
 11
12.0
 21
9.0
 12
0.0
 22
0.0
 32
0.0
 14
0.0
 24
0.0
 34
0.0
 15
0.0
 25
0.0
 35
0.0
146
0.0
 13
0.0
 23
0.0
 33
0.0
 16
1.0
 26
0.0
 36
0.0
 17
0.0
 27
1.0
 37
0.0
 76
     0
330
5D
  0
LAYOUT
  5
22
102
{ACAD_REACTORS
330
1A
102
}
330
1A
100
AcDbPlotSettings
  1

  2
none_device
  4
ANSI_A_(8.50_x_11.00_Inches)
  6

 40
6.349999904632568
 41
19.04999923706055
 42
6.350006103515625
 43
19.04998779296875
 44
215.8999938964844
 45
279.3999938964844
 46
0.0
 47
0.0
 48
0.0
 49
0.0
140
0.0
141
0.0
142
1.0
143
2.584895464708374
 70
 11952
 72
     0
 73
     1
 74
     0
  7

 75
     0
 76
     0
 77
     2
 78
   300
147
0.3868628397755418
148
0.0
149
0.0
100
AcDbLayout
  1
Model
 70
     1
 71
     0
 10
0.0
 20
0.0
 11
12.0
 21
9.0
 12
0.0
 22
0.0
 32
0.0
 14
37.12038526320384
 24
50.3802196293492
 34
0.0
 15
400.8013184500339
 25
286.3319985374767
 35
0.0
146
0.0
 13
0.0
 23
0.0
 33
0.0
 16
1.0
 26
0.0
 36
0.0
 17
0.0
 27
1.0
 37
0.0
 76
     0
330
1F
331
94
  0
MATERIAL
  5
97
102
{ACAD_REACTORS
330
72
102
}
102
{ACAD_XDICTIONARY
360
188
102
}
330
72
100
AcDbMaterial
  1
ByBlock
 72
     1
 78
     2
172
     2
176
     2
270
     2
273
     1
274
     2
 94
       63
  0
MATERIAL
  5
96
102
{ACAD_REACTORS
330
72
102
}
102
{ACAD_XDICTIONARY
360
186
102
}
330
72
100
AcDbMaterial
  1
ByLayer
 72
     1
 78
     2
172
     2
176
     2
270
     2
273
     1
274
     2
 94
       63
  0
MATERIAL
  5
98
102
{ACAD_REACTORS
330
72
102
}
102
{ACAD_XDICTIONARY
360
110
102
}
330
72
100
AcDbMaterial
  1
Global
 72
     1
 43
0.0208000000566244
 43
0.0
 43
0.0
 43
0.0
 43
0.0
 43
0.0208000000566244
 43
0.0
 43
0.0
 43
0.0
 43
0.0
 43
1.0
 43
0.0
 43
0.0
 43
0.0
 43
0.0
 43
1.0
 78
     2
172
     2
 49
0.0208000000566244
 49
0.0
 49
0.0
 49
0.0
 49
0.0
 49
0.0208000000566244
 49
0.0
 49
0.0
 49
0.0
 49
0.0
 49
1.0
 49
0.0
 49
0.0
 49
0.0
 49
0.0
 49
1.0
176
     2
142
0.0208000000566244
142
0.0
142
0.0
142
0.0
142
0.0
142
0.0208000000566244
142
0.0
142
0.0
142
0.0
142
0.0
142
1.0
142
0.0
142
0.0
142
0.0
142
0.0
142
1.0
270
     2
144
0.0208000000566244
144
0.0
144
0.0
144
0.0
144
0.0
144
0.0208000000566244
144
0.0
144
0.0
144
0.0
144
0.0
144
1.0
144
0.0
144
0.0
144
0.0
144
0.0
144
1.0
273
     1
274
     2
 94
       63
1001
ACAD
1070
    -1
1070
     3
1070
     0
1000

1071
        0
1070
     0
  0
MLEADERSTYLE
  5
D8
102
{ACAD_REACTORS
330
D7
102
}
330
D7
100
AcDbMLeaderStyle
179
     2
170
     2
171
     1
172
     0
 90
        2
 40
0.0
 41
0.0
173
     1
 91
-1056964608
340
14
 92
       -2
290
     1
 42
0.09
291
     1
 43
0.36
  3
Standard
341
0
 44
0.18
300

342
11
174
     1
178
     1
175
     1
176
     0
 93
-1056964608
 45
0.18
292
     0
297
     0
 46
0.18
343
0
 94
-1056964608
 47
1.0
 49
1.0
140
1.0
293
     1
141
0.0
294
     1
177
     0
142
1.0
295
     0
296
     0
143
0.125
271
     0
272
     9
273
     9
298
     0
  0
MLINESTYLE
  5
18
102
{ACAD_REACTORS
330
17
102
}
330
17
100
AcDbMlineStyle
  2
STANDARD
 70
     0
  3

 62
   256
 51
90.0
 52
90.0
 71
     2
 49
0.5
 62
   256
  6
BYLAYER
 49
-0.5
 62
   256
  6
BYLAYER
  0
ACDBPLACEHOLDER
  5
F
102
{ACAD_REACTORS
330
E
102
}
330
E
  0
SCALE
  5
B7
102
{ACAD_REACTORS
330
B6
102
}
330
B6
100
AcDbScale
 70
     0
300
1:1
140
1.0
141
1.0
290
     1
  0
SCALE
  5
124
102
{ACAD_REACTORS
330
B6
102
}
330
B6
100
AcDbScale
 70
     0
300
1:2
140
1.0
141
2.0
290
     0
  0
SCALE
  5
125
102
{ACAD_REACTORS
330
B6
102
}
330
B6
100
AcDbScale
 70
     0
300
1:4
140
1.0
141
4.0
290
     0
  0
SCALE
  5
126
102
{ACAD_REACTORS
330
B6
102
}
330
B6
100
AcDbScale
 70
     0
300
1:5
140
1.0
141
5.0
290
     0
  0
SCALE
  5
127
102
{ACAD_REACTORS
330
B6
102
}
330
B6
100
AcDbScale
 70
     0
300
1:8
140
1.0
141
8.0
290
     0
  0
SCALE
  5
128
102
{ACAD_REACTORS
330
B6
102
}
330
B6
100
AcDbScale
 70
     0
300
1:10
140
1.0
141
10.0
290
     0
  0
SCALE
  5
129
102
{ACAD_REACTORS
330
B6
102
}
330
B6
100
AcDbScale
 70
     0
300
1:16
140
1.0
141
16.0
290
     0
  0
SCALE
  5
12A
102
{ACAD_REACTORS
330
B6
102
}
330
B6
100
AcDbScale
 70
     0
300
1:20
140
1.0
141
20.0
290
     0
  0
SCALE
  5
12B
102
{ACAD_REACTORS
330
B6
102
}
330
B6
100
AcDbScale
 70
     0
300
1:30
140
1.0
141
30.0
290
     0
  0
SCALE
  5
12C
102
{ACAD_REACTORS
330
B6
102
}
330
B6
100
AcDbScale
 70
     0
300
1:40
140
1.0
141
40.0
290
     0
  0
SCALE
  5
12D
102
{ACAD_REACTORS
330
B6
102
}
330
B6
100
AcDbScale
 70
     0
300
1:50
140
1.0
141
50.0
290
     0
  0
SCALE
  5
12E
102
{ACAD_REACTORS
330
B6
102
}
330
B6
100
AcDbScale
 70
     0
300
1:100
140
1.0
141
100.0
290
     0
  0
SCALE
  5
12F
102
{ACAD_REACTORS
330
B6
102
}
330
B6
100
AcDbScale
 70
     0
300
2:1
140
2.0
141
1.0
290
     0
  0
SCALE
  5
130
102
{ACAD_REACTORS
330
B6
102
}
330
B6
100
AcDbScale
 70
     0
300
4:1
140
4.0
141
1.0
290
     0
  0
SCALE
  5
131
102
{ACAD_REACTORS
330
B6
102
}
330
B6
100
AcDbScale
 70
     0
300
8:1
140
8.0
141
1.0
290
     0
  0
SCALE
  5
132
102
{ACAD_REACTORS
330
B6
102
}
330
B6
100
AcDbScale
 70
     0
300
10:1
140
10.0
141
1.0
290
     0
  0
SCALE
  5
133
102
{ACAD_REACTORS
330
B6
102
}
330
B6
100
AcDbScale
 70
     0
300
100:1
140
100.0
141
1.0
290
     0
  0
SCALE
  5
134
102
{ACAD_REACTORS
330
B6
102
}
330
B6
100
AcDbScale
 70
     0
300
1/128" = 1'-0"
140
0.0078125
141
12.0
290
     0
  0
SCALE
  5
135
102
{ACAD_REACTORS
330
B6
102
}
330
B6
100
AcDbScale
 70
     0
300
1/64" = 1'-0"
140
0.015625
141
12.0
290
     0
  0
SCALE
  5
136
102
{ACAD_REACTORS
330
B6
102
}
330
B6
100
AcDbScale
 70
     0
300
1/32" = 1'-0"
140
0.03125
141
12.0
290
     0
  0
SCALE
  5
137
102
{ACAD_REACTORS
330
B6
102
}
330
B6
100
AcDbScale
 70
     0
300
1/16" = 1'-0"
140
0.0625
141
12.0
290
     0
  0
SCALE
  5
138
102
{ACAD_REACTORS
330
B6
102
}
330
B6
100
AcDbScale
 70
     0
300
3/32" = 1'-0"
140
0.09375
141
12.0
290
     0
  0
SCALE
  5
139
102
{ACAD_REACTORS
330
B6
102
}
330
B6
100
AcDbScale
 70
     0
300
1/8" = 1'-0"
140
0.125
141
12.0
290
     0
  0
SCALE
  5
13A
102
{ACAD_REACTORS
330
B6
102
}
330
B6
100
AcDbScale
 70
     0
300
3/16" = 1'-0"
140
0.1875
141
12.0
290
     0
  0
SCALE
  5
13B
102
{ACAD_REACTORS
330
B6
102
}
330
B6
100
AcDbScale
 70
     0
300
1/4" = 1'-0"
140
0.25
141
12.0
290
     0
  0
SCALE
  5
13C
102
{ACAD_REACTORS
330
B6
102
}
330
B6
100
AcDbScale
 70
     0
300
3/8" = 1'-0"
140
0.375
141
12.0
290
     0
  0
SCALE
  5
13D
102
{ACAD_REACTORS
330
B6
102
}
330
B6
100
AcDbScale
 70
     0
300
1/2" = 1'-0"
140
0.5
141
12.0
290
     0
  0
SCALE
  5
13E
102
{ACAD_REACTORS
330
B6
102
}
330
B6
100
AcDbScale
 70
     0
300
3/4" = 1'-0"
140
0.75
141
12.0
290
     0
  0
SCALE
  5
13F
102
{ACAD_REACTORS
330
B6
102
}
330
B6
100
AcDbScale
 70
     0
300
1" = 1'-0"
140
1.0
141
12.0
290
     0
  0
SCALE
  5
140
102
{ACAD_REACTORS
330
B6
102
}
330
B6
100
AcDbScale
 70
     0
300
1-1/2" = 1'-0"
140
1.5
141
12.0
290
     0
  0
SCALE
  5
141
102
{ACAD_REACTORS
330
B6
102
}
330
B6
100
AcDbScale
 70
     0
300
3" = 1'-0"
140
3.0
141
12.0
290
     0
  0
SCALE
  5
142
102
{ACAD_REACTORS
330
B6
102
}
330
B6
100
AcDbScale
 70
     0
300
6" = 1'-0"
140
6.0
141
12.0
290
     0
  0
SCALE
  5
143
102
{ACAD_REACTORS
330
B6
102
}
330
B6
100
AcDbScale
 70
     0
300
1'-0" = 1'-0"
140
12.0
141
12.0
290
     0
  0
ACDBSECTIONVIEWSTYLE
  5
1AA
102
{ACAD_REACTORS
330
1A8
102
}
330
1A8
100
AcDbModelDocViewStyle
 70
     0
  3
Imperial24
290
     0
300
Imperial24
 90
        0
100
AcDbSectionViewStyle
 70
     0
 71
     0
 90
       78
 71
     1
340
11
 62
   256
 40
0.24
340
0
340
0
 62
   256
 40
0.24
300
I, O, Q, S, X, Z
 40
0.48
 90
        3
 40
0.18
 90
        1
 71
     2
340
16
 90
       25
 62
   256
340
16
 90
       50
 62
   256
 40
0.24
 40
0.0
 40
0.24
 71
     3
340
11
 62
   256
 40
0.24
 90
        1
 40
0.75
 90
        1
300
%<\AcVar ViewType \f "%tc1">% %<\AcVar ViewSectionStartId>%-%<\AcVar ViewSectionEndId>%\PSCALE %<\AcVar ViewScale \f "%sn">%
 71
     4
 62
   256
 62
   257
300
ANSI31
 40
1.0
 90
        0
290
     0
290
     0
 90
        6
 40
0.0
 40
1.570796326794897
 40
0.2617993877991494
 40
1.308996938995747
 40
-0.2617993877991494
 40
1.832595714594046
  0
ACDBSECTIONVIEWSTYLE
  5
4CA
102
{ACAD_REACTORS
330
1A8
102
}
330
1A8
100
AcDbModelDocViewStyle
 70
     0
  3
Metric50
290
     0
300
Metric50
 90
        0
100
AcDbSectionViewStyle
 70
     0
 71
     0
 90
      102
 71
     1
340
11
 62
   256
 40
5.0
340
0
340
0
 62
   256
 40
5.0
300
I, O, Q, S, X, Z
 40
10.0
 90
        0
 40
2.5
 90
        0
 71
     2
340
16
 90
       25
 62
   256
340
16
 90
       50
 62
   256
 40
5.0
 40
2.5
 40
5.0
 71
     3
340
11
 62
   256
 40
5.0
 90
        0
 40
15.0
 90
        1
300
%<\AcVar ViewSectionStartId>%-%<\AcVar ViewSectionEndId>% (%<\AcVar ViewScale \f "%sn">%)
 71
     4
 62
   256
 62
   257
300
ANSI31
 40
1.0
 90
        0
290
     0
290
     0
 90
        6
 40
0.0
 40
1.570796326794897
 40
0.2617993877991494
 40
1.308996938995747
 40
-0.2617993877991494
 40
1.832595714594046
  0
TABLESTYLE
  5
87
102
{ACAD_REACTORS
330
86
102
}
102
{ACAD_XDICTIONARY
360
7BB7
102
}
330
86
100
AcDbTableStyle
  3
Standard
 70
     0
 71
     0
 40
0.06
 41
0.06
280
     0
281
     0
  7
Standard
140
0.18
170
     2
 62
     0
 63
   257
283
     0
 90
      512
 91
        0
  1

274
    -2
284
     1
 64
     0
275
    -2
285
     1
 65
     0
276
    -2
286
     1
 66
     0
277
    -2
287
     1
 67
     0
278
    -2
288
     1
 68
     0
279
    -2
289
     1
 69
     0
  7
Standard
140
0.25
170
     5
 62
     0
 63
   257
283
     0
 90
      512
 91
        0
  1

274
    -2
284
     1
 64
     0
275
    -2
285
     1
 65
     0
276
    -2
286
     1
 66
     0
277
    -2
287
     1
 67
     0
278
    -2
288
     1
 68
     0
279
    -2
289
     1
 69
     0
  7
Standard
140
0.18
170
     5
 62
     0
 63
   257
283
     0
 90
      512
 91
        0
  1

274
    -2
284
     1
 64
     0
275
    -2
285
     1
 65
     0
276
    -2
286
     1
 66
     0
277
    -2
287
     1
 67
     0
278
    -2
288
     1
 68
     0
279
    -2
289
     1
 69
     0
  0
VISUALSTYLE
  5
9F
102
{ACAD_REACTORS
330
99
102
}
330
99
100
AcDbVisualStyle
  2
2dWireframe
 70
     4
177
     3
291
     0
 70
    58
 90
        0
176
     1
 90
        2
176
     1
 90
        1
176
     1
 90
        0
176
     1
 40
0.6
176
     1
 40
30.0
176
     1
 62
     7
420
 16777215
176
     1
 90
        1
176
     1
 90
        4
176
     1
 62
     7
176
     1
 62
   257
176
     1
 90
        1
176
     1
 90
        1
176
     1
 40
1.0
176
     1
 90
        0
176
     1
 62
   257
176
     1
 40
1.0
176
     1
 90
        1
176
     1
 90
        6
176
     1
 90
        2
176
     1
 62
     7
176
     1
 90
        5
176
     1
 90
        0
176
     1
 90
        0
176
     1
290
     0
176
     1
 90
        1
176
     1
 40
0.0
176
     1
 90
        0
176
     1
290
     1
176
     1
290
     1
176
     1
290
     0
176
     1
290
     0
176
     1
290
     0
176
     1
290
     0
176
     1
290
     0
176
     1
290
     0
176
     1
290
     0
176
     1
 90
       50
176
     1
 40
0.0
176
     1
 40
1.0
176
     1
 90
        0
176
     1
 62
    18
420
        0
176
     1
 90
       50
176
     1
 90
        3
176
     1
 62
     5
420
      255
176
     1
290
     0
176
     1
 90
       50
176
     1
 90
       50
176
     1
 90
       50
176
     1
290
     0
176
     1
 90
       50
176
     1
 62
   256
176
     0
 40
1.0
176
     0
 90
        2
176
     1
  1
strokes_ogs.tif
176
     1
290
     0
176
     1
 40
1.0
176
     1
 40
1.0
176
     1
  0
VISUALSTYLE
  5
43B8
102
{ACAD_REACTORS
330
99
102
}
330
99
100
AcDbVisualStyle
  2
3dWireframe
 70
     5
177
     3
291
     0
 70
    58
 90
        0
176
     1
 90
        2
176
     1
 90
        0
176
     1
 90
        0
176
     1
 40
0.6
176
     1
 40
30.0
176
     1
 62
     7
176
     1
 90
        1
176
     1
 90
        4
176
     1
 62
     7
176
     1
 62
   257
176
     1
 90
        1
176
     1
 90
        1
176
     1
 40
1.0
176
     1
 90
        0
176
     1
 62
   257
176
     1
 40
1.0
176
     1
 90
        1
176
     1
 90
        6
176
     1
 90
        2
176
     1
 62
     7
176
     1
 90
        5
176
     1
 90
        0
176
     1
 90
        0
176
     1
290
     0
176
     1
 90
        1
176
     1
 40
0.0
176
     1
 90
        0
176
     1
290
     0
176
     1
290
     1
176
     1
290
     1
176
     1
290
     0
176
     1
290
     0
176
     1
290
     0
176
     1
290
     0
176
     1
290
     0
176
     1
290
     0
176
     1
 90
       50
176
     1
 40
0.0
176
     1
 40
1.0
176
     1
 90
        0
176
     1
 62
    18
420
        0
176
     1
 90
       50
176
     1
 90
        3
176
     1
 62
     5
420
      255
176
     1
290
     0
176
     1
 90
       50
176
     1
 90
       50
176
     1
 90
       50
176
     1
290
     0
176
     1
 90
       50
176
     1
 62
   256
176
     0
 40
1.0
176
     0
 90
        2
176
     1
  1
strokes_ogs.tif
176
     1
290
     0
176
     1
 40
1.0
176
     1
 40
1.0
176
     1
1001
ACAD
1000
AcRTDxfName
1000
VISUALSTYLE
1000
AcRTDxfName
1000
VISUALSTYLE
1000
AcRTDxfName
1000
VISUALSTYLE
1000
AcRTDxfName
1000
VISUALSTYLE
1000
AcRTDxfName
1000
VISUALSTYLE
1000
AcRTDxfName
1000
VISUALSTYLE
1000
AcRTDxfName
1000
VISUALSTYLE
1000
AcRTDxfName
1000
VISUALSTYLE
1000
AcRTDxfName
1000
VISUALSTYLE
1000
AcRTDxfName
1000
VISUALSTYLE
1000
AcRTDxfName
1000
VISUALSTYLE
1000
AcRTDxfName
1000
VISUALSTYLE
1000
AcRTDxfName
1000
VISUALSTYLE
1000
AcRTDxfName
1000
VISUALSTYLE
1000
AcRTDxfName
1000
VISUALSTYLE
1000
AcRTDxfName
1000
VISUALSTYLE
1000
AcRTDxfName
1000
VISUALSTYLE
1000
AcRTDxfName
1000
VISUALSTYLE
1000
AcRTDxfName
1000
VISUALSTYLE
1000
AcRTDxfName
1000
VISUALSTYLE
1000
AcRTDxfName
1000
VISUALSTYLE
1000
AcRTDxfName
1000
VISUALSTYLE
1000
AcRTDxfName
1000
VISUALSTYLE
1000
AcRTDxfName
1000
VISUALSTYLE
1000
AcRTDxfName
1000
VISUALSTYLE
1000
AcRTDxfName
1000
VISUALSTYLE
1000
AcRTDxfName
1000
VISUALSTYLE
1000
AcRTDxfName
1000
VISUALSTYLE
1000
AcRTDxfName
1000
VISUALSTYLE
1000
AcRTDxfName
1000
VISUALSTYLE
1000
AcRTDxfName
1000
VISUALSTYLE
1000
AcRTDxfName
1000
VISUALSTYLE
1000
AcRTDxfName
1000
VISUALSTYLE
1000
AcRTDxfName
1000
VISUALSTYLE
1000
AcRTDxfName
1000
VISUALSTYLE
1000
AcRTDxfName
1000
VISUALSTYLE
1000
AcRTDxfName
1000
VISUALSTYLE
1000
AcRTDxfName
1000
VISUALSTYLE
1000
AcRTDxfName
1000
VISUALSTYLE
1000
AcRTDxfName
1000
VISUALSTYLE
1000
AcRTDxfName
1000
VISUALSTYLE
1000
AcRTDxfName
1000
VISUALSTYLE
1000
AcRTDxfName
1000
VISUALSTYLE
1000
AcRTDxfName
1000
VISUALSTYLE
1000
AcRTDxfName
1000
VISUALSTYLE
1000
AcRTDxfName
1000
VISUALSTYLE
1000
AcRTDxfName
1000
VISUALSTYLE
1000
AcRTDxfName
1000
VISUALSTYLE
1000
AcRTDxfName
1000
VISUALSTYLE
1000
AcRTDxfName
1000
VISUALSTYLE
1000
AcRTDxfName
1000
VISUALSTYLE
1000
AcRTDxfName
1000
VISUALSTYLE
1000
AcRTDxfName
1000
VISUALSTYLE
1000
AcRTDxfName
1000
VISUALSTYLE
1000
AcRTDxfName
1000
VISUALSTYLE
1000
AcRTDxfName
1000
VISUALSTYLE
1000
AcRTDxfName
1000
VISUALSTYLE
1000
AcRTDxfName
1000
VISUALSTYLE
1000
AcRTDxfName
1000
VISUALSTYLE
1000
AcRTDxfName
1000
VISUALSTYLE
1000
AcRTDxfName
1000
VISUALSTYLE
1000
AcRTDxfName
1000
VISUALSTYLE
1000
AcRTDxfName
1000
VISUALSTYLE
1000
AcRTDxfName
1000
VISUALSTYLE
1000
AcRTDxfName
1000
VISUALSTYLE
1000
AcRTDxfName
1000
VISUALSTYLE
1000
AcRTDxfName
1000
VISUALSTYLE
1000
AcRTDxfName
1000
VISUALSTYLE
1000
AcRTDxfName
1000
VISUALSTYLE
1000
AcRTDxfName
1000
VISUALSTYLE
1000
AcRTDxfName
1000
VISUALSTYLE
1000
AcRTDxfName
1000
VISUALSTYLE
1000
AcRTDxfName
1000
VISUALSTYLE
1000
AcRTDxfName
1000
VISUALSTYLE
1000
AcRTDxfName
1000
VISUALSTYLE
1000
AcRTDxfName
1000
VISUALSTYLE
1000
AcRTDxfName
1000
VISUALSTYLE
1000
AcRTDxfName
1000
VISUALSTYLE
1000
AcRTDxfName
1000
VISUALSTYLE
1000
AcRTDxfName
1000
VISUALSTYLE
1000
AcRTDxfName
1000
VISUALSTYLE
1000
AcRTDxfName
1000
VISUALSTYLE
1000
AcRTDxfName
1000
VISUALSTYLE
1000
AcRTDxfName
1000
VISUALSTYLE
1000
AcRTDxfName
1000
VISUALSTYLE
1000
AcRTDxfName
1000
VISUALSTYLE
1000
AcRTDxfName
1000
VISUALSTYLE
1000
AcRTDxfName
1000
VISUALSTYLE
1000
AcRTDxfName
1000
VISUALSTYLE
1000
AcRTDxfName
1000
VISUALSTYLE
1000
AcRTDxfName
1000
VISUALSTYLE
1000
AcRTDxfName
1000
VISUALSTYLE
1000
AcRTDxfName
1000
VISUALSTYLE
1000
AcRTDxfName
1000
VISUALSTYLE
1000
AcRTDxfName
1000
VISUALSTYLE
1000
AcRTDxfName
1000
VISUALSTYLE
1000
AcRTDxfName
1000
VISUALSTYLE
1000
AcRTDxfName
1000
VISUALSTYLE
1000
AcRTDxfName
1000
VISUALSTYLE
1000
AcRTDxfName
1000
VISUALSTYLE
1000
AcRTDxfName
1000
VISUALSTYLE
1000
AcRTDxfName
1000
VISUALSTYLE
1000
AcRTDxfName
1000
VISUALSTYLE
1000
AcRTDxfName
1000
VISUALSTYLE
1000
AcRTDxfName
1000
VISUALSTYLE
1000
AcRTDxfName
1000
VISUALSTYLE
1000
AcRTDxfName
1000
VISUALSTYLE
1000
AcRTDxfName
1000
VISUALSTYLE
1000
AcRTDxfName
1000
VISUALSTYLE
1000
AcRTDxfName
1000
VISUALSTYLE
1000
AcRTDxfName
1000
VISUALSTYLE
1000
AcRTDxfName
1000
VISUALSTYLE
1000
AcRTDxfName
1000
VISUALSTYLE
1000
AcRTDxfName
1000
VISUALSTYLE
1000
AcRTDxfName
1000
VISUALSTYLE
1000
AcRTDxfName
1000
VISUALSTYLE
1000
AcRTDxfName
1000
VISUALSTYLE
1000
AcRTDxfName
1000
VISUALSTYLE
1000
AcRTDxfName
1000
VISUALSTYLE
1000
AcRTDxfName
1000
VISUALSTYLE
1000
AcRTDxfName
1000
VISUALSTYLE
1000
AcRTDxfName
1000
VISUALSTYLE
1000
AcRTDxfName
1000
VISUALSTYLE
1000
AcRTDxfName
1000
VISUALSTYLE
1000
AcRTDxfName
1000
VISUALSTYLE
1000
AcRTDxfName
1000
VISUALSTYLE
1000
AcRTDxfName
1000
VISUALSTYLE
1000
AcRTDxfName
1000
VISUALSTYLE
1000
AcRTDxfName
1000
VISUALSTYLE
1000
AcRTDxfName
1000
VISUALSTYLE
1000
AcRTDxfName
1000
VISUALSTYLE
1000
AcRTDxfName
1000
VISUALSTYLE
1000
AcRTDxfName
1000
VISUALSTYLE
1000
AcRTDxfName
1000
VISUALSTYLE
1000
AcRTDxfName
1000
VISUALSTYLE
1000
AcRTDxfName
1000
VISUALSTYLE
1000
AcRTDxfName
1000
VISUALSTYLE
1000
AcRTDxfName
1000
VISUALSTYLE
1000
AcRTDxfName
1000
VISUALSTYLE
1000
AcRTDxfName
1000
VISUALSTYLE
1000
AcRTDxfName
1000
VISUALSTYLE
1000
AcRTDxfName
1000
VISUALSTYLE
1000
AcRTDxfName
1000
VISUALSTYLE
1000
AcRTDxfName
1000
VISUALSTYLE
1000
AcRTDxfName
1000
VISUALSTYLE
1000
AcRTDxfName
1000
VISUALSTYLE
1000
AcRTDxfName
1000
VISUALSTYLE
1000
AcRTDxfName
1000
VISUALSTYLE
1000
AcRTDxfName
1000
VISUALSTYLE
1000
AcRTDxfName
1000
VISUALSTYLE
1000
AcRTDxfName
1000
VISUALSTYLE
1000
AcRTDxfName
1000
VISUALSTYLE
1000
AcRTDxfName
1000
VISUALSTYLE
1000
AcRTDxfName
1000
VISUALSTYLE
1000
AcRTDxfName
1000
VISUALSTYLE
1000
AcRTDxfName
1000
VISUALSTYLE
1000
AcRTDxfName
1000
VISUALSTYLE
1000
AcRTDxfName
1000
VISUALSTYLE
1000
AcRTDxfName
1000
VISUALSTYLE
1000
AcRTDxfName
1000
VISUALSTYLE
1000
AcRTDxfName
1000
VISUALSTYLE
1000
AcRTDxfName
1000
VISUALSTYLE
1000
AcRTDxfName
1000
VISUALSTYLE
1000
AcRTDxfName
1000
VISUALSTYLE
1000
AcRTDxfName
1000
VISUALSTYLE
1000
AcRTDxfName
1000
VISUALSTYLE
1000
AcRTDxfName
1000
VISUALSTYLE
1000
AcRTDxfName
1000
VISUALSTYLE
1000
AcRTDxfName
1000
VISUALSTYLE
1000
AcRTDxfName
1000
VISUALSTYLE
1000
AcRTDxfName
1000
VISUALSTYLE
1000
AcRTDxfName
1000
VISUALSTYLE
1000
AcRTDxfName
1000
VISUALSTYLE
1000
AcRTDxfName
1000
VISUALSTYLE
1000
AcRTDxfName
1000
VISUALSTYLE
1000
AcRTDxfName
1000
VISUALSTYLE
1000
AcRTDxfName
1000
VISUALSTYLE
1000
AcRTDxfName
1000
VISUALSTYLE
1000
AcRTDxfName
1000
VISUALSTYLE
1000
AcRTDxfName
1000
VISUALSTYLE
1000
AcRTDxfName
1000
VISUALSTYLE
1000
AcRTDxfName
1000
VISUALSTYLE
1000
AcRTDxfName
1000
VISUALSTYLE
1000
AcRTDxfName
1000
VISUALSTYLE
1000
AcRTDxfName
1000
VISUALSTYLE
1000
AcRTDxfName
1000
VISUALSTYLE
1000
AcRTDxfName
1000
VISUALSTYLE
1000
AcRTDxfName
1000
VISUALSTYLE
1000
AcRTDxfName
1000
VISUALSTYLE
1000
AcRTDxfName
1000
VISUALSTYLE
1000
AcRTDxfName
1000
VISUALSTYLE
1000
AcRTDxfName
1000
VISUALSTYLE
1000
AcRTDxfName
1000
VISUALSTYLE
1000
AcRTDxfName
1000
VISUALSTYLE
1000
AcRTDxfName
1000
VISUALSTYLE
1000
AcRTDxfName
1000
VISUALSTYLE
1000
AcRTDxfName
1000
VISUALSTYLE
1000
AcRTDxfName
1000
VISUALSTYLE
1000
AcRTDxfName
1000
VISUALSTYLE
1000
AcRTDxfName
1000
VISUALSTYLE
1000
AcRTDxfName
1000
VISUALSTYLE
1000
AcRTDxfName
1000
VISUALSTYLE
1000
AcRTDxfName
1000
VISUALSTYLE
1000
AcRTDxfName
1000
VISUALSTYLE
1000
AcRTDxfName
1000
VISUALSTYLE
1000
AcRTDxfName
1000
VISUALSTYLE
1000
AcRTDxfName
1000
VISUALSTYLE
1000
AcRTDxfName
1000
VISUALSTYLE
1000
AcRTDxfName
1000
VISUALSTYLE
1000
AcRTDxfName
1000
VISUALSTYLE
1000
AcRTDxfName
1000
VISUALSTYLE
1000
AcRTDxfName
1000
VISUALSTYLE
1000
AcRTDxfName
1000
VISUALSTYLE
1000
AcRTDxfName
1000
VISUALSTYLE
1000
AcRTDxfName
1000
VISUALSTYLE
1000
AcRTDxfName
1000
VISUALSTYLE
1000
AcRTDxfName
1000
VISUALSTYLE
1000
AcRTDxfName
1000
VISUALSTYLE
1000
AcRTDxfName
1000
VISUALSTYLE
1000
AcRTDxfName
1000
VISUALSTYLE
1000
AcRTDxfName
1000
VISUALSTYLE
1000
AcRTDxfName
1000
VISUALSTYLE
1000
AcRTDxfName
1000
VISUALSTYLE
1000
AcRTDxfName
1000
VISUALSTYLE
1000
AcRTDxfName
1000
VISUALSTYLE
1000
AcRTDxfName
1000
VISUALSTYLE
1000
AcRTDxfName
1000
VISUALSTYLE
1000
AcRTDxfName
1000
VISUALSTYLE
1000
AcRTDxfName
1000
VISUALSTYLE
1000
AcRTDxfName
1000
VISUALSTYLE
1000
AcRTDxfName
1000
VISUALSTYLE
1000
AcRTDxfName
1000
VISUALSTYLE
1000
AcRTDxfName
1000
VISUALSTYLE
1000
AcRTDxfName
1000
VISUALSTYLE
1000
AcRTDxfName
1000
VISUALSTYLE
1000
AcRTDxfName
1000
VISUALSTYLE
1000
AcRTDxfName
1000
VISUALSTYLE
1000
AcRTDxfName
1000
VISUALSTYLE
1000
AcRTDxfName
1000
VISUALSTYLE
1000
AcRTDxfName
1000
VISUALSTYLE
1000
AcRTDxfName
1000
VISUALSTYLE
1000
AcRTDxfName
1000
VISUALSTYLE
1000
AcRTDxfName
1000
VISUALSTYLE
1000
AcRTDxfName
1000
VISUALSTYLE
1000
AcRTDxfName
1000
VISUALSTYLE
1000
AcRTDxfName
1000
VISUALSTYLE
1000
AcRTDxfName
1000
VISUALSTYLE
1000
AcRTDxfName
1000
VISUALSTYLE
1000
AcRTDxfName
1000
VISUALSTYLE
1000
AcRTDxfName
1000
VISUALSTYLE
1000
AcRTDxfName
1000
VISUALSTYLE
1000
AcRTDxfName
1000
VISUALSTYLE
1000
AcRTDxfName
1000
VISUALSTYLE
1000
AcRTDxfName
1000
VISUALSTYLE
1000
AcRTDxfName
1000
VISUALSTYLE
1000
AcRTDxfName
1000
VISUALSTYLE
1000
AcRTDxfName
1000
VISUALSTYLE
1000
AcRTDxfName
1000
VISUALSTYLE
1000
AcRTDxfName
1000
VISUALSTYLE
1000
AcRTDxfName
1000
VISUALSTYLE
1000
AcRTDxfName
1000
VISUALSTYLE
1000
AcRTDxfName
1000
VISUALSTYLE
1000
AcRTDxfName
1000
VISUALSTYLE
1000
AcRTDxfName
1000
VISUALSTYLE
1000
AcRTDxfName
1000
VISUALSTYLE
1000
AcRTDxfName
1000
VISUALSTYLE
1000
AcRTDxfName
1000
VISUALSTYLE
1000
AcRTDxfName
1000
VISUALSTYLE
1000
AcRTDxfName
1000
VISUALSTYLE
1000
AcRTDxfName
1000
VISUALSTYLE
1000
AcRTDxfName
1000
VISUALSTYLE
1000
AcRTDxfName
1000
VISUALSTYLE
1000
AcRTDxfName
1000
VISUALSTYLE
1000
AcRTDxfName
1000
VISUALSTYLE
1000
AcRTDxfName
1000
VISUALSTYLE
1000
AcRTDxfName
1000
VISUALSTYLE
1000
AcRTDxfName
1000
VISUALSTYLE
1000
AcRTDxfName
1000
VISUALSTYLE
1000
AcRTDxfName
1000
VISUALSTYLE
1000
AcRTDxfName
1000
VISUALSTYLE
1000
AcRTDxfName
1000
VISUALSTYLE
1000
AcRTDxfName
1000
VISUALSTYLE
1000
AcRTDxfName
1000
VISUALSTYLE
1000
AcRTDxfName
1000
VISUALSTYLE
1000
AcRTDxfName
1000
VISUALSTYLE
1000
AcRTDxfName
1000
VISUALSTYLE
1000
AcRTDxfName
1000
VISUALSTYLE
1000
AcRTDxfName
1000
VISUALSTYLE
1000
AcRTDxfName
1000
VISUALSTYLE
1000
AcRTDxfName
1000
VISUALSTYLE
1000
AcRTDxfName
1000
VISUALSTYLE
1000
AcRTDxfName
1000
VISUALSTYLE
1000
AcRTDxfName
1000
VISUALSTYLE
  0
VISUALSTYLE
  5
9E
102
{ACAD_REACTORS
330
99
102
}
330
99
100
AcDbVisualStyle
  2
Basic
 70
     7
177
     3
291
     1
 70
    58
 90
        1
176
     1
 90
        0
176
     1
 90
        1
176
     1
 90
        0
176
     1
 40
0.6
176
     1
 40
30.0
176
     1
 62
     7
420
 16777215
176
     1
 90
        0
176
     1
 90
        4
176
     1
 62
     7
176
     1
 62
   257
176
     1
 90
        1
176
     1
 90
        1
176
     1
 40
1.0
176
     1
 90
        8
176
     1
 62
     7
176
     1
 40
1.0
176
     1
 90
        1
176
     1
 90
        6
176
     1
 90
        2
176
     1
 62
     7
176
     1
 90
        5
176
     1
 90
        0
176
     1
 90
        0
176
     1
290
     0
176
     1
 90
        1
176
     1
 40
0.0
176
     1
 90
        0
176
     1
290
     0
176
     1
290
     1
176
     1
290
     1
176
     1
290
     0
176
     1
290
     0
176
     1
290
     0
176
     1
290
     0
176
     1
290
     0
176
     1
290
     0
176
     1
 90
       50
176
     1
 40
0.0
176
     1
 40
1.0
176
     1
 90
        0
176
     1
 62
    18
420
        0
176
     1
 90
       50
176
     1
 90
        3
176
     1
 62
     5
420
      255
176
     1
290
     0
176
     1
 90
       50
176
     1
 90
       50
176
     1
 90
       50
176
     1
290
     0
176
     1
 90
       50
176
     1
 62
   256
176
     0
 40
1.0
176
     0
 90
        2
176
     1
  1
strokes_ogs.tif
176
     1
290
     0
176
     1
 40
1.0
176
     1
 40
1.0
176
     1
  0
VISUALSTYLE
  5
A5
102
{ACAD_REACTORS
330
99
102
}
330
99
100
AcDbVisualStyle
  2
Brighten
 70
    12
177
     3
291
     1
 70
    58
 90
        2
176
     1
 90
        2
176
     1
 90
        1
176
     1
 90
        0
176
     1
 40
0.6
176
     1
 40
30.0
176
     1
 62
     7
420
 16777215
176
     1
 90
        1
176
     1
 90
        4
176
     1
 62
     7
176
     1
 62
   257
176
     1
 90
        1
176
     1
 90
        1
176
     1
 40
1.0
176
     1
 90
        8
176
     1
 62
     7
176
     1
 40
1.0
176
     1
 90
        1
176
     1
 90
        6
176
     1
 90
        2
176
     1
 62
     7
176
     1
 90
        5
176
     1
 90
        0
176
     1
 90
        0
176
     1
290
     0
176
     1
 90
        1
176
     1
 40
50.0
176
     1
 90
        0
176
     1
290
     0
176
     1
290
     1
176
     1
290
     1
176
     1
290
     0
176
     1
290
     0
176
     1
290
     0
176
     1
290
     0
176
     1
290
     0
176
     1
290
     0
176
     1
 90
       50
176
     1
 40
0.0
176
     1
 40
1.0
176
     1
 90
        0
176
     1
 62
    18
420
        0
176
     1
 90
       50
176
     1
 90
        3
176
     1
 62
     5
420
      255
176
     1
290
     0
176
     1
 90
       50
176
     1
 90
       50
176
     1
 90
       50
176
     1
290
     0
176
     1
 90
       50
176
     1
 62
   256
176
     0
 40
1.0
176
     0
 90
        2
176
     1
  1
strokes_ogs.tif
176
     1
290
     0
176
     1
 40
1.0
176
     1
 40
1.0
176
     1
  0
VISUALSTYLE
  5
A9
102
{ACAD_REACTORS
330
99
102
}
330
99
100
AcDbVisualStyle
  2
ColorChange
 70
    16
177
     3
291
     1
 70
    58
 90
        2
176
     1
 90
        2
176
     1
 90
        3
176
     1
 90
        0
176
     1
 40
0.6
176
     1
 40
30.0
176
     1
 62
     8
420
  8421504
176
     1
 90
        1
176
     1
 90
        4
176
     1
 62
     7
176
     1
 62
   257
176
     1
 90
        1
176
     1
 90
        1
176
     1
 40
1.0
176
     1
 90
        8
176
     1
 62
     8
420
  8421504
176
     1
 40
1.0
176
     1
 90
        1
176
     1
 90
        6
176
     1
 90
        2
176
     1
 62
     7
176
     1
 90
        5
176
     1
 90
        0
176
     1
 90
        0
176
     1
290
     0
176
     1
 90
        1
176
     1
 40
0.0
176
     1
 90
        0
176
     1
290
     0
176
     1
290
     1
176
     1
290
     1
176
     1
290
     0
176
     1
290
     0
176
     1
290
     0
176
     1
290
     0
176
     1
290
     0
176
     1
290
     0
176
     1
 90
       50
176
     1
 40
0.0
176
     1
 40
1.0
176
     1
 90
        0
176
     1
 62
    18
420
        0
176
     1
 90
       50
176
     1
 90
        3
176
     1
 62
     5
420
      255
176
     1
290
     0
176
     1
 90
       50
176
     1
 90
       50
176
     1
 90
       50
176
     1
290
     0
176
     1
 90
       50
176
     1
 62
   256
176
     0
 40
1.0
176
     0
 90
        2
176
     1
  1
strokes_ogs.tif
176
     1
290
     0
176
     1
 40
1.0
176
     1
 40
1.0
176
     1
  0
VISUALSTYLE
  5
A2
102
{ACAD_REACTORS
330
99
102
}
330
99
100
AcDbVisualStyle
  2
Conceptual
 70
     9
177
     3
291
     0
 70
    58
 90
        3
176
     1
 90
        2
176
     1
 90
        1
176
     1
 90
        0
176
     1
 40
0.6
176
     1
 40
30.0
176
     1
 62
     7
420
 16777215
176
     1
 90
        2
176
     1
 90
        2
176
     1
 62
     7
176
     1
 62
   257
176
     1
 90
        1
176
     1
 90
        1
176
     1
 40
40.0
176
     1
 90
        8
176
     1
 62
     7
176
     1
 40
1.0
176
     1
 90
        1
176
     1
 90
        6
176
     1
 90
        2
176
     1
 62
     7
176
     1
 90
        3
176
     1
 90
        0
176
     1
 90
        0
176
     1
290
     0
176
     1
 90
        1
176
     1
 40
0.0
176
     1
 90
        0
176
     1
290
     0
176
     1
290
     1
176
     1
290
     1
176
     1
290
     0
176
     1
290
     0
176
     1
290
     0
176
     1
290
     0
176
     1
290
     0
176
     1
290
     0
176
     1
 90
       50
176
     1
 40
0.0
176
     1
 40
1.0
176
     1
 90
        0
176
     1
 62
    18
420
        0
176
     1
 90
       50
176
     1
 90
        3
176
     1
 62
     5
420
      255
176
     1
290
     0
176
     1
 90
       50
176
     1
 90
       50
176
     1
 90
       50
176
     1
290
     0
176
     1
 90
       50
176
     1
 62
   256
176
     0
 40
1.0
176
     0
 90
        2
176
     1
  1
strokes_ogs.tif
176
     1
290
     0
176
     1
 40
1.0
176
     1
 40
1.0
176
     1
  0
VISUALSTYLE
  5
A4
102
{ACAD_REACTORS
330
99
102
}
330
99
100
AcDbVisualStyle
  2
Dim
 70
    11
177
     3
291
     1
 70
    58
 90
        2
176
     1
 90
        2
176
     1
 90
        1
176
     1
 90
        0
176
     1
 40
0.6
176
     1
 40
30.0
176
     1
 62
     7
420
 16777215
176
     1
 90
        1
176
     1
 90
        4
176
     1
 62
     7
176
     1
 62
   257
176
     1
 90
        1
176
     1
 90
        1
176
     1
 40
1.0
176
     1
 90
        8
176
     1
 62
     7
176
     1
 40
1.0
176
     1
 90
        1
176
     1
 90
        6
176
     1
 90
        2
176
     1
 62
     7
176
     1
 90
        5
176
     1
 90
        0
176
     1
 90
        0
176
     1
290
     0
176
     1
 90
        1
176
     1
 40
-50.0
176
     1
 90
        0
176
     1
290
     0
176
     1
290
     1
176
     1
290
     1
176
     1
290
     0
176
     1
290
     0
176
     1
290
     0
176
     1
290
     0
176
     1
290
     0
176
     1
290
     0
176
     1
 90
       50
176
     1
 40
0.0
176
     1
 40
1.0
176
     1
 90
        0
176
     1
 62
    18
420
        0
176
     1
 90
       50
176
     1
 90
        3
176
     1
 62
     5
420
      255
176
     1
290
     0
176
     1
 90
       50
176
     1
 90
       50
176
     1
 90
       50
176
     1
290
     0
176
     1
 90
       50
176
     1
 62
   256
176
     0
 40
1.0
176
     0
 90
        2
176
     1
  1
strokes_ogs.tif
176
     1
290
     0
176
     1
 40
1.0
176
     1
 40
1.0
176
     1
  0
VISUALSTYLE
  5
175
102
{ACAD_REACTORS
330
99
102
}
330
99
100
AcDbVisualStyle
  2
EdgeColorOff
 70
    22
177
     3
291
     1
 70
    58
 90
        2
176
     0
 90
        2
176
     0
 90
        0
176
     0
 90
        0
176
     0
 40
0.6
176
     0
 40
30.0
176
     0
 62
     7
420
 16777215
176
     0
 90
        1
176
     0
 90
        4
176
     0
 62
     7
176
     0
 62
   257
176
     0
 90
        1
176
     0
 90
        1
176
     0
 40
1.0
176
     0
 90
        8
176
     2
 62
     7
176
     0
 40
1.0
176
     0
 90
        1
176
     0
 90
        6
176
     0
 90
        2
176
     0
 62
     7
176
     0
 90
        5
176
     0
 90
        0
176
     0
 90
        0
176
     0
290
     0
176
     0
 90
        1
176
     0
 40
0.0
176
     0
 90
        0
176
     0
290
     0
176
     1
290
     1
176
     1
290
     1
176
     1
290
     0
176
     1
290
     0
176
     1
290
     0
176
     1
290
     0
176
     1
290
     0
176
     1
290
     0
176
     1
 90
       50
176
     1
 40
0.0
176
     1
 40
1.0
176
     1
 90
        0
176
     1
 62
    18
420
        0
176
     1
 90
       50
176
     1
 90
        3
176
     1
 62
     5
420
      255
176
     1
290
     0
176
     1
 90
       50
176
     1
 90
       50
176
     1
 90
       50
176
     1
290
     0
176
     1
 90
       50
176
     1
 62
   256
176
     0
 40
1.0
176
     0
 90
        2
176
     1
  1
strokes_ogs.tif
176
     1
290
     0
176
     1
 40
1.0
176
     1
 40
1.0
176
     1
  0
VISUALSTYLE
  5
A8
102
{ACAD_REACTORS
330
99
102
}
330
99
100
AcDbVisualStyle
  2
Facepattern
 70
    15
177
     3
291
     1
 70
    58
 90
        2
176
     1
 90
        2
176
     1
 90
        1
176
     1
 90
        0
176
     1
 40
0.6
176
     1
 40
30.0
176
     1
 62
     7
420
 16777215
176
     1
 90
        1
176
     1
 90
        4
176
     1
 62
     7
176
     1
 62
   257
176
     1
 90
        1
176
     1
 90
        1
176
     1
 40
1.0
176
     1
 90
        8
176
     1
 62
     7
176
     1
 40
1.0
176
     1
 90
        1
176
     1
 90
        6
176
     1
 90
        2
176
     1
 62
     7
176
     1
 90
        5
176
     1
 90
        0
176
     1
 90
        0
176
     1
290
     0
176
     1
 90
        1
176
     1
 40
0.0
176
     1
 90
        0
176
     1
290
     0
176
     1
290
     1
176
     1
290
     1
176
     1
290
     0
176
     1
290
     0
176
     1
290
     0
176
     1
290
     0
176
     1
290
     0
176
     1
290
     0
176
     1
 90
       50
176
     1
 40
0.0
176
     1
 40
1.0
176
     1
 90
        0
176
     1
 62
    18
420
        0
176
     1
 90
       50
176
     1
 90
        3
176
     1
 62
     5
420
      255
176
     1
290
     0
176
     1
 90
       50
176
     1
 90
       50
176
     1
 90
       50
176
     1
290
     0
176
     1
 90
       50
176
     1
 62
   256
176
     0
 40
1.0
176
     0
 90
        2
176
     1
  1
strokes_ogs.tif
176
     1
290
     0
176
     1
 40
1.0
176
     1
 40
1.0
176
     1
  0
VISUALSTYLE
  5
9A
102
{ACAD_REACTORS
330
99
102
}
330
99
100
AcDbVisualStyle
  2
Flat
 70
     0
177
     3
291
     1
 70
    58
 90
        2
176
     1
 90
        1
176
     1
 90
        1
176
     1
 90
        2
176
     1
 40
0.6
176
     1
 40
30.0
176
     1
 62
     7
420
 16777215
176
     1
 90
        0
176
     1
 90
        0
176
     1
 62
     7
176
     1
 62
   257
176
     1
 90
        1
176
     1
 90
        1
176
     1
 40
1.0
176
     1
 90
        8
176
     1
 62
     7
176
     1
 40
1.0
176
     1
 90
        1
176
     1
 90
        6
176
     1
 90
        2
176
     1
 62
     7
176
     1
 90
        5
176
     1
 90
        0
176
     1
 90
        0
176
     1
290
     0
176
     1
 90
       13
176
     1
 40
0.0
176
     1
 90
        0
176
     1
290
     0
176
     1
290
     1
176
     1
290
     1
176
     1
290
     0
176
     1
290
     0
176
     1
290
     0
176
     1
290
     0
176
     1
290
     0
176
     1
290
     0
176
     1
 90
       50
176
     1
 40
0.0
176
     1
 40
1.0
176
     1
 90
        0
176
     1
 62
    18
420
        0
176
     1
 90
       50
176
     1
 90
        3
176
     1
 62
     5
420
      255
176
     1
290
     0
176
     1
 90
       50
176
     1
 90
       50
176
     1
 90
       50
176
     1
290
     0
176
     1
 90
       50
176
     1
 62
   256
176
     0
 40
1.0
176
     0
 90
        2
176
     1
  1
strokes_ogs.tif
176
     1
290
     0
176
     1
 40
1.0
176
     1
 40
1.0
176
     1
  0
VISUALSTYLE
  5
9B
102
{ACAD_REACTORS
330
99
102
}
330
99
100
AcDbVisualStyle
  2
FlatWithEdges
 70
     1
177
     3
291
     1
 70
    58
 90
        2
176
     1
 90
        1
176
     1
 90
        1
176
     1
 90
        2
176
     1
 40
0.6
176
     1
 40
30.0
176
     1
 62
     7
420
 16777215
176
     1
 90
        1
176
     1
 90
        0
176
     1
 62
     7
176
     1
 62
   257
176
     1
 90
        1
176
     1
 90
        1
176
     1
 40
1.0
176
     1
 90
        0
176
     1
 62
   257
176
     1
 40
1.0
176
     1
 90
        1
176
     1
 90
        6
176
     1
 90
        2
176
     1
 62
     7
176
     1
 90
        5
176
     1
 90
        0
176
     1
 90
        0
176
     1
290
     0
176
     1
 90
       13
176
     1
 40
0.0
176
     1
 90
        0
176
     1
290
     0
176
     1
290
     1
176
     1
290
     1
176
     1
290
     0
176
     1
290
     0
176
     1
290
     0
176
     1
290
     0
176
     1
290
     0
176
     1
290
     0
176
     1
 90
       50
176
     1
 40
0.0
176
     1
 40
1.0
176
     1
 90
        0
176
     1
 62
    18
420
        0
176
     1
 90
       50
176
     1
 90
        3
176
     1
 62
     5
420
      255
176
     1
290
     0
176
     1
 90
       50
176
     1
 90
       50
176
     1
 90
       50
176
     1
290
     0
176
     1
 90
       50
176
     1
 62
   256
176
     0
 40
1.0
176
     0
 90
        2
176
     1
  1
strokes_ogs.tif
176
     1
290
     0
176
     1
 40
1.0
176
     1
 40
1.0
176
     1
  0
VISUALSTYLE
  5
9C
102
{ACAD_REACTORS
330
99
102
}
330
99
100
AcDbVisualStyle
  2
Gouraud
 70
     2
177
     3
291
     1
 70
    58
 90
        2
176
     1
 90
        2
176
     1
 90
        1
176
     1
 90
        2
176
     1
 40
0.6
176
     1
 40
30.0
176
     1
 62
     7
420
 16777215
176
     1
 90
        0
176
     1
 90
        0
176
     1
 62
     7
176
     1
 62
   257
176
     1
 90
        1
176
     1
 90
        1
176
     1
 40
1.0
176
     1
 90
        0
176
     1
 62
     7
176
     1
 40
1.0
176
     1
 90
        1
176
     1
 90
        6
176
     1
 90
        2
176
     1
 62
     7
176
     1
 90
        5
176
     1
 90
        0
176
     1
 90
        0
176
     1
290
     0
176
     1
 90
       13
176
     1
 40
0.0
176
     1
 90
        0
176
     1
290
     0
176
     1
290
     1
176
     1
290
     1
176
     1
290
     0
176
     1
290
     0
176
     1
290
     0
176
     1
290
     0
176
     1
290
     0
176
     1
290
     0
176
     1
 90
       50
176
     1
 40
0.0
176
     1
 40
1.0
176
     1
 90
        0
176
     1
 62
    18
420
        0
176
     1
 90
       50
176
     1
 90
        3
176
     1
 62
     5
420
      255
176
     1
290
     0
176
     1
 90
       50
176
     1
 90
       50
176
     1
 90
       50
176
     1
290
     0
176
     1
 90
       50
176
     1
 62
   256
176
     0
 40
1.0
176
     0
 90
        2
176
     1
  1
strokes_ogs.tif
176
     1
290
     0
176
     1
 40
1.0
176
     1
 40
1.0
176
     1
  0
VISUALSTYLE
  5
9D
102
{ACAD_REACTORS
330
99
102
}
330
99
100
AcDbVisualStyle
  2
GouraudWithEdges
 70
     3
177
     3
291
     1
 70
    58
 90
        2
176
     1
 90
        2
176
     1
 90
        1
176
     1
 90
        2
176
     1
 40
0.6
176
     1
 40
30.0
176
     1
 62
     7
420
 16777215
176
     1
 90
        1
176
     1
 90
        0
176
     1
 62
     7
176
     1
 62
   257
176
     1
 90
        1
176
     1
 90
        1
176
     1
 40
1.0
176
     1
 90
        0
176
     1
 62
   257
176
     1
 40
1.0
176
     1
 90
        1
176
     1
 90
        6
176
     1
 90
        2
176
     1
 62
     7
176
     1
 90
        5
176
     1
 90
        0
176
     1
 90
        0
176
     1
290
     0
176
     1
 90
       13
176
     1
 40
0.0
176
     1
 90
        0
176
     1
290
     0
176
     1
290
     1
176
     1
290
     1
176
     1
290
     0
176
     1
290
     0
176
     1
290
     0
176
     1
290
     0
176
     1
290
     0
176
     1
290
     0
176
     1
 90
       50
176
     1
 40
0.0
176
     1
 40
1.0
176
     1
 90
        0
176
     1
 62
    18
420
        0
176
     1
 90
       50
176
     1
 90
        3
176
     1
 62
     5
420
      255
176
     1
290
     0
176
     1
 90
       50
176
     1
 90
       50
176
     1
 90
       50
176
     1
290
     0
176
     1
 90
       50
176
     1
 62
   256
176
     0
 40
1.0
176
     0
 90
        2
176
     1
  1
strokes_ogs.tif
176
     1
290
     0
176
     1
 40
1.0
176
     1
 40
1.0
176
     1
  0
VISUALSTYLE
  5
A1
102
{ACAD_REACTORS
330
99
102
}
330
99
100
AcDbVisualStyle
  2
Hidden
 70
     6
177
     3
291
     0
 70
    58
 90
        1
176
     1
 90
        2
176
     1
 90
        2
176
     1
 90
        0
176
     1
 40
0.6
176
     1
 40
30.0
176
     1
 62
     7
420
 16777215
176
     1
 90
        2
176
     1
 90
        2
176
     1
 62
     7
176
     1
 62
   257
176
     1
 90
        2
176
     1
 90
        1
176
     1
 40
40.0
176
     1
 90
        0
176
     1
 62
   257
176
     1
 40
1.0
176
     1
 90
        1
176
     1
 90
        6
176
     1
 90
        2
176
     1
 62
     7
176
     1
 90
        3
176
     1
 90
        0
176
     1
 90
        0
176
     1
290
     0
176
     1
 90
        1
176
     1
 40
0.0
176
     1
 90
        0
176
     1
290
     0
176
     1
290
     1
176
     1
290
     1
176
     1
290
     0
176
     1
290
     0
176
     1
290
     0
176
     1
290
     0
176
     1
290
     0
176
     1
290
     0
176
     1
 90
       50
176
     1
 40
0.0
176
     1
 40
1.0
176
     1
 90
        0
176
     1
 62
    18
420
        0
176
     1
 90
       50
176
     1
 90
        3
176
     1
 62
     5
420
      255
176
     1
290
     0
176
     1
 90
       50
176
     1
 90
       50
176
     1
 90
       50
176
     1
290
     0
176
     1
 90
       50
176
     1
 62
   256
176
     0
 40
1.0
176
     0
 90
        2
176
     1
  1
strokes_ogs.tif
176
     1
290
     0
176
     1
 40
1.0
176
     1
 40
1.0
176
     1
  0
VISUALSTYLE
  5
173
102
{ACAD_REACTORS
330
99
102
}
330
99
100
AcDbVisualStyle
  2
JitterOff
 70
    20
177
     3
291
     1
 70
    58
 90
        2
176
     0
 90
        2
176
     0
 90
        0
176
     0
 90
        0
176
     0
 40
0.6
176
     0
 40
30.0
176
     0
 62
     7
420
 16777215
176
     0
 90
        1
176
     0
 90
        4
176
     0
 62
     7
176
     0
 62
   257
176
     0
 90
        1
176
     0
 90
        1
176
     0
 40
1.0
176
     0
 90
       10
176
     2
 62
     7
176
     0
 40
1.0
176
     0
 90
        1
176
     0
 90
        6
176
     0
 90
        2
176
     0
 62
     7
176
     0
 90
        5
176
     0
 90
        0
176
     0
 90
        0
176
     0
290
     0
176
     0
 90
        1
176
     0
 40
0.0
176
     0
 90
        0
176
     0
290
     0
176
     1
290
     1
176
     1
290
     1
176
     1
290
     0
176
     1
290
     0
176
     1
290
     0
176
     1
290
     0
176
     1
290
     0
176
     1
290
     0
176
     1
 90
       50
176
     1
 40
0.0
176
     1
 40
1.0
176
     1
 90
        0
176
     1
 62
    18
420
        0
176
     1
 90
       50
176
     1
 90
        3
176
     1
 62
     5
420
      255
176
     1
290
     0
176
     1
 90
       50
176
     1
 90
       50
176
     1
 90
       50
176
     1
290
     0
176
     1
 90
       50
176
     1
 62
   256
176
     0
 40
1.0
176
     0
 90
        2
176
     1
  1
strokes_ogs.tif
176
     1
290
     0
176
     1
 40
1.0
176
     1
 40
1.0
176
     1
  0
VISUALSTYLE
  5
A7
102
{ACAD_REACTORS
330
99
102
}
330
99
100
AcDbVisualStyle
  2
Linepattern
 70
    14
177
     3
291
     1
 70
    58
 90
        2
176
     1
 90
        2
176
     1
 90
        1
176
     1
 90
        0
176
     1
 40
0.6
176
     1
 40
30.0
176
     1
 62
     7
420
 16777215
176
     1
 90
        1
176
     1
 90
        4
176
     1
 62
     7
176
     1
 62
   257
176
     1
 90
        7
176
     1
 90
        7
176
     1
 40
1.0
176
     1
 90
        8
176
     1
 62
     7
176
     1
 40
1.0
176
     1
 90
        1
176
     1
 90
        6
176
     1
 90
        2
176
     1
 62
     7
176
     1
 90
        5
176
     1
 90
        0
176
     1
 90
        0
176
     1
290
     0
176
     1
 90
        1
176
     1
 40
0.0
176
     1
 90
        0
176
     1
290
     0
176
     1
290
     1
176
     1
290
     1
176
     1
290
     0
176
     1
290
     0
176
     1
290
     0
176
     1
290
     0
176
     1
290
     0
176
     1
290
     0
176
     1
 90
       50
176
     1
 40
0.0
176
     1
 40
1.0
176
     1
 90
        0
176
     1
 62
    18
420
        0
176
     1
 90
       50
176
     1
 90
        3
176
     1
 62
     5
420
      255
176
     1
290
     0
176
     1
 90
       50
176
     1
 90
       50
176
     1
 90
       50
176
     1
290
     0
176
     1
 90
       50
176
     1
 62
   256
176
     0
 40
1.0
176
     0
 90
        2
176
     1
  1
strokes_ogs.tif
176
     1
290
     0
176
     1
 40
1.0
176
     1
 40
1.0
176
     1
  0
VISUALSTYLE
  5
174
102
{ACAD_REACTORS
330
99
102
}
330
99
100
AcDbVisualStyle
  2
OverhangOff
 70
    21
177
     3
291
     1
 70
    58
 90
        2
176
     0
 90
        2
176
     0
 90
        0
176
     0
 90
        0
176
     0
 40
0.6
176
     0
 40
30.0
176
     0
 62
     7
420
 16777215
176
     0
 90
        1
176
     0
 90
        4
176
     0
 62
     7
176
     0
 62
   257
176
     0
 90
        1
176
     0
 90
        1
176
     0
 40
1.0
176
     0
 90
        9
176
     2
 62
     7
176
     0
 40
1.0
176
     0
 90
        1
176
     0
 90
        6
176
     0
 90
        2
176
     0
 62
     7
176
     0
 90
        5
176
     0
 90
        0
176
     0
 90
        0
176
     0
290
     0
176
     0
 90
        1
176
     0
 40
0.0
176
     0
 90
        0
176
     0
290
     0
176
     1
290
     1
176
     1
290
     1
176
     1
290
     0
176
     1
290
     0
176
     1
290
     0
176
     1
290
     0
176
     1
290
     0
176
     1
290
     0
176
     1
 90
       50
176
     1
 40
0.0
176
     1
 40
1.0
176
     1
 90
        0
176
     1
 62
    18
420
        0
176
     1
 90
       50
176
     1
 90
        3
176
     1
 62
     5
420
      255
176
     1
290
     0
176
     1
 90
       50
176
     1
 90
       50
176
     1
 90
       50
176
     1
290
     0
176
     1
 90
       50
176
     1
 62
   256
176
     0
 40
1.0
176
     0
 90
        2
176
     1
  1
strokes_ogs.tif
176
     1
290
     0
176
     1
 40
1.0
176
     1
 40
1.0
176
     1
  0
VISUALSTYLE
  5
A3
102
{ACAD_REACTORS
330
99
102
}
330
99
100
AcDbVisualStyle
  2
Realistic
 70
     8
177
     3
291
     0
 70
    58
 90
        2
176
     1
 90
        2
176
     1
 90
        0
176
     1
 90
        2
176
     1
 40
0.6
176
     1
 40
30.0
176
     1
 62
     7
420
 16777215
176
     1
 90
        0
176
     1
 90
        0
176
     1
 62
     7
176
     1
 62
   257
176
     1
 90
        1
176
     1
 90
        1
176
     1
 40
1.0
176
     1
 90
        8
176
     1
 62
   257
176
     1
 40
1.0
176
     1
 90
        1
176
     1
 90
        6
176
     1
 90
        2
176
     1
 62
     7
176
     1
 90
        3
176
     1
 90
        0
176
     1
 90
        0
176
     1
290
     0
176
     1
 90
       13
176
     1
 40
0.0
176
     1
 90
        0
176
     1
290
     0
176
     1
290
     1
176
     1
290
     1
176
     1
290
     0
176
     1
290
     0
176
     1
290
     0
176
     1
290
     0
176
     1
290
     0
176
     1
290
     0
176
     1
 90
       50
176
     1
 40
0.0
176
     1
 40
1.0
176
     1
 90
        0
176
     1
 62
    18
420
        0
176
     1
 90
       50
176
     1
 90
        3
176
     1
 62
     5
420
      255
176
     1
290
     0
176
     1
 90
       50
176
     1
 90
       50
176
     1
 90
       50
176
     1
290
     0
176
     1
 90
       50
176
     1
 62
   256
176
     0
 40
1.0
176
     0
 90
        2
176
     1
  1
strokes_ogs.tif
176
     1
290
     0
176
     1
 40
1.0
176
     1
 40
1.0
176
     1
  0
VISUALSTYLE
  5
182
102
{ACAD_REACTORS
330
99
102
}
330
99
100
AcDbVisualStyle
  2
Shaded
 70
    27
177
     3
291
     0
 70
    58
 90
        2
176
     1
 90
        2
176
     1
 90
        1
176
     1
 90
        2
176
     1
 40
0.6
176
     1
 40
30.0
176
     1
 62
     7
420
 16777215
176
     1
 90
        0
176
     1
 90
        4
176
     1
 62
     7
176
     1
 62
   257
176
     1
 90
        1
176
     1
 90
        1
176
     1
 40
1.0
176
     1
 90
        8
176
     1
 62
   257
176
     1
 40
1.0
176
     1
 90
        1
176
     1
 90
        6
176
     1
 90
        2
176
     1
 62
     8
420
  7895160
176
     1
 90
        3
176
     1
 90
        0
176
     1
 90
        0
176
     1
290
     0
176
     1
 90
        5
176
     1
 40
0.0
176
     1
 90
        0
176
     1
290
     0
176
     1
290
     1
176
     1
290
     1
176
     1
290
     0
176
     1
290
     0
176
     1
290
     0
176
     1
290
     0
176
     1
290
     0
176
     1
290
     0
176
     1
 90
       50
176
     1
 40
0.0
176
     1
 40
1.0
176
     1
 90
        0
176
     1
 62
    18
420
        0
176
     1
 90
       50
176
     1
 90
        3
176
     1
 62
     5
420
      255
176
     1
290
     0
176
     1
 90
       50
176
     1
 90
       50
176
     1
 90
       50
176
     1
290
     0
176
     1
 90
       50
176
     1
 62
   256
176
     0
 40
1.0
176
     0
 90
        2
176
     1
  1
strokes_ogs.tif
176
     1
290
     0
176
     1
 40
1.0
176
     1
 40
1.0
176
     1
  0
VISUALSTYLE
  5
181
102
{ACAD_REACTORS
330
99
102
}
330
99
100
AcDbVisualStyle
  2
Shaded with edges
 70
    26
177
     3
291
     0
 70
    58
 90
        2
176
     1
 90
        2
176
     1
 90
        1
176
     1
 90
        2
176
     1
 40
0.6
176
     1
 40
30.0
176
     1
 62
     7
420
 16777215
176
     1
 90
        1
176
     1
 90
        2
176
     1
 62
     7
176
     1
 62
   257
176
     1
 90
        2
176
     1
 90
        1
176
     1
 40
1.0
176
     1
 90
        8
176
     1
 62
   257
176
     1
 40
1.0
176
     1
 90
        1
176
     1
 90
        6
176
     1
 90
        2
176
     1
 62
     7
176
     1
 90
        3
176
     1
 90
        0
176
     1
 90
        0
176
     1
290
     0
176
     1
 90
        5
176
     1
 40
0.0
176
     1
 90
        0
176
     1
290
     0
176
     1
290
     1
176
     1
290
     1
176
     1
290
     0
176
     1
290
     0
176
     1
290
     0
176
     1
290
     0
176
     1
290
     0
176
     1
290
     0
176
     1
 90
       50
176
     1
 40
0.0
176
     1
 40
1.0
176
     1
 90
        0
176
     1
 62
    18
420
        0
176
     1
 90
       50
176
     1
 90
        3
176
     1
 62
     5
420
      255
176
     1
290
     0
176
     1
 90
       50
176
     1
 90
       50
176
     1
 90
       50
176
     1
290
     0
176
     1
 90
       50
176
     1
 62
   256
176
     0
 40
1.0
176
     0
 90
        2
176
     1
  1
strokes_ogs.tif
176
     1
290
     0
176
     1
 40
1.0
176
     1
 40
1.0
176
     1
  0
VISUALSTYLE
  5
17E
102
{ACAD_REACTORS
330
99
102
}
330
99
100
AcDbVisualStyle
  2
Shades of Gray
 70
    23
177
     3
291
     0
 70
    58
 90
        2
176
     1
 90
        2
176
     1
 90
        3
176
     1
 90
        0
176
     1
 40
0.6
176
     1
 40
30.0
176
     1
 62
     7
420
 16777215
176
     1
 90
        2
176
     1
 90
        2
176
     1
 62
     7
176
     1
 62
     7
176
     1
 90
        1
176
     1
 90
        1
176
     1
 40
40.0
176
     1
 90
        8
176
     1
 62
     7
176
     1
 40
1.0
176
     1
 90
        1
176
     1
 90
        6
176
     1
 90
        2
176
     1
 62
     7
176
     1
 90
        3
176
     1
 90
        0
176
     1
 90
        0
176
     1
290
     0
176
     1
 90
        1
176
     1
 40
0.0
176
     1
 90
        0
176
     1
290
     0
176
     1
290
     1
176
     1
290
     1
176
     1
290
     0
176
     1
290
     0
176
     1
290
     0
176
     1
290
     0
176
     1
290
     0
176
     1
290
     0
176
     1
 90
       50
176
     1
 40
0.0
176
     1
 40
1.0
176
     1
 90
        0
176
     1
 62
    18
420
        0
176
     1
 90
       50
176
     1
 90
        3
176
     1
 62
     5
420
      255
176
     1
290
     0
176
     1
 90
       50
176
     1
 90
       50
176
     1
 90
       50
176
     1
290
     0
176
     1
 90
       50
176
     1
 62
   256
176
     0
 40
1.0
176
     0
 90
        2
176
     1
  1
strokes_ogs.tif
176
     1
290
     0
176
     1
 40
1.0
176
     1
 40
1.0
176
     1
  0
VISUALSTYLE
  5
17F
102
{ACAD_REACTORS
330
99
102
}
330
99
100
AcDbVisualStyle
  2
Sketchy
 70
    24
177
     3
291
     0
 70
    58
 90
        1
176
     1
 90
        2
176
     1
 90
        2
176
     1
 90
        0
176
     1
 40
0.6
176
     1
 40
30.0
176
     1
 62
     7
420
 16777215
176
     1
 90
        2
176
     1
 90
        2
176
     1
 62
     7
176
     1
 62
     7
176
     1
 90
        1
176
     1
 90
        1
176
     1
 40
40.0
176
     1
 90
       11
176
     1
 62
     7
176
     1
 40
1.0
176
     1
 90
        1
176
     1
 90
        6
176
     1
 90
        2
176
     1
 62
     7
176
     1
 90
        6
176
     1
 90
        0
176
     1
 90
        0
176
     1
290
     0
176
     1
 90
        1
176
     1
 40
0.0
176
     1
 90
        0
176
     1
290
     0
176
     1
290
     1
176
     1
290
     1
176
     1
290
     0
176
     1
290
     0
176
     1
290
     0
176
     1
290
     0
176
     1
290
     0
176
     1
290
     0
176
     1
 90
       50
176
     1
 40
0.0
176
     1
 40
1.0
176
     1
 90
        0
176
     1
 62
    18
420
        0
176
     1
 90
       50
176
     1
 90
        3
176
     1
 62
     5
420
      255
176
     1
290
     0
176
     1
 90
       50
176
     1
 90
       50
176
     1
 90
       50
176
     1
290
     0
176
     1
 90
       50
176
     1
 62
   256
176
     0
 40
1.0
176
     0
 90
        2
176
     1
  1
strokes_ogs.tif
176
     1
290
     0
176
     1
 40
1.0
176
     1
 40
1.0
176
     1
  0
VISUALSTYLE
  5
A6
102
{ACAD_REACTORS
330
99
102
}
330
99
100
AcDbVisualStyle
  2
Thicken
 70
    13
177
     3
291
     1
 70
    58
 90
        2
176
     1
 90
        2
176
     1
 90
        1
176
     1
 90
        0
176
     1
 40
0.6
176
     1
 40
30.0
176
     1
 62
     7
420
 16777215
176
     1
 90
        1
176
     1
 90
        4
176
     1
 62
     7
176
     1
 62
   257
176
     1
 90
        1
176
     1
 90
        1
176
     1
 40
1.0
176
     1
 90
       12
176
     1
 62
     7
176
     1
 40
1.0
176
     1
 90
        1
176
     1
 90
        6
176
     1
 90
        2
176
     1
 62
     7
176
     1
 90
        5
176
     1
 90
        0
176
     1
 90
        0
176
     1
290
     0
176
     1
 90
        1
176
     1
 40
0.0
176
     1
 90
        0
176
     1
290
     0
176
     1
290
     1
176
     1
290
     1
176
     1
290
     0
176
     1
290
     0
176
     1
290
     0
176
     1
290
     0
176
     1
290
     0
176
     1
290
     0
176
     1
 90
       50
176
     1
 40
0.0
176
     1
 40
1.0
176
     1
 90
        0
176
     1
 62
    18
420
        0
176
     1
 90
       50
176
     1
 90
        3
176
     1
 62
     5
420
      255
176
     1
290
     0
176
     1
 90
       50
176
     1
 90
       50
176
     1
 90
       50
176
     1
290
     0
176
     1
 90
       50
176
     1
 62
   256
176
     0
 40
1.0
176
     0
 90
        2
176
     1
  1
strokes_ogs.tif
176
     1
290
     0
176
     1
 40
1.0
176
     1
 40
1.0
176
     1
  0
VISUALSTYLE
  5
A0
102
{ACAD_REACTORS
330
99
102
}
330
99
100
AcDbVisualStyle
  2
Wireframe
 70
     5
177
     3
291
     0
 70
    58
 90
        0
176
     1
 90
        2
176
     1
 90
        0
176
     1
 90
        0
176
     1
 40
0.6
176
     1
 40
30.0
176
     1
 62
     7
420
 16777215
176
     1
 90
        1
176
     1
 90
        4
176
     1
 62
     7
176
     1
 62
   257
176
     1
 90
        1
176
     1
 90
        1
176
     1
 40
1.0
176
     1
 90
        0
176
     1
 62
   257
176
     1
 40
1.0
176
     1
 90
        1
176
     1
 90
        6
176
     1
 90
        2
176
     1
 62
     7
176
     1
 90
        3
176
     1
 90
        0
176
     1
 90
        0
176
     1
290
     0
176
     1
 90
        1
176
     1
 40
0.0
176
     1
 90
        0
176
     1
290
     0
176
     1
290
     1
176
     1
290
     1
176
     1
290
     0
176
     1
290
     0
176
     1
290
     0
176
     1
290
     0
176
     1
290
     0
176
     1
290
     0
176
     1
 90
       50
176
     1
 40
0.0
176
     1
 40
1.0
176
     1
 90
        0
176
     1
 62
    18
420
        0
176
     1
 90
       50
176
     1
 90
        3
176
     1
 62
     5
420
      255
176
     1
290
     0
176
     1
 90
       50
176
     1
 90
       50
176
     1
 90
       50
176
     1
290
     0
176
     1
 90
       50
176
     1
 62
   256
176
     0
 40
1.0
176
     0
 90
        2
176
     1
  1
strokes_ogs.tif
176
     1
290
     0
176
     1
 40
1.0
176
     1
 40
1.0
176
     1
  0
VISUALSTYLE
  5
180
102
{ACAD_REACTORS
330
99
102
}
330
99
100
AcDbVisualStyle
  2
X-Ray
 70
    25
177
     3
291
     0
 70
    58
 90
        2
176
     1
 90
        2
176
     1
 90
        1
176
     1
 90
        1
176
     1
 40
0.5
176
     1
 40
30.0
176
     1
 62
     7
420
 16777215
176
     1
 90
        1
176
     1
 90
        0
176
     1
 62
     7
176
     1
 62
   257
176
     1
 90
        1
176
     1
 90
        1
176
     1
 40
1.0
176
     1
 90
        8
176
     1
 62
     7
176
     1
 40
1.0
176
     1
 90
        1
176
     1
 90
        6
176
     1
 90
        2
176
     1
 62
     7
176
     1
 90
        3
176
     1
 90
        0
176
     1
 90
        0
176
     1
290
     0
176
     1
 90
       13
176
     1
 40
0.0
176
     1
 90
        0
176
     1
290
     0
176
     1
290
     1
176
     1
290
     1
176
     1
290
     0
176
     1
290
     0
176
     1
290
     0
176
     1
290
     0
176
     1
290
     0
176
     1
290
     0
176
     1
 90
       50
176
     1
 40
0.0
176
     1
 40
1.0
176
     1
 90
        0
176
     1
 62
    18
420
        0
176
     1
 90
       50
176
     1
 90
        3
176
     1
 62
     5
420
      255
176
     1
290
     0
176
     1
 90
       50
176
     1
 90
       50
176
     1
 90
       50
176
     1
290
     0
176
     1
 90
       50
176
     1
 62
   256
176
     0
 40
1.0
176
     0
 90
        2
176
     1
  1
strokes_ogs.tif
176
     1
290
     0
176
     1
 40
1.0
176
     1
 40
1.0
176
     1
  0
DICTIONARYVAR
  5
F0
102
{ACAD_REACTORS
330
66
102
}
330
66
100
DictionaryVariables
280
     0
  1
1:1
  0
DICTIONARYVAR
  5
EF
102
{ACAD_REACTORS
330
66
102
}
330
66
100
DictionaryVariables
280
     0
  1
Standard
  0
DICTIONARYVAR
  5
89
102
{ACAD_REACTORS
330
66
102
}
330
66
100
DictionaryVariables
280
     0
  1
Standard
  0
DICTIONARYVAR
  5
1B7
102
{ACAD_REACTORS
330
66
102
}
330
66
100
DictionaryVariables
280
     0
  1
Imperial24
  0
DICTIONARYVAR
  5
1B8
102
{ACAD_REACTORS
330
66
102
}
330
66
100
DictionaryVariables
280
     0
  1
Imperial24
  0
DICTIONARYVAR
  5
67
102
{ACAD_REACTORS
330
66
102
}
330
66
100
DictionaryVariables
280
     0
  1
2
  0
DICTIONARYVAR
  5
6B
102
{ACAD_REACTORS
330
66
102
}
330
66
100
DictionaryVariables
280
     0
  1
1
  0
DICTIONARYVAR
  5
1B7F
102
{ACAD_REACTORS
330
66
102
}
330
66
100
DictionaryVariables
280
     0
  1
RGB:255,255,255
  0
DICTIONARYVAR
  5
1B7E
102
{ACAD_REACTORS
330
66
102
}
330
66
100
DictionaryVariables
280
     0
  1
ByLayer
  0
DICTIONARYVAR
  5
14D
102
{ACAD_REACTORS
330
66
102
}
330
66
100
DictionaryVariables
280
     0
  1
0
  0
DICTIONARYVAR
  5
14E
102
{ACAD_REACTORS
330
66
102
}
330
66
100
DictionaryVariables
280
     0
  1
0
  0
DICTIONARYVAR
  5
6C4F
330
6C4E
100
DictionaryVariables
280
     0
  1
1.0.3 @ 2026-04-10T09:30:49.977472+00:00
  0
DICTIONARY
  5
188
330
97
100
AcDbDictionary
280
     1
281
     1
  3
FBXASSET
360
189
  0
DICTIONARY
  5
186
330
96
100
AcDbDictionary
280
     1
281
     1
  3
FBXASSET
360
187
  0
DICTIONARY
  5
110
330
98
100
AcDbDictionary
280
     1
281
     1
  3
FBXASSET
360
18A
  0
DICTIONARY
  5
7BB7
330
87
100
AcDbDictionary
280
     1
281
     1
  3
ACAD_ROUNDTRIP_2008_TABLESTYLE_CELLSTYLEMAP
360
7BB8
  0
XRECORD
  5
189
102
{ACAD_REACTORS
330
188
102
}
330
188
100
AcDbXrecord
280
     1
 70
     1
 90
429727718
  1
508B35C9-AEE7-456F-BE74-D52651303AC6
310
504B03040A0000080000B670623B3DEE336E79000000790000001B0000006175746F6465736B2D64657369676E2D7061636B6167652E786D6C3C3F786D6C2076657273696F6E3D22312E302220656E636F64696E673D227574662D3822203F3E3C666F726D6174733E3C666F726D61743E687474703A2F2F736368656D612E
310
6175746F6465736B2E636F6D2F64657369676E2D7061636B6167652F323030393C2F666F726D61743E3C2F666F726D6174733E504B0304140006080800B670623BD486FD9CA0000000F4000000130000005B436F6E74656E745F54797065735D2E786D6C7D8EC10E82300C865F65E91D8A1E8C310C0EEA1BF002731658846E
310
D98AC1B77784ABF1D8FE5FBFBF75BBCE937A534CCEB38643598122B6FEE978D0B0485F9C41B54DDD7D022595594E1A469170414C76A4D9A4D207E29CF43ECE46F218070CC6BECC4078ACAA135ACF422C856C0E68EA1BF5669944DDD7BCDE7B1F8E415D77AECB980613C2E4AC91FC167A2B244592486606FC29C8FD7F045B9A
310
EF7053A7E60B504B0304140006080800B670623B28ED286BEB0000007C01000008000000636F72652E786D6C8D90416EC3201045AF82665B6183218D6D61A254764FD00B204C5C94182C03558F5F9C3852BBEB6A467FFE9B197D71FA9E6FE8CBACC17AD7012D0820E3B41FAD9B3A48F1826B40272956EFE32F1B20A766D3C1
310
268314D3EAD3B24BDABB685CCCAAF3A3D94515828980F42D371D04FD696655A814B3235C8B45E9AB9A4C419F5D8653B2237A1CB163DE672FD6AC209BF3C08E0D1B30EB19C3FC9D72FCC6EB231EFA33EDE96BDD341517E5064B11EDFCBCAF57A3A2194156843498524CAA0FCA5B7268F9E185D42D21A2DCEC7FA0B48CFF8492
310
759155FBBB0F2C80A4F991FB408A72CB22977B50B96EB9C91F504B0304140006080800B670623B55019EA25F0000007C00000007000000636E782E786D6C4DCB3B0E80201045D1AD90E915ED2CF8AC45050C11660C8261F98AB1B07AC9C97D42D718D865D3E909258CFD00CCE24AC6E326A164D74DC0B4128928FF32603847
310
2BA13128B1252AC747C6BAB984FC68F0B87FE8960A5C09FE86CFB69FBA01504B0304140006080800B670623B7BC41AC871010000D40300000C0000006662782F636F72652E786D6CC553ED6E8320147D15C2DF4501B56B6D90A64BBB27D80B50A5CE54C120983EFEAE1F4DD7A56BBA5FF3879273EEE59E7310BE393735EA95
310
ED2AA333CC428A91D2B9292A5D66D8BB63B0C26823B835C67D2BC348CB46657880B1E0A535BE9DA1DC68A7B403549B42CDA0EC3AE530CA6B5864B8CB3F552343E91D5474A7B095F949962A6421D0502778E72C0840D390E18DC5F170E664C205F7BE2A66B62A605A75AC94C522DDEEE3651AEF837817C741F2CE92E02D592D
310
83FD6ECB76EC7595A651C2C9D02CB8AB9A8BBADC2AE954814544691A3016D0E883256BBA58278B17BA5A53CAC9507ED3E4DBE2C9265F691747B3DCA9ADC382819091F8E1162272A8933DE82182932144F88C09DF060D8140C84E1EEA8B8F1340BDCA9DB1093085F157AA97B557309586747CD0EF0B4EA64E983A6E0EAEEFCE
310
889E9EF17847386AA94B30211D2C0FDE0D3AF9A4610EAD5536E8DD1969631B593F67E381C33F5157F17725E5A636F6BF1491F980C8FC7B90E13E8A2F504B0304140006080800B670623B70102A487D0000009D0000000B0000006662782F636E782E786D6C4DCCD10A83201886E15B91FFDC95A5C30335ACCDFB886521330D
310
A76397BF1A1DECE883878F57749FD5A3B74D2F17830472A901D9F088930B8B849267CC01754AA418F3DF0D5018572BE160506249B16C274D761E8BCFBB7A179E27F65CB39A0F14D396184C9921B81F34C3ACA1B4B99ABB6E6F062A25AA5F69DF23ACBE504B0304140006080800B670623B3610CA3329010000120200003100
310
00006662782F42384135303843342D343331462D343546312D424341352D3532343432364645413344462F636F72652E786D6C8D515B6EC32010BC0AE22B55850D0E446E848992B43E412FE000495162B07854397EA176A4F62F3F2C9A9D991D58BEBB8F37F0AD7D30CE76905418026DA553C65E3A98E219B510EC04F7CEC5
310
3F3408EC30EA0E16180A7EF12E4D0B249D8DDAC68C5AA7F4020E21E80881BCE54B0783FCD2E3500D296646B856D320AFC34557A4CAEDCC133C449F0380794839A138B47B86DB2345744D7A44594FD0E1B867883594369BFE63BF7EEF793D0B054FC9A8456E548E63CE46FB674D8A58F068C6477CE9F510B582A2C1F80D1182
310
70F349E816B32D65AFB8DD62CCEB42FF274A937A52948C8DEB66893BCB021484D7734370E5D2E9F608A3EF93F3119479ABA0E50B14B8C298119A43CCC4FCFCECB8A18B6388CEE7EF5D5D4F994BD86CBBA182D76543B9FCAE2FD7B24DF103504B0304140006080800B670623B1B8617914E0100003303000030000000666278
310
2F42384135303843342D343331462D343546312D424341352D3532343432364645413344462F636E782E786D6CD593C16EC32010447F0571AD6CE3D489D20813A9877E410FBD62D82434182CC055F3F75D1292E692438FBD206B7698593D61BEFD1E2DF982108D773D6D6B460938E5B571FB9ECE6957AD29D90A1EBC4F7736
310
4A9C1CA1A759A682EF839FA72269D8C9D92654AD71C72206887E0E0A22CAF926B15E498B01E0AA19451807D01A34B919F16B070157417138917400F2F6FA41FCF0092A45DEE414C19BDC21783E4BD39D891265658C3D8DEA00A3ACE59CBC8678ACB54CB26EEB6BD7839D7E9348BE70AD9C8321B9BCA7F9A4A26C542347DEE0
310
50F09802D22BA6749A800A394DD62899107273365E3C82CFC6A55557BC06C10774B7ABE7AEC3B0F34CF06446280E154026D0542C187BA9DAB6628BF7B6DBB0E5A65B3EB1F58631DE64BBE083F7B65CC218087E22CABB042E51D1F2268F1FE12B3EA24D40D63E9CFE00120194D60B9D5BC67FE6D39CDF37E20AF817881F504B
310
0304140006080800B670623BBFEF2E3B690500003C100000340000006662782F42384135303843342D343331462D343546312D424341352D3532343432364645413344462F6F626A656374732E786D6CAD575D739B3814FD2B0CFB0C98D84E931D4227B6938EA793B6534F3BFB90198F0099B001899144EAECAFDF231018B0
310
D37A3FFC609090EEE7B94757C1FB7D915B2F54C88CB31BDB7727B64559CC938CA53776A576CE956DBD0F03C1B9EA2DB32D460A7A63EB693B0C52C1ABD24C257447AA5C8D66EF177F5832A68CDA569C13296F6C193FD182B8A4523CA1F2D94D88226EBADBBBBEDB2C1C8A4D05299F46424B222853B014F30C52ACC6287F389C
310
D85E1878FA7B18E87FB36AFAF62AAFF667A83F635211161F291B8999FAB3D5DDC5FCDA99CF6653677679E13B8BFBC5CAF1DF4D27CBCBE5F2FAF6EE1A8AA51290642C117467871F101B91C581D77CEA2C36869F3229E68CD1B8F61F1ED6361B89092D294B90C78C4A68EB793D190E7D1D9BDEE7A91E1B95FDE9F3BCEAEFE809
310
6A6D6F9F7D4B79F4275C90E7A04248AA51D5C4C738DAE06F72885AC4796EBE65D22A88A22223B995679120E2D50EB1542F098381188D4EA111AE3DB043FF20AF6F2B4AE3D7D83D65E5AECA730D4D3BAC91BD05FEA992B565D95F549CD6069B90AB2A63EACA38A45E4B6A87D781574F86817E4C2FCCC72690D62E2729520E37
310
9BAF234797BAF6D62B3BFC781FED37BA1E4F2B2F052FA9501A3E80569BB8F6A9A364D4FA67654E6F803383981F82F21591FF84F23D9882BC896C3FDBCF8C162508933B2E0AE4C69DD43F6BD2BE38DDDBF10BF86CB4FA784D37F3AF16075E67EC9030DECA1FC0A55373F5DFF3378C591FA9BDF485C10B0A8C8BA909E5262639
310
A8E72163488806A595734C81CB77D1DE0ED7604A303B76913CEC0272F412782FF88EFF4636D8AA56DF7B322474C4B767303F625997056C7B032C473C592B36CEBD15F3F9FF5233B7ABCDC74D257624A60F8658567497B14CE1EC3C80B76FD02011038F9EE9EB0F2E12387A9C844D3F09855125116D1D731DF8B43D2CF4E0A0
310
79A020C6BE946BCE0B7EA1E1219331CD73C228AF5A2DDD31A4B1DA918CE91350854D40A71723140BFA92E94E62B0626016CEFA5864A50E5977E8753CEDBEE1CBB7F52780D20E17AF0BA0F5F9B02A3AD07DCC732EB6D1EBB661421BE0C39E21BABF0FE16D22EA6929407C8DE596724C88B749B6DB5512BC7B228ADFD7CB7EA6
310
3A22397E690BA8D5D8D4E40CEC8CDA23C2C0B7D5898640101CEC9C6D331CE328CB93CAFBBAC70A642DF70DF95155945B52F08AA973C23469FD69ADEF84F7BB18F983A8F8C90E37F5D35980B2139A1C523540813E824EF83448CF7C72B598CE97D7CEEDDDDD3B6736BFBC771677EF66CE6A7E7139F7A793E9EDF2B2B3A8B624
310
0CDA13AA5F8388264EC4A0129909F3B7F5A16CEDF08128E97D680ACA4B9BE7B7B58BB638F0B00700EF36AE8B32A705658A68F83EE897FC2B41573190D1CCAF0B92D233A47CFEB019D9809933F67DD1A5467F8CF69AD9A5AE859342D45355448C64F968A371DC2D596ADC6E43D93D1B466F877A64E2893E54F23C4B40388995
310
525E5005DA3983ED45412510D3EFCA13737B3863F74BD30F2A12E5B4B5E489A025CE25500DB855B11ACE5BBFA185D35DD48D8DC3CE7DC69F2944DB42AA6F6CF09BCA622ADD08C7A36E7C6AE18000BAB08E040135C2D21C9D75B3A91B77BB746C403F38018DFE6EC939DD92F16B40BC05294B9CDA035AAD6D330AE27FE4786B
310
8E45145EA34A75BE1C263A676A35A8ACC6297337400BF16C54EF515F3F77CB77EB3583889C754FFA29081AA98E2222ADEF05DA3E63D2EDEA8B8756C05A7FB6CABC4A91CBF325398202CC952E70A008A830324BA200D5E5EF8F5F04C75DB4B0EE3340E071C98B823333B83577596BF3849B69F2085AA0FAFA212F26BEFF5877
310
FDE622B28D88A42E49E43326DA82D31E8CB006401E1DA726059ECEC168F97A6599036306A135688F9AD2E61A6EA178F4CD51974A9F2CCB9F36FE5EBD14601068D9C3BF01504B0304140006080000B670623B000000000000000000000000350000006662782F42384135303843342D343331462D343546312D424341352D35
310
32343432364645413344462F76657274696365732E62696E504B0304140006080800B670623BF270F1330600000004000000360000006662782F42384135303843342D343331462D343546312D424341352D3532343432364645413344462F747269616E676C65732E62696E636660600000504B0304140006080000B67062
310
3B000000000000000000000000370000006662782F42384135303843342D343331462D343546312D424341352D3532343432364645413344462F617474726962757465732E62696E504B0304140006080800B670623B08DA0BD19000000041010000360000006662782F42384135303843342D343331462D343546312D4243
310
41352D3532343432364645413344462F6469726563746F72792E786D6C858F410AC3201045AF22B36F53E9A60B35CBEEBAE80D244E44489C6234F4F835464A48035D0DF398FF9F8AF63D0E6CC63039F212F8F9020C7D47C6792B21C5FE7403D62A1188E2E60C98D7234A5830286103A55745067B9D86B8A3CF9C7F90C11DE6
310
07FB144396D7B6A82D282E9A152AD114D5EF2CB866EEE831B8EEA07A7BB5A8D7D61A2BAAEB7FD5F70921FF497D00504B0304140006080800B670623B3B4606F3FE000000A00100003B0000006662782F42384135303843342D343331462D343546312D424341352D3532343432364645413344462F7265736F75726365732F
310
636F72652E786D6C8D504B6E833010BD0A9A6D65B08134808CA354A427E8052C332156828DFCA97AFC9A40A576D7CDCCE87D344F8F9FBEE647F689CE6B6B7A6039850C8DB2A336530F315C4903D94970676DF82583CCC8197B5861107C72362E3BA4AC096842428D1D7107A5F71820538F74F4E0D50D6799CB1892C2DFF345
310
AABB9C306779A2934E701F5C0A906D4FD609C2A1B7D129F4BCD858C163D4E3AED163FAA9AF1A1D88F67CA98E6D35906AA82A52BFB39ABCD5CD915C86331BD86BD3B665CD8BD52C78D0F34F46E550061C419494B6843142CB0F5677F4D0D58717DA7494F26295FF31C565FCA7296A13AA728FBBD93C0896823C09C18BB5AFB4
310
9E65A6BD762BBE01504B010214000A0000080000B670623B3DEE336E79000000790000001B00000000000000000000000000000000006175746F6465736B2D64657369676E2D7061636B6167652E786D6C504B01021400140006080800B670623BD486FD9CA0000000F40000001300000000000000000000000000B2000000
310
5B436F6E74656E745F54797065735D2E786D6C504B01021400140006080800B670623B28ED286BEB0000007C010000080000000000000000000000000083010000636F72652E786D6C504B01021400140006080800B670623B55019EA25F0000007C000000070000000000000000000000000094020000636E782E786D6C50
310
4B01021400140006080800B670623B7BC41AC871010000D40300000C00000000000000000000000000180300006662782F636F72652E786D6C504B01021400140006080800B670623B70102A487D0000009D0000000B00000000000000000000000000B30400006662782F636E782E786D6C504B01021400140006080800B6
310
70623B3610CA3329010000120200003100000000000000000000000000590500006662782F42384135303843342D343331462D343546312D424341352D3532343432364645413344462F636F72652E786D6C504B01021400140006080800B670623B1B8617914E010000330300003000000000000000000000000000D10600
310
006662782F42384135303843342D343331462D343546312D424341352D3532343432364645413344462F636E782E786D6C504B01021400140006080800B670623BBFEF2E3B690500003C10000034000000000000000000000000006D0800006662782F42384135303843342D343331462D343546312D424341352D35323434
310
32364645413344462F6F626A656374732E786D6C504B01021400140006080000B670623B0000000000000000000000003500000000000000000000000000280E00006662782F42384135303843342D343331462D343546312D424341352D3532343432364645413344462F76657274696365732E62696E504B010214001400
310
06080800B670623BF270F133060000000400000036000000000000000000000000007B0E00006662782F42384135303843342D343331462D343546312D424341352D3532343432364645413344462F747269616E676C65732E62696E504B01021400140006080000B670623B00000000000000000000000037000000000000
310
00000000000000D50E00006662782F42384135303843342D343331462D343546312D424341352D3532343432364645413344462F617474726962757465732E62696E504B01021400140006080800B670623B08DA0BD1900000004101000036000000000000000000000000002A0F00006662782F42384135303843342D3433
310
31462D343546312D424341352D3532343432364645413344462F6469726563746F72792E786D6C504B01021400140006080800B670623B3B4606F3FE000000A00100003B000000000000000000000000000E1000006662782F42384135303843342D343331462D343546312D424341352D3532343432364645413344462F72
310
65736F75726365732F636F72652E786D6C504B0506000000000E000E0080040000651100000000
  0
XRECORD
  5
187
102
{ACAD_REACTORS
330
186
102
}
330
186
100
AcDbXrecord
280
     1
 70
     1
 90
429727718
  1
887D55A9-D0DD-414E-B741-A7DCD4DA2B4C
310
504B03040A0000080000B670623B3DEE336E79000000790000001B0000006175746F6465736B2D64657369676E2D7061636B6167652E786D6C3C3F786D6C2076657273696F6E3D22312E302220656E636F64696E673D227574662D3822203F3E3C666F726D6174733E3C666F726D61743E687474703A2F2F736368656D612E
310
6175746F6465736B2E636F6D2F64657369676E2D7061636B6167652F323030393C2F666F726D61743E3C2F666F726D6174733E504B0304140006080800B670623BD486FD9CA0000000F4000000130000005B436F6E74656E745F54797065735D2E786D6C7D8EC10E82300C865F65E91D8A1E8C310C0EEA1BF002731658846E
310
D98AC1B77784ABF1D8FE5FBFBF75BBCE937A534CCEB38643598122B6FEE978D0B0485F9C41B54DDD7D022595594E1A469170414C76A4D9A4D207E29CF43ECE46F218070CC6BECC4078ACAA135ACF422C856C0E68EA1BF5669944DDD7BCDE7B1F8E415D77AECB980613C2E4AC91FC167A2B244592486606FC29C8FD7F045B9A
310
EF7053A7E60B504B0304140006080800B670623BBC1638F5EC0000007C01000008000000636F72652E786D6C8D90416EC3201045AF82665B61836BE2D8C24471DB9CA01740401C94182C03558F5F9C3852BBEB6A467FFE9B197D7EF89E6EE8CB2CC17AD7032D0820E394D7D68D3DA478C67B4007C117EFE32F1B202727D3C3
310
2A83E0E3E2D3BC49CABB685CCCAAF3DA6CA20CC14440EA969B1E82BA98491632C5EC08D76296EA2A4753D06797E194AC468F2356E77DF66CCD02825543D50CACC62D39ED70FDC68EB8FD68F6F8787A6784342D1DDA1D2F5758F068A7E77DB518198D065111D2624A31A93E69DD11D6D5EC85EC3B4278B9DAFF4069D6FF8492
310
75F1B5DADE7D600104CD8FDC0782976B16B9DC83CA75CD4DFC00504B0304140006080800B670623B55019EA25F0000007C00000007000000636E782E786D6C4DCB3B0E80201045D1AD90E915ED2CF8AC45050C11660C8261F98AB1B07AC9C97D42D718D865D3E909258CFD00CCE24AC6E326A164D74DC0B4128928FF326038
310
472BA13128B1252AC747C6BAB984FC68F0B87FE8960A5C09FE86CFB69FBA01504B0304140006080800B670623B3586FFB671010000D40300000C0000006662782F636F72652E786D6CC553ED6E8320147D15C2DF4541A76D6D90A6DDD627D80B50A4CE54C120983EFEAE1F4DD7A55BBA5FF3879273EEE59E7310B6393735EA
310
95ED2AA3731C851423A5A5292A5DE6D8BB63B0C268C39935C67D29C3488B46E578803167A535BE9D2169B453DA01AA4DA16650749D7218C91A1639EEE4876A4428BC838AEE14B6429E44A9C228041AEA38EB9C0501681A32BC313F1ECE8C4C3867DE57C5CC56054CAB8E95B298A7F12E5EEED224C8E87E11242FE936C8DE96
310
AB60BB7F4D295D66D12E5B30323473E6AAE6A24E5A259C2A308F29CD82280A68FC1E256B9AAE93F489AED694323294DF34F9B678B0C957DA3DC7B3DCA9ADC33C022123F1CD2D44E450277AD04338234388F01913BE0D1A0281909D38D4171F27807A259DB1093085F157AA17B557309586747CD0CF0B46A64E983A6E0EAEEF
310
CE881F9EF1FB8E70D44297604238581EBC1B74B249C31C5AAB6CD0BB33D2C636A27ECCC62F0EFF445DC5DF95244D6DEC7F2922F30191F9F720C37DE49F504B0304140006080800B670623B4220A0FF7D0000009D0000000B0000006662782F636E782E786D6C4DCCD10A83201886E15B91FFDCE542CB0335D0EC3E6259C84A
310
C3E9D8E5AF46073BFAE0E1E315DD675BD1DBA5978F41C2FD4600B9F088930F8B849267CC01754AA418F3DF0D50183727E164506249B1EC174D6E1ECB9A0F5D7D785E68DB8151CD286E5A5363CA6B8A39E90D36D40E96B086F55A43A544F52B1D7B86D517504B0304140006080800B670623B2FA3FEDE290100001202000031
310
0000006662782F45374635344235342D363743322D343832342D383044432D4334454645303536354442422F636F72652E786D6C8D515B6EC32010BC0AE22B55850D2E386E848994D7097A0117488A1283C5A3CAF10BB523B57FF961D1ECCCECC0F2ED7DBC816FED8371B687A4C210682B9D32F6D2C314CFA883602BB8772E
310
FEA141608751F7B0C050F08B77695A20E96CD43666D43AA5177008414708E42D5F7A18E4971E876A483133C2B59A06791D2EBA22556E679EE021FA1C00CC43CA09C5717D6274C7286AD7FB06D1AEA1A8C3873DDAD3E3E98859CB0EBB1DAF67A1E02919B5C88DCA71CCD968FFAC49110B1ECDF8882FBD1EA256503418BF2342
310
106E3E08DD60B6A1EC15771B8C795DE8FF4469524F8A92B1F1AD59E2CEB20005E1F5DC105CB9F4797B84D1F7C9F908CABC55D0F2050A5C61CC1AD2F27A26E6E767C7962E8E213A9FBF7775FDCC5CC266DB960A5E970DE5F2BBBE5CCB36C50F504B0304140006080800B670623B1B8617914E01000033030000300000006662
310
782F45374635344235342D363743322D343832342D383044432D4334454645303536354442422F636E782E786D6CD593C16EC32010447F0571AD6CE3D489D20813A9877E410FBD62D82434182CC055F3F75D1292E692438FBD206B7698593D61BEFD1E2DF982108D773D6D6B460938E5B571FB9ECE6957AD29D90A1EBC4F77
310
364A9C1CA1A759A682EF839FA72269D8C9D92654AD71C72206887E0E0A22CAF926B15E498B01E0AA19451807D01A34B919F16B070157417138917400F2F6FA41FCF0092A45DEE414C19BDC21783E4BD39D891265658C3D8DEA00A3ACE59CBC8678ACB54CB26EEB6BD7839D7E9348BE70AD9C8321B9BCA7F9A4A26C542347DE
310
E050F09802D22BA6749A800A394DD62899107273365E3C82CFC6A55557BC06C10774B7ABE7AEC3B0F34CF06446280E154026D0542C187BA9DAB6628BF7B6DBB0E5A65B3EB1F58631DE64BBE083F7B65CC218087E22CABB042E51D1F2268F1FE12B3EA24D40D63E9CFE00120194D60B9D5BC67FE6D39CDF37E20AF817881F50
310
4B0304140006080800B670623B29652116630500003C100000340000006662782F45374635344235342D363743322D343832342D383044432D4334454645303536354442422F6F626A656374732E786D6CAD575D739B3814FD2B0CFB0C989834C90EA1639B24E3E9A6EDD4D3CE3E64C623834CD8006224913AFDF57B040203
310
B65BEF871F0C12D2FD3CF7E8CA7FBFCB33E3957291B2E2D674ED8969D02262715A24B76625B7D6B569BC0F7CCE98EC2D338D82E4F4D654D366E0279C55A59E8AE99654991CCDDECFFF3444440B6A1A514684B83545F44C7362934AB2988A173B2692D8C97667BB76B3702836E1A47C1E092D09A78584A5982F20C5688C7287
310
C389E904BEA3BE07BEFAD7ABA6A75739B53F43FD69212429A20365233153D70BEF2E2E6FAC4BCF9B5ADEBB0BD79ADFCF43CBBD9A4E16EF168B9BD9DD0D140BC921495BC2E9D60C1E101B9E46BED37CEA2CD6861F3329624541A3DA7F7858DBAC25C6B4A4458C3CA654405BCFEBC970E8AAD8F43E4FD558ABEC4F9FE7557F47
310
4F506B7BFBEC5BCA367FC105710E2AB8A00A554D7CB4A30DFE26FBA86D18CBF4B75418399194A72433B274C3097F33032C554B027F2046A1932B842B0FCCC0DDCBEBDB8AD2F835768F59B9ADB24C41D30C6A64AF817F2A456D59FA83F2E3DA60137255A585BCD60EC9B7929AC18DEFD49381AF1ED30BFDB109A4B1CD488294
310
C3CDE6EBC8D185AABD6568061FEE37BB95AAC7E3CA4BCE4ACAA5820FA0D526AE7DAA2869B5EE5999531BE0CC20E6FBA07C41E43FA27CF7A6206F3CDD793B4F6B919C1462CB788EDCD893FA674CDA17AB7B3B7C019F8D561FAEE966FED562DFE98C1D12C6A9FC015C2A35D7FF3D7FC398F591DA4B5FE0BFA2C0189FEA50AE22
310
92817A1ED3020951A03432862970F976B33383259812CC8E5D240BBA801CBCF8CE2BBEE3BF910DB6AAD5F79E05123AE2DB33981FB1ACCB02B69D00CB014FD68AB573A7627EF9BFD4CC2C5C7D58557C4B22FAA88925A4DBB44825CECE3D78FB060D1231F0E885BE7D673C86A3874958F593906B5502D1563157814FDAC3420D
310
F69A070A22EC4B98E23CFF171A1E5311D12C23056555ABA53B8614563B92D17D02AAB009E8F46284624E5F53D5490C560CCCC2591FF1B45421EB0EBD8EA7ED13BE7C5D7E0428CD60FEF60779EB13E6664FF711CB185F6FDED60D139A001FF60CD1FD6D086F1D51474901E26B2CB794A343BC8ED3EDB612E0DD2351FCB65CF4
310
33D511C9E14B5B40ADC6A6263DB0336A8F700DDF56271A024E70B0B3629DE21847591E55DED73D56206AB927E46FAABC5C939C55853C274C93D69FD6FA4E78BF8B11DF898C9ECD60553FAD39283BA6F18984AA23E8884F83F45C5F5F859797B31B2B9C84A1E5B9DE9D35BFF25C6B76152E422F9C5DCC3D847F5801ED09D5AF
310
41441327A25FF15487F9EB725FB666F048A4701E9A827292E6F97569A32DF61DEC01C0BB8DCBBCCC684E0B49147C1FD54BF685A0AB18C868E6973949E819523E3DAC463660E68C7D9F55A9D1EFA3BD7A76A16AE1A810F95CE59B82A4D968A376DC2E8B44BBDD86B27B368CDE0ED548C7137DA860591A83706223A12CA712B4
310
7306DBF39C0A20A6DF95C7FAF670C6EED7A61F946493D1D6926782963813403548A78AE470DEF80D2D9CEAA26E4D1C76F60BFE74219A06527D6B82DF641A51616F703CAAC6A7160E08A00BEB4810A0274592A1B36E3675E36E978A0DE80727A0D6DF2D39A75BD27E0D8837276589537B40ABB56D5A41F48F1C6FCD3188C4EB
310
A6929D2FFB89CE995A4D00AE813BDD032DC48B56BD437DFDDC2DD7AED70C2272D63DE9A72068A45A92F0A4BE17A8A06B9366E16707AD80B1FC649459952097E74BB23805982B55E0401150A165964402AA8BDF9F3E7386BB686EDCA780C0D382E5392BF460A6EFB2C6EA1937D3F809B440D5F5435C4C5CF7A9EEFAF54564BD
310
2182DA24162F98680B4E7930C21A0079709CEAEB99A372305ABE0C0D7D6078105A83F6A0296DAEE1068A47DD1C55A9F4C9B2FC69E3EFD44B81028E963DF81B504B0304140006080000B670623B000000000000000000000000350000006662782F45374635344235342D363743322D343832342D383044432D433445464530
310
3536354442422F76657274696365732E62696E504B0304140006080800B670623BF270F1330600000004000000360000006662782F45374635344235342D363743322D343832342D383044432D4334454645303536354442422F747269616E676C65732E62696E636660600000504B0304140006080000B670623B00000000
310
0000000000000000370000006662782F45374635344235342D363743322D343832342D383044432D4334454645303536354442422F617474726962757465732E62696E504B0304140006080800B670623B08DA0BD19000000041010000360000006662782F45374635344235342D363743322D343832342D383044432D4334
310
454645303536354442422F6469726563746F72792E786D6C858F410AC3201045AF22B36F53E9A60B35CBEEBAE80D244E44489C6234F4F835464A48035D0DF398FF9F8AF63D0E6CC63039F212F8F9020C7D47C6792B21C5FE7403D62A1188E2E60C98D7234A5830286103A55745067B9D86B8A3CF9C7F90C11DE607FB144396
310
D7B6A82D282E9A152AD114D5EF2CB866EEE831B8EEA07A7BB5A8D7D61A2BAAEB7FD5F70921FF497D00504B0304140006080800B670623B6378F24DFF000000A00100003B0000006662782F45374635344235342D363743322D343832342D383044432D4334454645303536354442422F7265736F75726365732F636F72652E
310
786D6C8D504B6E833010BD0A9A6D65B0094E42641C85B639412F6099496225D8C89FAAC7AF09546A77DDCC8CDE47F3F4C4F16B7C149FE88371B603565228D06A37187BED20C50BD9437194C23B177FC9A0B06AC40E6618A4B87A97A615D2CE46B431A3D60DB8822A048C50E8473E3A08FA86A32A558A5911EEE5A4F45D5DB1
310
6465A6B34E8A107D0E502C4FE609D26370C96B0CA25A58295232C3AA3143FE692E063D485EF7F5AEE71BD2D2F39634AFFC44DAF7DD9E9CCE6F9CD25DCBFA762BAAD92C4534E34F46ED51451C40D694B6843142EB0FD61C283F34FC85EE0F948A6A96FF31A569F8A729191B37F51A77B105902C0779125254735F793DCBCC7B
310
EE567E03504B010214000A0000080000B670623B3DEE336E79000000790000001B00000000000000000000000000000000006175746F6465736B2D64657369676E2D7061636B6167652E786D6C504B01021400140006080800B670623BD486FD9CA0000000F40000001300000000000000000000000000B20000005B436F6E
310
74656E745F54797065735D2E786D6C504B01021400140006080800B670623BBC1638F5EC0000007C010000080000000000000000000000000083010000636F72652E786D6C504B01021400140006080800B670623B55019EA25F0000007C000000070000000000000000000000000095020000636E782E786D6C504B010214
310
00140006080800B670623B3586FFB671010000D40300000C00000000000000000000000000190300006662782F636F72652E786D6C504B01021400140006080800B670623B4220A0FF7D0000009D0000000B00000000000000000000000000B40400006662782F636E782E786D6C504B01021400140006080800B670623B2F
310
A3FEDE290100001202000031000000000000000000000000005A0500006662782F45374635344235342D363743322D343832342D383044432D4334454645303536354442422F636F72652E786D6C504B01021400140006080800B670623B1B8617914E010000330300003000000000000000000000000000D2060000666278
310
2F45374635344235342D363743322D343832342D383044432D4334454645303536354442422F636E782E786D6C504B01021400140006080800B670623B29652116630500003C10000034000000000000000000000000006E0800006662782F45374635344235342D363743322D343832342D383044432D4334454645303536
310
354442422F6F626A656374732E786D6C504B01021400140006080000B670623B0000000000000000000000003500000000000000000000000000230E00006662782F45374635344235342D363743322D343832342D383044432D4334454645303536354442422F76657274696365732E62696E504B01021400140006080800
310
B670623BF270F13306000000040000003600000000000000000000000000760E00006662782F45374635344235342D363743322D343832342D383044432D4334454645303536354442422F747269616E676C65732E62696E504B01021400140006080000B670623B0000000000000000000000003700000000000000000000
310
000000D00E00006662782F45374635344235342D363743322D343832342D383044432D4334454645303536354442422F617474726962757465732E62696E504B01021400140006080800B670623B08DA0BD190000000410100003600000000000000000000000000250F00006662782F45374635344235342D363743322D34
310
3832342D383044432D4334454645303536354442422F6469726563746F72792E786D6C504B01021400140006080800B670623B6378F24DFF000000A00100003B00000000000000000000000000091000006662782F45374635344235342D363743322D343832342D383044432D4334454645303536354442422F7265736F75
310
726365732F636F72652E786D6C504B0506000000000E000E0080040000611100000000
  0
XRECORD
  5
18A
102
{ACAD_REACTORS
330
110
102
}
330
110
100
AcDbXrecord
280
     1
 70
     0
 90
1778669749
  1
9BF507EE-FAF7-4A99-A33D-4EE51894BC40
310
504B03040A0000080000B670623B3DEE336E79000000790000001B0000006175746F6465736B2D64657369676E2D7061636B6167652E786D6C3C3F786D6C2076657273696F6E3D22312E302220656E636F64696E673D227574662D3822203F3E3C666F726D6174733E3C666F726D61743E687474703A2F2F736368656D612E
310
6175746F6465736B2E636F6D2F64657369676E2D7061636B6167652F323030393C2F666F726D61743E3C2F666F726D6174733E504B0304140006080800B670623BD486FD9CA0000000F4000000130000005B436F6E74656E745F54797065735D2E786D6C7D8EC10E82300C865F65E91D8A1E8C310C0EEA1BF002731658846E
310
D98AC1B77784ABF1D8FE5FBFBF75BBCE937A534CCEB38643598122B6FEE978D0B0485F9C41B54DDD7D022595594E1A469170414C76A4D9A4D207E29CF43ECE46F218070CC6BECC4078ACAA135ACF422C856C0E68EA1BF5669944DDD7BCDE7B1F8E415D77AECB980613C2E4AC91FC167A2B244592486606FC29C8FD7F045B9A
310
EF7053A7E60B504B0304140006080800B670623BCA089DFFEC0000007C01000008000000636F72652E786D6C8D90416E83301045AF62CDB632D8402020E32882F604BD80653BC44AB011B6AB1EBF262152BBEB6A467FFE9B197D76FA9EEFE84BAFDE38DB03CD08206DA553C64E3DC470C1474027CE56E7C22F1B202B66DDC3
310
260367D3EAE2B24BD2D9A06D48AA754AEFA2F05E0740F29E9A1EBCBCEA59642286E4F0B76C11F226269DD15797E0188D42CF2346A57DE662F40ABCAEC77628C6120F654571D50C04B7F5B9C1E3997CD4F550BE3745C3F20DE62C98F9755FAE5A04AD801784B498524C8A4F5A75E4D055873772EC0861F966FF03C545FD138A
310
C686B2D8DF7D621E384D8F3C069CE55B16A93C824A75CB8DFF00504B0304140006080800B670623B55019EA25F0000007C00000007000000636E782E786D6C4DCB3B0E80201045D1AD90E915ED2CF8AC45050C11660C8261F98AB1B07AC9C97D42D718D865D3E909258CFD00CCE24AC6E326A164D74DC0B4128928FF326038
310
472BA13128B1252AC747C6BAB984FC68F0B87FE8960A5C09FE86CFB69FBA01504B0304140006080800B670623B68FC0B7272010000D40300000C0000006662782F636F72652E786D6CC5535B6E833010BC8AE5DF0A6C1E8124328E22D29EA01770C0A128602363A31CBFCB234A53A555FA553EC09AD9F5CE8C31DB5DDA060D
310
D2F4B556190E7C8A9154852E6B5565D8D993B7C668C799D1DA7E29C3488956667884316795D1AE5BA0422B2B950554E9522EA0E87B69312A1A5864B82F3E642B7CE12C54F467BF13C55954D20F7CA0A18EB3DE1A1080E621E31BF3D3F1C2C88C73E65C5D2E6C5DC2B4FA544B8379921C36797888BC3C8A032F4E73EA6D927D
310
EA1DF6F42D49F2E8350D5346C666CE6CDD5ED515460A2B4BCC434A375E1078347C0FE22D5D6DE3D50B5D6F2965642CBF6B725DF96493AB958DC245EEDCD6631E809089F8E61622B2A81703E8219C913144F84C09DF070D8140C8561C9BAB8F3340832CAC363130A576376A108D933095FA747AD0CF0B46E64E983A6D0EAE1F
310
CE089F9EF1FB8E70D44255604258581E9D1D75B259C3125A278D37D80B52DAB4A279CEC62F0EFF44DDC43F9454E8469BFF5244960322CBEF41C6FBC83F01504B0304140006080800B670623B0F71DDB67E0000009D0000000B0000006662782F636E782E786D6C4DCCD10A83201886E15B91FFDCA54DB73F502386BB8F5816
310
32D3703976F9ABD1C18E3E78F87855FB990379BBFCF2296AE02706C4C5471A7C9C349475A408A4352AA7B4FEDD80C47E761A7606A3A69CCA72D0E0C6BE8475D3E0E3F3409428EA6B27A84079A782899AA2EC1A7AE3ECCC2FD858CB2D544655BFD2B67BD87C01504B0304140006080800B670623BE134B4FB28010000120200
310
00310000006662782F38353834323741342D343835462D343034322D383541392D4331303331363839454531452F636F72652E786D6C8D515B6EC32010BC0AE22B55850D0EA424C24451959EA0172086A42831583CAA1CBF503B52FB971F16CDCECC0EACD8DFC71BF836215AEF7A481A0C817183D7D65D7A98D3197108F652
310
04EFD31F1A044E8DA6871586525C82CFD3020DDE25E352419DD76601558C264130DCCAA58771F832A36A544E8511AFCDA486ABBA988634A55D7852C4144A00300FA927949C71DABD1D28A29C7D208A6987383B6CD13BC16BB2E1DBE3911C453B0BA5C8D9EA456E758963CFD684674DAA588A64C747FC2118958C86B2C3788B
310
0841B8FB247487D98EB257CC77188BB6D2FF89F2A49F1465EBD2BA5BE2CEB2082511EDDC9042FB7CBA3DC298FBE4430275DE2A9AE1054ADC60CC08E3A29D89E5F9C5714317C7987C28DFBBBA9E0A97B0D97643A568EB864AF95D5FA9759BF207504B0304140006080800B670623B1B8617914E010000330300003000000066
310
62782F38353834323741342D343835462D343034322D383541392D4331303331363839454531452F636E782E786D6CD593C16EC32010447F0571AD6CE3D489D20813A9877E410FBD62D82434182CC055F3F75D1292E692438FBD206B7698593D61BEFD1E2DF982108D773D6D6B460938E5B571FB9ECE6957AD29D90A1EBC4F
310
77364A9C1CA1A759A682EF839FA72269D8C9D92654AD71C72206887E0E0A22CAF926B15E498B01E0AA19451807D01A34B919F16B070157417138917400F2F6FA41FCF0092A45DEE414C19BDC21783E4BD39D891265658C3D8DEA00A3ACE59CBC8678ACB54CB26EEB6BD7839D7E9348BE70AD9C8321B9BCA7F9A4A26C542347
310
DEE050F09802D22BA6749A800A394DD62899107273365E3C82CFC6A55557BC06C10774B7ABE7AEC3B0F34CF06446280E154026D0542C187BA9DAB6628BF7B6DBB0E5A65B3EB1F58631DE64BBE083F7B65CC218087E22CABB042E51D1F2268F1FE12B3EA24D40D63E9CFE00120194D60B9D5BC67FE6D39CDF37E20AF817881F
310
504B0304140006080800B670623B5933D422630500003B100000340000006662782F38353834323741342D343835462D343034322D383541392D4331303331363839454531452F6F626A656374732E786D6CAD575B6FA33814FE2B887D0642934E9B156594264D158D3A534DD4D13E548A0C38942D60649B4EBABF7E3F8321
310
40924EF6928780CDF1B97EE762EFF32E4B8D37CA45C2F21BD3B547A641F39045491EDF98A5DC5AD7A6F1D9F73863B243661A39C9E88DA9B64DDF8B392B0BBD15D12D295339D85DDEFE618890E6D434C2940871638AF08566C426A5641115AF764424B1E3EDCE76ED9AB0CF36E6A47819302D08A7B984A6D8CFC1C5A89572FB
310
CB91E9F89EA3BEFB9EFAD754E3D3544E654F5F7E920B49F2F040D880CDD89D2CEE2E2EA7D6E56432B6269F2E5CEB7679BBB0DCABF168FE693E9FCEEEA6102C240727AD09A75BD3BF876F78127A4EFDA9D5582B7E4CA590E5390D2BFB6161A5B3E618D182E611E2985001691DAB47FDA5AB7CD3F93C566B2DB2BB7D9E55DD13
310
1D468DEECDB3AB290BFE8409E21C54704115AA6AFF68436BFC8DF65E0B184BF5B74418199194272435D224E084BF9B3E481589EFF5D828747285706581E9BB7B7E5D5D911ABFC6EE312DB7659A2A689A7E85EC0DF04FA5A8344BFEA2FCB834E8845895492EAFB541F2BDA0A63FF59C6AD3F7D4637CA13FD68E34B629891172
310
98597F1D183A57B9B75A98FE9765B05BAB7C3C2EBCE0ACA05C2AF8005A4DE09AA7F29216EB9E15397500C6F47CBE77CA7778FE2BD277AF0AE2C693DD6437D1522427B9D8329E2136F6A8FA19A3E6C56ADF0E5F50CF06D48734EDCEBF22F69C56D97EC138153F804B85E6FABFC7AFEFB32E523BE1F3BD372418E363EDCA7548
310
52949E8724474014288D94610BB57C1BEC4C7F854A89CA8E5324F55B871CBC78CE1BBEE3BFE68D6A5589EF3C730474506FCFA8FCF0659516D0ED04580EEA6425581B77CAE797FF4BCECC16EB2FEB926F49481F746159D06D922712BD730FDEAE42BD40F42C7AA5EF3F198F60E86110D6DD20645A9480B795CF95E3E3A659A8
310
C55E724F408873315335CFFB8584874484344D494E59D94869DB90C26A5B64F49C802CAC1D3ABE18A098D3B7444D123D8A9E5AE8F5214F0AE5B2B6E9B575DA3E61CBD3EA2B4009FA940524DD1305FB6A1FB294F14DF0BEA90BA109ECE1481FDC3FFAE8D60E75141700BE82725371B4873751B2DD960265F788137FACE6DD40
310
B575E4F0A5C99F46629D92131467A41EE11ABD8D4CCC039CA0AFB37C93A08B232B8F0AEFCA1E0A1015DF13FC83322B362463652ECF71D3A8B1A7D1BE65DE1D62C44F22C317D35F574FEB16153BA2D13E543D10A80E74C4A65E78A6B7CBCBD1D5DD9DB59C2DAFACC96C3AB566E3F1C29ADCDD5DBAD7D3C9ED7C822ED74F80A6
310
41755310DE4443F44A9E68373FADF6596BFA0F440AE7BECE2727AE9F4F2B1B53B1E7E00CF0DD1E5C65454A339A4BA2D0FBA05ED2EF0443458F47BDBFCA484CCFE0F2ED7E3DD0013B679C7B5499467F0ECEEADDB9CA85A34CE44B99053949D2C1416DB85DE4B136BB7165FBAC0B7AB3542BED4F8CA182A549847A1319316519
310
95A83A67147B9E5101C47487F2485F1ECE38FD568F839204296D3479219888530154036E6528FBFBC66F98E0D4107563A2D7D9AFF8D389681A08F58D89F22693900A3B407754734FC51C10C010D6D640809EE4718AC1BA3ED4AEDB53CA37283F68805A7E4B72CEB0A4EDEAD5DD8C14059A76AFAA56BA6901E13F32BC51C720
310
12AF41295B5BF61BAD3195181FB506E6B40F4C10AF5AF40EF9F5B159AE5DD1F43C72D635E94310D45C2D49785C5D0B94D3B54AB3C5A38349C0587D338AB48C11CBF339599C02CCA54A70A008A8D03C0B2201D5F9EFCF8F9CE12A9A19CB0410789EB32C63B95ECCF455D658BFE0621A3DA32C5075FB101723D77DAE867E7D0F
310
D90444509B44E2151B4DC2290B065803200FBAA9BE9D392A0603F2D5C2D00D6302A615680F66D2FA166E2079D4C551A54AB758161FCEFD4E450A14704CECFEDF504B0304140006080000B670623B000000000000000000000000350000006662782F38353834323741342D343835462D343034322D383541392D4331303331
310
363839454531452F76657274696365732E62696E504B0304140006080800B670623BF270F1330600000004000000360000006662782F38353834323741342D343835462D343034322D383541392D4331303331363839454531452F747269616E676C65732E62696E636660600000504B0304140006080000B670623B000000
310
000000000000000000370000006662782F38353834323741342D343835462D343034322D383541392D4331303331363839454531452F617474726962757465732E62696E504B0304140006080800B670623B08DA0BD19000000041010000360000006662782F38353834323741342D343835462D343034322D383541392D43
310
31303331363839454531452F6469726563746F72792E786D6C858F410AC3201045AF22B36F53E9A60B35CBEEBAE80D244E44489C6234F4F835464A48035D0DF398FF9F8AF63D0E6CC63039F212F8F9020C7D47C6792B21C5FE7403D62A1188E2E60C98D7234A5830286103A55745067B9D86B8A3CF9C7F90C11DE607FB1443
310
96D7B6A82D282E9A152AD114D5EF2CB866EEE831B8EEA07A7BB5A8D7D61A2BAAEB7FD5F70921FF497D00504B0304140006080800B670623BD9A3B367FE000000A00100003B0000006662782F38353834323741342D343835462D343034322D383541392D4331303331363839454531452F7265736F75726365732F636F7265
310
2E786D6C8D504B6E833010BD0A9A6D65B01D0201194711694FD00B586642AD043BF2A7EAF16B122AB5BB6E6646EFA3797AE2F8B5DC8A4FF4C1383B002B291468B59B8C9D0748F1420E501CA5F0CEC55F3228AC5A708015062966EFD27D83B4B3116DCCA875136EA00A012314FA968F0182FEC045952AC5AC08D7F2AEF455CD
310
58B232D3592745883E07289E4FD609D26370C96B0CA27AB252A464A64D63A6FCD35C0C7A904D73EE467EE664DCD58CD4ED4849D79C5A723ED1B7A61977AF2D6F45B59AA58866F9C9A83DAA8813484E6947182394BFB3BAA7FBBEDEBFD0434FA9A856F91F53BA4FFF342563E38E6F719FB60092E5200F428A6AED2BAF479979
310
AFDDCA6F504B010214000A0000080000B670623B3DEE336E79000000790000001B00000000000000000000000000000000006175746F6465736B2D64657369676E2D7061636B6167652E786D6C504B01021400140006080800B670623BD486FD9CA0000000F40000001300000000000000000000000000B20000005B436F6E
310
74656E745F54797065735D2E786D6C504B01021400140006080800B670623BCA089DFFEC0000007C010000080000000000000000000000000083010000636F72652E786D6C504B01021400140006080800B670623B55019EA25F0000007C000000070000000000000000000000000095020000636E782E786D6C504B010214
310
00140006080800B670623B68FC0B7272010000D40300000C00000000000000000000000000190300006662782F636F72652E786D6C504B01021400140006080800B670623B0F71DDB67E0000009D0000000B00000000000000000000000000B50400006662782F636E782E786D6C504B01021400140006080800B670623BE1
310
34B4FB280100001202000031000000000000000000000000005C0500006662782F38353834323741342D343835462D343034322D383541392D4331303331363839454531452F636F72652E786D6C504B01021400140006080800B670623B1B8617914E010000330300003000000000000000000000000000D3060000666278
310
2F38353834323741342D343835462D343034322D383541392D4331303331363839454531452F636E782E786D6C504B01021400140006080800B670623B5933D422630500003B10000034000000000000000000000000006F0800006662782F38353834323741342D343835462D343034322D383541392D4331303331363839
310
454531452F6F626A656374732E786D6C504B01021400140006080000B670623B0000000000000000000000003500000000000000000000000000240E00006662782F38353834323741342D343835462D343034322D383541392D4331303331363839454531452F76657274696365732E62696E504B01021400140006080800
310
B670623BF270F13306000000040000003600000000000000000000000000770E00006662782F38353834323741342D343835462D343034322D383541392D4331303331363839454531452F747269616E676C65732E62696E504B01021400140006080000B670623B0000000000000000000000003700000000000000000000
310
000000D10E00006662782F38353834323741342D343835462D343034322D383541392D4331303331363839454531452F617474726962757465732E62696E504B01021400140006080800B670623B08DA0BD190000000410100003600000000000000000000000000260F00006662782F38353834323741342D343835462D34
310
3034322D383541392D4331303331363839454531452F6469726563746F72792E786D6C504B01021400140006080800B670623BD9A3B367FE000000A00100003B000000000000000000000000000A1000006662782F38353834323741342D343835462D343034322D383541392D4331303331363839454531452F7265736F75
310
726365732F636F72652E786D6C504B0506000000000E000E0080040000611100000000
  0
CELLSTYLEMAP
  5
7BB8
102
{ACAD_REACTORS
330
7BB7
102
}
330
7BB7
100
AcDbCellStyleMap
 90
        3
300
CELLSTYLE
  1
TABLEFORMAT_BEGIN
 90
        5
170
     1
 91
        0
 92
    32768
 62
   257
 93
        1
300
CONTENTFORMAT
  1
CONTENTFORMAT_BEGIN
 90
        0
 91
        0
 92
      512
 93
        0
300

 40
0.0
140
1.0
 94
        5
 62
     0
340
11
144
0.25
309
CONTENTFORMAT_END
171
     1
301
MARGIN
  1
CELLMARGIN_BEGIN
 40
0.06
 40
0.06
 40
0.06
 40
0.06
 40
0.18
 40
0.18
309
CELLMARGIN_END
 94
        6
 95
        1
302
GRIDFORMAT
  1
GRIDFORMAT_BEGIN
 90
        0
 91
        1
 62
     0
 92
       -2
340
0
 93
        0
 40
0.045
309
GRIDFORMAT_END
 95
        2
302
GRIDFORMAT
  1
GRIDFORMAT_BEGIN
 90
        0
 91
        1
 62
     0
 92
       -2
340
0
 93
        0
 40
0.045
309
GRIDFORMAT_END
 95
        4
302
GRIDFORMAT
  1
GRIDFORMAT_BEGIN
 90
        0
 91
        1
 62
     0
 92
       -2
340
0
 93
        0
 40
0.045
309
GRIDFORMAT_END
 95
        8
302
GRIDFORMAT
  1
GRIDFORMAT_BEGIN
 90
        0
 91
        1
 62
     0
 92
       -2
340
0
 93
        0
 40
0.045
309
GRIDFORMAT_END
 95
       16
302
GRIDFORMAT
  1
GRIDFORMAT_BEGIN
 90
        0
 91
        1
 62
     0
 92
       -2
340
0
 93
        0
 40
0.045
309
GRIDFORMAT_END
 95
       32
302
GRIDFORMAT
  1
GRIDFORMAT_BEGIN
 90
        0
 91
        1
 62
     0
 92
       -2
340
0
 93
        0
 40
0.045
309
GRIDFORMAT_END
309
TABLEFORMAT_END
  1
CELLSTYLE_BEGIN
 90
        1
 91
        1
300
_TITLE
309
CELLSTYLE_END
300
CELLSTYLE
  1
TABLEFORMAT_BEGIN
 90
        5
170
     1
 91
        0
 92
        0
 62
   257
 93
        1
300
CONTENTFORMAT
  1
CONTENTFORMAT_BEGIN
 90
        0
 91
        0
 92
      512
 93
        0
300

 40
0.0
140
1.0
 94
        5
 62
     0
340
11
144
0.18
309
CONTENTFORMAT_END
171
     1
301
MARGIN
  1
CELLMARGIN_BEGIN
 40
0.06
 40
0.06
 40
0.06
 40
0.06
 40
0.18
 40
0.18
309
CELLMARGIN_END
 94
        6
 95
        1
302
GRIDFORMAT
  1
GRIDFORMAT_BEGIN
 90
        0
 91
        1
 62
     0
 92
       -2
340
0
 93
        0
 40
0.045
309
GRIDFORMAT_END
 95
        2
302
GRIDFORMAT
  1
GRIDFORMAT_BEGIN
 90
        0
 91
        1
 62
     0
 92
       -2
340
0
 93
        0
 40
0.045
309
GRIDFORMAT_END
 95
        4
302
GRIDFORMAT
  1
GRIDFORMAT_BEGIN
 90
        0
 91
        1
 62
     0
 92
       -2
340
0
 93
        0
 40
0.045
309
GRIDFORMAT_END
 95
        8
302
GRIDFORMAT
  1
GRIDFORMAT_BEGIN
 90
        0
 91
        1
 62
     0
 92
       -2
340
0
 93
        0
 40
0.045
309
GRIDFORMAT_END
 95
       16
302
GRIDFORMAT
  1
GRIDFORMAT_BEGIN
 90
        0
 91
        1
 62
     0
 92
       -2
340
0
 93
        0
 40
0.045
309
GRIDFORMAT_END
 95
       32
302
GRIDFORMAT
  1
GRIDFORMAT_BEGIN
 90
        0
 91
        1
 62
     0
 92
       -2
340
0
 93
        0
 40
0.045
309
GRIDFORMAT_END
309
TABLEFORMAT_END
  1
CELLSTYLE_BEGIN
 90
        2
 91
        1
300
_HEADER
309
CELLSTYLE_END
300
CELLSTYLE
  1
TABLEFORMAT_BEGIN
 90
        5
170
     1
 91
        0
 92
        0
 62
   257
 93
        1
300
CONTENTFORMAT
  1
CONTENTFORMAT_BEGIN
 90
        0
 91
        0
 92
      512
 93
        0
300

 40
0.0
140
1.0
 94
        2
 62
     0
340
11
144
0.18
309
CONTENTFORMAT_END
171
     1
301
MARGIN
  1
CELLMARGIN_BEGIN
 40
0.06
 40
0.06
 40
0.06
 40
0.06
 40
0.18
 40
0.18
309
CELLMARGIN_END
 94
        6
 95
        1
302
GRIDFORMAT
  1
GRIDFORMAT_BEGIN
 90
        0
 91
        1
 62
     0
 92
       -2
340
0
 93
        0
 40
0.045
309
GRIDFORMAT_END
 95
        2
302
GRIDFORMAT
  1
GRIDFORMAT_BEGIN
 90
        0
 91
        1
 62
     0
 92
       -2
340
0
 93
        0
 40
0.045
309
GRIDFORMAT_END
 95
        4
302
GRIDFORMAT
  1
GRIDFORMAT_BEGIN
 90
        0
 91
        1
 62
     0
 92
       -2
340
0
 93
        0
 40
0.045
309
GRIDFORMAT_END
 95
        8
302
GRIDFORMAT
  1
GRIDFORMAT_BEGIN
 90
        0
 91
        1
 62
     0
 92
       -2
340
0
 93
        0
 40
0.045
309
GRIDFORMAT_END
 95
       16
302
GRIDFORMAT
  1
GRIDFORMAT_BEGIN
 90
        0
 91
        1
 62
     0
 92
       -2
340
0
 93
        0
 40
0.045
309
GRIDFORMAT_END
 95
       32
302
GRIDFORMAT
  1
GRIDFORMAT_BEGIN
 90
        0
 91
        1
 62
     0
 92
       -2
340
0
 93
        0
 40
0.045
309
GRIDFORMAT_END
309
TABLEFORMAT_END
  1
CELLSTYLE_BEGIN
 90
        3
 91
        2
300
_DATA
309
CELLSTYLE_END
  0
ENDSEC
  0
SECTION
  2
ACDSDATA
 70
     2
 71
     2
  0
ACDSSCHEMA
 90
        0
  1
AcDb_Thumbnail_Schema
  2
AcDbDs::ID
280
    10
 91
        8
  2
Thumbnail_Data
280
    15
 91
        0
101
ACDSRECORD
 95
        0
 90
        2
  2
AcDbDs::TreatedAsObjectData
280
     1
291
     1
101
ACDSRECORD
 95
        0
 90
        3
  2
AcDbDs::Legacy
280
     1
291
     1
101
ACDSRECORD
  1
AcDbDs::ID
 90
        4
  2
AcDs:Indexable
280
     1
291
     1
101
ACDSRECORD
  1
AcDbDs::ID
 90
        5
  2
AcDbDs::HandleAttribute
280
     7
282
     1
  0
ACDSSCHEMA
 90
        1
  1
AcDb3DSolid_ASM_Data
  2
AcDbDs::ID
280
    10
 91
        8
  2
ASM_Data
280
    15
 91
        0
101
ACDSRECORD
 95
        1
 90
        2
  2
AcDbDs::TreatedAsObjectData
280
     1
291
     1
101
ACDSRECORD
 95
        1
 90
        3
  2
AcDbDs::Legacy
280
     1
291
     1
101
ACDSRECORD
  1
AcDbDs::ID
 90
        4
  2
AcDs:Indexable
280
     1
291
     1
101
ACDSRECORD
  1
AcDbDs::ID
 90
        5
  2
AcDbDs::HandleAttribute
280
     7
282
     1
  0
ACDSSCHEMA
 90
        2
  1
AcDbDs::TreatedAsObjectDataSchema
  2
AcDbDs::TreatedAsObjectData
280
     1
 91
        0
  0
ACDSSCHEMA
 90
        3
  1
AcDbDs::LegacySchema
  2
AcDbDs::Legacy
280
     1
 91
        0
  0
ACDSSCHEMA
 90
        4
  1
AcDbDs::IndexedPropertySchema
  2
AcDs:Indexable
280
     1
 91
        0
  0
ACDSSCHEMA
 90
        5
  1
AcDbDs::HandleAttributeSchema
  2
AcDbDs::HandleAttribute
280
     7
 91
        1
284
     1
  0
ACDSRECORD
 90
        0
  2
AcDbDs::ID
280
    10
320
22
  2
Thumbnail_Data
280
    15
 94
     1830
310
89504E470D0A1A0A0000000D494844520000010000000084080300000048FA052E00000300504C5445212830FFFFFF2128300000000000000000000000000000000000000000000000000000330000660000990000CC0000FF0033000033330033660033990033CC0033FF0066000066330066660066990066CC0066FF0099
310
000099330099660099990099CC0099FF00CC0000CC3300CC6600CC9900CCCC00CCFF00FF0000FF3300FF6600FF9900FFCC00FFFF3300003300333300663300993300CC3300FF3333003333333333663333993333CC3333FF3366003366333366663366993366CC3366FF3399003399333399663399993399CC3399FF33CC00
310
33CC3333CC6633CC9933CCCC33CCFF33FF0033FF3333FF6633FF9933FFCC33FFFF6600006600336600666600996600CC6600FF6633006633336633666633996633CC6633FF6666006666336666666666996666CC6666FF6699006699336699666699996699CC6699FF66CC0066CC3366CC6666CC9966CCCC66CCFF66FF0066
310
FF3366FF6666FF9966FFCC66FFFF9900009900339900669900999900CC9900FF9933009933339933669933999933CC9933FF9966009966339966669966999966CC9966FF9999009999339999669999999999CC9999FF99CC0099CC3399CC6699CC9999CCCC99CCFF99FF0099FF3399FF6699FF9999FFCC99FFFFCC0000CC00
310
33CC0066CC0099CC00CCCC00FFCC3300CC3333CC3366CC3399CC33CCCC33FFCC6600CC6633CC6666CC6699CC66CCCC66FFCC9900CC9933CC9966CC9999CC99CCCC99FFCCCC00CCCC33CCCC66CCCC99CCCCCCCCCCFFCCFF00CCFF33CCFF66CCFF99CCFFCCCCFFFFFF0000FF0033FF0066FF0099FF00CCFF00FFFF3300FF3333
310
FF3366FF3399FF33CCFF33FFFF6600FF6633FF6666FF6699FF66CCFF66FFFF9900FF9933FF9966FF9999FF99CCFF99FFFFCC00FFCC33FFCC66FFCC99FFCCCCFFCCFFFFFF00FFFF33FFFF66FFFF99FFFFCCFFFFFF0000000D0D0D1A1A1A2828283535354343435050505D5D5D6B6B6B787878868686939393A1A1A1AEAEAEBB
310
BBBBC9C9C9D6D6D6E4E4E4F1F1F1FFFFFF0000000000000000000000000000000000000000000000000000000000002E4550F1000003E14944415478DAED9DCD92EC20088579FFB79DC5D9CF62D2494FA2820611D4544D55EE9D9E4EFC04E4407E88F80D6137D2D9B4BEC77CDB00B4BEE7B0A7700EA06B01886609EE019C56
310
45DF3B6A91CB3D80DEA19BB60B6C003100E807EDA80014DDBF3380FEEBB74A0ADC118077DFDD00EC01687A3177E25702E5C90292E36FC3220510C005DE0168B72A4731A0E5FC8F036106004D23380FD41C55360067001A5781F685C5118096B4612A0B7807A035EB1A07E07ECCF5001C49CADFEE0200CA5A6E05008C1B2C01
310
804DCA2707C0CB322D0047827C1CD4550CC88E43034043F57C2480EB1FE76F942D40901F8E5D051ED3A41D03E02A06E032F59B052C1204EF007483A07B2DF05906570650ECE9BC7601F70098A6D62A5AA004A0BD20924D843C2E83F9B1BC06E03B11A27257B78F05784A85B718829D18F21C04B3FEBF4A45C8440C45298975
310
17430E63004CC490CF55A0AF180A9007F41543FE0B2234400B80FDCA2D861C6981D9EB01CB03E89D0A4729892D2C86467486FC1544B2E3D89DA1E953E12D86766788D6CE047B3746A25C21B21B23F9BF9CBC2CBE7A6384CBCA3400F82F8890715FC05541A4420C892D615231C4BBC2C7B2031644F2FE5F6301387FE2558424
310
6208540F80C294C404628873972480993A432041FD0CD10A22159DA192059CE92468DECE5062EA000100E7A9B05C0D8A6E7A0F17032AFA021FD954FCF0D400B83C362200825C0B80049DD4A0CB600D009A0C80E0467EB9053CB440560D3ABA4E506E016CC0401980FCA67A6B1720A118629E1594B18086076E8D8C014531C4
310
0190274251C5104D2886C49DA1263114E1FA00126B813C809C1698EA969944CEC08BA11800686131C42777E71C5E77D72BAC02113B43C7D8AAB580FFCE10C93A43AFC590D392D8EA6AB07C8E8BA8C1BC3DD689A1D9EB01C0BBB2B8E765D0440CB9AE09CAC4107F18550018D1192AB940358097CF1283A3CE10B75E2601BC3D
310
61986901C800401500FC00905800B401B0ABAF650CA0629D530CE05E14957C783400F1531F2BE299DC05F0558E4934A1602286841346EA00A8F454716B17909EAD2E00CA69643300456DD3DB055236402300A86F1579C0D96EC7BF44CB32088E05307C15E8B2050010E40D13DD0004D93A0058FB757B0F0B901C12EDC79316
310
11AE67F85A03908C35EBD252008249FEF710E3ED02DFA1F4A78305E0314DCF1D66EF39D7B7A219721F4854D7F2AB873B0BE80FC02406B8B300D365D0278042705CC105B605248261A06590100AC02B0BE805005162C0145AA0A45EA9A869C97EC8D6001A343EE99705BE5A266BBA407F00D7852E8F992ABFA43CD549C1233A
310
96F3FBC4FFD1A72A9A92C47AA595902F5FFFD1558301376C00AA2E8029F3805F96FF194D085390B20000000049454E44AE426082
  0
ENDSEC
  0
EOF
