  0
SECTION
  2
HEADER
  9
$ACADVER
  1
AC1032
  9
$ACADMAINTVER
 90
       55
  9
$DWGCODEPAGE
  3
ANSI_1252
  9
$LASTSAVEDBY
  1
USTS-CP-L-44 - User
  9
$REQUIREDVERSIONS
160
                 0
  9
$INSBASE
 10
0.0
 20
0.0
 30
0.0
  9
$EXTMIN
 10
29.48651077621275
 20
59.28884913919347
 30
0.0
  9
$EXTMAX
 10
377.2023139656533
 20
290.130357953813
 30
0.8287124280195762
  9
$LIMMIN
 10
0.0
 20
0.0
  9
$LIMMAX
 10
12.0
 20
9.0
  9
$ORTHOMODE
 70
     1
  9
$REGENMODE
 70
     1
  9
$FILLMODE
 70
     1
  9
$QTEXTMODE
 70
     0
  9
$MIRRTEXT
 70
     0
  9
$LTSCALE
 40
1.0
  9
$ATTMODE
 70
     1
  9
$TEXTSIZE
 40
2.2
  9
$TRACEWID
 40
0.05
  9
$TEXTSTYLE
  7
ISOCP
  9
$CLAYER
  8
0
  9
$CELTYPE
  6
ByLayer
  9
$CECOLOR
 62
   256
  9
$CELTSCALE
 40
1.0
  9
$DISPSILH
 70
     0
  9
$DIMSCALE
 40
1.0
  9
$DIMASZ
 40
0.18
  9
$DIMEXO
 40
0.0625
  9
$DIMDLI
 40
0.38
  9
$DIMRND
 40
0.0
  9
$DIMDLE
 40
0.0
  9
$DIMEXE
 40
0.18
  9
$DIMTP
 40
0.0
  9
$DIMTM
 40
0.0
  9
$DIMTXT
 40
0.18
  9
$DIMCEN
 40
0.09
  9
$DIMTSZ
 40
0.0
  9
$DIMTOL
 70
     0
  9
$DIMLIM
 70
     0
  9
$DIMTIH
 70
     1
  9
$DIMTOH
 70
     1
  9
$DIMSE1
 70
     0
  9
$DIMSE2
 70
     0
  9
$DIMTAD
 70
     0
  9
$DIMZIN
 70
     0
  9
$DIMBLK
  1

  9
$DIMASO
 70
     1
  9
$DIMSHO
 70
     1
  9
$DIMPOST
  1

  9
$DIMAPOST
  1

  9
$DIMALT
 70
     0
  9
$DIMALTD
 70
     2
  9
$DIMALTF
 40
25.4
  9
$DIMLFAC
 40
1.0
  9
$DIMTOFL
 70
     0
  9
$DIMTVP
 40
0.0
  9
$DIMTIX
 70
     0
  9
$DIMSOXD
 70
     0
  9
$DIMSAH
 70
     0
  9
$DIMBLK1
  1

  9
$DIMBLK2
  1

  9
$DIMSTYLE
  2
Standard
  9
$DIMCLRD
 70
     0
  9
$DIMCLRE
 70
     0
  9
$DIMCLRT
 70
     0
  9
$DIMTFAC
 40
1.0
  9
$DIMGAP
 40
0.09
  9
$DIMJUST
 70
     0
  9
$DIMSD1
 70
     0
  9
$DIMSD2
 70
     0
  9
$DIMTOLJ
 70
     1
  9
$DIMTZIN
 70
     0
  9
$DIMALTZ
 70
     0
  9
$DIMALTTZ
 70
     0
  9
$DIMUPT
 70
     0
  9
$DIMDEC
 70
     4
  9
$DIMTDEC
 70
     4
  9
$DIMALTU
 70
     2
  9
$DIMALTTD
 70
     2
  9
$DIMTXSTY
  7
Standard
  9
$DIMAUNIT
 70
     0
  9
$DIMADEC
 70
     0
  9
$DIMALTRND
 40
0.0
  9
$DIMAZIN
 70
     0
  9
$DIMDSEP
 70
    46
  9
$DIMATFIT
 70
     3
  9
$DIMFRAC
 70
     0
  9
$DIMLDRBLK
  1

  9
$DIMLUNIT
 70
     2
  9
$DIMLWD
 70
    -2
  9
$DIMLWE
 70
    -2
  9
$DIMTMOVE
 70
     0
  9
$DIMFXL
 40
1.0
  9
$DIMFXLON
 70
     0
  9
$DIMJOGANG
 40
0.7853981633974483
  9
$DIMTFILL
 70
     0
  9
$DIMTFILLCLR
 70
     0
  9
$DIMARCSYM
 70
     0
  9
$DIMLTYPE
  6

  9
$DIMLTEX1
  6

  9
$DIMLTEX2
  6

  9
$DIMTXTDIRECTION
 70
     0
  9
$LUNITS
 70
     2
  9
$LUPREC
 70
     4
  9
$SKETCHINC
 40
0.1
  9
$FILLETRAD
 40
0.0
  9
$AUNITS
 70
     0
  9
$AUPREC
 70
     0
  9
$MENU
  1
.
  9
$ELEVATION
 40
0.0
  9
$PELEVATION
 40
0.0
  9
$THICKNESS
 40
0.0
  9
$LIMCHECK
 70
     0
  9
$CHAMFERA
 40
0.0
  9
$CHAMFERB
 40
0.0
  9
$CHAMFERC
 40
0.0
  9
$CHAMFERD
 40
0.0
  9
$SKPOLY
 70
     0
  9
$TDCREATE
 40
2460403.541990741
  9
$TDUCREATE
 40
2460403.312824074
  9
$TDUPDATE
 40
2461251.490404398
  9
$TDUUPDATE
 40
2461251.261237732
  9
$TDINDWG
 40
0.0000579282
  9
$TDUSRTIMER
 40
0.0000579282
  9
$USRTIMER
 70
     1
  9
$ANGBASE
 50
0.0
  9
$ANGDIR
 70
     0
  9
$PDMODE
 70
     0
  9
$PDSIZE
 40
0.0
  9
$PLINEWID
 40
0.0
  9
$SPLFRAME
 70
     0
  9
$SPLINETYPE
 70
     6
  9
$SPLINESEGS
 70
     8
  9
$HANDSEED
  5
66FF
  9
$SURFTAB1
 70
     6
  9
$SURFTAB2
 70
     6
  9
$SURFTYPE
 70
     6
  9
$SURFU
 70
     6
  9
$SURFV
 70
     6
  9
$UCSBASE
  2

  9
$UCSNAME
  2

  9
$UCSORG
 10
0.0
 20
0.0
 30
0.0
  9
$UCSXDIR
 10
1.0
 20
0.0
 30
0.0
  9
$UCSYDIR
 10
0.0
 20
1.0
 30
0.0
  9
$UCSORTHOREF
  2

  9
$UCSORTHOVIEW
 70
     0
  9
$UCSORGTOP
 10
0.0
 20
0.0
 30
0.0
  9
$UCSORGBOTTOM
 10
0.0
 20
0.0
 30
0.0
  9
$UCSORGLEFT
 10
0.0
 20
0.0
 30
0.0
  9
$UCSORGRIGHT
 10
0.0
 20
0.0
 30
0.0
  9
$UCSORGFRONT
 10
0.0
 20
0.0
 30
0.0
  9
$UCSORGBACK
 10
0.0
 20
0.0
 30
0.0
  9
$PUCSBASE
  2

  9
$PUCSNAME
  2

  9
$PUCSORG
 10
0.0
 20
0.0
 30
0.0
  9
$PUCSXDIR
 10
1.0
 20
0.0
 30
0.0
  9
$PUCSYDIR
 10
0.0
 20
1.0
 30
0.0
  9
$PUCSORTHOREF
  2

  9
$PUCSORTHOVIEW
 70
     0
  9
$PUCSORGTOP
 10
0.0
 20
0.0
 30
0.0
  9
$PUCSORGBOTTOM
 10
0.0
 20
0.0
 30
0.0
  9
$PUCSORGLEFT
 10
0.0
 20
0.0
 30
0.0
  9
$PUCSORGRIGHT
 10
0.0
 20
0.0
 30
0.0
  9
$PUCSORGFRONT
 10
0.0
 20
0.0
 30
0.0
  9
$PUCSORGBACK
 10
0.0
 20
0.0
 30
0.0
  9
$USERI1
 70
     0
  9
$USERI2
 70
     0
  9
$USERI3
 70
     0
  9
$USERI4
 70
     0
  9
$USERI5
 70
     0
  9
$USERR1
 40
0.0
  9
$USERR2
 40
0.0
  9
$USERR3
 40
0.0
  9
$USERR4
 40
0.0
  9
$USERR5
 40
0.0
  9
$WORLDVIEW
 70
     1
  9
$SHADEDGE
 70
     3
  9
$SHADEDIF
 70
    70
  9
$TILEMODE
 70
     1
  9
$MAXACTVP
 70
    64
  9
$PINSBASE
 10
0.0
 20
0.0
 30
0.0
  9
$PLIMCHECK
 70
     0
  9
$PEXTMIN
 10
0.0
 20
0.0
 30
0.0
  9
$PEXTMAX
 10
0.0
 20
0.0
 30
0.0
  9
$PLIMMIN
 10
0.0
 20
0.0
  9
$PLIMMAX
 10
0.0
 20
0.0
  9
$UNITMODE
 70
     0
  9
$VISRETAIN
 70
     1
  9
$PLINEGEN
 70
     0
  9
$PSLTSCALE
 70
     1
  9
$TREEDEPTH
 70
  3020
  9
$CMLSTYLE
  2
Standard
  9
$CMLJUST
 70
     0
  9
$CMLSCALE
 40
1.0
  9
$PROXYGRAPHICS
 70
     1
  9
$MEASUREMENT
 70
     0
  9
$CELWEIGHT
370
    -1
  9
$ENDCAPS
280
     0
  9
$JOINSTYLE
280
     0
  9
$LWDISPLAY
290
     0
  9
$INSUNITS
 70
     4
  9
$HYPERLINKBASE
  1

  9
$STYLESHEET
  1
acadlt.ctb
  9
$XEDIT
290
     1
  9
$CEPSNTYPE
380
     0
  9
$PSTYLEMODE
290
     1
  9
$FINGERPRINTGUID
  2
{B3C17FDA-5D3E-0449-B746-50678B212CAE}
  9
$VERSIONGUID
  2
{D5ECDA0C-4626-4887-8B64-93DB1342428C}
  9
$EXTNAMES
290
     1
  9
$PSVPSCALE
 40
0.0
  9
$OLESTARTUP
290
     0
  9
$SORTENTS
280
   127
  9
$INDEXCTL
280
     0
  9
$HIDETEXT
280
     1
  9
$XCLIPFRAME
280
     2
  9
$HALOGAP
280
     0
  9
$OBSCOLOR
 70
   257
  9
$OBSLTYPE
280
     0
  9
$INTERSECTIONDISPLAY
280
     0
  9
$INTERSECTIONCOLOR
 70
   257
  9
$DIMASSOC
280
     2
  9
$PROJECTNAME
  1

  9
$CAMERADISPLAY
290
     0
  9
$LENSLENGTH
 40
50.0
  9
$CAMERAHEIGHT
 40
0.0
  9
$STEPSPERSEC
 40
2.0
  9
$STEPSIZE
 40
6.0
  9
$3DDWFPREC
 40
2.0
  9
$PSOLWIDTH
 40
0.25
  9
$PSOLHEIGHT
 40
4.0
  9
$LOFTANG1
 40
1.570796326794897
  9
$LOFTANG2
 40
1.570796326794897
  9
$LOFTMAG1
 40
0.0
  9
$LOFTMAG2
 40
0.0
  9
$LOFTPARAM
 70
     7
  9
$LOFTNORMALS
280
     1
  9
$LATITUDE
 40
37.795
  9
$LONGITUDE
 40
-122.394
  9
$NORTHDIRECTION
 40
0.0
  9
$TIMEZONE
 70
 -8000
  9
$LIGHTGLYPHDISPLAY
280
     1
  9
$TILEMODELIGHTSYNCH
280
     1
  9
$CMATERIAL
347
96
  9
$SOLIDHIST
280
     0
  9
$SHOWHIST
280
     1
  9
$DWFFRAME
280
     2
  9
$DGNFRAME
280
     0
  9
$REALWORLDSCALE
290
     1
  9
$INTERFERECOLOR
 62
     1
  9
$CSHADOW
280
     0
  9
$SHADOWPLANELOCATION
 40
0.0
  0
ENDSEC
  0
SECTION
  2
CLASSES
  0
CLASS
  1
ACDBDICTIONARYWDFLT
  2
AcDbDictionaryWithDefault
  3
ObjectDBX Classes
 90
        0
 91
        3
280
     0
281
     0
  0
CLASS
  1
ACDBPLACEHOLDER
  2
AcDbPlaceHolder
  3
ObjectDBX Classes
 90
        0
 91
        1
280
     0
281
     0
  0
CLASS
  1
LAYOUT
  2
AcDbLayout
  3
ObjectDBX Classes
 90
        0
 91
        1
280
     0
281
     0
  0
CLASS
  1
DICTIONARYVAR
  2
AcDbDictionaryVar
  3
ObjectDBX Classes
 90
        0
 91
        3
280
     0
281
     0
  0
CLASS
  1
TABLESTYLE
  2
AcDbTableStyle
  3
ObjectDBX Classes
 90
     4095
 91
        3
280
     0
281
     0
  0
CLASS
  1
MATERIAL
  2
AcDbMaterial
  3
ObjectDBX Classes
 90
     1153
 91
        3
280
     0
281
     0
  0
CLASS
  1
VISUALSTYLE
  2
AcDbVisualStyle
  3
ObjectDBX Classes
 90
     4095
 91
        3
280
     0
281
     0
  0
CLASS
  1
SCALE
  2
AcDbScale
  3
ObjectDBX Classes
 90
     1153
 91
        3
280
     0
281
     0
  0
CLASS
  1
MLEADERSTYLE
  2
AcDbMLeaderStyle
  3
ACDB_MLEADERSTYLE_CLASS
 90
     4095
 91
        3
280
     0
281
     0
  0
CLASS
  1
CELLSTYLEMAP
  2
AcDbCellStyleMap
  3
ObjectDBX Classes
 90
     1152
 91
        3
280
     0
281
     0
  0
CLASS
  1
EXACXREFPANELOBJECT
  2
ExAcXREFPanelObject
  3
EXAC_ESW
 90
     1025
 91
        1
280
     1
281
     0
  0
CLASS
  1
NPOCOLLECTION
  2
AcDbImpNonPersistentObjectsCollection
  3
ObjectDBX Classes
 90
     1153
 91
        1
280
     1
281
     0
  0
CLASS
  1
LAYER_INDEX
  2
AcDbLayerIndex
  3
ObjectDBX Classes
 90
        0
 91
        3
280
     0
281
     0
  0
CLASS
  1
SPATIAL_INDEX
  2
AcDbSpatialIndex
  3
AutoCAD 2000
 90
        0
 91
        3
280
     0
281
     0
  0
CLASS
  1
IDBUFFER
  2
AcDbIdBuffer
  3
ObjectDBX Classes
 90
        0
 91
        3
280
     0
281
     0
  0
CLASS
  1
ACDBSECTIONVIEWSTYLE
  2
AcDbSectionViewStyle
  3
ObjectDBX Classes
 90
     1025
 91
        3
280
     0
281
     0
  0
CLASS
  1
ACDBDETAILVIEWSTYLE
  2
AcDbDetailViewStyle
  3
ObjectDBX Classes
 90
     1025
 91
        3
280
     0
281
     0
  0
CLASS
  1
ACAD_EVALUATION_GRAPH
  2
AcDbEvalGraph
  3
ObjectDBX Classes
 90
     1153
 91
        3
280
     0
281
     0
  0
CLASS
  1
ACAECUSTOBJ
  2
AcAeEditorObj
  3
AcAeEditorObj
 90
     1024
 91
        1
280
     1
281
     0
  0
CLASS
  1
ACDB_DYNAMICBLOCKPURGEPREVENTER_VERSION
  2
AcDbDynamicBlockPurgePreventer
  3
ObjectDBX Classes
 90
     1153
 91
        3
280
     0
281
     0
  0
CLASS
  1
SORTENTSTABLE
  2
AcDbSortentsTable
  3
ObjectDBX Classes
 90
        0
 91
        3
280
     0
281
     0
  0
CLASS
  1
DIMASSOC
  2
AcDbDimAssoc
  3
"AcDbDimAssoc|Product Desc:     AcDim ARX App For Dimension|Company:          Autodesk, Inc.|WEB Address:      www.autodesk.com"
 90
        0
 91
        3
280
     0
281
     0
  0
CLASS
  1
SUN
  2
AcDbSun
  3
SCENEOE
 90
     1153
 91
        3
280
     0
281
     0
  0
CLASS
  1
RASTERVARIABLES
  2
AcDbRasterVariables
  3
ISM
 90
        0
 91
        3
280
     0
281
     0
  0
CLASS
  1
FIELD
  2
AcDbField
  3
ObjectDBX Classes
 90
     1152
 91
        3
280
     0
281
     0
  0
CLASS
  1
FIELDLIST
  2
AcDbFieldList
  3
ObjectDBX Classes
 90
     1152
 91
        3
280
     0
281
     0
  0
CLASS
  1
MENTALRAYRENDERSETTINGS
  2
AcDbMentalRayRenderSettings
  3
SCENEOE
 90
     1024
 91
        3
280
     0
281
     0
  0
ENDSEC
  0
SECTION
  2
TABLES
  0
TABLE
  2
VPORT
  5
8
330
0
100
AcDbSymbolTable
 70
     1
  0
VPORT
  5
6689
330
8
100
AcDbSymbolTableRecord
100
AcDbViewportTableRecord
  2
*Active
 70
     0
 10
0.0
 20
0.0
 11
1.0
 21
1.0
 12
-22.6096585479871
 22
89.51733836330922
 13
0.0
 23
0.0
 14
0.5
 24
0.5
 15
0.5
 25
0.5
 16
0.0
 26
0.0
 36
1.0
 17
210.0
 27
148.5
 37
0.0
 40
144.4326874856793
 41
4.01673640167364
 42
50.0
 43
0.0
 44
0.0
 50
0.0
 51
0.0
 71
    16
 72
  1000
 73
     1
 74
     3
 75
     0
 76
     1
 77
     0
 78
     1
281
     0
 65
     1
110
0.0
120
0.0
130
0.0
111
1.0
121
0.0
131
0.0
112
0.0
122
1.0
132
0.0
 79
     0
146
0.0
348
9F
 60
     3
 61
     5
292
     1
282
     1
141
0.0
142
0.0
 63
   250
421
  3355443
361
668A
1001
ACAD_NAV_VCDISPLAY
1070
     3
  0
ENDTAB
  0
TABLE
  2
LTYPE
  5
5
330
0
100
AcDbSymbolTable
 70
     1
  0
LTYPE
  5
14
330
5
100
AcDbSymbolTableRecord
100
AcDbLinetypeTableRecord
  2
ByBlock
 70
     0
  3

 72
    65
 73
     0
 40
0.0
  0
LTYPE
  5
15
330
5
100
AcDbSymbolTableRecord
100
AcDbLinetypeTableRecord
  2
ByLayer
 70
     0
  3

 72
    65
 73
     0
 40
0.0
  0
LTYPE
  5
16
330
5
100
AcDbSymbolTableRecord
100
AcDbLinetypeTableRecord
  2
Continuous
 70
     0
  3
Solid line
 72
    65
 73
     0
 40
0.0
  0
ENDTAB
  0
TABLE
  2
LAYER
  5
2
102
{ACAD_XDICTIONARY
360
18E
102
}
330
0
100
AcDbSymbolTable
 70
     9
  0
LAYER
  5
10
330
2
100
AcDbSymbolTableRecord
100
AcDbLayerTableRecord
  2
0
 70
     0
 62
     7
  6
Continuous
370
    -3
390
F
347
98
348
0
  0
LAYER
  5
261
330
2
100
AcDbSymbolTableRecord
100
AcDbLayerTableRecord
  2
FUZEBLOCK.INSERT
 70
     0
 62
     7
  6
Continuous
370
    -3
390
F
347
98
348
0
  0
LAYER
  5
262
330
2
100
AcDbSymbolTableRecord
100
AcDbLayerTableRecord
  2
FUZEBLOCK.LAYER
 70
     0
 62
     7
  6
Continuous
370
    -3
390
F
347
98
348
0
  0
LAYER
  5
263
330
2
100
AcDbSymbolTableRecord
100
AcDbLayerTableRecord
  2
FUZEENDBLOCK.INSERT
 70
     0
 62
     7
  6
Continuous
370
    -3
390
F
347
98
348
0
  0
LAYER
  5
264
330
2
100
AcDbSymbolTableRecord
100
AcDbLayerTableRecord
  2
FUZEENDBLOCK.LAYER
 70
     0
 62
     7
  6
Continuous
370
    -3
390
F
347
98
348
0
  0
LAYER
  5
606A
330
2
100
AcDbSymbolTableRecord
100
AcDbLayerTableRecord
  2
Level 2
 70
     0
 62
     7
  6
Continuous
370
     0
390
F
347
98
348
0
  0
LAYER
  5
606E
330
2
100
AcDbSymbolTableRecord
100
AcDbLayerTableRecord
  2
Level 1
 70
     0
 62
     7
  6
Continuous
370
     0
390
F
347
98
348
0
  0
LAYER
  5
606F
330
2
100
AcDbSymbolTableRecord
100
AcDbLayerTableRecord
  2
BORDER
 70
     0
 62
     7
  6
Continuous
370
    -3
390
F
347
98
348
0
  0
LAYER
  5
6597
330
2
100
AcDbSymbolTableRecord
100
AcDbLayerTableRecord
  2
Defpoints
 70
     0
 62
     7
  6
Continuous
290
     0
370
    -3
390
F
347
98
348
0
  0
ENDTAB
  0
TABLE
  2
STYLE
  5
3
330
0
100
AcDbSymbolTable
 70
     6
  0
STYLE
  5
11
330
3
100
AcDbSymbolTableRecord
100
AcDbTextStyleTableRecord
  2
Standard
 70
     0
 40
0.0
 41
1.0
 50
0.0
 71
     0
 42
2.2
  3
arial.ttf
  4

1001
ACAD
1000
Arial
1071
       34
  0
STYLE
  5
266
330
3
100
AcDbSymbolTableRecord
100
AcDbTextStyleTableRecord
  2
isocp.shx
 70
     0
 40
0.0
 41
1.0
 50
0.0
 71
     0
 42
0.2
  3
isocp.shx
  4

  0
STYLE
  5
398
330
3
100
AcDbSymbolTableRecord
100
AcDbTextStyleTableRecord
  2
ISOCP
 70
     0
 40
0.0
 41
1.0
 50
0.0
 71
     0
 42
2.2
  3
isocp.shx
  4

  0
STYLE
  5
43B2
330
3
100
AcDbSymbolTableRecord
100
AcDbTextStyleTableRecord
  2
ROMANS
 70
     0
 40
2.5
 41
1.0
 50
0.0
 71
     0
 42
2.5
  3
romans.shx
  4

  0
STYLE
  5
43C8
330
3
100
AcDbSymbolTableRecord
100
AcDbTextStyleTableRecord
  2
ARIAL
 70
     0
 40
0.0
 41
1.0
 50
0.0
 71
     0
 42
1.5
  3
arial.ttf
  4

1001
ACAD
1000
Arial
1071
       34
  0
STYLE
  5
6089
330
3
100
AcDbSymbolTableRecord
100
AcDbTextStyleTableRecord
  2
Style-Times New Roman
 70
     0
 40
0.0
 41
1.0
 50
0.0
 71
     0
 42
2.2
  3
times.ttf
  4

1001
ACAD
1000
Times New Roman
1071
       18
  0
ENDTAB
  0
TABLE
  2
VIEW
  5
6
330
0
100
AcDbSymbolTable
 70
     0
  0
ENDTAB
  0
TABLE
  2
UCS
  5
7
330
0
100
AcDbSymbolTable
 70
     0
  0
ENDTAB
  0
TABLE
  2
APPID
  5
9
330
0
100
AcDbSymbolTable
 70
    25
  0
APPID
  5
12
330
9
100
AcDbSymbolTableRecord
100
AcDbRegAppTableRecord
  2
ACAD
 70
     0
  0
APPID
  5
DD
330
9
100
AcDbSymbolTableRecord
100
AcDbRegAppTableRecord
  2
AcadAnnoPO
 70
     0
  0
APPID
  5
DE
330
9
100
AcDbSymbolTableRecord
100
AcDbRegAppTableRecord
  2
AcadAnnotative
 70
     0
  0
APPID
  5
DF
330
9
100
AcDbSymbolTableRecord
100
AcDbRegAppTableRecord
  2
ACAD_DSTYLE_DIMJAG
 70
     0
  0
APPID
  5
E0
330
9
100
AcDbSymbolTableRecord
100
AcDbRegAppTableRecord
  2
ACAD_DSTYLE_DIMTALN
 70
     0
  0
APPID
  5
107
330
9
100
AcDbSymbolTableRecord
100
AcDbRegAppTableRecord
  2
ACAD_MLEADERVER
 70
     0
  0
APPID
  5
1A6
330
9
100
AcDbSymbolTableRecord
100
AcDbRegAppTableRecord
  2
ACAD_NAV_VCDISPLAY
 70
     0
  0
APPID
  5
284
330
9
100
AcDbSymbolTableRecord
100
AcDbRegAppTableRecord
  2
ACAD_EXEMPT_FROM_CAD_STANDARDS
 70
     0
  0
APPID
  5
29A
330
9
100
AcDbSymbolTableRecord
100
AcDbRegAppTableRecord
  2
AcDbDynamicBlockGUID
 70
     0
  0
APPID
  5
29B
330
9
100
AcDbSymbolTableRecord
100
AcDbRegAppTableRecord
  2
AcDbBlockRepETag
 70
     0
  0
APPID
  5
2D3
330
9
100
AcDbSymbolTableRecord
100
AcDbRegAppTableRecord
  2
ACAUTHENVIRON
 70
     0
  0
APPID
  5
2D6
330
9
100
AcDbSymbolTableRecord
100
AcDbRegAppTableRecord
  2
AcDbDynamicBlockTrueName
 70
     0
  0
APPID
  5
4C9
330
9
100
AcDbSymbolTableRecord
100
AcDbRegAppTableRecord
  2
ACAD_PSEXT
 70
     0
  0
APPID
  5
1B7B
330
9
100
AcDbSymbolTableRecord
100
AcDbRegAppTableRecord
  2
GradientColor1ACI
 70
     0
  0
APPID
  5
1B7C
330
9
100
AcDbSymbolTableRecord
100
AcDbRegAppTableRecord
  2
GradientColor2ACI
 70
     0
  0
APPID
  5
1B81
330
9
100
AcDbSymbolTableRecord
100
AcDbRegAppTableRecord
  2
Acad_TC
 70
     0
  0
APPID
  5
43B3
330
9
100
AcDbSymbolTableRecord
100
AcDbRegAppTableRecord
  2
AcAecLayerStandard
 70
     0
  0
APPID
  5
43B4
330
9
100
AcDbSymbolTableRecord
100
AcDbRegAppTableRecord
  2
GENIUS_GENODEF_13
 70
     0
  0
APPID
  5
43B5
330
9
100
AcDbSymbolTableRecord
100
AcDbRegAppTableRecord
  2
GENIUS_GENOBJ-N-CEN_13
 70
     0
  0
APPID
  5
43B6
330
9
100
AcDbSymbolTableRecord
100
AcDbRegAppTableRecord
  2
GENIUS_GENCEN_19
 70
     0
  0
APPID
  5
43B7
330
9
100
AcDbSymbolTableRecord
100
AcDbRegAppTableRecord
  2
AcCmTransparency
 70
     0
  0
APPID
  5
43CA
330
9
100
AcDbSymbolTableRecord
100
AcDbRegAppTableRecord
  2
AcDbDynamicBlockTrueName2
 70
     0
  0
APPID
  5
43CB
330
9
100
AcDbSymbolTableRecord
100
AcDbRegAppTableRecord
  2
AcDbBlockRepBTag
 70
     0
  0
APPID
  5
6598
330
9
100
AcDbSymbolTableRecord
100
AcDbRegAppTableRecord
  2
HATCHBACKGROUNDCOLOR
 70
     0
  0
APPID
  5
6599
330
9
100
AcDbSymbolTableRecord
100
AcDbRegAppTableRecord
  2
EZDXF
 70
     0
  0
ENDTAB
  0
TABLE
  2
DIMSTYLE
  5
A
330
0
100
AcDbSymbolTable
 70
     1
100
AcDbDimStyleTable
  0
DIMSTYLE
105
27
330
A
100
AcDbSymbolTableRecord
100
AcDbDimStyleTableRecord
  2
Standard
 70
     0
 41
2.5
 42
0.625
 43
3.75
 44
1.25
 49
2.5
 73
     0
 74
     0
 77
     1
 78
     8
 79
     3
140
2.5
141
2.5
143
0.03937007874
147
0.625
171
     3
172
     1
178
     0
179
     2
271
     2
272
     2
274
     3
278
    44
283
     0
284
     8
340
11
  0
ENDTAB
  0
TABLE
  2
BLOCK_RECORD
  5
1
330
0
100
AcDbSymbolTable
 70
    12
  0
BLOCK_RECORD
  5
1F
102
{ACAD_XDICTIONARY
360
15D
102
}
330
1
100
AcDbSymbolTableRecord
100
AcDbBlockTableRecord
  2
*Model_Space
340
22
 70
     0
280
     1
281
     0
  0
BLOCK_RECORD
  5
58
330
1
100
AcDbSymbolTableRecord
100
AcDbBlockTableRecord
  2
*Paper_Space
340
59
 70
     0
280
     1
281
     0
  0
BLOCK_RECORD
  5
5D
330
1
100
AcDbSymbolTableRecord
100
AcDbBlockTableRecord
  2
*Paper_Space0
340
5E
 70
     0
280
     1
281
     0
  0
BLOCK_RECORD
  5
245
330
1
100
AcDbSymbolTableRecord
100
AcDbBlockTableRecord
  2
FUZEBLOCK
340
0
102
{BLKREFS
331
640D
102
}
 70
     0
280
     1
281
     0
1001
AcDbDynamicBlockGUID
1000
{4369DA68-CE30-9B4C-AC19-0D84F511C4E2}
  0
BLOCK_RECORD
  5
255
102
{ACAD_XDICTIONARY
360
1BB6
102
}
330
1
100
AcDbSymbolTableRecord
100
AcDbBlockTableRecord
  2
FUZEENDBLOCK
340
0
102
{BLKREFS
331
6550
331
6554
102
}
 70
     0
280
     1
281
     0
  0
BLOCK_RECORD
  5
4D3
102
{ACAD_XDICTIONARY
360
6679
102
}
330
1
100
AcDbSymbolTableRecord
100
AcDbBlockTableRecord
  2
Front_Contact1
340
0
102
{BLKREFS
331
63F3
331
6405
331
6413
331
641B
331
6423
331
642B
331
6433
331
643B
331
644E
331
6466
331
646E
331
6476
331
647E
331
6486
331
648E
331
6496
331
649E
331
64B0
331
64C9
331
64D1
331
64DC
331
64E4
331
64F1
331
64F9
331
6502
331
650A
331
651B
102
}
 70
     4
280
     1
281
     0
  0
BLOCK_RECORD
  5
4FC
102
{ACAD_XDICTIONARY
360
6602
102
}
330
1
100
AcDbSymbolTableRecord
100
AcDbBlockTableRecord
  2
Relay_Coil_ACI
340
0
102
{BLKREFS
331
6444
331
64A6
331
6514
102
}
 70
     4
280
     1
281
     0
  0
BLOCK_RECORD
  5
54E
330
1
100
AcDbSymbolTableRecord
100
AcDbBlockTableRecord
  2
CTR
340
0
102
{BLKREFS
331
6461
331
64C0
331
655C
102
}
 70
     4
280
     1
281
     0
1001
AcDbDynamicBlockGUID
1000
{D98DF382-C499-804D-8F9D-D42EB6DCC171}
  0
BLOCK_RECORD
  5
555
102
{ACAD_XDICTIONARY
360
AC6
102
}
330
1
100
AcDbSymbolTableRecord
100
AcDbBlockTableRecord
  2
RC_Ckt
340
0
102
{BLKREFS
331
6401
331
6459
331
64B8
102
}
 70
     4
280
     1
281
     0
1001
AcDbDynamicBlockGUID
1000
{5B421786-253C-B04D-867E-B10510002823}
  0
BLOCK_RECORD
  5
5C2
330
1
100
AcDbSymbolTableRecord
100
AcDbBlockTableRecord
  2
RRT
340
0
102
{BLKREFS
331
645D
331
64BC
331
6558
102
}
 70
     0
280
     1
281
     0
  0
BLOCK_RECORD
  5
43CC
330
1
100
AcDbSymbolTableRecord
100
AcDbBlockTableRecord
  2
TITLE
340
0
 70
     4
280
     1
281
     0
  0
BLOCK_RECORD
  5
6069
102
{ACAD_XDICTIONARY
360
60AC
102
}
330
1
100
AcDbSymbolTableRecord
100
AcDbBlockTableRecord
  2
TEMP
340
0
 70
     4
280
     1
281
     0
  0
BLOCK_RECORD
  5
60B0
330
1
100
AcDbSymbolTableRecord
100
AcDbBlockTableRecord
  2
PER HUT
340
0
102
{BLKREFS
331
60AF
102
}
 70
     4
280
     1
281
     0
1001
AcadAnnotative
1000
AnnotativeData
1002
{
1070
     1
1070
     0
1002
}
  0
BLOCK_RECORD
  5
63D1
102
{ACAD_XDICTIONARY
360
63D2
102
}
330
1
100
AcDbSymbolTableRecord
100
AcDbBlockTableRecord
  2
connection
340
0
102
{BLKREFS
331
654E
102
}
 70
     4
280
     1
281
     1
1001
AcDbDynamicBlockGUID
1000
{57AB22A9-2F8C-814D-8AB6-DAB0BA1E7E68}
  0
ENDTAB
  0
ENDSEC
  0
SECTION
  2
BLOCKS
  0
BLOCK
  5
20
330
1F
100
AcDbEntity
  8
0
100
AcDbBlockBegin
  2
*Model_Space
 70
     2
 10
0.0
 20
0.0
 30
0.0
  3
*Model_Space
  1

  0
ENDBLK
  5
21
330
1F
100
AcDbEntity
  8
0
100
AcDbBlockEnd
  0
BLOCK
  5
5A
330
58
100
AcDbEntity
 67
     1
  8
0
100
AcDbBlockBegin
  2
*Paper_Space
 70
     0
 10
0.0
 20
0.0
 30
0.0
  3
*Paper_Space
  1

  0
ENDBLK
  5
5B
330
58
100
AcDbEntity
 67
     1
  8
0
100
AcDbBlockEnd
  0
BLOCK
  5
5F
330
5D
100
AcDbEntity
  8
0
100
AcDbBlockBegin
  2
*Paper_Space0
 70
     0
 10
0.0
 20
0.0
 30
0.0
  3
*Paper_Space0
  1

  0
ENDBLK
  5
60
330
5D
100
AcDbEntity
  8
0
100
AcDbBlockEnd
  0
BLOCK
  5
246
330
245
100
AcDbEntity
  8
FUZEBLOCK.LAYER
100
AcDbBlockBegin
  2
FUZEBLOCK
 70
     2
 10
0.0
 20
0.0
 30
0.0
  3
FUZEBLOCK
  1

  0
ATTDEF
  5
774
330
245
100
AcDbEntity
  8
0
100
AcDbText
 10
2.68326709098946
 20
2.75
 30
1.0
 40
2.5
  1

  7
isocp.shx
 72
     1
 11
2.68326709098946
 21
4.0
 31
1.0
100
AcDbAttributeDefinition
  3
Enter +ve Voltage
  2
VOLT
 70
     0
 74
     2
280
     0
 71
     1
 72
     0
 11
2.68326709098946
 21
4.0
 31
1.0
  0
ATTDEF
  5
775
330
245
100
AcDbEntity
  8
0
100
AcDbText
 10
7.0
 20
-5.25
 30
1.0
 40
2.5
  1

  7
isocp.shx
 72
     1
 11
7.0
 21
-4.0
 31
1.0
100
AcDbAttributeDefinition
  3
Enter Terminal Number
  2
FTOT
 70
     0
 74
     2
280
     0
 71
     1
 72
     0
 11
7.0
 21
-4.0
 31
1.0
  0
ATTDEF
  5
776
330
245
100
AcDbEntity
  8
0
100
AcDbText
 10
16.68326709098946
 20
2.75
 30
1.0
 40
2.5
  1

  7
isocp.shx
 72
     1
 11
16.68326709098946
 21
4.0
 31
1.0
100
AcDbAttributeDefinition
  3
Enter Fuse Rating
  2
FUSEVALUE
 70
     0
 74
     2
280
     0
 71
     1
 72
     0
 11
16.68326709098946
 21
4.0
 31
1.0
  0
POLYLINE
  5
777
330
245
100
AcDbEntity
  8
0
100
AcDb3dPolyline
 66
     1
 10
0.0
 20
0.0
 30
0.0
 70
     8
  0
VERTEX
  5
778
330
777
100
AcDbEntity
  8
0
100
AcDbVertex
100
AcDb3dPolylineVertex
 10
0.0
 20
1.0
 30
0.0
 70
    32
  0
VERTEX
  5
779
330
777
100
AcDbEntity
  8
0
100
AcDbVertex
100
AcDb3dPolylineVertex
 10
3.0
 20
0.0
 30
0.0
 70
    32
  0
VERTEX
  5
77A
330
777
100
AcDbEntity
  8
0
100
AcDbVertex
100
AcDb3dPolylineVertex
 10
0.0
 20
-1.0
 30
0.0
 70
    32
  0
SEQEND
  5
77B
330
777
100
AcDbEntity
  8
0
  0
LINE
  5
77C
330
245
100
AcDbEntity
  8
0
100
AcDbLine
 10
3.0
 20
0.0
 30
0.0
 11
11.0
 21
0.0
 31
0.0
  0
LWPOLYLINE
  5
77D
330
245
100
AcDbEntity
  8
0
100
AcDbPolyline
 90
        2
 70
     1
 43
1.0
 10
11.25
 20
0.0
 42
-1.0
 10
12.25
 20
0.0
 42
-1.0
  0
ARC
  5
77E
330
245
100
AcDbEntity
  8
0
100
AcDbCircle
 10
14.25
 20
0.0
 30
0.0
 40
2.5
100
AcDbArc
 50
0.0
 51
180.0
  0
ARC
  5
77F
330
245
100
AcDbEntity
  8
0
100
AcDbCircle
 10
19.25
 20
0.0
 30
0.0
 40
2.5
100
AcDbArc
 50
180.0
 51
0.0
  0
LWPOLYLINE
  5
780
330
245
100
AcDbEntity
  8
0
100
AcDbPolyline
 90
        2
 70
     1
 43
1.0
 10
21.25
 20
0.0
 42
-1.0
 10
22.25
 20
0.0
 42
-1.0
  0
ENDBLK
  5
254
330
245
100
AcDbEntity
  8
FUZEBLOCK.LAYER
100
AcDbBlockEnd
  0
BLOCK
  5
256
330
255
100
AcDbEntity
  8
FUZEENDBLOCK.LAYER
100
AcDbBlockBegin
  2
FUZEENDBLOCK
 70
     2
 10
0.0
 20
0.0
 30
0.0
  3
FUZEENDBLOCK
  1

  0
ATTDEF
  5
257
330
255
100
AcDbEntity
  8
0
100
AcDbText
 10
10.8500003814697
 20
2.249999999999943
 30
0.9999999999999999
 40
2.5
  1

  7
isocp.shx
 72
     1
 11
10.8500003814697
 21
3.499999999999943
 31
0.9999999999999999
100
AcDbAttributeDefinition
  3
Enter -ve Voltage
  2
VOLT
 70
     0
 74
     2
280
     0
 71
     1
 72
     0
 11
10.8500003814697
 21
3.499999999999943
 31
0.9999999999999999
  0
ATTDEF
  5
258
330
255
100
AcDbEntity
  8
0
100
AcDbText
 10
10.8500003814697
 20
-5.25
 30
0.9999999999999999
 40
2.5
  1

  7
isocp.shx
 72
     1
 11
10.8500003814697
 21
-4.0
 31
0.9999999999999999
100
AcDbAttributeDefinition
  3
Enter Terminal Number
  2
FTOT
 70
     0
 74
     2
280
     0
 71
     1
 72
     0
 11
10.8500003814697
 21
-4.0
 31
0.9999999999999999
  0
POLYLINE
  5
259
330
255
100
AcDbEntity
  8
0
100
AcDb3dPolyline
 66
     1
 10
0.0
 20
0.0
 30
0.0
 70
     8
  0
VERTEX
  5
1BAF
330
259
100
AcDbEntity
  8
0
100
AcDbVertex
100
AcDb3dPolylineVertex
 10
3.0
 20
1.0
 30
0.0
 70
    32
  0
VERTEX
  5
1BB0
330
259
100
AcDbEntity
  8
0
100
AcDbVertex
100
AcDb3dPolylineVertex
 10
0.0
 20
0.0
 30
0.0
 70
    32
  0
VERTEX
  5
1BB1
330
259
100
AcDbEntity
  8
0
100
AcDbVertex
100
AcDb3dPolylineVertex
 10
3.0
 20
-1.0
 30
0.0
 70
    32
  0
SEQEND
  5
1BB2
330
259
100
AcDbEntity
  8
0
  0
LINE
  5
25E
330
255
100
AcDbEntity
  8
0
100
AcDbLine
 10
0.0
 20
0.0
 30
0.0
 11
21.75
 21
0.0
 31
0.0
  0
LWPOLYLINE
  5
25F
330
255
100
AcDbEntity
  8
0
100
AcDbPolyline
 90
        2
 70
     1
 43
0.9999999999999999
 10
21.24999999999999
 20
0.0
 42
-1.0
 10
22.25
 20
0.0
 42
-1.0
  0
LWPOLYLINE
  5
1BB5
330
255
100
AcDbEntity
  8
0
100
AcDbPolyline
 90
        2
 70
     1
 43
0.9999999999999999
 10
10.37499999999999
 20
0.0
 42
-1.0
 10
11.375
 20
0.0
 42
-1.0
  0
ENDBLK
  5
260
330
255
100
AcDbEntity
  8
FUZEENDBLOCK.LAYER
100
AcDbBlockEnd
  0
BLOCK
  5
667C
330
4D3
100
AcDbEntity
  8
0
100
AcDbBlockBegin
  2
Front_Contact1
 70
     2
 10
0.0
 20
0.0
 30
0.0
  3
Front_Contact1
  1

  4
Front contact for negative supply^M^J
  0
LWPOLYLINE
  5
667D
330
4D3
100
AcDbEntity
  8
0
 62
     0
100
AcDbPolyline
 90
        3
 70
     0
 43
0.0
 10
-8.750004307652432
 20
1.499991384695079
 10
-8.000004307652432
 20
-0.000008615304921
 10
-7.250004307652546
 20
1.499991384695079
  0
LWPOLYLINE
  5
667E
330
4D3
100
AcDbEntity
  8
0
 62
     0
100
AcDbPolyline
 90
        2
 70
     1
 43
0.75
 10
0.3749956923475679
 20
-0.000008615304921
 42
-1.0
 10
-0.3750043076524321
 20
-0.000008615304921
 42
-1.0
  0
LWPOLYLINE
  5
667F
330
4D3
100
AcDbEntity
  8
0
 62
     0
100
AcDbPolyline
 90
        2
 70
     0
 43
0.0
 10
0.0
 20
0.0
 10
-8.0
 20
0.0
  0
ATTDEF
  5
6680
330
4D3
100
AcDbEntity
  8
0
100
AcDbText
 10
-9.717712640985766
 20
5.399991384694966
 30
0.0
 40
2.2
  1
S_NAME
  7
ISOCP
 72
     1
 11
-4.000004307652432
 21
6.499991384694965
 31
0.0
100
AcDbAttributeDefinition
  3
Signal Name
  2
S_NAME
 70
     0
 74
     2
280
     0
 71
     1
 72
     0
 11
-4.000004307652432
 21
6.499991384694965
 31
0.0
  0
ATTDEF
  5
6681
330
4D3
100
AcDbEntity
  8
0
100
AcDbText
 10
-4.000004307652432
 20
2.399991384694965
 30
0.0
 40
2.2
  1

  7
ISOCP
 72
     1
 11
-4.000004307652432
 21
3.499991384694965
 31
0.0
100
AcDbAttributeDefinition
  3
Relay Name
  2
R_NAME
 70
     0
 74
     2
280
     0
 71
     1
 72
     0
 11
-4.000004307652432
 21
3.499991384694965
 31
0.0
  0
ATTDEF
  5
6682
330
4D3
100
AcDbEntity
  8
0
 62
     0
100
AcDbText
 10
-0.0000043076524321
 20
-3.450008615304921
 30
0.0
 40
2.2
  1

  7
ISOCP
 72
     1
 11
-0.0000043076524321
 21
-1.250008615304921
 31
0.0
100
AcDbAttributeDefinition
  3
ARM
  2
A
 70
     0
 74
     3
280
     0
 71
     1
 72
     0
 11
-0.0000043076524321
 21
-1.250008615304921
 31
0.0
  0
ATTDEF
  5
6683
330
4D3
100
AcDbEntity
  8
0
 62
     0
100
AcDbText
 10
-8.000004307652432
 20
-3.450008615304921
 30
0.0
 40
2.2
  1

  7
ISOCP
 72
     1
 11
-8.000004307652432
 21
-1.250008615304921
 31
0.0
100
AcDbAttributeDefinition
  3
FRONT
  2
F
 70
     0
 74
     3
280
     0
 71
     1
 72
     0
 11
-8.000004307652432
 21
-1.250008615304921
 31
0.0
  0
ATTDEF
  5
6684
330
4D3
100
AcDbEntity
  8
0
100
AcDbText
 10
-4.725526301600924
 20
-3.470394746883449
 30
0.0
 40
2.2
  1
C
  7
ISOCP
 72
     1
 11
-3.957817968267591
 21
-2.370394746883449
 31
0.0
100
AcDbAttributeDefinition
  3
C
  2
C
 70
     0
 74
     2
280
     0
 71
     1
 72
     0
 11
-3.957817968267591
 21
-2.370394746883449
 31
0.0
  0
ATTDEF
  5
6685
330
4D3
100
AcDbEntity
  8
0
100
AcDbText
 10
-3.857539679331126
 20
8.139397419466116
 30
0.0
 40
2.2
  1

  7
ISOCP
 72
     1
 11
-3.857539679331126
 21
9.239397419466115
 31
0.0
100
AcDbAttributeDefinition
  3
Relay position
  2
R(POS)
 70
     0
 74
     2
280
     0
 71
     1
 72
     0
 11
-3.857539679331126
 21
9.239397419466115
 31
0.0
  0
ATTDEF
  5
6686
330
4D3
100
AcDbEntity
  8
0
100
AcDbText
 10
-3.097006126245816
 20
-6.207030279053694
 30
0.0
 40
2.0
  1

  7
ISOCP
 72
     1
 11
-3.097006126245816
 21
-5.207030279053694
 31
0.0
100
AcDbAttributeDefinition
  3
WIRING_CNT
  2
WIRING
 70
     5
 74
     2
280
     1
 71
     1
 72
     0
 11
-3.097006126245816
 21
-5.207030279053694
 31
0.0
  0
ATTDEF
  5
6687
330
4D3
100
AcDbEntity
  8
0
100
AcDbText
 10
-2.794106126245817
 20
-9.939930279053689
 30
0.0
 40
2.0
  1

  7
ISOCP
 72
     1
 11
-2.794106126245817
 21
-8.939930279053689
 31
0.0
100
AcDbAttributeDefinition
  3
DIRECTION OF CONTACT
  2
DOC
 70
     5
 74
     2
280
     1
 71
     1
 72
     0
 11
-2.794106126245817
 21
-8.939930279053689
 31
0.0
  0
ENDBLK
  5
6688
330
4D3
100
AcDbEntity
  8
0
100
AcDbBlockEnd
  0
BLOCK
  5
6605
330
4FC
100
AcDbEntity
  8
0
100
AcDbBlockBegin
  2
Relay_Coil_ACI
 70
     2
 10
0.0
 20
0.0
 30
0.0
  3
Relay_Coil_ACI
  1

  4
AC Immunized Relay coil
  0
LWPOLYLINE
  5
6606
330
4FC
100
AcDbEntity
  8
0
 62
     0
100
AcDbPolyline
 90
        4
 70
     1
 43
0.0
 10
-21.66095397862537
 20
0.0000000000000568
 10
0.0
 20
0.0000000000000568
 10
0.0
 20
-4.999999999999943
 10
-21.66095397862537
 20
-4.999999999999943
  0
ATTDEF
  5
6607
330
4FC
100
AcDbEntity
  8
0
 62
     0
100
AcDbText
 10
-16.548185322646
 20
0.8598281224210149
 30
0.0
 40
2.2
  1
S_NAME
  7
ISOCP
 72
     1
 11
-10.83047698931267
 21
1.959828122421015
 31
0.0
100
AcDbAttributeDefinition
  3
Signal Name
  2
S_NAME
 70
     0
 74
     2
280
     0
 71
     1
 72
     0
 11
-10.83047698931267
 21
1.959828122421015
 31
0.0
  0
ATTDEF
  5
6608
330
4FC
100
AcDbEntity
  8
0
 62
     0
100
AcDbText
 10
-10.83047698931269
 20
-3.599999999999943
 30
0.0
 40
2.2
  1

  7
ISOCP
 72
     1
 11
-10.83047698931269
 21
-2.499999999999943
 31
0.0
100
AcDbAttributeDefinition
  3
Relay Name
  2
R_NAME
 70
     0
 74
     2
280
     0
 71
     1
 72
     0
 11
-10.83047698931269
 21
-2.499999999999943
 31
0.0
  0
ATTDEF
  5
6609
330
4FC
100
AcDbEntity
  8
0
 62
     0
100
AcDbText
 10
-20.92444246073713
 20
0.9000000000000568
 30
0.0
 40
2.2
  1

  7
ISOCP
 72
     1
 11
-20.92444246073713
 21
2.000000000000057
 31
0.0
100
AcDbAttributeDefinition
  3
COIL1
  2
L+
 70
     0
 74
     2
280
     0
 71
     1
 72
     0
 11
-20.92444246073713
 21
2.000000000000057
 31
0.0
  0
ATTDEF
  5
660A
330
4FC
100
AcDbEntity
  8
0
 62
     0
100
AcDbText
 10
0.0400056827749609
 20
0.9000000000000568
 30
0.0
 40
2.2
  1

  7
ISOCP
 72
     1
 11
0.0400056827749609
 21
2.000000000000057
 31
0.0
100
AcDbAttributeDefinition
  3
COIL2
  2
L-
 70
     0
 74
     2
280
     0
 71
     1
 72
     0
 11
0.0400056827749609
 21
2.000000000000057
 31
0.0
  0
ATTDEF
  5
660B
330
4FC
100
AcDbEntity
  8
0
100
AcDbText
 10
-10.83047698931267
 20
3.764273787376986
 30
0.0
 40
2.2
  1

  7
ISOCP
 72
     1
 11
-10.83047698931267
 21
4.864273787376987
 31
0.0
100
AcDbAttributeDefinition
  3
Relay Position
  2
R(POS)
 70
     0
 74
     2
280
     0
 71
     1
 72
     0
 11
-10.83047698931267
 21
4.864273787376987
 31
0.0
  0
ATTDEF
  5
660C
330
4FC
100
AcDbEntity
  8
0
100
AcDbText
 10
-12.4018626217769
 20
-8.295578535478167
 30
0.0
 40
2.0
  1

  7
ISOCP
 72
     1
 11
-12.4018626217769
 21
-7.295578535478167
 31
0.0
100
AcDbAttributeDefinition
  3
WIRING_CNT
  2
WIRING
 70
     5
 74
     2
280
     1
 71
     1
 72
     0
 11
-12.4018626217769
 21
-7.295578535478167
 31
0.0
  0
ATTDEF
  5
660D
330
4FC
100
AcDbEntity
  8
0
100
AcDbText
 10
-12.0989626217769
 20
-12.02847853547816
 30
0.0
 40
2.0
  1

  7
ISOCP
 72
     1
 11
-12.0989626217769
 21
-11.02847853547816
 31
0.0
100
AcDbAttributeDefinition
  3
DIRECTION OF CONTACT
  2
DOC
 70
     5
 74
     2
280
     1
 71
     1
 72
     0
 11
-12.0989626217769
 21
-11.02847853547816
 31
0.0
  0
ENDBLK
  5
660E
330
4FC
100
AcDbEntity
  8
0
100
AcDbBlockEnd
  0
BLOCK
  5
54F
330
54E
100
AcDbEntity
  8
0
100
AcDbBlockBegin
  2
CTR
 70
     2
 10
0.0
 20
0.0
 30
0.0
  3
CTR
  1

  0
LWPOLYLINE
  5
5B9
330
54E
100
AcDbEntity
  8
0
 62
     0
100
AcDbPolyline
 90
        2
 70
     1
 43
0.45
 10
-0.2250000000000227
 20
0.0
 42
1.0
 10
0.2250000000000227
 20
0.0
 42
1.0
  0
ARC
  5
5BA
330
54E
100
AcDbEntity
  8
0
 62
     0
100
AcDbCircle
 10
0.0000006207004047
 20
-0.0000000000001926
 30
0.0
 40
0.9999999999999999
100
AcDbArc
 50
89.99999999999999
 51
269.9999288729762
  0
ATTDEF
  5
5BB
330
54E
100
AcDbEntity
  8
0
100
AcDbText
 10
-2.520833333333333
 20
2.030550486234711
 30
0.0
 40
2.2
  1
CTR
  7
ISOCP
 72
     1
 11
0.0
 21
3.130550486234711
 31
0.0
100
AcDbAttributeDefinition
  3

  2
CTR
 70
     0
 74
     2
280
     0
 71
     1
 72
     0
 11
0.0
 21
3.130550486234711
 31
0.0
  0
ATTDEF
  5
5BC
330
54E
100
AcDbEntity
  8
0
 62
     0
100
AcDbText
 10
-1.537708333333333
 20
-4.2
 30
0.0
 40
2.2
  1
??
  7
ISOCP
 72
     1
 11
0.0
 21
-2.0
 31
0.0
100
AcDbAttributeDefinition
  3

  2
POS
 70
     0
 74
     3
280
     0
 71
     1
 72
     0
 11
0.0
 21
-2.0
 31
0.0
  0
ENDBLK
  5
554
330
54E
100
AcDbEntity
  8
0
100
AcDbBlockEnd
  0
BLOCK
  5
556
330
555
100
AcDbEntity
  8
0
100
AcDbBlockBegin
  2
RC_Ckt
 70
     2
 10
0.0
 20
0.0
 30
0.0
  3
RC_Ckt
  1

  4
RC connection for timer action^M^J
  0
LINE
  5
ABC
330
555
100
AcDbEntity
  8
0
100
AcDbLine
 10
-2.84189255322724
 20
-11.99999986060993
 30
0.0
 11
-2.84189253458851
 21
-17.99999986060999
 31
0.0
  0
LINE
  5
ABD
330
555
100
AcDbEntity
  8
0
100
AcDbLine
 10
-0.583124992327015
 20
-12.00000000000006
 30
0.0
 11
-0.5831249736880864
 21
-18.0
 31
0.0
  0
LINE
  5
ABE
330
555
100
AcDbEntity
  8
0
100
AcDbLine
 10
-0.5831249830074512
 20
-15.0
 30
0.0
 11
12.36046574125552
 21
-15.0
 31
0.0
  0
LWPOLYLINE
  5
ABF
330
555
100
AcDbEntity
  8
0
100
AcDbPolyline
 90
        2
 70
     1
 43
0.75
 10
-34.04458961041847
 20
-15.0
 42
-1.0
 10
-34.79458961041848
 20
-15.0
 42
-1.0
  0
TEXT
  5
AC0
330
555
100
AcDbEntity
  8
0
100
AcDbText
 10
-7.466099951028241
 20
-11.28992843583853
 30
0.0
 40
2.2
  1
2200MFD
  7
ISOCP
100
AcDbText
  0
LWPOLYLINE
  5
AC1
330
555
100
AcDbEntity
  8
0
100
AcDbPolyline
 90
        2
 70
     1
 43
0.75
 10
-9.594202611313108
 20
-15.0
 42
-1.0
 10
-10.34420261131311
 20
-15.0
 42
-1.0
  0
LWPOLYLINE
  5
AC2
330
555
100
AcDbEntity
  8
0
370
    30
100
AcDbPolyline
 90
       14
 70
     0
 43
0.0
 10
-49.48081656231392
 20
-15.0
 10
-34.41958961041848
 20
-15.0
 10
-30.14529010027751
 20
-15.0
 10
-29.14781677486042
 20
-13.0
 10
-27.15287012402597
 20
-17.00000000000006
 10
-25.15792347319154
 20
-13.0
 10
-23.1774231293201
 20
-16.97103419892034
 10
-21.19692278544869
 20
-13.0
 10
-19.20197613461426
 20
-17.00000000000006
 10
-17.20702948377982
 20
-13.0
 10
-15.22652913990839
 20
-16.97103419892034
 10
-14.24350212145407
 20
-15.0
 10
-9.969202611313108
 20
-15.0
 10
-2.841892543907875
 20
-14.99999986060988
  0
TEXT
  5
AC3
330
555
100
AcDbEntity
  8
0
100
AcDbText
 10
-28.25932926601024
 20
-11.28992843583853
 30
0.0
 40
2.2
  1
100 OHMS
  7
ISOCP
100
AcDbText
  0
ATTDEF
  5
AC4
330
555
100
AcDbEntity
  8
0
  6
Continuous
100
AcDbText
 10
-1.301267530355176
 20
-7.375108324568998
 30
0.0
 40
2.2
  1

 41
0.7
  7
ISOCP
 72
     1
 11
-1.301267530355176
 21
-7.375108324568998
 31
0.0
100
AcDbAttributeDefinition
  3
RC Position
  2
RC_POS
 70
     0
280
     1
 71
     1
 72
     0
 11
-1.301267530355176
 21
-7.375108324568998
 31
0.0
  0
TEXT
  5
AC5
330
555
100
AcDbEntity
  8
0
100
AcDbText
 10
-28.25932926601024
 20
-20.14538005399288
 30
0.0
 40
2.2
  1
10 W
  7
ISOCP
100
AcDbText
  0
ATTDEF
  5
AC9
330
555
100
AcDbEntity
  8
0
100
AcDbText
 10
-6.839232650905476
 20
-20.98334327278017
 30
0.0
 40
2.2
  1
50V DC
  7
ISOCP
 72
     1
 11
-2.21006598423881
 21
-19.88334327278017
 31
0.0
100
AcDbAttributeDefinition
  3
V
  2
VOLTAGE
 70
     0
 74
     2
280
     0
 71
     1
 72
     0
 11
-2.21006598423881
 21
-19.88334327278017
 31
0.0
  0
LINE
  5
1BD9
330
555
100
AcDbEntity
  8
0
100
AcDbLine
 10
6.289261361705854
 20
-13.35204170826898
 30
0.0
 11
6.289261361705854
 21
-16.64795829173102
 31
0.0
  0
LINE
  5
1BDA
330
555
100
AcDbEntity
  8
0
100
AcDbLine
 10
7.113240507571362
 20
-13.35204170826898
 30
0.0
 11
7.113240507571362
 21
-16.64795829173102
 31
0.0
  0
ENDBLK
  5
561
330
555
100
AcDbEntity
  8
0
100
AcDbBlockEnd
  0
BLOCK
  5
5C3
330
5C2
100
AcDbEntity
  8
0
100
AcDbBlockBegin
  2
RRT
 70
     2
 10
0.0
 20
1.75
 30
0.0
  3
RRT
  1

  0
LINE
  5
5C4
330
5C2
100
AcDbEntity
  8
0
100
AcDbLine
 10
0.0
 20
0.0
 30
0.0
 11
0.0
 21
3.5
 31
0.0
  0
LINE
  5
5C5
330
5C2
100
AcDbEntity
  8
0
100
AcDbLine
 10
0.0
 20
3.5
 30
0.0
 11
2.5
 21
3.5
 31
0.0
  0
LINE
  5
5C6
330
5C2
100
AcDbEntity
  8
0
100
AcDbLine
 10
2.5
 20
3.5
 30
0.0
 11
2.5
 21
0.0
 31
0.0
  0
ATTDEF
  5
5C7
330
5C2
100
AcDbEntity
  8
0
100
AcDbText
 10
1.5
 20
9.0
 30
0.0
 40
2.0
  1

 72
     4
 11
1.5
 21
9.0
 31
0.0
100
AcDbAttributeDefinition
  3
Enter Relay rack no:
  2

 70
     0
280
     0
 71
     1
 72
     0
 11
1.5
 21
9.0
 31
0.0
  0
ATTDEF
  5
5C8
330
5C2
100
AcDbEntity
  8
0
100
AcDbText
 10
1.5
 20
6.0
 30
0.0
 40
2.0
  1

 72
     4
 11
1.5
 21
6.0
 31
0.0
100
AcDbAttributeDefinition
  3
Enter Terminal no:
  2

 70
     0
280
     0
 71
     1
 72
     0
 11
1.5
 21
6.0
 31
0.0
  0
ENDBLK
  5
5C9
330
5C2
100
AcDbEntity
  8
0
100
AcDbBlockEnd
  0
BLOCK
  5
43D7
330
43CC
100
AcDbEntity
  8
0
100
AcDbBlockBegin
  2
TITLE
 70
     2
 10
0.0
 20
0.0
 30
0.0
  3
TITLE
  1

  0
ATTDEF
  5
43CD
102
{ACAD_XDICTIONARY
360
43CE
102
}
330
43CC
100
AcDbEntity
  8
0
100
AcDbText
 10
362.9016532532798
 20
7.263739882445588
 30
0.0
 40
1.8
  1

  7
ROMANS
 72
     1
 11
362.9016532532798
 21
8.163739882445588
 31
0.0
100
AcDbAttributeDefinition
  3
SHT
  2
SHT
 70
     0
 74
     2
280
     1
 71
     1
 72
     0
 11
362.9016532532798
 21
8.163739882445588
 31
0.0
1001
AcadAnnotative
1000
AnnotativeData
1002
{
1070
     1
1070
     0
1002
}
  0
ATTDEF
  5
43D1
102
{ACAD_XDICTIONARY
360
43D2
102
}
330
43CC
100
AcDbEntity
  8
0
100
AcDbText
 10
379.5359713358205
 20
7.263739882445629
 30
0.0
 40
1.8
  1

  7
ROMANS
 72
     1
 11
379.5359713358205
 21
8.163739882445629
 31
0.0
100
AcDbAttributeDefinition
  3
CONT
  2
CONT
 70
     0
 74
     2
280
     1
 71
     1
 72
     0
 11
379.5359713358205
 21
8.163739882445629
 31
0.0
1001
AcadAnnotative
1000
AnnotativeData
1002
{
1070
     1
1070
     0
1002
}
  0
ATTDEF
  5
43D5
102
{ACAD_XDICTIONARY
360
43F7
102
}
330
43CC
100
AcDbEntity
  8
0
100
AcDbText
 10
143.8308789343463
 20
40.47101924484925
 30
0.0
 40
1.7
  1

  7
ARIAL
 11
143.8308789343463
 21
41.32101924484925
 31
0.0
100
AcDbAttributeDefinition
  3
TITLE
  2
TITLE
 70
     0
 74
     2
280
     0
 71
     4
 72
     0
 11
143.8308789343463
 21
41.32101924484925
 31
0.0
101
Embedded Object
 10
143.8308789343463
 20
41.32101924484925
 30
0.0
 40
1.7
 41
105.2288447968813
 46
0.0
 71
     4
 72
     5
  1

  7
ARIAL
 73
     1
 44
1.0
  0
ENDBLK
  5
43D8
330
43CC
100
AcDbEntity
  8
0
100
AcDbBlockEnd
  0
BLOCK
  5
623D
330
6069
100
AcDbEntity
  8
0
100
AcDbBlockBegin
  2
TEMP
 70
     0
 10
0.0
 20
0.0
 30
0.0
  3
TEMP
  1

  0
TEXT
  5
60AE
330
6069
100
AcDbEntity
  8
Level 2
  6
Continuous
370
    -3
100
AcDbText
 10
209.218811424678
 20
20.81124141106731
 30
0.0
 40
2.5
  1
 
  7
Style-Times New Roman
 72
     1
 11
209.6805231363897
 21
22.06124141106731
 31
0.0
100
AcDbText
 73
     2
  0
INSERT
  5
60AF
330
6069
100
AcDbEntity
  8
0
100
AcDbBlockReference
  2
PER HUT
 10
0.0
 20
0.0
 30
0.0
  0
ENDBLK
  5
623E
330
6069
100
AcDbEntity
  8
0
100
AcDbBlockEnd
  0
BLOCK
  5
60B1
330
60B0
100
AcDbEntity
  8
0
100
AcDbBlockBegin
  2
PER HUT
 70
     0
 10
0.0
 20
0.0
 30
0.0
  3
PER HUT
  1

  0
LINE
  5
60B2
330
60B0
100
AcDbEntity
  8
0
100
AcDbLine
 10
20.0
 20
292.0
 30
0.0
 11
415.0
 21
292.0
 31
0.0
  0
LINE
  5
60B3
330
60B0
100
AcDbEntity
  8
0
100
AcDbLine
 10
415.0
 20
292.0
 30
0.0
 11
415.0
 21
52.75047553654531
 31
0.0
  0
LINE
  5
60B4
330
60B0
100
AcDbEntity
  8
0
100
AcDbLine
 10
415.0
 20
44.70086193694272
 30
0.0
 11
20.0
 21
44.70086193694271
 31
0.0
  0
LINE
  5
60B5
330
60B0
100
AcDbEntity
  8
0
100
AcDbLine
 10
20.0
 20
52.7504755365453
 30
0.0
 11
20.0
 21
292.0
 31
0.0
  0
LINE
  5
60B6
330
60B0
100
AcDbEntity
  8
0
100
AcDbLine
 10
20.0
 20
292.0
 30
0.0
 11
415.0
 21
292.0
 31
0.0
  0
LINE
  5
60B7
330
60B0
100
AcDbEntity
  8
0
100
AcDbLine
 10
415.0
 20
292.0
 30
0.0
 11
415.0
 21
52.75047553654531
 31
0.0
  0
LINE
  5
60B8
330
60B0
100
AcDbEntity
  8
0
100
AcDbLine
 10
415.0
 20
44.70086193694272
 30
0.0
 11
20.0
 21
44.70086193694271
 31
0.0
  0
LINE
  5
60B9
330
60B0
100
AcDbEntity
  8
0
100
AcDbLine
 10
20.0
 20
52.7504755365453
 30
0.0
 11
20.0
 21
292.0
 31
0.0
  0
LINE
  5
60BA
330
60B0
100
AcDbEntity
  8
0
100
AcDbLine
 10
0.0
 20
0.0
 30
0.0
 11
420.0
 21
0.0
 31
0.0
  0
LINE
  5
60BB
330
60B0
100
AcDbEntity
  8
0
100
AcDbLine
 10
0.0
 20
5.0
 30
0.0
 11
15.0
 21
5.0
 31
0.0
  0
LINE
  5
60BC
330
60B0
100
AcDbEntity
  8
0
100
AcDbLine
 10
20.0
 20
5.0
 30
0.0
 11
415.0
 21
5.0
 31
0.0
  0
LINE
  5
60BD
330
60B0
100
AcDbEntity
  8
0
100
AcDbLine
 10
0.0
 20
297.0
 30
0.0
 11
420.0
 21
297.0
 31
0.0
  0
LINE
  5
60BE
330
60B0
100
AcDbEntity
  8
0
100
AcDbLine
 10
0.0
 20
292.0
 30
0.0
 11
15.0
 21
292.0
 31
0.0
  0
LINE
  5
60BF
330
60B0
100
AcDbEntity
  8
0
100
AcDbLine
 10
20.0
 20
292.0
 30
0.0
 11
415.0
 21
292.0
 31
0.0
  0
LINE
  5
60C0
330
60B0
100
AcDbEntity
  8
0
100
AcDbLine
 10
15.0
 20
292.0
 30
0.0
 11
15.0
 21
5.0
 31
0.0
  0
LINE
  5
60C1
330
60B0
100
AcDbEntity
  8
0
100
AcDbLine
 10
20.0
 20
292.0
 30
0.0
 11
20.0
 21
5.0
 31
0.0
  0
LINE
  5
60C2
330
60B0
100
AcDbEntity
  8
0
100
AcDbLine
 10
420.0
 20
297.0
 30
0.0
 11
420.0
 21
0.0
 31
0.0
  0
LINE
  5
60C3
330
60B0
100
AcDbEntity
  8
0
100
AcDbLine
 10
415.0
 20
292.0
 30
0.0
 11
415.0
 21
5.0
 31
0.0
  0
LINE
  5
60C4
330
60B0
100
AcDbEntity
  8
0
100
AcDbLine
 10
0.0
 20
297.0
 30
0.0
 11
0.0
 21
0.0
 31
0.0
  0
LINE
  5
60C5
330
60B0
100
AcDbEntity
  8
Level 1
  6
Continuous
370
    -3
100
AcDbLine
 10
20.0
 20
44.70086193694271
 30
0.0
 11
325.2822569240298
 21
44.70086193694272
 31
0.0
  0
TEXT
  5
60C6
330
60B0
100
AcDbEntity
  8
Level 2
100
AcDbText
 10
51.99680197656176
 20
42.09178348421479
 30
0.0
 40
1.8
  1
CERTIFIED THAT INTERFACE CIRCUITS
  7
Style-Times New Roman
100
AcDbText
  0
TEXT
  5
60C7
330
60B0
100
AcDbEntity
  8
Level 2
100
AcDbText
 10
55.53710478838584
 20
38.7917834842148
 30
0.0
 40
1.8
  1
ARE AS PER APPROVED CIRCUITS
  7
Style-Times New Roman
100
AcDbText
  0
LINE
  5
60C8
330
60B0
100
AcDbEntity
  8
Level 1
  6
Continuous
370
    -3
100
AcDbLine
 10
354.5844942120095
 20
37.94117655275579
 30
0.0
 11
20.0
 21
37.94117655275579
 31
0.0
  0
TEXT
  5
60C9
330
60B0
100
AcDbEntity
  8
Level 2
100
AcDbText
 10
34.12456152581122
 20
7.163739882445327
 30
0.0
 40
2.0
  1
DATE
  7
Style-Times New Roman
 72
     1
 11
38.06450146575116
 21
8.163739882445327
 31
0.0
100
AcDbText
 73
     2
  0
LINE
  5
60CA
330
60B0
100
AcDbEntity
  8
Level 2
  6
Continuous
370
    -3
100
AcDbLine
 10
203.3313310456842
 20
5.0
 30
0.0
 11
203.3313310456842
 21
37.94117655275579
 31
0.0
  0
LINE
  5
60CB
330
60B0
100
AcDbEntity
  8
0
100
AcDbLine
 10
415.0
 20
16.65021912246368
 30
0.0
 11
203.3313310456842
 21
16.65021912246368
 31
0.0
  0
LINE
  5
60CC
330
60B0
100
AcDbEntity
  8
0
100
AcDbLine
 10
354.5844942120095
 20
11.32747976489065
 30
0.0
 11
203.3313310456842
 21
11.32747976489065
 31
0.0
  0
TEXT
  5
60CD
330
60B0
100
AcDbEntity
  8
Level 2
100
AcDbText
 10
72.44295296327698
 20
7.163739882445327
 30
0.0
 40
2.0
  1
CHECKED
  7
Style-Times New Roman
 72
     1
 11
79.41992994025395
 21
8.163739882445327
 31
0.0
100
AcDbText
 73
     2
  0
LINE
  5
60CE
330
60B0
100
AcDbEntity
  8
0
100
AcDbLine
 10
20.0
 20
11.32747976489065
 30
0.0
 11
203.3313310456842
 21
11.32747976489065
 31
0.0
  0
TEXT
  5
60CF
330
60B0
100
AcDbEntity
  8
Level 2
100
AcDbText
 10
51.22337875333804
 20
7.163739882445327
 30
0.0
 40
2.0
  1
DESIGNED
  7
Style-Times New Roman
 72
     1
 11
58.61176714172643
 21
8.163739882445327
 31
0.0
100
AcDbText
 73
     2
  0
TEXT
  5
60D0
330
60B0
100
AcDbEntity
  8
Level 2
100
AcDbText
 10
111.9000140220388
 20
13.08884944367717
 30
0.0
 40
1.8
  1
INITIAL DESIGN
  7
Style-Times New Roman
 72
     1
 11
121.9846987067235
 21
13.98884944367717
 31
0.0
100
AcDbText
 73
     2
  0
LINE
  5
60D1
330
60B0
100
AcDbEntity
  8
Level 1
  6
Continuous
370
    -3
100
AcDbLine
 10
156.0422724127584
 20
16.65021912246368
 30
0.0
 11
20.0
 21
16.65021912246368
 31
0.0
  0
POINT
  5
60D2
330
60B0
100
AcDbEntity
  8
0
100
AcDbPoint
 10
86.40374161307226
 20
40.66805079478536
 30
0.0
  0
TEXT
  5
60D3
330
60B0
100
AcDbEntity
  8
Level 2
100
AcDbText
 10
283.4511032744579
 20
40.24445589745728
 30
0.0
 40
2.05
  1
Drg.No:IFC/SR/MAS/VPY-VLK AUTO SECTION/01
  7
Style-Times New Roman
100
AcDbText
  0
TEXT
  5
60D4
330
60B0
100
AcDbEntity
  8
Level 2
100
AcDbText
 10
21.05589668975792
 20
7.163739882445327
 30
0.0
 40
2.0
  1
REV
  7
Style-Times New Roman
100
AcDbText
  0
LINE
  5
60D5
330
60B0
100
AcDbEntity
  8
0
100
AcDbLine
 10
48.20768574246267
 20
37.94117655275579
 30
0.0
 11
48.20768574246267
 21
5.0
 31
0.0
  0
TEXT
  5
60D6
330
60B0
100
AcDbEntity
  8
Level 2
100
AcDbText
 10
31.41585281710251
 20
12.98884944367717
 30
0.0
 40
2.0
  1
01.07.2026
  7
Style-Times New Roman
 72
     1
 11
38.06450146575116
 21
13.98884944367717
 31
0.0
100
AcDbText
 73
     2
  0
LINE
  5
60D7
330
60B0
100
AcDbEntity
  8
0
100
AcDbLine
 10
69.01584854099019
 20
37.94117655275579
 30
0.0
 11
69.01584854099019
 21
5.0
 31
0.0
  0
LINE
  5
60D8
330
60B0
100
AcDbEntity
  8
0
100
AcDbLine
 10
89.82401133951771
 20
37.94117655275579
 30
0.0
 11
89.82401133951771
 21
5.0
 31
0.0
  0
LINE
  5
60D9
330
60B0
100
AcDbEntity
  8
0
100
AcDbLine
 10
110.6321741380452
 20
37.94117655275579
 30
0.0
 11
110.6321741380452
 21
5.0
 31
0.0
  0
TEXT
  5
60DA
330
60B0
100
AcDbEntity
  8
Level 2
100
AcDbText
 10
92.4282929389817
 20
7.163739882445327
 30
0.0
 40
2.0
  1
APPROVED
  7
Style-Times New Roman
 72
     1
 11
100.2280927387815
 21
8.163739882445327
 31
0.0
100
AcDbText
 73
     2
  0
LINE
  5
60DB
330
60B0
100
AcDbEntity
  8
0
100
AcDbLine
 10
133.3372232754018
 20
37.94117655275579
 30
0.0
 11
133.3372232754018
 21
5.0
 31
0.0
  0
TEXT
  5
60DC
330
60B0
100
AcDbEntity
  8
Level 2
100
AcDbText
 10
111.1488628708877
 20
7.163739882445327
 30
0.0
 40
2.0
  1
MODIFICATION
  7
Style-Times New Roman
 72
     1
 11
121.9846987067235
 21
8.163739882445327
 31
0.0
100
AcDbText
 73
     2
  0
TEXT
  5
60DD
330
60B0
100
AcDbEntity
  8
Level 2
100
AcDbText
 10
22.48318111704235
 20
12.98884944367717
 30
0.0
 40
2.0
  1
00
  7
Style-Times New Roman
 72
     1
 11
23.96065859451983
 21
13.98884944367717
 31
0.0
100
AcDbText
 73
     2
  0
LINE
  5
60DE
330
60B0
100
AcDbEntity
  8
0
100
AcDbLine
 10
156.0422724127584
 20
37.94117655275579
 30
0.0
 11
156.0422724127584
 21
5.0
 31
0.0
  0
TEXT
  5
60DF
330
60B0
100
AcDbEntity
  8
Level 2
100
AcDbText
 10
136.745603699936
 20
13.08884944367717
 30
0.0
 40
1.8
  1
UNIFIED STS
  7
Style-Times New Roman
 72
     1
 11
144.6897478440801
 21
13.98884944367717
 31
0.0
100
AcDbText
 73
     2
  0
TEXT
  5
60E0
330
60B0
100
AcDbEntity
  8
Level 2
100
AcDbText
 10
134.7824405367728
 20
7.313739882445327
 30
0.0
 40
1.7
  1
OEM IN CHARGE
  7
Style-Times New Roman
 72
     1
 11
144.6897478440801
 21
8.163739882445327
 31
0.0
100
AcDbText
 73
     2
  0
LINE
  5
60E1
330
60B0
100
AcDbEntity
  8
Level 1
  6
Continuous
370
    -3
100
AcDbLine
 10
203.3313310456842
 20
21.97295848003671
 30
0.0
 11
156.0422724127584
 21
21.97295848003671
 31
0.0
  0
LINE
  5
60E2
330
60B0
100
AcDbEntity
  8
Level 1
  6
Continuous
370
    -3
100
AcDbLine
 10
156.0422724127584
 20
21.97295848003671
 30
0.0
 11
20.0
 21
21.97295848003671
 31
0.0
  0
TEXT
  5
60E3
330
60B0
100
AcDbEntity
  8
Level 2
100
AcDbText
 10
90.51277742346619
 20
13.08884944367717
 30
0.0
 40
1.8
  1
G.KUMARESAN
  7
Style-Times New Roman
 72
     1
 11
100.2280927387815
 21
13.98884944367717
 31
0.0
100
AcDbText
 73
     2
  0
TEXT
  5
60E4
330
60B0
100
AcDbEntity
  8
Level 2
100
AcDbText
 10
71.84785786818188
 20
13.08884944367717
 30
0.0
 40
1.8
  1
M.NIVEDHA
  7
Style-Times New Roman
 72
     1
 11
79.41992994025395
 21
13.98884944367717
 31
0.0
100
AcDbText
 73
     2
  0
TEXT
  5
60E5
330
60B0
100
AcDbEntity
  8
Level 2
100
AcDbText
 10
160.0671620895816
 20
18.3615888012502
 30
0.0
 40
1.9
  1
REF:SIP.No:M/VPY-VLK/AUTO/2/P
 41
0.9
  7
Style-Times New Roman
 72
     1
 11
179.6868017292213
 21
19.3115888012502
 31
0.0
100
AcDbText
 73
     2
  0
TEXT
  5
60E6
330
60B0
100
AcDbEntity
  8
Level 2
100
AcDbText
 10
171.2313462737658
 20
7.163739882445327
 30
0.0
 40
2.0
  1
REFERENCE
  7
Style-Times New Roman
 72
     1
 11
179.6868017292213
 21
8.163739882445327
 31
0.0
100
AcDbText
 73
     2
  0
TEXT
  5
60E7
330
60B0
100
AcDbEntity
  8
Level 2
  6
Continuous
370
    -3
100
AcDbText
 10
134.3106125744332
 20
40.32101924484925
 30
0.0
 40
2.0
  1
TITLE:
  7
Style-Times New Roman
 11
134.3106125744332
 21
41.32101924484925
 31
0.0
100
AcDbText
 73
     2
  0
LINE
  5
60E8
330
60B0
100
AcDbEntity
  8
0
100
AcDbLine
 10
133.3372232754018
 20
44.70086193694272
 30
0.0
 11
133.3372232754018
 21
37.94117655275579
 31
0.0
  0
HATCH
  5
60E9
330
60B0
100
AcDbEntity
  8
0
 62
   156
420
   213121
100
AcDbHatch
 10
0.0
 20
0.0
 30
0.0
210
0.0
220
0.0
230
1.0
  2
SOLID
 70
     1
 71
     0
 91
        5
 92
        5
 93
       11
 72
     4
 94
        3
 73
     0
 74
     0
 95
       19
 96
       15
 40
0.0
 40
0.0
 40
0.0
 40
0.0
 40
0.5325054604544106
 40
0.8944635091289124
 40
1.370007038634103
 40
1.834460384053764
 40
2.25164119577739
 40
2.799093690041849
 40
3.287969503606696
 40
4.398678420282376
 40
5.176680119540828
 40
5.973499762846555
 40
6.770883707588538
 40
7.262679632024148
 40
7.262679632024148
 40
7.262679632024148
 40
7.262679632024148
 10
359.7694192483812
 20
40.82468877409021
 10
359.8097205803554
 20
40.72745586805031
 10
359.8774157938274
 20
40.56413118352033
 10
359.9312478521967
 20
40.29299125963766
 10
360.1090830830498
 20
40.09630657181111
 10
360.2944053771436
 20
39.90127531335432
 10
360.5474810413037
 20
39.76822053794324
 10
360.8239295276472
 20
39.67653819901155
 10
361.251060806793
 20
39.67588271470333
 10
361.7240209657558
 20
39.66130072678939
 10
362.2404429190265
 20
39.84025381994775
 10
362.5796221342083
 20
40.18970548514987
 10
362.721924516494
 20
40.58784895945625
 10
362.7460297536959
 20
40.84189324523852
 10
362.755225411879
 20
40.938805978179
 97
        0
 72
     1
 10
362.755225411879
 20
40.938805978179
 11
362.755225411879
 21
43.526831598149
 72
     1
 10
362.755225411879
 20
43.52683159814902
 11
362.4869334694375
 21
43.52683159814902
 72
     1
 10
362.4869334694375
 20
43.52683159814902
 11
362.4869334694375
 21
40.9879225387987
 72
     4
 94
        3
 73
     0
 74
     0
 95
       17
 96
       13
 40
0.0
 40
0.0
 40
0.0
 40
0.0
 40
0.5212941054977089
 40
0.9220038359986497
 40
1.362206442035641
 40
1.825768303020411
 40
2.404898597875047
 40
3.180317968945211
 40
3.709861353009123
 40
4.359765472526415
 40
5.162329422819005
 40
5.468578408314836
 40
5.468578408314836
 40
5.468578408314836
 40
5.468578408314836
 10
362.4869334694375
 20
40.98792253879867
 10
362.4709899848671
 20
40.88590417869824
 10
362.4427910204473
 20
40.70546607597871
 10
362.3515999305104
 20
40.44914176467829
 10
362.1995640055389
 20
40.23679893434746
 10
361.9593626475498
 20
40.05386756588777
 10
361.5999584647317
 20
39.98943922746834
 10
361.2280266119712
 20
39.92529218703537
 10
360.8463913432447
 20
40.01867792261787
 10
360.5015636588325
 20
40.24175156512685
 10
360.3814005127434
 20
40.59022701966543
 10
360.3470657549129
 20
40.80589943781814
 10
360.3375826541901
 20
40.86546715851011
 97
        0
 72
     1
 10
360.3375826541901
 20
40.83520100240334
 11
360.3375826541901
 21
43.14717556478021
 72
     4
 94
        3
 73
     0
 74
     0
 95
        9
 96
        5
 40
0.0
 40
0.0
 40
0.0
 40
0.0
 40
0.4496973456581698
 40
0.7673575690144189
 40
0.7673575690144189
 40
0.7673575690144189
 40
0.7673575690144189
 10
360.3375826541901
 20
43.14717556478021
 10
360.3097461885137
 20
43.2327185320832
 10
360.2622464137484
 20
43.37868791364536
 10
360.1665068334626
 20
43.49794742808039
 10
360.1268738674428
 20
43.54731685574039
 97
        0
 72
     1
 10
360.1268738674428
 20
43.54731685574039
 11
359.2312794426024
 21
43.56311193073425
 72
     1
 10
359.2312794426026
 20
43.56311193073425
 11
359.2283063769081
 21
43.39453653227652
 72
     4
 94
        3
 73
     0
 74
     0
 95
       12
 96
        8
 40
0.0
 40
0.0
 40
0.0
 40
0.0
 40
0.4780143637212859
 40
0.9415641595666918
 40
1.01534042466898
 40
1.289380869396018
 40
1.392172259865911
 40
1.392172259865911
 40
1.392172259865911
 40
1.392172259865911
 10
359.2283063769079
 20
43.39453653227652
 10
359.3221259456034
 20
43.40869191329192
 10
359.5069261316518
 20
43.4365743378395
 10
359.715728017596
 20
43.28896804579846
 10
359.7243335884837
 20
43.12973638208773
 10
359.6787191421696
 20
43.0184135748633
 10
359.7499806775731
 20
42.98105999457547
 10
359.7694192483812
 20
42.97087076400048
 97
        0
 72
     1
 10
359.7694192483812
 20
42.97087076400048
 11
359.7694192483812
 21
40.82468877409023
 97
        0
 92
        5
 93
       10
 72
     4
 94
        3
 73
     0
 74
     0
 95
       33
 96
       29
 40
0.0
 40
0.0
 40
0.0
 40
0.0
 40
0.7278799308747054
 40
1.406060794714826
 40
2.085386051629623
 40
2.610985312932891
 40
3.146545390732411
 40
3.477544384259702
 40
4.086037268708043
 40
4.973749802291613
 40
5.908325181691223
 40
6.370145691391625
 40
6.788156452837315
 40
7.284319907352784
 40
7.698173574718661
 40
8.08762771055908
 40
8.336887473521694
 40
8.690122508135929
 40
9.119744763361053
 40
9.618552524055515
 40
10.06462866653048
 40
10.350858515826
 40
10.78970010004251
 40
11.09880958562482
 40
11.47804221977836
 40
11.82058734511877
 40
12.10475226561422
 40
12.3389257026963
 40
12.3389257026963
 40
12.3389257026963
 40
12.3389257026963
 10
365.2126445408916
 20
39.65114477540871
 10
365.3554865325492
 20
39.68118299463846
 10
365.6314173774448
 20
39.73920844720348
 10
365.9475477079161
 20
40.05166101682011
 10
366.010659200964
 20
40.4279155990349
 10
366.0674360954123
 20
40.76775146543538
 10
366.0088815788902
 20
41.04703125771393
 10
365.8505425624115
 20
41.295906140238
 10
365.5698682449082
 20
41.53025020395486
 10
365.1736479922381
 20
41.80152971343929
 10
364.7841511860855
 20
42.03075925498041
 10
364.4691025138818
 20
42.20520656253953
 10
364.248295537544
 20
42.36059088268657
 10
364.0292803314004
 20
42.52401178046694
 10
363.9498607708425
 20
42.77778515431652
 10
363.9557963653245
 20
42.99804829265867
 10
364.0781252943818
 20
43.156623401394
 10
364.2018024053332
 20
43.32009520561452
 10
364.4453122104057
 20
43.43401245493698
 10
364.7198033124434
 20
43.40849649350201
 10
364.9648051798761
 20
43.39797427578806
 10
365.183627891501
 20
43.32040333641304
 10
365.367863221451
 20
43.21190477147638
 10
365.4758613558963
 20
43.01369216476564
 10
365.6238500462563
 20
42.86392232697941
 10
365.6583654376951
 20
42.66241591427078
 10
365.7298196867939
 20
42.50517656263493
 10
365.7285415889581
 20
42.40138958357743
 10
365.727964173533
 20
42.35450099573715
 97
        0
 72
     1
 10
365.727964173533
 20
42.35450099573715
 11
365.8778133981072
 21
42.35736020703739
 72
     1
 10
365.8778133981073
 20
42.3573602070374
 11
365.871600578208
 21
43.07758769556148
 72
     4
 94
        3
 73
     0
 74
     0
 95
       16
 96
       12
 40
0.0
 40
0.0
 40
0.0
 40
0.0
 40
0.4526618950311455
 40
1.188877848969262
 40
1.958411083105685
 40
2.802454250787135
 40
3.217917165345916
 40
3.753398382341822
 40
4.308353040215092
 40
4.642123951305113
 40
4.851879243687146
 40
4.851879243687146
 40
4.851879243687146
 40
4.851879243687146
 10
365.8716005782078
 20
43.07758769556146
 10
365.8261612694154
 20
43.15567849901896
 10
365.7068188014745
 20
43.36077733207279
 10
365.3649581262337
 20
43.57643878890366
 10
364.9078986416519
 20
43.6892264704135
 10
364.5050040882119
 20
43.66113886446554
 10
364.1487832400146
 20
43.63624763905077
 10
363.8725093368874
 20
43.50115212882753
 10
363.6755723670309
 20
43.29439184559791
 10
363.5553166222036
 20
43.11329909269804
 10
363.4974455744458
 20
43.02265904774089
 10
363.4751122288493
 20
42.98767963182672
 97
        0
 72
     1
 10
363.4751122288493
 20
42.98767963182672
 11
363.4751122288493
 21
42.40349849174407
 72
     4
 94
        3
 73
     0
 74
     0
 95
       32
 96
       28
 40
0.0
 40
0.0
 40
0.0
 40
0.0
 40
0.3951166817544562
 40
0.6393716065005624
 40
1.18993472290386
 40
1.698334531846158
 40
2.237900537958216
 40
2.594742961578516
 40
3.023464603933332
 40
3.598207965188153
 40
4.186555847552188
 40
4.584687437142989
 40
4.962948324634951
 40
5.294146635805008
 40
5.743144855551515
 40
6.197296803505486
 40
6.828354339178565
 40
7.211319498784698
 40
7.566226209108638
 40
7.871876500029347
 40
8.086755508128737
 40
8.414941152199805
 40
8.63203563539749
 40
8.832273425469186
 40
9.09129450171445
 40
9.311169889708617
 40
9.54268382533598
 40
9.54268382533598
 40
9.54268382533598
 40
9.54268382533598
 10
363.4751122288493
 20
42.40349849174407
 10
363.4984018952561
 20
42.32642958262626
 10
363.5360888675175
 20
42.20171788476759
 10
363.7199568889832
 20
42.04756110090052
 10
363.8842166865657
 20
41.84709951747006
 10
364.1599145590994
 20
41.68490050503793
 10
364.3862998154634
 20
41.52496928878507
 10
364.607544810333
 20
41.38349345653769
 10
364.8536705400378
 20
41.27134615572167
 10
365.1049951408734
 20
41.08154081199943
 10
365.3528066979489
 20
40.88808542704122
 10
365.4766924357925
 20
40.64064813413044
 10
365.5085629672964
 20
40.42064231168774
 10
365.452116165307
 20
40.18765798692186
 10
365.2539111453615
 20
40.02632803431563
 10
364.9756829496542
 20
39.89070506989454
 10
364.6768345540831
 20
39.92401220314848
 10
364.4073686115937
 20
39.94745424689781
 10
364.2119516835837
 20
40.01951684381592
 10
364.0566435547568
 20
40.09855843050063
 10
363.9308009079251
 20
40.21243635327266
 10
363.8479306549013
 20
40.33850604312083
 10
363.7627053910904
 20
40.4597681946241
 10
363.7167908199929
 20
40.58641491535991
 10
363.6537749238294
 20
40.70477283936903
 10
363.6104472424956
 20
40.84110095722451
 10
363.616124500312
 20
40.93096559400992
 10
363.6190363199582
 20
40.97705643986554
 97
        0
 72
     1
 10
363.6190363199582
 20
40.97705643986554
 11
363.4884854232664
 21
40.97705643986554
 72
     1
 10
363.4884854232663
 20
40.97705643986554
 11
363.4884854232663
 21
40.19601317161829
 72
     4
 94
        3
 73
     0
 74
     0
 95
       16
 96
       12
 40
0.0
 40
0.0
 40
0.0
 40
0.0
 40
0.0907311874037132
 40
0.4719184293470877
 40
0.6646807422676153
 40
0.8252017004279654
 40
1.032982590171998
 40
1.171446915514376
 40
1.341215292102506
 40
1.531324726179
 40
1.742055722476691
 40
1.742055722476691
 40
1.742055722476691
 40
1.742055722476691
 10
363.4884854232663
 20
40.19601317161828
 10
363.4975294126427
 20
40.18045076497383
 10
363.5445697455605
 20
40.09950631014331
 10
363.6498074658323
 20
40.01513456073904
 10
363.7575044816558
 20
39.91884244673366
 10
363.8418782015452
 20
39.84537867124853
 10
363.9340854932177
 20
39.80427109792723
 10
364.0215883079322
 20
39.7506848990068
 10
364.1179916605347
 20
39.7259644138625
 10
364.2180160414902
 20
39.67111407877481
 10
364.2968633413295
 20
39.65802565801732
 10
364.33831517301
 20
39.65114477540871
 97
        0
 72
     1
 10
364.33831517301
 20
39.65114477540871
 11
365.2126445408916
 21
39.65114477540871
 97
        0
 92
        5
 93
       12
 72
     1
 10
367.7442755038444
 20
39.70764932015821
 11
368.2976562528889
 21
39.70764932015821
 72
     1
 10
368.2976562528889
 20
39.70764932015821
 11
368.2998096334507
 21
43.27756872197261
 72
     1
 10
368.2998096334506
 20
43.27756872197261
 11
369.5791983245204
 21
43.29553754493676
 72
     1
 10
369.5791983245205
 20
43.29553754493675
 11
369.5791983245205
 21
43.55677394039299
 72
     1
 10
369.5791983245205
 20
43.55677394039299
 11
366.6385110504878
 21
43.55677394039299
 72
     4
 94
        3
 73
     0
 74
     0
 95
       12
 96
        8
 40
0.0
 40
0.0
 40
0.0
 40
0.0
 40
0.1278101832468679
 40
0.2904727734180423
 40
0.4501539106584252
 40
0.6684084834037957
 40
0.8794488581432708
 40
0.8794488581432708
 40
0.8794488581432708
 40
0.8794488581432708
 10
366.6385110504878
 20
43.55677394039299
 10
366.6126770791938
 20
43.55517263225582
 10
366.5539645016858
 20
43.55153335716923
 10
366.4832501398322
 20
43.49133927126066
 10
366.4032247843302
 20
43.42024586579608
 10
366.3560980731434
 20
43.30937729182978
 10
366.3400691540874
 20
43.22621216298276
 10
366.332189375618
 20
43.18532838352074
 97
        0
 72
     1
 10
366.332189375618
 20
43.18532838352081
 11
366.332189375618
 21
42.60571022451069
 72
     1
 10
366.332189375618
 20
42.60571022451069
 11
366.5209503027792
 21
42.60929146222128
 72
     1
 10
366.5209503027792
 20
42.60929146222131
 11
366.5209503027792
 21
42.69819934999709
 72
     4
 94
        3
 73
     0
 74
     0
 95
       12
 96
        8
 40
0.0
 40
0.0
 40
0.0
 40
0.0
 40
0.1657219138378209
 40
0.62371252868288
 40
0.8260658673120438
 40
1.028422326327049
 40
1.250972457567564
 40
1.250972457567564
 40
1.250972457567564
 40
1.250972457567564
 10
366.5209503027792
 20
42.69819934999708
 10
366.526957472684
 20
42.73019403198191
 10
366.5495661129348
 20
42.85060951321215
 10
366.5846602557884
 20
43.02260232770611
 10
366.716931840112
 20
43.13436948223899
 10
366.7972187670558
 20
43.23223296457513
 10
366.8780110861115
 20
43.26128573378992
 10
366.9203270718398
 20
43.27650248436507
 97
        0
 72
     1
 10
366.9203270718398
 20
43.27650248436507
 11
367.7375082337268
 21
43.27650248436507
 72
     1
 10
367.7375082337268
 20
43.27650248436507
 11
367.7442755038445
 21
39.70764932015821
 97
        0
 92
        5
 93
       10
 72
     4
 94
        3
 73
     0
 74
     0
 95
       33
 96
       29
 40
0.0
 40
0.0
 40
0.0
 40
0.0
 40
0.7278799308747325
 40
1.406060794714853
 40
2.08538605162965
 40
2.610985312932918
 40
3.146545390732438
 40
3.477544384259729
 40
4.086037268708069
 40
4.97374980229164
 40
5.908325181691274
 40
6.370145691391651
 40
6.788156452837342
 40
7.284319907352831
 40
7.698173574718708
 40
8.08762771055913
 40
8.336887473521728
 40
8.690122508135982
 40
9.119744763361082
 40
9.618552524055572
 40
10.06462866653051
 40
10.35085851582603
 40
10.78970010004256
 40
11.09880958562487
 40
11.47804221977842
 40
11.82058734511882
 40
12.10475226561427
 40
12.33892570269635
 40
12.33892570269635
 40
12.33892570269635
 40
12.33892570269635
 10
371.6515409132168
 20
39.63380833676695
 10
371.7943829048745
 20
39.6638465559967
 10
372.0703137497701
 20
39.72187200856172
 10
372.3864440802414
 20
40.03432457817837
 10
372.4495555732892
 20
40.41057916039316
 10
372.5063324677375
 20
40.75041502679368
 10
372.4477779512156
 20
41.0296948190722
 10
372.2894389347368
 20
41.2785697015963
 10
372.0087646172336
 20
41.51291376531316
 10
371.6125443645635
 20
41.78419327479756
 10
371.2230475584109
 20
42.01342281633868
 10
370.907998886207
 20
42.18787012389778
 10
370.6871919098693
 20
42.34325444404485
 10
370.4681767037257
 20
42.5066753418252
 10
370.3887571431678
 20
42.76044871567478
 10
370.3946927376498
 20
42.98071185401693
 10
370.5170216667073
 20
43.13928696275227
 10
370.6406987776585
 20
43.30275876697279
 10
370.8842085827309
 20
43.41667601629523
 10
371.1586996847689
 20
43.39116005486026
 10
371.4037015522014
 20
43.38063783714631
 10
371.6225242638263
 20
43.3030668977713
 10
371.8067595937762
 20
43.19456833283469
 10
371.9147577282216
 20
42.99635572612392
 10
372.0627464185816
 20
42.84658588833769
 10
372.0972618100205
 20
42.64507947562903
 10
372.1687160591192
 20
42.48784012399324
 10
372.1674379612836
 20
42.38405314493569
 10
372.1668605458583
 20
42.33716455709541
 97
        0
 72
     1
 10
372.1668605458583
 20
42.33716455709541
 11
372.3167097704325
 21
42.34002376839563
 72
     1
 10
372.3167097704326
 20
42.34002376839565
 11
372.3104969505333
 21
43.06025125691973
 72
     4
 94
        3
 73
     0
 74
     0
 95
       16
 96
       12
 40
0.0
 40
0.0
 40
0.0
 40
0.0
 40
0.4526618950311613
 40
1.188877848969254
 40
1.958411083105678
 40
2.802454250787128
 40
3.217917165345937
 40
3.753398382341817
 40
4.30835304021509
 40
4.642123951305108
 40
4.851879243687142
 40
4.851879243687142
 40
4.851879243687142
 40
4.851879243687142
 10
372.3104969505332
 20
43.06025125691973
 10
372.2650576417408
 20
43.13834206037723
 10
372.1457151737997
 20
43.34344089343109
 10
371.8038544985591
 20
43.55910235026194
 10
371.346795013977
 20
43.67189003177177
 10
370.9439004605372
 20
43.64380242582384
 10
370.5876796123399
 20
43.61891120040904
 10
370.3114057092127
 20
43.48381569018578
 10
370.1144687393562
 20
43.27705540695615
 10
369.9942129945288
 20
43.09596265405628
 10
369.936341946771
 20
43.00532260909915
 10
369.9140086011747
 20
42.97034319318499
 97
        0
 72
     1
 10
369.9140086011747
 20
42.97034319318499
 11
369.9140086011747
 21
42.38616205310234
 72
     4
 94
        3
 73
     0
 74
     0
 95
       32
 96
       28
 40
0.0
 40
0.0
 40
0.0
 40
0.0
 40
0.3951166817544562
 40
0.6393716065005424
 40
1.18993472290386
 40
1.698334531846158
 40
2.237900537958216
 40
2.594742961578492
 40
3.023464603933308
 40
3.598207965188152
 40
4.186555847552166
 40
4.58468743714298
 40
4.962948324634938
 40
5.294146635804988
 40
5.743144855551494
 40
6.197296803505465
 40
6.828354339178544
 40
7.211319498784676
 40
7.566226209108617
 40
7.871876500029326
 40
8.086755508128737
 40
8.414941152199788
 40
8.632035635397472
 40
8.832273425469168
 40
9.091294501714433
 40
9.3111698897086
 40
9.542683825335958
 40
9.542683825335958
 40
9.542683825335958
 40
9.542683825335958
 10
369.9140086011747
 20
42.38616205310234
 10
369.9372982675815
 20
42.30909314398454
 10
369.9749852398427
 20
42.18438144612584
 10
370.1588532613086
 20
42.0302246622588
 10
370.323113058891
 20
41.82976307882831
 10
370.5988109314247
 20
41.6675640663962
 10
370.8251961877887
 20
41.50763285014335
 10
371.0464411826583
 20
41.36615701789596
 10
371.2925669123632
 20
41.25400971707995
 10
371.5438915131988
 20
41.0642043733577
 10
371.7917030702741
 20
40.87074898839944
 10
371.9155888081179
 20
40.62331169548872
 10
371.9474593396217
 20
40.40330587304599
 10
371.8910125376324
 20
40.17032154828011
 10
371.6928075176868
 20
40.00899159567389
 10
371.4145793219795
 20
39.8733686312528
 10
371.1157309264084
 20
39.90667576450674
 10
370.8462649839191
 20
39.93011780825606
 10
370.650848055909
 20
40.00218040517417
 10
370.4955399270821
 20
40.0812219918589
 10
370.3696972802504
 20
40.19509991463093
 10
370.2868270272266
 20
40.32116960447907
 10
370.2016017634159
 20
40.44243175598237
 10
370.1556871923182
 20
40.56907847671822
 10
370.0926712961545
 20
40.68743640072729
 10
370.0493436148209
 20
40.82376451858279
 10
370.0550208726373
 20
40.9136291553682
 10
370.0579326922835
 20
40.9597200012238
 97
        0
 72
     1
 10
370.0579326922835
 20
40.9597200012238
 11
369.9273817955917
 21
40.9597200012238
 72
     1
 10
369.9273817955917
 20
40.9597200012238
 11
369.9273817955917
 21
40.17867673297656
 72
     4
 94
        3
 73
     0
 74
     0
 95
       16
 96
       12
 40
0.0
 40
0.0
 40
0.0
 40
0.0
 40
0.0907311874037281
 40
0.4719184293470825
 40
0.6646807422676314
 40
0.8252017004279815
 40
1.03298259017199
 40
1.171446915514392
 40
1.341215292102496
 40
1.531324726179015
 40
1.742055722476679
 40
1.742055722476679
 40
1.742055722476679
 40
1.742055722476679
 10
369.9273817955917
 20
40.17867673297653
 10
369.936425784968
 20
40.16311432633208
 10
369.9834661178857
 20
40.08216987150162
 10
370.0887038381575
 20
39.99779812209732
 10
370.1964008539812
 20
39.90150600809194
 10
370.2807745738704
 20
39.82804223260683
 10
370.3729818655431
 20
39.78693465928546
 10
370.4604846802577
 20
39.73334846036508
 10
370.5568880328601
 20
39.70862797522076
 10
370.6569124138155
 20
39.65377764013309
 10
370.7357597136549
 20
39.64068921937557
 10
370.7772115453353
 20
39.63380833676695
 97
        0
 72
     1
 10
370.7772115453353
 20
39.63380833676695
 11
371.6515409132169
 21
39.63380833676695
 97
        0
 92
        7
 72
     0
 73
     1
 93
        4
 10
376.3459292816021
 20
38.25317361314713
 10
376.3459292816021
 20
38.58824285508246
 10
355.9315876639921
 20
38.58824285508246
 10
355.9315876639921
 20
38.25317361314713
 97
        0
 75
     1
 76
     1
 47
1.283718031644956
 98
        5
 10
360.0453089291918
 20
41.94689823405527
 10
364.9034725573521
 20
41.7617413031337
 10
367.9335985260383
 20
41.73864791610328
 10
371.9271734868507
 20
41.1626041863671
 10
372.2359551825007
 20
38.40582282739621
450
        0
451
        0
460
0.0
461
0.0
452
        0
462
0.0
453
        2
463
0.0
 63
     5
421
      255
463
1.0
 63
     2
421
 16776960
470
LINEAR
1001
GradientColor1ACI
1070
     5
1001
GradientColor2ACI
1070
     2
1001
ACAD
1010
0.0
1020
0.0
1030
0.0
  0
SPLINE
  5
60EA
330
60B0
100
AcDbEntity
  8
0
100
AcDbSpline
210
0.0
220
0.0
230
1.0
 70
  1064
 71
     3
 72
    12
 73
     8
 74
     6
 42
0.000000001
 43
0.0000000001
 44
0.0000000001
 40
0.0
 40
0.0
 40
0.0
 40
0.0
 40
0.2837345050273825
 40
0.5588832910511248
 40
0.6026745945145244
 40
0.7653365056270383
 40
0.8263502878677955
 40
0.8263502878677955
 40
0.8263502878677955
 40
0.8263502878677955
 10
359.228306376908
 20
43.39453653227656
 30
0.0
 10
359.3221259456033
 20
43.40869191329194
 30
0.0
 10
359.5069261316518
 20
43.43657433783949
 30
0.0
 10
359.7157280175962
 20
43.28896804579853
 30
0.0
 10
359.7243335884836
 20
43.12973638208776
 30
0.0
 10
359.6787191421697
 20
43.01841357486331
 30
0.0
 10
359.7499806775733
 20
42.9810599945755
 30
0.0
 10
359.7694192483812
 20
42.97087076400052
 30
0.0
 11
359.228306376908
 21
43.39453653227656
 31
0.0
 11
359.5120408819354
 21
43.39453653227656
 31
0.0
 11
359.7178863596922
 21
43.21195916857175
 31
0.0
 11
359.7204594432526
 21
43.16824352491854
 31
0.0
 11
359.7192443201326
 21
43.00558615249854
 31
0.0
 11
359.7694192483812
 21
42.97087076400052
 31
0.0
  0
LINE
  5
60EB
330
60B0
100
AcDbEntity
  8
Level 1
  6
Continuous
370
    -3
100
AcDbLine
 10
156.0422724127584
 20
27.29569783760974
 30
0.0
 11
20.0
 21
27.29569783760974
 31
0.0
  0
SPLINE
  5
60EC
330
60B0
100
AcDbEntity
  8
0
100
AcDbSpline
210
0.0
220
0.0
230
1.0
 70
  1064
 71
     3
 72
    19
 73
    15
 74
    13
 42
0.000000001
 43
0.0000000001
 44
0.0000000001
 40
0.0
 40
0.0
 40
0.0
 40
0.0
 40
0.3160787305014014
 40
0.5309258053505036
 40
0.813193699797732
 40
1.088878804833357
 40
1.336504399595404
 40
1.66145522591994
 40
1.951636750805177
 40
2.610919125186627
 40
3.072716811204047
 40
3.545684245340298
 40
4.018986631312409
 40
4.310901443469838
 40
4.310901443469838
 40
4.310901443469838
 40
4.310901443469838
 10
359.7694192483812
 20
40.82468877409026
 30
0.0
 10
359.8097205803555
 20
40.72745586805038
 30
0.0
 10
359.8774157938273
 20
40.56413118352035
 30
0.0
 10
359.931247852197
 20
40.29299125963774
 30
0.0
 10
360.1090830830498
 20
40.09630657181104
 30
0.0
 10
360.2944053771437
 20
39.9012753133545
 30
0.0
 10
360.5474810413037
 20
39.76822053794317
 30
0.0
 10
360.8239295276471
 20
39.67653819901157
 30
0.0
 10
361.2510608067931
 20
39.67588271470342
 30
0.0
 10
361.7240209657557
 20
39.66130072678934
 30
0.0
 10
362.2404429190263
 20
39.84025381994783
 30
0.0
 10
362.5796221342083
 20
40.18970548514986
 30
0.0
 10
362.7219245164943
 20
40.58784895945628
 30
0.0
 10
362.7460297536961
 20
40.84189324523853
 30
0.0
 10
362.7552254118791
 20
40.93880597817902
 30
0.0
 11
359.7694192483812
 21
40.82468877409026
 31
0.0
 11
359.8787871692787
 21
40.52813452651668
 31
0.0
 11
359.9420053578523
 21
40.32279888371521
 31
0.0
 11
360.1105879987656
 21
40.09640308556877
 31
0.0
 11
360.3107795327866
 21
39.90686251776121
 31
0.0
 11
360.5267757145403
 21
39.78576716422073
 31
0.0
 11
360.8375997826926
 21
39.69099671425749
 31
0.0
 11
361.1273511213202
 21
39.6752018053231
 31
0.0
 11
361.7858762325236
 21
39.70679178925137
 31
0.0
 11
362.21786899839
 21
39.87000745348176
 31
0.0
 11
362.5497657960667
 21
40.20696844446641
 31
0.0
 11
362.7183480346215
 21
40.64922988005711
 31
0.0
 11
362.7552254118791
 21
40.93880597817902
 31
0.0
  0
LINE
  5
60ED
330
60B0
100
AcDbEntity
  8
Level 1
  6
Continuous
370
    -3
100
AcDbLine
 10
156.0422724127584
 20
32.61843719518276
 30
0.0
 11
20.0
 21
32.61843719518276
 31
0.0
  0
TEXT
  5
60EE
330
60B0
100
AcDbEntity
  8
Level 2
100
AcDbText
 10
210.5737644794338
 20
12.98884944367717
 30
0.0
 40
2.0
  1
JE/S/P/II/MS
  7
Style-Times New Roman
 72
     1
 11
218.4566473623167
 21
13.98884944367717
 31
0.0
100
AcDbText
 73
     2
  0
SPLINE
  5
60EF
330
60B0
100
AcDbEntity
  8
0
100
AcDbSpline
210
0.0
220
0.0
230
1.0
 70
  1064
 71
     3
 72
    17
 73
    13
 74
    11
 42
0.000000001
 43
0.0000000001
 44
0.0000000001
 40
0.0
 40
0.0
 40
0.0
 40
0.0
 40
0.3094240178175661
 40
0.547272889467082
 40
0.8085635075216934
 40
1.083719455037968
 40
1.427473241593172
 40
1.88773813766563
 40
2.202058671463569
 40
2.587821605930567
 40
3.06419868258664
 40
3.245978584843889
 40
3.245978584843889
 40
3.245978584843889
 40
3.245978584843889
 10
362.4869334694376
 20
40.98792253879873
 30
0.0
 10
362.4709899848671
 20
40.88590417869828
 30
0.0
 10
362.4427910204474
 20
40.70546607597869
 30
0.0
 10
362.3515999305105
 20
40.44914176467829
 30
0.0
 10
362.199564005539
 20
40.23679893434753
 30
0.0
 10
361.95936264755
 20
40.05386756588784
 30
0.0
 10
361.5999584647317
 20
39.98943922746837
 30
0.0
 10
361.2280266119714
 20
39.92529218703538
 30
0.0
 10
360.8463913432447
 20
40.01867792261788
 30
0.0
 10
360.5015636588326
 20
40.2417515651269
 30
0.0
 10
360.3814005127437
 20
40.59022701966548
 30
0.0
 10
360.3470657549131
 20
40.80589943781818
 30
0.0
 10
360.3375826541903
 20
40.86546715851016
 30
0.0
 11
362.4869334694376
 21
40.98792253879873
 31
0.0
 11
362.4283866484941
 21
40.68408789205847
 31
0.0
 11
362.3447717092123
 21
40.46142081394891
 31
0.0
 11
362.1925453726361
 21
40.24905337403413
 31
0.0
 11
361.9707254288991
 21
40.08624456587538
 31
0.0
 11
361.6388286312224
 21
39.9967393623227
 31
0.0
 11
361.1804950540399
 21
39.95461921769217
 31
0.0
 11
360.8749394700378
 21
40.02832934625101
 31
0.0
 11
360.5588473200943
 21
40.24946006404632
 31
0.0
 11
360.3691919496564
 21
40.68645658534535
 31
0.0
 11
360.3375826541903
 21
40.86546715851016
 31
0.0
  0
SPLINE
  5
60F0
330
60B0
100
AcDbEntity
  8
0
100
AcDbSpline
210
0.0
220
0.0
230
1.0
 70
  1064
 71
     3
 72
     9
 73
     5
 74
     3
 42
0.000000001
 43
0.0000000001
 44
0.0000000001
 40
0.0
 40
0.0
 40
0.0
 40
0.0
 40
0.2669264011005481
 40
0.4554796603358121
 40
0.4554796603358121
 40
0.4554796603358121
 40
0.4554796603358121
 10
360.3375826541903
 20
43.14717556478027
 30
0.0
 10
360.3097461885139
 20
43.23271853208326
 30
0.0
 10
360.2622464137486
 20
43.37868791364551
 30
0.0
 10
360.1665068334626
 20
43.49794742808044
 30
0.0
 10
360.1268738674429
 20
43.54731685574039
 30
0.0
 11
360.3375826541903
 21
43.14717556478027
 31
0.0
 11
360.2375059992157
 21
43.39463135221226
 31
0.0
 11
360.1268738674429
 21
43.54731685574039
 31
0.0
  0
TEXT
  5
60F1
330
60B0
100
AcDbEntity
  8
Level 2
100
AcDbText
 10
239.5100827983846
 20
12.98884944367717
 30
0.0
 40
2.0
  1
SSE/D/P/II/MS
  7
Style-Times New Roman
 72
     1
 11
248.7072799955818
 21
13.98884944367717
 31
0.0
100
AcDbText
 73
     2
  0
SPLINE
  5
60F2
330
60B0
100
AcDbEntity
  8
0
100
AcDbSpline
210
0.0
220
0.0
230
1.0
 70
  1064
 71
     3
 72
    33
 73
    29
 74
    27
 42
0.000000001
 43
0.0000000001
 44
0.0000000001
 40
0.0
 40
0.0
 40
0.0
 40
0.0
 40
0.1389980914878468
 40
0.3076695774977352
 40
0.5109937429713793
 40
0.736094476146361
 40
0.9195722825625156
 40
1.180055040264101
 40
1.349952203984822
 40
1.614729171154437
 40
1.910805991906717
 40
2.165816441772997
 40
2.375485805941008
 40
2.523438672706103
 40
2.75460657235527
 40
3.000257277387894
 40
3.294764519981397
 40
3.54288274716534
 40
3.817005082551475
 40
4.371740050388974
 40
4.898658685976031
 40
5.259841195299899
 40
5.456311934927641
 40
5.774203791573888
 40
6.086183216392289
 40
6.489409625788976
 40
6.891956758939505
 40
7.324003717316194
 40
7.324003717316194
 40
7.324003717316194
 40
7.324003717316194
 10
365.727964173533
 20
42.3545009957372
 30
0.0
 10
365.7285415889582
 20
42.40138958357746
 30
0.0
 10
365.729819686794
 20
42.50517656263495
 30
0.0
 10
365.6583654376952
 20
42.6624159142708
 30
0.0
 10
365.6238500462562
 20
42.86392232697946
 30
0.0
 10
365.4758613558964
 20
43.01369216476564
 30
0.0
 10
365.367863221451
 20
43.21190477147641
 30
0.0
 10
365.1836278915011
 20
43.32040333641311
 30
0.0
 10
364.9648051798761
 20
43.39797427578809
 30
0.0
 10
364.7198033124437
 20
43.40849649350201
 30
0.0
 10
364.4453122104058
 20
43.43401245493703
 30
0.0
 10
364.2018024053332
 20
43.32009520561459
 30
0.0
 10
364.0781252943819
 20
43.15662340139401
 30
0.0
 10
363.9557963653247
 20
42.99804829265866
 30
0.0
 10
363.9498607708424
 20
42.77778515431655
 30
0.0
 10
364.0292803314004
 20
42.52401178046699
 30
0.0
 10
364.2482955375439
 20
42.36059088268658
 30
0.0
 10
364.4691025138817
 20
42.20520656253959
 30
0.0
 10
364.7841511860857
 20
42.03075925498042
 30
0.0
 10
365.1736479922383
 20
41.80152971343934
 30
0.0
 10
365.5698682449083
 20
41.53025020395485
 30
0.0
 10
365.8505425624119
 20
41.29590614023815
 30
0.0
 10
366.0088815788902
 20
41.04703125771386
 30
0.0
 10
366.0674360954125
 20
40.76775146543545
 30
0.0
 10
366.0106592009639
 20
40.42791559903494
 30
0.0
 10
365.9475477079162
 20
40.05166101682009
 30
0.0
 10
365.6314173774448
 20
39.7392084472035
 30
0.0
 10
365.3554865325492
 20
39.68118299463848
 30
0.0
 10
365.2126445408916
 20
39.65114477540874
 30
0.0
 11
365.727964173533
 21
42.3545009957372
 31
0.0
 11
365.7206545239565
 21
42.49330675376017
 31
0.0
 11
365.669484562769
 21
42.65402920167848
 31
0.0
 11
365.6073495236785
 21
42.84762660140993
 31
0.0
 11
365.4757697959211
 21
43.03026590528289
 31
0.0
 11
365.3697752499369
 21
43.18002992522386
 31
0.0
 11
365.1541303272837
 21
43.32614130189843
 31
0.0
 11
364.9933107941441
 21
43.38093294360687
 31
0.0
 11
364.7301513386295
 21
43.4101552521536
 31
0.0
 11
364.4340970517651
 21
43.40650244282787
 31
0.0
 11
364.2038324276
 21
43.29691899335165
 31
0.0
 11
364.0649426479075
 21
43.13984935475911
 31
0.0
 11
363.9845328813378
 21
43.01565466797977
 31
0.0
 11
363.9626027255321
 21
42.78552934104997
 31
0.0
 11
364.0437862277839
 21
42.55368131357258
 31
0.0
 11
364.2599868077315
 21
42.35370175169095
 31
0.0
 11
364.4646871727732
 21
42.21348614909022
 31
0.0
 11
364.7015878981364
 21
42.07556914114721
 31
0.0
 11
365.1780332475453
 21
41.79143763362242
 31
0.0
 11
365.6104344074405
 21
41.49031891044136
 31
0.0
 11
365.8749349243324
 21
41.24436712328504
 31
0.0
 11
365.9786690194263
 21
41.07751392719661
 31
0.0
 11
366.0476691017863
 21
40.76720082538441
 31
0.0
 11
366.0154691438233
 21
40.45688755751273
 31
0.0
 11
365.9073686526702
 21
40.06842157309787
 31
0.0
 11
365.6243459577299
 21
39.78216583331886
 31
0.0
 11
365.2126445408916
 21
39.65114477540874
 31
0.0
  0
TEXT
  5
60F3
330
60B0
100
AcDbEntity
  8
Level 2
100
AcDbText
 10
300.4812730415948
 20
12.98884944367717
 30
0.0
 40
2.0
  1
XSTE/P/II/MS
  7
Style-Times New Roman
 72
     1
 11
309.3491409094627
 21
13.98884944367717
 31
0.0
100
AcDbText
 73
     2
  0
SPLINE
  5
60F4
330
60B0
100
AcDbEntity
  8
0
100
AcDbSpline
210
0.0
220
0.0
230
1.0
 70
  1064
 71
     3
 72
    16
 73
    12
 74
    10
 42
0.000000001
 43
0.0000000001
 44
0.0000000001
 40
0.0
 40
0.0
 40
0.0
 40
0.0
 40
0.1250833854928285
 40
0.237926451041849
 40
0.3386956955589934
 40
0.4208838258677995
 40
0.5442161195812693
 40
0.6394963832444016
 40
0.7539141154201832
 40
0.9801750431747043
 40
1.034030262813214
 40
1.034030262813214
 40
1.034030262813214
 40
1.034030262813214
 10
364.33831517301
 20
39.65114477540874
 30
0.0
 10
364.2968633413298
 20
39.65802565801733
 30
0.0
 10
364.2180160414902
 20
39.67111407877476
 30
0.0
 10
364.1179916605348
 20
39.72596441386255
 30
0.0
 10
364.0215883079323
 20
39.75068489900683
 30
0.0
 10
363.9340854932176
 20
39.8042710979273
 30
0.0
 10
363.8418782015452
 20
39.8453786712485
 30
0.0
 10
363.7575044816559
 20
39.91884244673373
 30
0.0
 10
363.6498074658323
 20
40.01513456073908
 30
0.0
 10
363.5445697455605
 20
40.09950631014337
 30
0.0
 10
363.4975294126427
 20
40.18045076497383
 30
0.0
 10
363.4884854232664
 20
40.19601317161829
 30
0.0
 11
364.33831517301
 21
39.65114477540874
 31
0.0
 11
364.2163316990315
 21
39.67881941004921
 31
0.0
 11
364.1126028345998
 21
39.72324778078463
 31
0.0
 11
364.0177648892353
 21
39.75730955935829
 31
0.0
 11
363.9451544427179
 21
39.79581425803524
 31
0.0
 11
363.8369799175733
 21
39.85505214103553
 31
0.0
 11
363.7626264533885
 21
39.91463310282235
 31
0.0
 11
363.6766794270912
 21
39.99016141610217
 31
0.0
 11
363.5166404697309
 21
40.15010371680889
 31
0.0
 11
363.4884854232664
 21
40.19601317161829
 31
0.0
  0
TEXT
  5
60F5
330
60B0
100
AcDbEntity
  8
Level 2
100
AcDbText
 10
328.0057244419236
 20
12.98884944367732
 30
0.0
 40
2.0
  1
Dy.CSTE/P/11/MS
  7
Style-Times New Roman
 72
     1
 11
339.459177895377
 21
13.98884944367732
 31
0.0
100
AcDbText
 73
     2
  0
SPLINE
  5
60F6
330
60B0
100
AcDbEntity
  8
0
100
AcDbSpline
210
0.0
220
0.0
230
1.0
 70
  1064
 71
     3
 72
    32
 73
    28
 74
    26
 42
0.000000001
 43
0.0000000001
 44
0.0000000001
 40
0.0
 40
0.0
 40
0.0
 40
0.0
 40
0.13741949388465
 40
0.2679307067582699
 40
0.4216775864293678
 40
0.5405325300580269
 40
0.6693930840688485
 40
0.8641939066901296
 40
0.9917394233754604
 40
1.173163959095966
 40
1.383825578133604
 40
1.611141822686682
 40
1.985718009339599
 40
2.255288524243861
 40
2.521799945880375
 40
2.718388994280902
 40
2.942912928767473
 40
3.179231495910412
 40
3.528456556611456
 40
3.869606395402823
 40
4.124082269393469
 40
4.335892867825103
 40
4.656162519310098
 40
4.957932882491888
 40
5.284730077670212
 40
5.42971222764971
 40
5.664241238980936
 40
5.664241238980936
 40
5.664241238980936
 40
5.664241238980936
 10
363.6190363199582
 20
40.97705643986554
 30
0.0
 10
363.6161245003119
 20
40.93096559400993
 30
0.0
 10
363.6104472424956
 20
40.84110095722451
 30
0.0
 10
363.6537749238294
 20
40.70477283936909
 30
0.0
 10
363.7167908199929
 20
40.58641491535995
 30
0.0
 10
363.7627053910905
 20
40.45976819462417
 30
0.0
 10
363.8479306549013
 20
40.33850604312078
 30
0.0
 10
363.9308009079252
 20
40.21243635327275
 30
0.0
 10
364.0566435547568
 20
40.09855843050067
 30
0.0
 10
364.2119516835839
 20
40.01951684381594
 30
0.0
 10
364.4073686115937
 20
39.94745424689783
 30
0.0
 10
364.6768345540833
 20
39.92401220314848
 30
0.0
 10
364.9756829496544
 20
39.89070506989454
 30
0.0
 10
365.2539111453614
 20
40.02632803431568
 30
0.0
 10
365.4521161653073
 20
40.18765798692181
 30
0.0
 10
365.5085629672963
 20
40.42064231168778
 30
0.0
 10
365.4766924357928
 20
40.64064813413052
 30
0.0
 10
365.3528066979488
 20
40.88808542704125
 30
0.0
 10
365.1049951408732
 20
41.08154081199944
 30
0.0
 10
364.8536705400379
 20
41.27134615572163
 30
0.0
 10
364.607544810333
 20
41.38349345653781
 30
0.0
 10
364.3862998154634
 20
41.52496928878502
 30
0.0
 10
364.1599145590997
 20
41.68490050503799
 30
0.0
 10
363.8842166865655
 20
41.84709951747001
 30
0.0
 10
363.7199568889836
 20
42.04756110090064
 30
0.0
 10
363.5360888675173
 20
42.20171788476751
 30
0.0
 10
363.4984018952561
 20
42.32642958262629
 30
0.0
 10
363.4751122288494
 20
42.4034984917441
 30
0.0
 11
363.6190363199582
 21
40.97705643986554
 31
0.0
 11
363.6190363199582
 21
40.83963694598089
 31
0.0
 11
363.654597582075
 21
40.7140639659159
 31
0.0
 11
363.7186072101111
 21
40.57427530211486
 31
0.0
 11
363.7660219580275
 21
40.46528750782122
 31
0.0
 11
363.8347729803835
 21
40.35629971352762
 31
0.0
 11
363.9509391530148
 21
40.19992586395514
 31
0.0
 11
364.0457686488476
 21
40.11463093124151
 31
0.0
 11
364.2046077727166
 21
40.02696682861142
 31
0.0
 11
364.4037491506637
 21
39.95825708166906
 31
0.0
 11
364.6289690020874
 21
39.92745621216164
 31
0.0
 11
365.0035451887403
 21
39.92745621216164
 31
0.0
 11
365.2501013146037
 21
40.03644400645527
 31
0.0
 11
365.4421306010709
 21
40.22124955561871
 31
0.0
 11
365.4942871456658
 21
40.41079361067438
 31
0.0
 11
365.4658379750291
 21
40.63350787121334
 31
0.0
 11
365.3591549933964
 21
40.84437561793256
 31
0.0
 11
365.1030867067117
 21
41.08183545785505
 31
0.0
 11
364.8230285902972
 21
41.27664475932127
 31
0.0
 11
364.5978087388736
 21
41.39510989751824
 31
0.0
 11
364.4176329382062
 21
41.50646702778765
 31
0.0
 11
364.1517475028445
 21
41.68500997759197
 31
0.0
 11
363.9028206798212
 21
41.85559951090045
 31
0.0
 11
363.6704887369176
 21
42.08542177936687
 31
0.0
 11
363.5683182075334
 21
42.18828579998649
 31
0.0
 11
363.4751122288494
 21
42.4034984917441
 31
0.0
  0
TEXT
  5
60F7
330
60B0
100
AcDbEntity
  8
Level 2
100
AcDbText
 10
248.2359997156177
 20
7.163739882445327
 30
0.0
 40
2.0
  1
CHECKED & VERIFIED
  7
Style-Times New Roman
 72
     1
 11
263.8325963122143
 21
8.163739882445327
 31
0.0
100
AcDbText
 73
     2
  0
SPLINE
  5
60F8
330
60B0
100
AcDbEntity
  8
0
100
AcDbSpline
210
0.0
220
0.0
230
1.0
 70
  1064
 71
     3
 72
    16
 73
    12
 74
    10
 42
0.000000001
 43
0.0000000001
 44
0.0000000001
 40
0.0
 40
0.0
 40
0.0
 40
0.0
 40
0.1245042379011971
 40
0.3226203018483035
 40
0.6520241798793771
 40
0.9698692271977292
 40
1.216475131467918
 40
1.717472985464414
 40
2.174244053157961
 40
2.61123901635913
 40
2.879925082048844
 40
2.879925082048844
 40
2.879925082048844
 40
2.879925082048844
 10
363.4751122288494
 20
42.98767963182675
 30
0.0
 10
363.497445574446
 20
43.02265904774092
 30
0.0
 10
363.5553166222038
 20
43.11329909269794
 30
0.0
 10
363.6755723670309
 20
43.29439184559804
 30
0.0
 10
363.8725093368875
 20
43.50115212882753
 30
0.0
 10
364.1487832400146
 20
43.63624763905077
 30
0.0
 10
364.5050040882118
 20
43.66113886446558
 30
0.0
 10
364.9078986416519
 20
43.68922647041347
 30
0.0
 10
365.3649581262335
 20
43.57643878890369
 30
0.0
 10
365.7068188014745
 20
43.36077733207287
 30
0.0
 10
365.8261612694155
 20
43.15567849901899
 30
0.0
 10
365.8716005782079
 20
43.0775876955615
 30
0.0
 11
363.4751122288494
 21
42.98767963182675
 31
0.0
 11
363.5423552109891
 21
43.09246363159922
 31
0.0
 11
363.654968959108
 21
43.25546092767654
 31
0.0
 11
363.8879631843479
 21
43.48831411289582
 31
0.0
 11
364.1753225008072
 21
43.62414524831338
 31
0.0
 11
364.4199662160119
 21
43.65519238395848
 31
0.0
 11
364.9209039411032
 21
43.66295416786974
 31
0.0
 11
365.3635926069361
 21
43.55040838418606
 31
0.0
 11
365.7224981312863
 21
43.30110651404844
 31
0.0
 11
365.8716005782079
 21
43.0775876955615
 31
0.0
  0
TEXT
  5
60F9
330
60B0
100
AcDbEntity
  8
Level 2
100
AcDbText
 10
325.7594103265309
 20
8.612625856621833
 30
0.0
 40
2.0
  1
INITIAL APPROVED
  7
Style-Times New Roman
 72
     1
 11
339.3459969131175
 21
9.612625856621833
 31
0.0
100
AcDbText
 73
     2
  0
LINE
  5
60FA
330
60B0
100
AcDbEntity
  8
0
100
AcDbLine
 10
354.5844942120095
 20
44.70086193694272
 30
0.0
 11
354.5844942120095
 21
5.0
 31
0.0
  0
SPLINE
  5
60FB
330
60B0
100
AcDbEntity
  8
0
100
AcDbSpline
210
0.0
220
0.0
230
1.0
 70
  1064
 71
     3
 72
    12
 73
     8
 74
     6
 42
0.000000001
 43
0.0000000001
 44
0.0000000001
 40
0.0
 40
0.0
 40
0.0
 40
0.0
 40
0.1320988575316956
 40
0.2522113773537976
 40
0.3723220450116542
 40
0.6441710735610076
 40
0.7425384632538936
 40
0.7425384632538936
 40
0.7425384632538936
 40
0.7425384632538936
 10
366.9203270718398
 20
43.27650248436511
 30
0.0
 10
366.8780110861115
 20
43.26128573378995
 30
0.0
 10
366.7972187670558
 20
43.23223296457513
 30
0.0
 10
366.7169318401121
 20
43.13436948223902
 30
0.0
 10
366.5846602557885
 20
43.02260232770617
 30
0.0
 10
366.549566112935
 20
42.85060951321221
 30
0.0
 10
366.5269574726841
 20
42.73019403198197
 30
0.0
 10
366.5209503027793
 20
42.69819934999713
 30
0.0
 11
366.9203270718398
 21
43.27650248436511
 31
0.0
 11
366.8006229596079
 21
43.22063627207221
 31
0.0
 11
366.7143689336614
 21
43.13704643760634
 31
0.0
 11
366.6307282271401
 21
43.05084432221562
 31
0.0
 11
366.539246355267
 21
42.79485025696835
 31
0.0
 11
366.5209503027793
 21
42.69819934999713
 31
0.0
  0
SPLINE
  5
60FC
330
60B0
100
AcDbEntity
  8
0
100
AcDbSpline
210
0.0
220
0.0
230
1.0
 70
  1064
 71
     3
 72
    12
 73
     8
 74
     6
 42
0.000000001
 43
0.0000000001
 44
0.0000000001
 40
0.0
 40
0.0
 40
0.0
 40
0.0
 40
0.0758641619024842
 40
0.1724156319242195
 40
0.2671974039286463
 40
0.3967465511253735
 40
0.5220135740686577
 40
0.5220135740686577
 40
0.5220135740686577
 40
0.5220135740686577
 10
366.6385110504879
 20
43.55677394039303
 30
0.0
 10
366.6126770791938
 20
43.55517263225587
 30
0.0
 10
366.5539645016857
 20
43.5515333571693
 30
0.0
 10
366.4832501398322
 20
43.49133927126071
 30
0.0
 10
366.4032247843301
 20
43.42024586579611
 30
0.0
 10
366.3560980731433
 20
43.30937729182979
 30
0.0
 10
366.3400691540876
 20
43.2262121629828
 30
0.0
 10
366.3321893756182
 20
43.18532838352078
 30
0.0
 11
366.6385110504879
 21
43.55677394039303
 31
0.0
 11
366.56354197757
 21
43.54515459587633
 31
0.0
 11
366.4835253154002
 21
43.49112201183156
 31
0.0
 11
366.4164843173025
 21
43.42412134856347
 31
0.0
 11
366.3602563055383
 21
43.3074106282656
 31
0.0
 11
366.3321893756182
 21
43.18532838352078
 31
0.0
  0
SPLINE
  5
60FD
330
60B0
100
AcDbEntity
  8
0
100
AcDbSpline
210
0.0
220
0.0
230
1.0
 70
  1064
 71
     3
 72
    33
 73
    29
 74
    27
 42
0.000000001
 43
0.0000000001
 44
0.0000000001
 40
0.0
 40
0.0
 40
0.0
 40
0.0
 40
0.1389980914879047
 40
0.30766957749791
 40
0.5109937429714577
 40
0.736094476146396
 40
0.919572282562564
 40
1.180055040264275
 40
1.349952203984862
 40
1.614729171154599
 40
1.91080599190688
 40
2.165816441773073
 40
2.375485805941046
 40
2.52343867270619
 40
2.754606572355339
 40
3.000257277387926
 40
3.294764519981569
 40
3.542882747165418
 40
3.817005082551542
 40
4.371740050389056
 40
4.898658685975999
 40
5.25984119529996
 40
5.456311934927769
 40
5.774203791573899
 40
6.086183216392305
 40
6.489409625788965
 40
6.891956758939523
 40
7.324003717316173
 40
7.324003717316173
 40
7.324003717316173
 40
7.324003717316173
 10
372.1668605458583
 20
42.33716455709543
 30
0.0
 10
372.1674379612836
 20
42.38405314493573
 30
0.0
 10
372.1687160591194
 20
42.48784012399329
 30
0.0
 10
372.0972618100201
 20
42.64507947562896
 30
0.0
 10
372.0627464185818
 20
42.84658588833777
 30
0.0
 10
371.9147577282217
 20
42.996355726124
 30
0.0
 10
371.8067595937762
 20
43.19456833283464
 30
0.0
 10
371.6225242638263
 20
43.30306689777139
 30
0.0
 10
371.4037015522014
 20
43.3806378371463
 30
0.0
 10
371.1586996847689
 20
43.39116005486034
 30
0.0
 10
370.8842085827309
 20
43.41667601629533
 30
0.0
 10
370.6406987776585
 20
43.3027587669728
 30
0.0
 10
370.5170216667074
 20
43.13928696275227
 30
0.0
 10
370.3946927376498
 20
42.98071185401697
 30
0.0
 10
370.3887571431679
 20
42.76044871567483
 30
0.0
 10
370.4681767037256
 20
42.50667534182519
 30
0.0
 10
370.6871919098694
 20
42.34325444404492
 30
0.0
 10
370.9079988862071
 20
42.18787012389781
 30
0.0
 10
371.2230475584109
 20
42.01342281633871
 30
0.0
 10
371.6125443645637
 20
41.78419327479763
 30
0.0
 10
372.0087646172335
 20
41.51291376531307
 30
0.0
 10
372.2894389347371
 20
41.27856970159641
 30
0.0
 10
372.4477779512156
 20
41.02969481907216
 30
0.0
 10
372.5063324677375
 20
40.75041502679367
 30
0.0
 10
372.4495555732893
 20
40.41057916039321
 30
0.0
 10
372.3864440802415
 20
40.03432457817834
 30
0.0
 10
372.0703137497701
 20
39.72187200856185
 30
0.0
 10
371.7943829048744
 20
39.66384655599676
 30
0.0
 10
371.6515409132169
 20
39.63380833676699
 30
0.0
 11
372.1668605458583
 21
42.33716455709543
 31
0.0
 11
372.1595508962819
 21
42.47597031511847
 31
0.0
 11
372.1083809350941
 21
42.63669276303679
 31
0.0
 11
372.0462458960038
 21
42.83029016276821
 31
0.0
 11
371.9146661682465
 21
43.0129294666412
 31
0.0
 11
371.8086716222622
 21
43.16269348658211
 31
0.0
 11
371.5930266996089
 21
43.30880486325673
 31
0.0
 11
371.4322071664694
 21
43.36359650496509
 31
0.0
 11
371.1690477109547
 21
43.39281881351191
 31
0.0
 11
370.8729934240903
 21
43.38916600418615
 31
0.0
 11
370.6427287999253
 21
43.2795825547099
 31
0.0
 11
370.5038390202328
 21
43.1225129161174
 31
0.0
 11
370.4234292536631
 21
42.99831822933804
 31
0.0
 11
370.4014990978575
 21
42.76819290240825
 31
0.0
 11
370.4826826001092
 21
42.53634487493086
 31
0.0
 11
370.6988831800569
 21
42.33636531304921
 31
0.0
 11
370.9035835450985
 21
42.19614971044848
 31
0.0
 11
371.1404842704617
 21
42.05823270250549
 31
0.0
 11
371.6169296198706
 21
41.77410119498067
 31
0.0
 11
372.0493307797657
 21
41.47298247179965
 31
0.0
 11
372.3138312966577
 21
41.22703068464331
 31
0.0
 11
372.4175653917517
 21
41.06017748855484
 31
0.0
 11
372.4865654741114
 21
40.74986438674269
 31
0.0
 11
372.4543655161486
 21
40.43955111887099
 31
0.0
 11
372.3462650249955
 21
40.05108513445616
 31
0.0
 11
372.0632423300551
 21
39.76482939467716
 31
0.0
 11
371.6515409132169
 21
39.63380833676699
 31
0.0
  0
LINE
  5
60FE
330
60B0
100
AcDbEntity
  8
0
100
AcDbLine
 10
156.0422724127584
 20
37.94117655275579
 30
0.0
 11
162.2609211344738
 21
37.94117655275579
 31
0.0
  0
SPLINE
  5
60FF
330
60B0
100
AcDbEntity
  8
0
100
AcDbSpline
210
0.0
220
0.0
230
1.0
 70
  1064
 71
     3
 72
    16
 73
    12
 74
    10
 42
0.000000001
 43
0.0000000001
 44
0.0000000001
 40
0.0
 40
0.0
 40
0.0
 40
0.0
 40
0.1250833854928426
 40
0.2379264510418492
 40
0.3386956955589911
 40
0.4208838258677504
 40
0.5442161195811703
 40
0.6394963832443736
 40
0.7539141154201598
 40
0.9801750431747462
 40
1.034030262813214
 40
1.034030262813214
 40
1.034030262813214
 40
1.034030262813214
 10
370.7772115453353
 20
39.63380833676699
 30
0.0
 10
370.7357597136549
 20
39.6406892193756
 30
0.0
 10
370.6569124138155
 20
39.65377764013311
 30
0.0
 10
370.5568880328602
 20
39.70862797522083
 30
0.0
 10
370.4604846802577
 20
39.73334846036508
 30
0.0
 10
370.3729818655431
 20
39.78693465928558
 30
0.0
 10
370.2807745738704
 20
39.82804223260684
 30
0.0
 10
370.1964008539811
 20
39.90150600809193
 30
0.0
 10
370.0887038381576
 20
39.99779812209736
 30
0.0
 10
369.9834661178859
 20
40.08216987150163
 30
0.0
 10
369.936425784968
 20
40.16311432633209
 30
0.0
 10
369.9273817955917
 20
40.17867673297657
 30
0.0
 11
370.7772115453353
 21
39.63380833676699
 31
0.0
 11
370.6552280713568
 21
39.66148297140752
 31
0.0
 11
370.5514992069251
 21
39.70591134214291
 31
0.0
 11
370.4566612615606
 21
39.73997312071656
 31
0.0
 11
370.3840508150433
 21
39.77847781939352
 31
0.0
 11
370.2758762898987
 21
39.83771570239381
 31
0.0
 11
370.2015228257138
 21
39.8972966641806
 31
0.0
 11
370.1155757994165
 21
39.97282497746043
 31
0.0
 11
369.9555368420561
 21
40.13276727816719
 31
0.0
 11
369.9273817955917
 21
40.17867673297657
 31
0.0
  0
LINE
  5
6100
330
60B0
100
AcDbEntity
  8
0
100
AcDbLine
 10
387.8531303770907
 20
11.32747976489126
 30
0.0
 11
263.7468368336747
 21
11.32747976489065
 31
0.0
  0
LINE
  5
6101
330
60B0
100
AcDbEntity
  8
0
100
AcDbLine
 10
371.2188122945501
 20
16.65021912246368
 30
0.0
 11
371.2188122945502
 21
5.0
 31
0.0
  0
SPLINE
  5
6102
330
60B0
100
AcDbEntity
  8
0
100
AcDbSpline
210
0.0
220
0.0
230
1.0
 70
  1064
 71
     3
 72
    32
 73
    28
 74
    26
 42
0.000000001
 43
0.0000000001
 44
0.0000000001
 40
0.0
 40
0.0
 40
0.0
 40
0.0
 40
0.1374194938846998
 40
0.2679307067583196
 40
0.4216775864293638
 40
0.5405325300580682
 40
0.6693930840689504
 40
0.8641939066900902
 40
0.9917394233754917
 40
1.173163959096054
 40
1.383825578133444
 40
1.611141822686753
 40
1.985718009339783
 40
2.255288524243944
 40
2.521799945880275
 40
2.718388994280845
 40
2.942912928767395
 40
3.179231495910271
 40
3.52845655661132
 40
3.869606395402656
 40
4.124082269393345
 40
4.335892867824968
 40
4.656162519309983
 40
4.957932882491741
 40
5.284730077670081
 40
5.429712227649559
 40
5.664241238980769
 40
5.664241238980769
 40
5.664241238980769
 40
5.664241238980769
 10
370.0579326922835
 20
40.95972000122384
 30
0.0
 10
370.0550208726372
 20
40.91362915536821
 30
0.0
 10
370.0493436148208
 20
40.82376451858278
 30
0.0
 10
370.0926712961547
 20
40.68743640072738
 30
0.0
 10
370.155687192318
 20
40.56907847671815
 30
0.0
 10
370.201601763416
 20
40.44243175598243
 30
0.0
 10
370.2868270272266
 20
40.32116960447913
 30
0.0
 10
370.3696972802505
 20
40.19509991463093
 30
0.0
 10
370.4955399270819
 20
40.0812219918589
 30
0.0
 10
370.650848055909
 20
40.00218040517419
 30
0.0
 10
370.8462649839191
 20
39.93011780825611
 30
0.0
 10
371.1157309264084
 20
39.90667576450676
 30
0.0
 10
371.4145793219797
 20
39.8733686312528
 30
0.0
 10
371.6928075176868
 20
40.00899159567393
 30
0.0
 10
371.8910125376323
 20
40.17032154828016
 30
0.0
 10
371.9474593396216
 20
40.40330587304602
 30
0.0
 10
371.9155888081179
 20
40.62331169548874
 30
0.0
 10
371.7917030702741
 20
40.87074898839951
 30
0.0
 10
371.5438915131987
 20
41.06420437335766
 30
0.0
 10
371.2925669123631
 20
41.25400971707995
 30
0.0
 10
371.0464411826584
 20
41.366157017896
 30
0.0
 10
370.8251961877888
 20
41.50763285014341
 30
0.0
 10
370.5988109314249
 20
41.66756406639618
 30
0.0
 10
370.323113058891
 20
41.8297630788284
 30
0.0
 10
370.1588532613088
 20
42.03022466225885
 30
0.0
 10
369.9749852398427
 20
42.18438144612583
 30
0.0
 10
369.9372982675814
 20
42.30909314398458
 30
0.0
 10
369.9140086011748
 20
42.3861620531024
 30
0.0
 11
370.0579326922835
 21
40.95972000122384
 31
0.0
 11
370.0579326922835
 21
40.82230050733914
 31
0.0
 11
370.0934939544003
 21
40.69672752727415
 31
0.0
 11
370.1575035824363
 21
40.55693886347312
 31
0.0
 11
370.2049183303528
 21
40.44795106917948
 31
0.0
 11
370.2736693527089
 21
40.33896327488588
 31
0.0
 11
370.38983552534
 21
40.1825894253134
 31
0.0
 11
370.4846650211729
 21
40.09729449259973
 31
0.0
 11
370.6435041450419
 21
40.00963038996963
 31
0.0
 11
370.8426455229888
 21
39.94092064302737
 31
0.0
 11
371.0678653744127
 21
39.91011977351991
 31
0.0
 11
371.4424415610657
 21
39.91011977351991
 31
0.0
 11
371.688997686929
 21
40.01910756781355
 31
0.0
 11
371.881026973396
 21
40.20391311697696
 31
0.0
 11
371.933183517991
 21
40.39345717203265
 31
0.0
 11
371.9047343473543
 21
40.61617143257158
 31
0.0
 11
371.7980513657217
 21
40.82703917929079
 31
0.0
 11
371.541983079037
 21
41.06449901921329
 31
0.0
 11
371.2619249626226
 21
41.25930832067954
 31
0.0
 11
371.0367051111989
 21
41.37777345887649
 31
0.0
 11
370.8565293105316
 21
41.48913058914597
 31
0.0
 11
370.5906438751698
 21
41.66767353895024
 31
0.0
 11
370.3417170521466
 21
41.83826307225875
 31
0.0
 11
370.1093851092429
 21
42.06808534072513
 31
0.0
 11
370.0072145798588
 21
42.17094936134478
 31
0.0
 11
369.9140086011748
 21
42.3861620531024
 31
0.0
  0
LINE
  5
6103
330
60B0
100
AcDbEntity
  8
0
100
AcDbLine
 10
387.8531303770907
 20
16.65021912246376
 30
0.0
 11
387.8531303770908
 21
5.000000000000081
 31
0.0
  0
SPLINE
  5
6104
330
60B0
100
AcDbEntity
  8
0
100
AcDbSpline
210
0.0
220
0.0
230
1.0
 70
  1064
 71
     3
 72
    16
 73
    12
 74
    10
 42
0.000000001
 43
0.0000000001
 44
0.0000000001
 40
0.0
 40
0.0
 40
0.0
 40
0.0
 40
0.124504237901007
 40
0.3226203018482838
 40
0.6520241798793172
 40
0.9698692271977085
 40
1.216475131467897
 40
1.717472985464564
 40
2.174244053158128
 40
2.6112390163592
 40
2.879925082048857
 40
2.879925082048857
 40
2.879925082048857
 40
2.879925082048857
 10
369.9140086011748
 20
42.97034319318504
 30
0.0
 10
369.9363419467712
 20
43.00532260909921
 30
0.0
 10
369.9942129945288
 20
43.09596265405642
 30
0.0
 10
370.1144687393565
 20
43.27705540695607
 30
0.0
 10
370.3114057092126
 20
43.48381569018593
 30
0.0
 10
370.58767961234
 20
43.61891120040902
 30
0.0
 10
370.9439004605373
 20
43.64380242582388
 30
0.0
 10
371.3467950139774
 20
43.67189003177184
 30
0.0
 10
371.8038544985592
 20
43.55910235026192
 30
0.0
 10
372.1457151737999
 20
43.34344089343112
 30
0.0
 10
372.2650576417408
 20
43.13834206037724
 30
0.0
 10
372.3104969505332
 20
43.06025125691974
 30
0.0
 11
369.9140086011748
 21
42.97034319318504
 31
0.0
 11
369.9812515833142
 21
43.0751271929575
 31
0.0
 11
370.0938653314334
 21
43.23812448903479
 31
0.0
 11
370.3268595566732
 21
43.47097767425413
 31
0.0
 11
370.6142188731326
 21
43.60680880967166
 31
0.0
 11
370.8588625883373
 21
43.63785594531676
 31
0.0
 11
371.3598003134287
 21
43.64561772922806
 31
0.0
 11
371.8024889792616
 21
43.53307194554431
 31
0.0
 11
372.1613945036117
 21
43.28377007540669
 31
0.0
 11
372.3104969505332
 21
43.06025125691974
 31
0.0
  0
TEXT
  5
6105
330
60B0
100
AcDbEntity
  8
Level 2
100
AcDbText
 10
356.1782298298564
 20
13.08884944367739
 30
0.0
 40
1.8
  1
SHEET NO.
  7
Style-Times New Roman
 72
     1
 11
362.9016532532798
 21
13.98884944367739
 31
0.0
100
AcDbText
 73
     2
  0
TEXT
  5
6106
330
60B0
100
AcDbEntity
  8
Level 2
100
AcDbText
 10
372.130565930415
 20
13.08884944367743
 30
0.0
 40
1.8
  1
CONT'D ON.
  7
Style-Times New Roman
 72
     1
 11
379.5359713358204
 21
13.98884944367743
 31
0.0
100
AcDbText
 73
     2
  0
HATCH
  5
6107
330
60B0
100
AcDbEntity
  8
0
 62
    40
420
 16690960
100
AcDbHatch
 10
0.0
 20
0.0
 30
0.0
210
0.0
220
0.0
230
1.0
  2
SOLID
 70
     1
 71
     0
 91
       20
 92
        5
 93
       10
 72
     1
 10
355.7192726615181
 20
35.56049351976164
 11
355.5853693125627
 21
35.56049351976164
 72
     1
 10
355.5853693125626
 20
35.56049351976164
 11
355.5853693125626
 21
35.44121718123936
 72
     1
 10
355.5853693125626
 20
35.44121718123935
 11
356.5634452486564
 21
35.44121718123935
 72
     4
 94
        3
 73
     0
 74
     0
 95
       12
 96
        8
 40
0.0
 40
0.0
 40
0.0
 40
0.0
 40
7.038235962197224
 40
16.5866908225151
 40
25.59287878947655
 40
32.3191743245206
 40
37.64881955024349
 40
37.64881955024349
 40
37.64881955024349
 40
37.64881955024349
 10
356.5634452486564
 20
35.44121718123935
 10
356.6243692103908
 20
35.44858036547265
 10
356.7679459421742
 20
35.46593284711767
 10
356.942905637841
 20
35.6166477976538
 10
357.0751560249508
 20
35.78295474546276
 10
357.2223675551201
 20
35.90220729508569
 10
357.2438440094753
 20
36.00618079824063
 10
357.2533382401366
 20
36.05214501585648
 97
        0
 72
     1
 10
357.2533382401366
 20
36.05214501585648
 11
357.2533382401366
 21
36.59907088842859
 72
     4
 94
        3
 73
     0
 74
     0
 95
       11
 96
        7
 40
0.0
 40
0.0
 40
0.0
 40
0.0
 40
3.169001298199137
 40
11.16914980521737
 40
17.90171653565312
 40
22.98337217041234
 40
22.98337217041234
 40
22.98337217041234
 40
22.98337217041234
 10
357.2533382401366
 20
36.59907088842859
 10
357.238094557364
 20
36.62150631029483
 10
357.1843681746813
 20
36.70057998814721
 10
357.0814449304595
 20
36.81945130198338
 10
356.9217772210504
 20
36.88936578528725
 10
356.82184057593
 20
36.90607511737028
 10
356.7788547915002
 20
36.91326230827524
 97
        0
 72
     1
 10
356.7788547915002
 20
36.91326230827524
 11
355.9113944904744
 21
36.91326230827524
 72
     1
 10
355.9113944904743
 20
36.91326230827524
 11
355.9113944904743
 21
36.77943999380663
 72
     1
 10
355.9113944904743
 20
36.77943999380663
 11
356.0365650473116
 21
36.77943999380663
 72
     1
 10
356.0365650473116
 20
36.77943999380663
 11
355.7192726615179
 21
35.56049351976163
 97
        0
 92
       20
 93
        5
 72
     4
 94
        3
 73
     0
 74
     0
 95
       12
 96
        8
 40
0.0
 40
0.0
 40
0.0
 40
0.0
 40
2.433286045061955
 40
6.983863781721716
 40
10.30051471541602
 40
13.39717731195318
 40
18.53127909483459
 40
18.53127909483459
 40
18.53127909483459
 40
18.53127909483459
 10
356.5314247426511
 20
36.76780321304956
 10
356.5493915863483
 20
36.77863546759085
 10
356.6009588853199
 20
36.80972551979357
 10
356.6983179853403
 20
36.80892450121581
 10
356.7775607963116
 20
36.74758415487241
 10
356.8055317405863
 20
36.64829028729329
 10
356.7983605097824
 20
36.57778097662879
 10
356.7938873129858
 20
36.53379940202589
 97
        0
 72
     1
 10
356.7938873129858
 20
36.53379940202589
 11
356.7938873129858
 21
36.19343186785311
 72
     4
 94
        3
 73
     0
 74
     0
 95
       12
 96
        8
 40
0.0
 40
0.0
 40
0.0
 40
0.0
 40
4.383243528627291
 40
10.00095155824886
 40
17.3587421366514
 40
25.76457522584375
 40
28.12003242644482
 40
28.12003242644482
 40
28.12003242644482
 40
28.12003242644482
 10
356.7938873129858
 20
36.19343186785308
 10
356.7839915679183
 20
36.15719020448917
 10
356.7614131128526
 20
36.07450004198147
 10
356.7281569233161
 20
35.92883489893084
 10
356.6377636707465
 20
35.76586793375641
 10
356.5324385901489
 20
35.65128633738655
 10
356.4733136405432
 20
35.58043970290484
 10
356.4603722288227
 20
35.56493262049796
 97
        0
 72
     1
 10
356.4603722288227
 20
35.56493262049796
 11
356.253896207804
 21
35.56493262049796
 72
     1
 10
356.2538962078039
 20
35.56493262049796
 11
356.531424742651
 21
36.76780321304958
 97
        0
 92
        5
 93
       24
 72
     4
 94
        3
 73
     0
 74
     0
 95
       18
 96
       14
 40
0.0
 40
0.0
 40
0.0
 40
0.0
 40
2.943375600510072
 40
10.69906504186809
 40
12.91934762851904
 40
16.72386718486475
 40
25.68460927578408
 40
26.70891343933143
 40
31.0172389675
 40
37.95012129363796
 40
40.0561012783813
 40
44.34298963317567
 40
46.60581013222648
 40
46.60581013222648
 40
46.60581013222648
 40
46.60581013222648
 10
358.0973579309883
 20
36.72514237890843
 10
358.1138769561264
 20
36.74493826040069
 10
358.1739230217221
 20
36.81689558165114
 10
358.3001400488658
 20
36.82029858704873
 10
358.4209515710198
 20
36.78506740578426
 10
358.4426508827717
 20
36.63862621985754
 10
358.4528674646008
 20
36.53023276334754
 10
358.535076201814
 20
36.42154740217113
 10
358.6359395495401
 20
36.56590367960276
 10
358.5737751314582
 20
36.68742035748355
 10
358.6851857304335
 20
36.74729663467454
 10
358.6915742360698
 20
36.84352658031193
 10
358.650543505122
 20
36.88300727733785
 10
358.6363680385247
 20
36.89664723180616
 97
        0
 72
     1
 10
358.6363680385247
 20
36.89664723180616
 11
357.5587807613582
 21
36.90141247326693
 72
     1
 10
357.5587807613582
 20
36.9014124732669
 11
357.4949670819841
 21
36.81794054099775
 72
     1
 10
357.494967081984
 20
36.81794054099777
 11
357.494967081984
 21
36.79870770364257
 72
     1
 10
357.494967081984
 20
36.79870770364256
 11
357.6348583323539
 21
36.79870770364256
 72
     1
 10
357.634858332354
 20
36.79870770364256
 11
357.634858332354
 21
36.68848957501721
 72
     1
 10
357.634858332354
 20
36.68848957501724
 11
357.5771254992425
 21
36.67739381588963
 72
     1
 10
357.5771254992425
 20
36.6773938158896
 11
357.3376991686395
 21
35.56589941851107
 72
     1
 10
357.3376991686393
 20
35.56589941851105
 11
357.1479508533535
 21
35.56589941851105
 72
     1
 10
357.1479508533536
 20
35.56589941851105
 11
357.1479508533536
 21
35.4297522719944
 72
     1
 10
357.1479508533536
 20
35.42975227199443
 11
358.2913052611351
 21
35.42975227199443
 72
     1
 10
358.2913052611351
 20
35.42975227199443
 11
358.4421306077919
 21
35.86736786285594
 72
     1
 10
358.4421306077919
 20
35.86736786285593
 11
358.3399588713319
 21
35.86736786285593
 72
     1
 10
358.339958871332
 20
35.86736786285593
 11
358.1015569458494
 21
35.56103686622314
 72
     1
 10
358.1015569458494
 20
35.56103686622313
 11
357.7901756109684
 21
35.56103686622313
 72
     1
 10
357.7901756109683
 20
35.56103686622313
 11
357.9397450239043
 21
36.09740330038036
 72
     1
 10
357.9397450239044
 20
36.09740330038035
 11
358.0385479837733
 21
36.09740330038035
 72
     1
 10
358.0385479837734
 20
36.09740330038035
 11
358.0997584026883
 21
35.89519660064933
 72
     1
 10
358.0997584026882
 20
35.89519660064934
 11
358.2413830141181
 21
35.89519660064934
 72
     1
 10
358.2413830141181
 20
35.89519660064934
 11
358.3207052052596
 21
36.42576644946627
 72
     1
 10
358.3207052052596
 20
36.42576644946627
 11
358.2186875721622
 21
36.42576644946627
 72
     1
 10
358.218687572162
 20
36.42576644946627
 11
358.0926660267821
 21
36.22065515295742
 72
     1
 10
358.0926660267821
 20
36.22065515295742
 11
357.9714450224434
 21
36.22065515295742
 72
     1
 10
357.9714450224436
 20
36.22065515295742
 11
358.0973579309883
 21
36.72514237890844
 97
        0
 92
        5
 93
        3
 72
     4
 94
        3
 73
     0
 74
     0
 95
       39
 96
       35
 40
0.0
 40
0.0
 40
0.0
 40
0.0
 40
4.975337877767562
 40
13.16149014887985
 40
27.06191798418168
 40
29.71143134359072
 40
35.36917680421846
 40
41.33234182366767
 40
46.54566203726414
 40
51.7984864194431
 40
56.06812734315643
 40
63.38319797995123
 40
71.97636212644699
 40
78.91857433183341
 40
89.37425982924098
 40
91.41049963290547
 40
95.40939889006847
 40
102.3826863706262
 40
105.6027922004132
 40
111.0018157047193
 40
114.0646327632189
 40
117.1043992017596
 40
120.2815465159343
 40
122.4450935714704
 40
126.8263531220791
 40
130.0857965862191
 40
135.1072922992971
 40
136.8450622533474
 40
145.5124754836541
 40
149.1488248125044
 40
155.4362478631067
 40
163.3184290114929
 40
167.4225417567058
 40
168.7356212459411
 40
168.7356212459411
 40
168.7356212459411
 40
168.7356212459411
 10
359.1696618367347
 20
36.89476627661982
 10
359.1339561376212
 20
36.87163333890589
 10
359.0395022093277
 20
36.81043871467807
 10
358.8539112995825
 20
36.66202118095481
 10
358.8323038360489
 20
36.40045242093665
 10
358.9367550319017
 20
36.2409819890609
 10
359.0105706968997
 20
36.14322140063828
 10
359.0905064250337
 20
36.0234204113346
 10
359.2019045584834
 20
35.92856506141736
 10
359.2317995454259
 20
35.80390424677664
 10
359.3168721259339
 20
35.67328907643503
 10
359.1690659679163
 20
35.49364826898758
 10
358.9683184654027
 20
35.53693291746629
 10
358.7332898483934
 20
35.63631113723466
 10
358.7937749488334
 20
35.83013620682047
 10
358.7641750529812
 20
35.98313251993783
 10
358.5814476952251
 20
35.95950846275086
 10
358.7081114399613
 20
35.78286085721369
 10
358.5697703668231
 20
35.69951480127986
 10
358.6245885728245
 20
35.57692619251772
 10
358.5252752205998
 20
35.50485083196462
 10
358.5848479292548
 20
35.41796402292516
 10
358.6817690334994
 20
35.42769044205087
 10
358.6861699027646
 20
35.53080393469421
 10
358.8142632627756
 20
35.50720609909098
 10
358.8673114042011
 20
35.40406864803855
 10
358.9859268720859
 20
35.45108439961949
 10
359.0575597247862
 20
35.32757515092203
 10
359.2275364151807
 20
35.3386346775348
 10
359.3369059621632
 20
35.46623003470712
 10
359.5227163731817
 20
35.38645189718898
 10
359.6023909768477
 20
35.56214310786362
 10
359.7222665331459
 20
35.60414254974634
 10
359.7437859723658
 20
35.63730343397775
 10
359.7477121166785
 20
35.64613147860588
 97
        0
 72
     1
 10
359.7477121166785
 20
35.64613147860588
 11
359.7448684123304
 21
36.06416452447785
 72
     4
 94
        3
 73
     0
 74
     0
 95
       37
 96
       33
 40
184.6382205080574
 40
184.6382205080574
 40
184.6382205080574
 40
184.6382205080574
 40
191.4941195599351
 40
197.0563632799045
 40
203.1925893204772
 40
206.7938763529182
 40
210.8878485420901
 40
217.1031995847174
 40
222.4764110285656
 40
228.3270716542605
 40
232.7352090525767
 40
239.0128267649239
 40
242.0406317032101
 40
244.2217362809687
 40
246.6238689460963
 40
250.5868867748428
 40
253.3240169201048
 40
258.5928274030146
 40
260.9026669012714
 40
262.710257257265
 40
265.1137175019146
 40
267.5750000339482
 40
270.020579935548
 40
272.5276972351023
 40
274.3348126745909
 40
275.2800799378053
 40
277.8160832458647
 40
280.2080529316564
 40
282.0696117661116
 40
288.6985483986489
 40
294.8948514160863
 40
301.9542415605305
 40
301.9542415605305
 40
301.9542415605305
 40
301.9542415605305
 10
359.7448684123303
 20
36.06416452447787
 10
359.7227564462324
 20
36.11190912890866
 10
359.6173257863387
 20
36.17672732548849
 10
359.5410670860856
 20
36.31568237562468
 10
359.4193493906214
 20
36.38515255009342
 10
359.3755019813384
 20
36.49966787731377
 10
359.3377749580832
 20
36.6079730002901
 10
359.3570887448348
 20
36.77695526035856
 10
359.5241893033557
 20
36.78737126760507
 10
359.6730590977182
 20
36.80193282528963
 10
359.7418778551529
 20
36.65253635423332
 10
359.7430908833392
 20
36.55142311876843
 10
359.72046326397
 20
36.42247913841945
 10
359.7999325982985
 20
36.42573054839509
 10
359.8793359009924
 20
36.44480280200277
 10
359.8572870180269
 20
36.54639244687262
 10
359.9396891863958
 20
36.62333878511191
 10
359.875643593655
 20
36.7299089555211
 10
359.9371816810465
 20
36.79010443217567
 10
359.9870483840709
 20
36.82489490238569
 10
359.9630651551545
 20
36.89545768982863
 10
359.9032731341864
 20
36.91536917003455
 10
359.8240138300052
 20
36.91153274965589
 10
359.8278927652059
 20
36.84028918472569
 10
359.8309730104033
 20
36.79506294977475
 10
359.7844350343771
 20
36.75977442451185
 10
359.7781079927931
 20
36.84892300151259
 10
359.7114315032934
 20
36.85129452635945
 10
359.657312476799
 20
36.93718402945669
 10
359.5068502578662
 20
36.90635179879155
 10
359.3442429028232
 20
36.92235099174125
 10
359.2303278866233
 20
36.9043518275688
 10
359.1696618367347
 20
36.89476627661982
 97
        0
 97
        0
 92
        5
 93
       11
 72
     1
 10
360.7402016292446
 20
36.79213972098798
 11
360.8628457761247
 21
36.79213972098798
 72
     4
 94
        3
 73
     0
 74
     0
 95
       10
 96
        6
 40
0.0
 40
0.0
 40
0.0
 40
0.0
 40
2.578404778885379
 40
4.635259780708902
 40
5.605076057552369
 40
5.605076057552369
 40
5.605076057552369
 40
5.605076057552369
 10
360.8628457761247
 20
36.79213972098798
 10
360.8691475301603
 20
36.81191086025193
 10
360.880476343723
 20
36.84745390896155
 10
360.8739619130334
 20
36.91224441712649
 10
360.8453931164435
 20
36.91005888027763
 10
360.8362390057417
 20
36.90935858314774
 97
        0
 72
     1
 10
360.8362390057417
 20
36.90935858314774
 11
360.1645861388972
 21
36.90170357545124
 72
     4
 94
        3
 73
     0
 74
     0
 95
       13
 96
        9
 40
0.0
 40
0.0
 40
0.0
 40
0.0
 40
2.836177710797525
 40
4.682046450161746
 40
6.324031261248715
 40
9.698477650204874
 40
11.6264968483628
 40
13.65432607932607
 40
13.65432607932607
 40
13.65432607932607
 40
13.65432607932607
 10
360.1645861388971
 20
36.90170357545121
 10
360.139964100597
 20
36.89641397289476
 10
360.0993173080565
 20
36.88768173979885
 10
360.0657013878611
 20
36.83773102910739
 10
360.0886705759426
 20
36.76976218949004
 10
360.1634219835883
 20
36.79540499387805
 10
360.2241197038812
 20
36.79552878353763
 10
360.2567259717737
 20
36.7843366720009
 10
360.2734404501795
 20
36.77859942211958
 97
        0
 72
     1
 10
360.2734404501795
 20
36.77859942211958
 11
359.9283006199084
 21
35.56342778992511
 72
     1
 10
359.9283006199083
 20
35.56342778992511
 11
359.7642823355093
 21
35.56342778992511
 72
     4
 94
        3
 73
     0
 74
     0
 95
        9
 96
        5
 40
0.0
 40
0.0
 40
0.0
 40
0.0
 40
2.665410540722595
 40
5.496827568921974
 40
5.496827568921974
 40
5.496827568921974
 40
5.496827568921974
 10
359.7642823355094
 20
35.56342778992511
 10
359.7558962321884
 20
35.54151034693237
 10
359.7386017241844
 20
35.49631040379336
 10
359.7512334033179
 20
35.44949569035113
 10
359.7577399838765
 20
35.42538142168462
 97
        0
 72
     1
 10
359.7577399838765
 20
35.42538142168462
 11
360.5352582395789
 21
35.43151798193487
 72
     4
 94
        3
 73
     0
 74
     0
 95
        9
 96
        5
 40
0.0
 40
0.0
 40
0.0
 40
0.0
 40
2.395311790200302
 40
5.037192512954958
 40
5.037192512954958
 40
5.037192512954958
 40
5.037192512954958
 10
360.5352582395788
 20
35.43151798193486
 10
360.538119165078
 20
35.45206652145556
 10
360.5441355144166
 20
35.49527882886757
 10
360.5332084161223
 20
35.53757299410375
 10
360.5274774280243
 20
35.55975521952693
 97
        0
 72
     1
 10
360.5274774280243
 20
35.55975521952693
 11
360.345730014474
 21
35.55623642016278
 72
     1
 10
360.3457300144739
 20
35.55623642016275
 11
360.7402016292444
 21
36.79213972098792
 97
        0
 92
        5
 93
       20
 72
     4
 94
        3
 73
     0
 74
     0
 95
       14
 96
       10
 40
0.0
 40
0.0
 40
0.0
 40
0.0
 40
1.53644587687779
 40
2.788168422566353
 40
3.871349082681839
 40
5.514282684731738
 40
7.354603107212625
 40
10.60042586025683
 40
13.05986295915905
 40
13.05986295915905
 40
13.05986295915905
 40
13.05986295915905
 10
361.3898977846126
 20
36.06319776559121
 10
361.3940246290533
 20
36.07520980111534
 10
361.4015135601817
 20
36.09700788632166
 10
361.422459392511
 20
36.13029308843461
 10
361.4632170387617
 20
36.11492200435023
 10
361.4630229820964
 20
36.07061940999986
 10
361.5036328147129
 20
36.02623020154124
 10
361.5048636243619
 20
35.95763298063798
 10
361.5086863009813
 20
35.90934122723911
 10
361.5103341895857
 20
35.88852350237427
 97
        0
 72
     1
 10
361.5103341895857
 20
35.88852350237427
 11
361.5103341895857
 21
35.513799434136
 72
     4
 94
        3
 73
     0
 74
     0
 95
       12
 96
        8
 40
0.0
 40
0.0
 40
0.0
 40
0.0
 40
2.142590185632005
 40
6.101614228265412
 40
9.94198904289569
 40
16.57072327622808
 40
22.60219845675292
 40
22.60219845675292
 40
22.60219845675292
 40
22.60219845675292
 10
361.5103341895857
 20
35.51379943413602
 10
361.5219160076837
 20
35.4994228416772
 10
361.5548984168116
 20
35.45848154469527
 10
361.6348497309218
 20
35.41859513254849
 10
361.7569975622295
 20
35.40480294441409
 10
361.8990506747729
 20
35.36220801128721
 10
362.0018607293376
 20
35.40622572158196
 10
362.0508406689378
 20
35.42719628521701
 97
        0
 72
     1
 10
362.0508406689378
 20
35.42719628521701
 11
362.1519018955266
 21
35.69309313863241
 72
     4
 94
        3
 73
     0
 74
     0
 95
       10
 96
        6
 40
0.0
 40
0.0
 40
0.0
 40
0.0
 40
1.457084711059906
 40
4.575015369603927
 40
8.439291186782286
 40
8.439291186782286
 40
8.439291186782286
 40
8.439291186782286
 10
362.1519018955265
 20
35.69309313863241
 10
362.1542613224618
 20
35.70765048349125
 10
362.1616695495957
 20
35.75335824225388
 10
362.0466119515931
 20
35.72515334493485
 10
362.0290574788013
 20
35.66828362093875
 10
362.0193420221
 20
35.636809286868
 97
        0
 72
     1
 10
362.0193420221
 20
35.636809286868
 11
362.0025013008457
 21
35.53342334145357
 72
     1
 10
362.0025013008458
 20
35.53342334145357
 11
361.9455465894611
 21
35.54270079608921
 72
     1
 10
361.9455465894612
 20
35.54270079608921
 11
361.9455465894612
 21
36.03111840451676
 72
     4
 94
        3
 73
     0
 74
     0
 95
       20
 96
       16
 40
0.0
 40
0.0
 40
0.0
 40
0.0
 40
3.599307406633913
 40
7.381750618250875
 40
9.906881759407543
 40
13.75922142670494
 40
20.35353773205363
 40
24.99456971993821
 40
29.7183263892544
 40
36.67467300210211
 40
40.48717516818013
 40
45.0231924793462
 40
48.84333606594855
 40
55.10309822251839
 40
59.40585168406594
 40
59.40585168406594
 40
59.40585168406594
 40
59.40585168406594
 10
361.9455465894612
 20
36.03111840451677
 10
361.9298324981897
 20
36.06198142925619
 10
361.8976047693924
 20
36.12527781553638
 10
361.7765313774172
 20
36.08116247175559
 10
361.7742975598451
 20
36.21377526256632
 10
361.919245985351
 20
36.17206051881531
 10
362.0454771082226
 20
36.21833727063348
 10
362.1129680155991
 20
36.34303651948684
 10
362.1858861050613
 20
36.46266025410777
 10
362.1949983389705
 20
36.60195110294785
 10
362.1730026480586
 20
36.72992907149998
 10
362.1167763824568
 20
36.82947878583424
 10
361.9901449594033
 20
36.86090560155748
 10
361.8735918897877
 20
36.90067928616193
 10
361.7822573955299
 20
36.89836640195399
 10
361.7450513145606
 20
36.89742422388848
 97
        0
 72
     1
 10
361.7450513145606
 20
36.89742422388848
 11
360.9583616958126
 21
36.90223280686099
 72
     1
 10
360.9583616958128
 20
36.90223280686099
 11
360.9577584533556
 21
36.80354165785152
 72
     1
 10
360.9577584533555
 20
36.80354165785154
 11
361.0765147154526
 21
36.78608137473018
 72
     1
 10
361.0765147154527
 20
36.78608137473016
 11
361.0718779343816
 21
36.52426626215342
 72
     1
 10
361.0718779343815
 20
36.52426626215345
 11
360.7751291764889
 21
35.55578158337855
 72
     1
 10
360.7751291764889
 20
35.55578158337852
 11
360.6197994247565
 21
35.55578158337852
 72
     4
 94
        3
 73
     0
 74
     0
 95
       10
 96
        6
 40
0.0
 40
0.0
 40
0.0
 40
0.0
 40
2.141273632102944
 40
5.168887814813841
 40
6.432647450169618
 40
6.432647450169618
 40
6.432647450169618
 40
6.432647450169618
 10
360.6197994247566
 20
35.55578158337852
 10
360.6115178964861
 20
35.54040845598544
 10
360.5915268547417
 20
35.50329877991878
 10
360.5895831122914
 20
35.42433614292911
 10
360.6298721657593
 20
35.42277477337244
 10
360.6417368230178
 20
35.42231496821329
 97
        0
 72
     1
 10
360.6417368230178
 20
35.42231496821329
 11
361.3890854225002
 21
35.42231496821329
 72
     4
 94
        3
 73
     0
 74
     0
 95
       11
 96
        7
 40
0.0
 40
0.0
 40
0.0
 40
0.0
 40
1.819319065772123
 40
4.202405752115506
 40
6.647556057325886
 40
7.495335219315706
 40
7.495335219315706
 40
7.495335219315706
 40
7.495335219315706
 10
361.3890854225001
 20
35.42231496821329
 10
361.3994978815754
 20
35.43426920451168
 10
361.4235493955372
 20
35.46188203632752
 10
361.4311146959419
 20
35.52174893131625
 10
361.3964745564757
 20
35.57255815190879
 10
361.3674724703756
 20
35.56979103320664
 10
361.3600057558604
 20
35.56907862633676
 97
        0
 72
     1
 10
361.3600057558604
 20
35.56907862633676
 11
361.2640428157132
 21
35.56907862633676
 72
     1
 10
361.2640428157133
 20
35.56907862633676
 11
361.3898977846125
 21
36.0631977655912
 97
        0
 92
       20
 93
        1
 72
     4
 94
        3
 73
     0
 74
     0
 95
       20
 96
       16
 40
0.0
 40
0.0
 40
0.0
 40
0.0
 40
3.897100318333529
 40
10.11719856825387
 40
16.95782221220086
 40
20.9208471106902
 40
23.1786511001976
 40
26.09069753989797
 40
29.96003142290883
 40
34.86100686983462
 40
39.72427758942766
 40
45.09041175237481
 40
48.52682573270744
 40
51.64891697936788
 40
53.02148737495548
 40
53.02148737495548
 40
53.02148737495548
 40
53.02148737495548
 10
361.5715490344458
 20
36.7544925532179
 10
361.5533007181713
 20
36.72620691841382
 10
361.5059265619515
 20
36.65277504328459
 10
361.4902733630051
 20
36.50086083767526
 10
361.4621712514073
 20
36.37276529812037
 10
361.4423625542391
 20
36.23307993839177
 10
361.5388473048514
 20
36.21256365305264
 10
361.5895648887536
 20
36.28274455522788
 10
361.6373282063876
 20
36.36594806749746
 10
361.7283585092162
 20
36.45280474298892
 10
361.7316207639593
 20
36.5829246801501
 10
361.7685774606146
 20
36.71586295503751
 10
361.6788516772672
 20
36.775679889494
 10
361.5962697473872
 20
36.80300388269171
 10
361.5773321564567
 20
36.76584121205003
 10
361.5715490344458
 20
36.7544925532179
 97
        0
 97
        0
 92
        5
 93
       24
 72
     1
 10
362.3295746230383
 20
35.57947577343391
 11
362.1398263077525
 21
35.57947577343391
 72
     1
 10
362.1398263077524
 20
35.57947577343391
 11
362.1398263077524
 21
35.44332862691726
 72
     1
 10
362.1398263077524
 20
35.44332862691728
 11
363.2831807155339
 21
35.44332862691728
 72
     1
 10
363.2831807155341
 20
35.44332862691728
 11
363.4340060621908
 21
35.88094421777879
 72
     1
 10
363.4340060621909
 20
35.88094421777879
 11
363.3318343257309
 21
35.88094421777879
 72
     1
 10
363.3318343257307
 20
35.88094421777879
 11
363.0934324002481
 21
35.574613221146
 72
     1
 10
363.0934324002482
 20
35.57461322114601
 11
362.7820510653671
 21
35.57461322114601
 72
     1
 10
362.7820510653671
 20
35.57461322114601
 11
362.9316204783032
 21
36.11097965530323
 72
     1
 10
362.9316204783031
 20
36.11097965530323
 11
363.030423438172
 21
36.11097965530323
 72
     1
 10
363.0304234381722
 20
36.11097965530323
 11
363.0916338570872
 21
35.90877295557221
 72
     1
 10
363.0916338570871
 20
35.90877295557222
 11
363.233258468517
 21
35.90877295557222
 72
     1
 10
363.2332584685169
 20
35.90877295557222
 11
363.3125806596584
 21
36.43934280438915
 72
     1
 10
363.3125806596582
 20
36.43934280438913
 11
363.2105630265608
 21
36.43934280438913
 72
     1
 10
363.210563026561
 20
36.43934280438913
 11
363.084541481181
 21
36.23423150788028
 72
     1
 10
363.0845414811811
 20
36.2342315078803
 11
362.9633204768424
 21
36.2342315078803
 72
     1
 10
362.9633204768423
 20
36.2342315078803
 11
363.089233385387
 21
36.73871873383132
 72
     4
 94
        3
 73
     0
 74
     0
 95
       18
 96
       14
 40
0.0
 40
0.0
 40
0.0
 40
0.0
 40
2.943375600510072
 40
10.69906504186809
 40
12.91934762851904
 40
16.72386718486475
 40
25.68460927578408
 40
26.70891343933143
 40
31.0172389675
 40
37.95012129363796
 40
40.0561012783813
 40
44.34298963317567
 40
46.60581013222648
 40
46.60581013222648
 40
46.60581013222648
 40
46.60581013222648
 10
363.089233385387
 20
36.73871873383131
 10
363.1057524105253
 20
36.75851461532356
 10
363.165798476121
 20
36.83047193657403
 10
363.2920155032648
 20
36.83387494197159
 10
363.4128270254186
 20
36.79864376070712
 10
363.4345263371705
 20
36.65220257478039
 10
363.4447429189996
 20
36.5438091182704
 10
363.5269516562129
 20
36.435123757094
 10
363.627815003939
 20
36.57948003452566
 10
363.565650585857
 20
36.70099671240642
 10
363.6770611848325
 20
36.7608729895974
 10
363.6834496904685
 20
36.85710293523479
 10
363.6424189595208
 20
36.89658363226071
 10
363.6282434929235
 20
36.910223586729
 97
        0
 72
     1
 10
363.6282434929235
 20
36.910223586729
 11
362.550656215757
 21
36.91498882818978
 72
     1
 10
362.5506562157569
 20
36.91498882818978
 11
362.4868425363828
 21
36.83151689592063
 72
     1
 10
362.4868425363829
 20
36.83151689592064
 11
362.4868425363829
 21
36.81228405856545
 72
     1
 10
362.4868425363829
 20
36.81228405856542
 11
362.6267337867529
 21
36.81228405856542
 72
     1
 10
362.6267337867529
 20
36.81228405856542
 11
362.6267337867529
 21
36.70206592994008
 72
     1
 10
362.6267337867529
 20
36.7020659299401
 11
362.5690009536413
 21
36.69097017081249
 72
     1
 10
362.5690009536412
 20
36.69097017081246
 11
362.3295746230382
 21
35.57947577343393
 97
        0
 92
        5
 93
       16
 72
     1
 10
365.1847111940427
 20
36.72674219547636
 11
365.4465476943195
 21
36.73451709808276
 72
     4
 94
        3
 73
     0
 74
     0
 95
       19
 96
       15
 40
0.0
 40
0.0
 40
0.0
 40
0.0
 40
4.85822884869962
 40
10.02550822184664
 40
13.54437273613741
 40
19.35520814242958
 40
23.40791773673516
 40
26.80478319204192
 40
31.35895340493047
 40
36.30476683103981
 40
40.71874682982387
 40
46.64833818602663
 40
52.13755549066342
 40
54.67973810318985
 40
54.67973810318985
 40
54.67973810318985
 40
54.67973810318985
 10
365.4465476943195
 20
36.73451709808279
 10
365.4852331261324
 20
36.75044563027537
 10
365.5650649180842
 20
36.78331596953522
 10
365.6661925159792
 20
36.83590530650834
 10
365.77190314014
 20
36.91760935258755
 10
365.7527597833167
 20
37.04680221146663
 10
365.7398926503441
 20
37.15743638419433
 10
365.6715474248855
 20
37.24710932820255
 10
365.5528249017306
 20
37.2525477955116
 10
365.4357173074951
 20
37.25086567354229
 10
365.3101668617833
 20
37.16497332541394
 10
365.3389814576136
 20
37.02607624831992
 10
365.3722109359755
 20
36.87090101188704
 10
365.2965305923598
 20
36.85825785593785
 10
365.2725754593027
 20
36.85425591212318
 97
        0
 72
     1
 10
365.2725754593027
 20
36.85425591212318
 11
364.616027136142
 21
36.83659134004381
 72
     1
 10
364.6160271361421
 20
36.83659134004381
 11
364.6160271361421
 21
36.88211952239733
 72
     4
 94
        3
 73
     0
 74
     0
 95
       11
 96
        7
 40
0.0
 40
0.0
 40
0.0
 40
0.0
 40
0.1273258152675165
 40
1.951455050027322
 40
4.085144938261828
 40
4.670425552048911
 40
4.670425552048911
 40
4.670425552048911
 40
4.670425552048911
 10
364.6160271361421
 20
36.88211952239732
 10
364.6109764681049
 20
36.9016539431336
 10
364.592569307708
 20
36.91425883872246
 10
364.5660575798341
 20
36.9245316551156
 10
364.5195744660863
 20
36.91280298890118
 10
364.5091548121184
 20
36.89120126423339
 10
364.506911896476
 20
36.88655131651862
 97
        0
 72
     1
 10
364.506911896476
 20
36.88655131651862
 11
364.506911896476
 21
36.84411632320504
 72
     1
 10
364.506911896476
 20
36.84411632320504
 11
364.2956752151813
 21
36.84411632320504
 72
     4
 94
        3
 73
     0
 74
     0
 95
       25
 96
       21
 40
0.0
 40
0.0
 40
0.0
 40
0.0
 40
1.996442560057973
 40
2.74280576776576
 40
4.279887326841603
 40
5.380493364034853
 40
7.86604057555604
 40
10.55371117923951
 40
18.16503680956007
 40
20.85304336675308
 40
23.84446317161123
 40
28.12512996754667
 40
32.58417729888204
 40
36.04457137196812
 40
39.11617400800171
 40
42.91254194763064
 40
46.04370246877627
 40
47.60526007751058
 40
49.34701600372942
 40
50.48628861781766
 40
50.48628861781766
 40
50.48628861781766
 40
50.48628861781766
 10
364.2956752151814
 20
36.84411632320504
 10
364.2790590002373
 20
36.84514986322237
 10
364.2562308702934
 20
36.84656978863245
 10
364.2162062845024
 20
36.83582796197535
 10
364.2287107300413
 20
36.78864019561864
 10
364.1716351324017
 20
36.79811746672195
 10
364.1393395123836
 20
36.74655074492064
 10
364.0870636045461
 20
36.65296090550729
 10
364.0941709696077
 20
36.53151542180947
 10
364.1365289748177
 20
36.42211698625979
 10
364.2156226622283
 20
36.37777163838825
 10
364.3141892785885
 20
36.36072740953855
 10
364.4233786113551
 20
36.36704713766088
 10
364.5009894936206
 20
36.42743369375761
 10
364.5439544172951
 20
36.50896303156033
 10
364.5314824085948
 20
36.59899467414559
 10
364.5352938859858
 20
36.66500632826471
 10
364.5365910912464
 20
36.73277875534778
 10
364.4723564826095
 20
36.72577796547729
 10
364.4849909243683
 20
36.75421546631831
 10
364.4899870822642
 20
36.76546077870174
 97
        0
 72
     1
 10
364.4899870822642
 20
36.76546077870174
 11
364.7378520808128
 21
36.76546077870174
 72
     1
 10
364.7378520808129
 20
36.76546077870174
 11
364.3987623175678
 21
35.54817190990699
 72
     1
 10
364.3987623175677
 20
35.54817190990698
 11
364.2861807581406
 21
35.54817190990698
 72
     4
 94
        3
 73
     0
 74
     0
 95
       12
 96
        8
 40
0.0
 40
0.0
 40
0.0
 40
0.0
 40
2.234661726522972
 40
4.097004968802111
 40
6.605014603364106
 40
8.5451539098218
 40
9.429089967606412
 40
9.429089967606412
 40
9.429089967606412
 40
9.429089967606412
 10
364.2861807581407
 20
35.54817190990698
 10
364.2648720709011
 20
35.55269044722947
 10
364.225804951049
 20
35.56097468535025
 10
364.1977070261946
 20
35.50087273134905
 10
364.2071733157965
 20
35.44162286322648
 10
364.2548465282874
 20
35.41848259868183
 10
364.278711132927
 20
35.42344772458972
 10
364.2861807581407
 20
35.42500180982306
 97
        0
 72
     1
 10
364.2861807581407
 20
35.42500180982306
 11
365.0677845635651
 21
35.42500180982306
 72
     4
 94
        3
 73
     0
 74
     0
 95
       12
 96
        8
 40
0.0
 40
0.0
 40
0.0
 40
0.0
 40
1.17324267211467
 40
2.700220433840467
 40
4.09461645356116
 40
5.884060630923544
 40
7.367596418831167
 40
7.367596418831167
 40
7.367596418831167
 40
7.367596418831167
 10
365.0677845635651
 20
35.42500180982306
 10
365.0771814431483
 20
35.43003513499718
 10
365.0988083809231
 20
35.4416193432845
 10
365.1000689231686
 20
35.48208195873015
 10
365.0927840688637
 20
35.51852876629991
 10
365.1088092219014
 20
35.5700214373128
 10
365.0751398527607
 20
35.5730897657705
 10
365.0598786184706
 20
35.57448053965983
 97
        0
 72
     1
 10
365.0598786184706
 20
35.57448053965983
 11
364.9165721478879
 21
35.57448053965983
 72
     1
 10
364.916572147888
 20
35.57448053965983
 11
365.1847111940428
 21
36.72674219547635
 97
        0
 92
        5
 93
        3
 72
     4
 94
        3
 73
     0
 74
     0
 95
       18
 96
       14
 40
0.0
 40
0.0
 40
0.0
 40
0.0
 40
12.10844353967097
 40
27.11069820073643
 40
36.21672451560478
 40
44.32871363604171
 40
54.03233992750457
 40
62.94795298276612
 40
69.42521231602865
 40
75.54676437993534
 40
80.96382999840654
 40
82.56193470537724
 40
82.90856441652767
 40
82.90856441652767
 40
82.90856441652767
 40
82.90856441652767
 10
366.1288493851688
 20
35.36728038155586
 10
366.2293014933665
 20
35.39424304649972
 10
366.4542128769028
 20
35.45461221530223
 10
366.7156688930039
 20
35.65287917835592
 10
366.8382220692365
 20
35.90150319504986
 10
366.9632249717706
 20
36.09965391869912
 10
366.9858123125426
 20
36.33215710322109
 10
366.9942306827834
 20
36.55008207058458
 10
366.9300695934753
 20
36.72426542742814
 10
366.8171463360204
 20
36.85168253498996
 10
366.6841537704636
 20
36.82940085089416
 10
366.6431663340162
 20
36.88232103134885
 10
366.6359175051904
 20
36.89729441482075
 10
366.6346254730144
 20
36.89996327260383
 97
        0
 72
     1
 10
366.6346254730144
 20
36.89996327260383
 11
366.0860066385809
 21
36.89996327260383
 72
     4
 94
        3
 73
     0
 74
     0
 95
       17
 96
       13
 40
0.0
 40
0.0
 40
0.0
 40
0.0
 40
6.318614241249468
 40
16.98765761726311
 40
25.59649108231789
 40
34.19239953474133
 40
41.2826545436381
 40
53.14126371935544
 40
62.74089100133267
 40
72.8873907928814
 40
82.30562549943838
 40
90.27567783523722
 40
90.27567783523722
 40
90.27567783523722
 40
90.27567783523722
 10
366.086006638581
 20
36.89996327260383
 10
366.0385840761378
 20
36.87406918948759
 10
365.911088042457
 20
36.80445268791041
 10
365.7257786776673
 20
36.67702713499878
 10
365.5997366165977
 20
36.47200875037161
 10
365.438180663028
 20
36.32906684809691
 10
365.3877263017547
 20
36.08853362289669
 10
365.3841670146311
 20
35.85175830972835
 10
365.443469231803
 20
35.55716537608458
 10
365.701296089185
 20
35.4708668422592
 10
365.9062134526702
 20
35.34571557321804
 10
366.0588755589106
 20
35.36050262499613
 10
366.1288493851688
 20
35.36728038155586
 97
        0
 97
        0
 92
       20
 93
        1
 72
     4
 94
        3
 73
     0
 74
     0
 95
       23
 96
       19
 40
0.0
 40
0.0
 40
0.0
 40
0.0
 40
4.997193296683242
 40
14.2369070464276
 40
20.93291129119077
 40
28.79635840146631
 40
38.79386569314215
 40
50.66116646374063
 40
55.89752350709479
 40
60.02606792704348
 40
65.01745465333778
 40
75.10521926858087
 40
84.23098495598165
 40
94.71547473172781
 40
106.6477438479381
 40
112.2720914042117
 40
118.8524504411446
 40
120.2995038712086
 40
120.2995038712086
 40
120.2995038712086
 40
120.2995038712086
 10
366.2888698340312
 20
36.8007895907416
 10
366.2495923778336
 20
36.78265058384959
 10
366.1376916648317
 20
36.73097290405929
 10
366.031417090102
 20
36.571745036979
 10
365.9760753079131
 20
36.37686796615924
 10
365.8949500779769
 20
36.17944728390887
 10
365.8857578869928
 20
35.92486262740537
 10
365.8554806251616
 20
35.68353836165301
 10
365.9566696305403
 20
35.51985567628114
 10
366.0928937452205
 20
35.47830920840931
 10
366.214661810954
 20
35.61657448528872
 10
366.3319046677328
 20
35.77610392052576
 10
366.4527666298571
 20
36.00751231501586
 10
366.4792984554846
 20
36.28139896664629
 10
366.4520729232833
 20
36.52050809413572
 10
366.4919286029041
 20
36.72849305978912
 10
366.3612952359335
 20
36.84264205922869
 10
366.2999315051993
 20
36.80718179888706
 10
366.2888698340312
 20
36.8007895907416
 97
        0
 97
        0
 92
        5
 93
        7
 72
     1
 10
367.4669192257581
 20
35.55878659486005
 11
367.3130194566643
 21
35.55878659486005
 72
     4
 94
        3
 73
     0
 74
     0
 95
       10
 96
        6
 40
0.0
 40
0.0
 40
0.0
 40
0.0
 40
2.42030167521729
 40
5.757382396812165
 40
8.997748104620051
 40
8.997748104620051
 40
8.997748104620051
 40
8.997748104620051
 10
367.3130194566645
 20
35.55878659486005
 10
367.2989897059904
 20
35.54359686155118
 10
367.2656159161075
 20
35.50746371994313
 10
367.2687474832619
 20
35.40370154958316
 10
367.3343487907068
 20
35.40476376815883
 10
367.3666671424127
 20
35.40528706799617
 97
        0
 72
     1
 10
367.3666671424121
 20
35.40528706799617
 11
368.3344189579316
 21
35.40528706799617
 72
     4
 94
        3
 73
     0
 74
     0
 95
       17
 96
       13
 40
0.0
 40
0.0
 40
0.0
 40
0.0
 40
7.411537561421778
 40
21.18875683970202
 40
28.18719175750741
 40
38.0428680553232
 40
46.95268164109643
 40
54.54001006662065
 40
61.03642070093431
 40
68.92754171802373
 40
78.84354919337453
 40
83.1189163087283
 40
83.1189163087283
 40
83.1189163087283
 40
83.1189163087283
 10
368.3344189579316
 20
35.40528706799617
 10
368.3941818325052
 20
35.42974824634088
 10
368.5650372058859
 20
35.49968001902141
 10
368.7030134666834
 20
35.71020198842592
 10
368.9133476384234
 20
35.87580290590228
 10
368.9757412757045
 20
36.10057151025791
 10
369.0068775781385
 20
36.31980360599051
 10
369.0222476811681
 20
36.52324593461215
 10
368.9240893580002
 20
36.69402724513319
 10
368.7551235067588
 20
36.8216734031859
 10
368.5757873849253
 20
36.8892178922477
 10
368.4569785535583
 20
36.9153972361332
 10
368.4211855887969
 20
36.92328416105612
 97
        0
 72
     1
 10
368.4211855887969
 20
36.92328416105612
 11
367.6921455149203
 21
36.92328416105612
 72
     4
 94
        3
 73
     0
 74
     0
 95
       12
 96
        8
 40
0.0
 40
0.0
 40
0.0
 40
0.0
 40
1.381126956532171
 40
5.441811213787998
 40
7.488035058178773
 40
9.697100456419438
 40
11.91264334271873
 40
11.91264334271873
 40
11.91264334271873
 40
11.91264334271873
 10
367.6921455149203
 20
36.92328416105612
 10
367.6790281784582
 20
36.9248666539668
 10
367.6273442486666
 20
36.93110187197223
 10
367.6378577803256
 20
36.83826548929272
 10
367.6377973609494
 20
36.75798996310678
 10
367.7095664043734
 20
36.76029127603474
 10
367.7418332560737
 20
36.77735257979678
 10
367.7579903007546
 20
36.78589572028518
 97
        0
 72
     1
 10
367.7579903007546
 20
36.78589572028518
 11
367.4669192257582
 21
35.55878659486006
 97
        0
 92
       20
 93
        3
 72
     4
 94
        3
 73
     0
 74
     0
 95
        9
 96
        5
 40
0.0
 40
0.0
 40
0.0
 40
0.0
 40
5.86144176706388
 40
9.985606915794293
 40
9.985606915794293
 40
9.985606915794293
 40
9.985606915794293
 10
368.1865364624337
 20
36.57681195004399
 10
368.1922748527279
 20
36.6305091833122
 10
368.2020508280058
 20
36.72198829121618
 10
368.2795666138541
 20
36.76744553016889
 10
368.3115814833725
 20
36.78621986829646
 97
        0
 72
     4
 94
        3
 73
     0
 74
     0
 95
       24
 96
       20
 40
0.0
 40
0.0
 40
0.0
 40
0.0
 40
3.604170977290688
 40
7.592938465421666
 40
10.54912652997617
 40
16.24035943180796
 40
24.22850316254693
 40
29.22217411487808
 40
34.43254525003921
 40
38.48448687634072
 40
42.25378566844395
 40
47.36508295601092
 40
51.69766258232333
 40
55.8510105712054
 40
58.89040501542193
 40
63.44912584338458
 40
64.78208610221873
 40
67.43746429668761
 40
69.66548185254584
 40
69.66548185254584
 40
69.66548185254584
 40
69.66548185254584
 10
368.3115814833725
 20
36.78621986829646
 10
368.340273021361
 20
36.77557149246284
 10
368.4007177349437
 20
36.75313846612453
 10
368.4853776543018
 20
36.70810889994365
 10
368.5270517146478
 20
36.60419183746215
 10
368.562664274135
 20
36.46644242584819
 10
368.5485545112425
 20
36.30206035604186
 10
368.4963145549749
 20
36.15512667078114
 10
368.4717140242751
 20
36.03484551847465
 10
368.4314204735152
 20
35.93055882487377
 10
368.3853323492176
 20
35.82878643853766
 10
368.3127010053788
 20
35.74204286833351
 10
368.2584395885151
 20
35.63364540475693
 10
368.1658782831687
 20
35.59089119964597
 10
368.0734907555515
 20
35.54546285416293
 10
368.0003003793629
 20
35.54981316201268
 10
367.9161947464933
 20
35.54608315619885
 10
367.9223783304894
 20
35.62315030319448
 10
367.9436428708393
 20
35.6564405170801
 10
367.9533446790971
 20
35.67162896068933
 97
        0
 72
     1
 10
367.9533446790971
 20
35.67162896068933
 11
368.1865364624337
 21
36.57681195004398
 97
        0
 92
        5
 93
       24
 72
     1
 10
369.0484357645715
 20
35.5611903051383
 11
368.8586874492857
 21
35.5611903051383
 72
     1
 10
368.8586874492856
 20
35.5611903051383
 11
368.8586874492856
 21
35.42504315862164
 72
     1
 10
368.8586874492856
 20
35.42504315862163
 11
370.0020418570672
 21
35.42504315862163
 72
     1
 10
370.0020418570672
 20
35.42504315862163
 11
370.1528672037239
 21
35.86265874948315
 72
     1
 10
370.152867203724
 20
35.86265874948316
 11
370.050695467264
 21
35.86265874948316
 72
     1
 10
370.0506954672638
 20
35.86265874948316
 11
369.8122935417812
 21
35.55632775285037
 72
     1
 10
369.8122935417813
 20
35.55632775285036
 11
369.5009122069002
 21
35.55632775285036
 72
     1
 10
369.5009122069004
 20
35.55632775285036
 11
369.6504816198364
 21
36.09269418700759
 72
     1
 10
369.6504816198363
 20
36.09269418700761
 11
369.7492845797053
 21
36.09269418700761
 72
     1
 10
369.7492845797053
 20
36.09269418700761
 11
369.8104949986203
 21
35.89048748727659
 72
     1
 10
369.8104949986202
 20
35.89048748727657
 11
369.9521196100501
 21
35.89048748727657
 72
     1
 10
369.9521196100501
 20
35.89048748727657
 11
370.0314418011916
 21
36.4210573360935
 72
     1
 10
370.0314418011916
 20
36.42105733609353
 11
369.9294241680942
 21
36.42105733609353
 72
     1
 10
369.9294241680941
 20
36.42105733609353
 11
369.8034026227141
 21
36.21594603958468
 72
     1
 10
369.8034026227142
 20
36.21594603958467
 11
369.6821816183755
 21
36.21594603958467
 72
     1
 10
369.6821816183757
 20
36.21594603958467
 11
369.8080945269203
 21
36.72043326553569
 72
     4
 94
        3
 73
     0
 74
     0
 95
       18
 96
       14
 40
0.0
 40
0.0
 40
0.0
 40
0.0
 40
2.943375600510072
 40
10.69906504186809
 40
12.91934762851904
 40
16.72386718486475
 40
25.68460927578408
 40
26.70891343933143
 40
31.0172389675
 40
37.95012129363796
 40
40.0561012783813
 40
44.34298963317567
 40
46.60581013222648
 40
46.60581013222648
 40
46.60581013222648
 40
46.60581013222648
 10
369.8080945269203
 20
36.72043326553569
 10
369.8246135520585
 20
36.74022914702792
 10
369.8846596176542
 20
36.8121864682784
 10
370.0108766447979
 20
36.81558947367593
 10
370.1316881669518
 20
36.78035829241152
 10
370.1533874787036
 20
36.63391710648479
 10
370.1636040605327
 20
36.52552364997477
 10
370.2458127977461
 20
36.41683828879836
 10
370.3466761454722
 20
36.56119456623001
 10
370.2845117273902
 20
36.68271124411078
 10
370.3959223263656
 20
36.74258752130177
 10
370.4023108320016
 20
36.83881746693919
 10
370.361280101054
 20
36.8782981639651
 10
370.3471046344567
 20
36.89193811843337
 97
        0
 72
     1
 10
370.3471046344567
 20
36.89193811843337
 11
369.2695173572902
 21
36.89670335989415
 72
     1
 10
369.2695173572901
 20
36.89670335989416
 11
369.2057036779159
 21
36.81323142762501
 72
     1
 10
369.2057036779161
 20
36.813231427625
 11
369.2057036779161
 21
36.7939985902698
 72
     1
 10
369.2057036779161
 20
36.79399859026979
 11
369.345594928286
 21
36.79399859026979
 72
     1
 10
369.345594928286
 20
36.79399859026979
 11
369.345594928286
 21
36.68378046164445
 72
     1
 10
369.345594928286
 20
36.68378046164445
 11
369.2878620951744
 21
36.67268470251683
 72
     1
 10
369.2878620951743
 20
36.67268470251683
 11
369.0484357645714
 21
35.5611903051383
 97
        0
 92
        5
 93
       14
 72
     1
 10
370.3393539998009
 20
35.59714383276139
 11
370.3393539998009
 21
35.55784038821652
 72
     1
 10
370.3393539998009
 20
35.55784038821649
 11
370.2098053785037
 21
35.55784038821649
 72
     4
 94
        3
 73
     0
 74
     0
 95
       11
 96
        7
 40
0.0
 40
0.0
 40
0.0
 40
0.0
 40
2.338012426687783
 40
4.824320973901976
 40
7.52190257004196
 40
11.0300803938463
 40
11.0300803938463
 40
11.0300803938463
 40
11.0300803938463
 10
370.2098053785037
 20
35.55784038821649
 10
370.1885688053212
 20
35.56118918390071
 10
370.1447486595215
 20
35.56809918363901
 10
370.1000744702949
 20
35.51218001143278
 10
370.0971980669766
 20
35.41504124658874
 10
370.1632257980189
 20
35.429464435989
 10
370.2005519342939
 20
35.43761800911011
 97
        0
 72
     1
 10
370.2005519342939
 20
35.43761800911011
 11
371.2855204808766
 21
35.43530612969775
 72
     1
 10
371.2855204808765
 20
35.43530612969776
 11
371.4058156579637
 21
35.87226794457549
 72
     4
 94
        3
 73
     0
 74
     0
 95
       11
 96
        7
 40
0.0
 40
0.0
 40
0.0
 40
0.0
 40
1.794424373619059
 40
4.549377282728027
 40
5.891703924077365
 40
6.883246048824218
 40
6.883246048824218
 40
6.883246048824218
 40
6.883246048824218
 10
371.4058156579638
 20
35.8722679445755
 10
371.3944668173334
 20
35.88166232124873
 10
371.3656942713802
 20
35.90547974395598
 10
371.2929674558865
 20
35.91615932285696
 10
371.2881527624511
 20
35.86559316312608
 10
371.288812382118
 20
35.8461056437967
 10
371.2890926209624
 20
35.8378263880808
 97
        0
 72
     1
 10
371.2890926209624
 20
35.8378263880808
 11
371.0538262764316
 21
35.56855221793732
 72
     1
 10
371.0538262764316
 20
35.5685522179373
 11
370.7785699081344
 21
35.5685522179373
 72
     1
 10
370.7785699081344
 20
35.5685522179373
 11
371.0988711319054
 21
36.76390629635871
 72
     1
 10
371.0988711319053
 20
36.76390629635875
 11
371.2329704295227
 21
36.76390629635875
 72
     1
 10
371.2329704295228
 20
36.76390629635875
 11
371.3118500261503
 21
36.89823990781851
 72
     1
 10
371.3118500261503
 20
36.89823990781846
 11
370.524720629399
 21
36.90907893906419
 72
     4
 94
        3
 73
     0
 74
     0
 95
       12
 96
        8
 40
0.0
 40
0.0
 40
0.0
 40
0.0
 40
1.292930940895033
 40
4.377764941148101
 40
5.909512259039841
 40
7.811709422395436
 40
10.29506376653813
 40
10.29506376653813
 40
10.29506376653813
 40
10.29506376653813
 10
370.5247206293991
 20
36.90907893906419
 10
370.5158370124965
 20
36.90198856781208
 10
370.4857577674295
 20
36.87798111489604
 10
370.493502553924
 20
36.81088603753311
 10
370.5437410141922
 20
36.77897077326357
 10
370.5960461361229
 20
36.78592790805293
 10
370.6331452774168
 20
36.78942721579276
 10
370.6541529690467
 20
36.79140872736829
 97
        0
 72
     1
 10
370.6541849556336
 20
36.79153007610735
 11
370.3393539998008
 21
35.59714383276138
 97
        0
 92
        5
 93
       11
 72
     1
 10
372.3527772583742
 20
36.79635364513449
 11
372.4754214052544
 21
36.79635364513449
 72
     4
 94
        3
 73
     0
 74
     0
 95
       10
 96
        6
 40
0.0
 40
0.0
 40
0.0
 40
0.0
 40
2.578404778885379
 40
4.635259780708902
 40
5.605076057552369
 40
5.605076057552369
 40
5.605076057552369
 40
5.605076057552369
 10
372.4754214052546
 20
36.79635364513449
 10
372.4817231592901
 20
36.81612478439848
 10
372.4930519728529
 20
36.85166783310812
 10
372.4865375421632
 20
36.916458341273
 10
372.4579687455732
 20
36.91427280442419
 10
372.4488146348715
 20
36.91357250729425
 97
        0
 72
     1
 10
372.4488146348715
 20
36.91357250729425
 11
371.777161768027
 21
36.90591749959775
 72
     4
 94
        3
 73
     0
 74
     0
 95
       13
 96
        9
 40
0.0
 40
0.0
 40
0.0
 40
0.0
 40
2.836177710797525
 40
4.682046450161746
 40
6.324031261248715
 40
9.698477650204874
 40
11.6264968483628
 40
13.65432607932607
 40
13.65432607932607
 40
13.65432607932607
 40
13.65432607932607
 10
371.7771617680269
 20
36.90591749959776
 10
371.7525397297268
 20
36.90062789704133
 10
371.7118929371862
 20
36.89189566394536
 10
371.6782770169909
 20
36.8419449532539
 10
371.7012462050724
 20
36.77397611363655
 10
371.7759976127181
 20
36.79961891802456
 10
371.836695333011
 20
36.79974270768415
 10
371.8693016009034
 20
36.78855059614742
 10
371.8860160793091
 20
36.78281334626614
 97
        0
 72
     1
 10
371.8860160793091
 20
36.78281334626614
 11
371.5408762490381
 21
35.56764171407167
 72
     1
 10
371.5408762490382
 20
35.56764171407166
 11
371.3768579646392
 21
35.56764171407166
 72
     4
 94
        3
 73
     0
 74
     0
 95
        9
 96
        5
 40
0.0
 40
0.0
 40
0.0
 40
0.0
 40
2.665410540722595
 40
5.496827568921974
 40
5.496827568921974
 40
5.496827568921974
 40
5.496827568921974
 10
371.3768579646392
 20
35.56764171407166
 10
371.3684718613182
 20
35.54572427107891
 10
371.3511773533141
 20
35.5005243279399
 10
371.3638090324478
 20
35.45370961449767
 10
371.3703156130063
 20
35.42959534583116
 97
        0
 72
     1
 10
371.3703156130063
 20
35.42959534583116
 11
372.1478338687087
 21
35.43573190608141
 72
     4
 94
        3
 73
     0
 74
     0
 95
        9
 96
        5
 40
0.0
 40
0.0
 40
0.0
 40
0.0
 40
2.395311790200302
 40
5.037192512954958
 40
5.037192512954958
 40
5.037192512954958
 40
5.037192512954958
 10
372.1478338687086
 20
35.43573190608143
 10
372.1506947942079
 20
35.4562804456021
 10
372.1567111435463
 20
35.49949275301411
 10
372.1457840452522
 20
35.54178691825028
 10
372.1400530571541
 20
35.56396914367348
 97
        0
 72
     1
 10
372.1400530571541
 20
35.56396914367348
 11
371.9583056436038
 21
35.56045034430932
 72
     1
 10
371.9583056436038
 20
35.56045034430932
 11
372.3527772583743
 21
36.79635364513449
 97
        0
 92
        5
 93
       12
 72
     1
 10
372.7158849578101
 20
35.42007383011894
 11
372.9360684860242
 21
35.42007383011894
 72
     1
 10
372.9360684860242
 20
35.42007383011894
 11
373.8509354877934
 21
36.78841915941392
 72
     1
 10
373.8509354877933
 20
36.78841915941393
 11
373.9356215220847
 21
36.78841915941393
 72
     1
 10
373.9356215220847
 20
36.78841915941393
 11
373.9356215220847
 21
36.8984443269793
 72
     1
 10
373.9356215220847
 20
36.8984443269793
 11
373.4613798909965
 21
36.8984443269793
 72
     1
 10
373.4613798909965
 20
36.8984443269793
 11
373.4529110461522
 21
36.77149222333152
 72
     1
 10
373.4529110461521
 20
36.77149222333151
 11
373.6222831147348
 21
36.77149222333151
 72
     1
 10
373.6222831147351
 20
36.77149222333151
 11
373.6222831147351
 21
36.67416213328339
 72
     1
 10
373.622283114735
 20
36.67416213328339
 11
373.1184013314088
 21
35.90821715465331
 72
     1
 10
373.1184013314088
 20
35.9082171546533
 11
373.0548870068696
 21
36.7334064926015
 72
     4
 94
        3
 73
     0
 74
     0
 95
       18
 96
       14
 40
0.0
 40
0.0
 40
0.0
 40
0.0
 40
1.856394972039688
 40
5.745895374268145
 40
8.265708569216898
 40
12.0209424803451
 40
13.97064464632285
 40
26.48154682173561
 40
36.68674907108461
 40
38.64413975438796
 40
40.50523478790438
 40
43.34681565836896
 40
47.69821683199224
 40
47.69821683199224
 40
47.69821683199224
 40
47.69821683199224
 10
373.0548870068695
 20
36.73340649260152
 10
373.0544097437926
 20
36.75238868295718
 10
373.0529325238323
 20
36.81114217098143
 10
373.1501952537095
 20
36.76418228701543
 10
373.2451963516819
 20
36.78969335764745
 10
373.2239095369777
 20
36.90094589147516
 10
373.056688714417
 20
36.90536963081314
 10
372.8474829545929
 20
36.90053546087775
 10
372.6528332901486
 20
36.92321567886636
 10
372.5122487576257
 20
36.90116229187733
 10
372.5169658117873
 20
36.83441641448616
 10
372.5111644518419
 20
36.75466731427858
 10
372.5701247214437
 20
36.71939651614196
 10
372.6057927913442
 20
36.69805941402412
 97
        0
 72
     1
 10
372.6057927913442
 20
36.69805941402412
 11
372.71588495781
 21
35.42007383011893
 97
        0
 92
        5
 93
       24
 72
     1
 10
373.8230830150331
 20
35.56016123483815
 11
373.6333346997473
 21
35.56016123483815
 72
     1
 10
373.6333346997473
 20
35.56016123483815
 11
373.6333346997473
 21
35.42401408832149
 72
     1
 10
373.6333346997473
 20
35.42401408832153
 11
374.7766891075288
 21
35.42401408832153
 72
     1
 10
374.7766891075288
 20
35.42401408832153
 11
374.9275144541855
 21
35.86162967918304
 72
     1
 10
374.9275144541856
 20
35.86162967918303
 11
374.8253427177256
 21
35.86162967918303
 72
     1
 10
374.8253427177256
 20
35.86162967918303
 11
374.586940792243
 21
35.55529868255024
 72
     1
 10
374.5869407922429
 20
35.55529868255023
 11
374.2755594573619
 21
35.55529868255023
 72
     1
 10
374.275559457362
 20
35.55529868255023
 11
374.425128870298
 21
36.09166511670745
 72
     1
 10
374.425128870298
 20
36.09166511670747
 11
374.5239318301669
 21
36.09166511670747
 72
     1
 10
374.523931830167
 20
36.09166511670747
 11
374.585142249082
 21
35.88945841697645
 72
     1
 10
374.5851422490819
 20
35.88945841697642
 11
374.7267668605118
 21
35.88945841697642
 72
     1
 10
374.7267668605118
 20
35.88945841697642
 11
374.8060890516533
 21
36.42002826579336
 72
     1
 10
374.8060890516532
 20
36.42002826579338
 11
374.7040714185558
 21
36.42002826579338
 72
     1
 10
374.7040714185557
 20
36.42002826579338
 11
374.5780498731758
 21
36.21491696928453
 72
     1
 10
374.5780498731759
 20
36.2149169692845
 11
374.4568288688372
 21
36.2149169692845
 72
     1
 10
374.4568288688372
 20
36.2149169692845
 11
374.5827417773818
 21
36.71940419523552
 72
     4
 94
        3
 73
     0
 74
     0
 95
       18
 96
       14
 40
0.0
 40
0.0
 40
0.0
 40
0.0
 40
2.943375600510072
 40
10.69906504186809
 40
12.91934762851904
 40
16.72386718486475
 40
25.68460927578408
 40
26.70891343933143
 40
31.0172389675
 40
37.95012129363796
 40
40.0561012783813
 40
44.34298963317567
 40
46.60581013222648
 40
46.60581013222648
 40
46.60581013222648
 40
46.60581013222648
 10
374.5827417773819
 20
36.71940419523555
 10
374.59926080252
 20
36.73920007672781
 10
374.6593068681158
 20
36.81115739797825
 10
374.7855238952595
 20
36.81456040337581
 10
374.9063354174134
 20
36.77932922211137
 10
374.9280347291653
 20
36.63288803618464
 10
374.9382513109945
 20
36.52449457967464
 10
375.0204600482077
 20
36.41580921849823
 10
375.1213233959338
 20
36.56016549592985
 10
375.0591589778518
 20
36.68168217381064
 10
375.1705695768272
 20
36.74155845100164
 10
375.1769580824632
 20
36.83778839663906
 10
375.1359273515156
 20
36.87726909366495
 10
375.1217518849182
 20
36.89090904813327
 97
        0
 72
     1
 10
375.1217518849182
 20
36.89090904813327
 11
374.0441646077517
 21
36.89567428959404
 72
     1
 10
374.0441646077518
 20
36.895674289594
 11
373.9803509283777
 21
36.81220235732485
 72
     1
 10
373.9803509283777
 20
36.81220235732486
 11
373.9803509283777
 21
36.79296951996967
 72
     1
 10
373.9803509283777
 20
36.79296951996966
 11
374.1202421787476
 21
36.79296951996966
 72
     1
 10
374.1202421787476
 20
36.79296951996966
 11
374.1202421787476
 21
36.68275139134431
 72
     1
 10
374.1202421787476
 20
36.68275139134431
 11
374.062509345636
 21
36.6716556322167
 72
     1
 10
374.062509345636
 20
36.6716556322167
 11
373.8230830150331
 21
35.56016123483816
 97
        0
 92
        5
 93
       20
 72
     4
 94
        3
 73
     0
 74
     0
 95
       14
 96
       10
 40
0.0
 40
0.0
 40
0.0
 40
0.0
 40
1.53644587687779
 40
2.788168422566353
 40
3.871349082681839
 40
5.514282684731738
 40
7.354603107212625
 40
10.60042586025683
 40
13.05986295915905
 40
13.05986295915905
 40
13.05986295915905
 40
13.05986295915905
 10
375.689117798527
 20
36.0479029465246
 10
375.6932446429677
 20
36.05991498204872
 10
375.7007335740961
 20
36.08171306725507
 10
375.7216794064254
 20
36.11499826936802
 10
375.7624370526761
 20
36.09962718528362
 10
375.7622429960109
 20
36.05532459093325
 10
375.8028528286274
 20
36.01093538247466
 10
375.8040836382763
 20
35.94233816157137
 10
375.8079063148957
 20
35.8940464081725
 10
375.8095542035001
 20
35.87322868330769
 97
        0
 72
     1
 10
375.8095542035001
 20
35.87322868330773
 11
375.8095542035001
 21
35.49850461506941
 72
     4
 94
        3
 73
     0
 74
     0
 95
       12
 96
        8
 40
0.0
 40
0.0
 40
0.0
 40
0.0
 40
2.142590185632005
 40
6.101614228265412
 40
9.94198904289569
 40
16.57072327622808
 40
22.60219845675292
 40
22.60219845675292
 40
22.60219845675292
 40
22.60219845675292
 10
375.8095542035001
 20
35.49850461506941
 10
375.821136021598
 20
35.48412802261059
 10
375.8541184307261
 20
35.44318672562864
 10
375.9340697448362
 20
35.40330031348191
 10
376.0562175761438
 20
35.3895081253475
 10
376.1982706886872
 20
35.34691319222063
 10
376.301080743252
 20
35.39093090251535
 10
376.3500606828521
 20
35.4119014661504
 97
        0
 72
     1
 10
376.3500606828521
 20
35.4119014661504
 11
376.4511219094409
 21
35.6777983195658
 72
     4
 94
        3
 73
     0
 74
     0
 95
       10
 96
        6
 40
0.0
 40
0.0
 40
0.0
 40
0.0
 40
1.457084711059906
 40
4.575015369603927
 40
8.439291186782286
 40
8.439291186782286
 40
8.439291186782286
 40
8.439291186782286
 10
376.4511219094409
 20
35.6777983195658
 10
376.4534813363763
 20
35.69235566442464
 10
376.46088956351
 20
35.7380634231873
 10
376.3458319655075
 20
35.70985852586824
 10
376.3282774927155
 20
35.65298880187213
 10
376.3185620360144
 20
35.62151446780142
 97
        0
 72
     1
 10
376.3185620360144
 20
35.62151446780143
 11
376.3017213147602
 21
35.51812852238696
 72
     1
 10
376.3017213147602
 20
35.51812852238696
 11
376.2447666033756
 21
35.5274059770226
 72
     1
 10
376.2447666033756
 20
35.52740597702262
 11
376.2447666033756
 21
36.01582358545018
 72
     4
 94
        3
 73
     0
 74
     0
 95
       20
 96
       16
 40
0.0
 40
0.0
 40
0.0
 40
0.0
 40
3.599307406633913
 40
7.381750618250875
 40
9.906881759407543
 40
13.75922142670494
 40
20.35353773205363
 40
24.99456971993821
 40
29.7183263892544
 40
36.67467300210211
 40
40.48717516818013
 40
45.0231924793462
 40
48.84333606594855
 40
55.10309822251839
 40
59.40585168406594
 40
59.40585168406594
 40
59.40585168406594
 40
59.40585168406594
 10
376.2447666033756
 20
36.01582358545015
 10
376.2290525121041
 20
36.04668661018962
 10
376.1968247833067
 20
36.10998299646977
 10
376.0757513913316
 20
36.06586765268898
 10
376.0735175737594
 20
36.19848044349969
 10
376.2184659992654
 20
36.15676569974868
 10
376.3446971221371
 20
36.20304245156687
 10
376.4121880295135
 20
36.32774170042025
 10
376.4851061189756
 20
36.44736543504119
 10
376.4942183528849
 20
36.58665628388125
 10
376.472222661973
 20
36.71463425243337
 10
376.4159963963712
 20
36.81418396676763
 10
376.2893649733178
 20
36.84561078249089
 10
376.1728119037022
 20
36.88538446709534
 10
376.0814774094443
 20
36.88307158288741
 10
376.044271328475
 20
36.8821294048219
 97
        0
 72
     1
 10
376.044271328475
 20
36.8821294048219
 11
375.2575817097271
 21
36.88693798779439
 72
     1
 10
375.2575817097271
 20
36.8869379877944
 11
375.2569784672699
 21
36.78824683878492
 72
     1
 10
375.2569784672698
 20
36.7882468387849
 11
375.375734729367
 21
36.77078655566354
 72
     1
 10
375.3757347293671
 20
36.77078655566356
 11
375.3710979482959
 21
36.50897144308682
 72
     1
 10
375.3710979482958
 20
36.50897144308686
 11
375.0743491904032
 21
35.54048676431196
 72
     1
 10
375.0743491904033
 20
35.54048676431191
 11
374.9190194386709
 21
35.54048676431191
 72
     4
 94
        3
 73
     0
 74
     0
 95
       10
 96
        6
 40
0.0
 40
0.0
 40
0.0
 40
0.0
 40
2.141273632102944
 40
5.168887814813841
 40
6.432647450169618
 40
6.432647450169618
 40
6.432647450169618
 40
6.432647450169618
 10
374.9190194386708
 20
35.54048676431191
 10
374.9107379104004
 20
35.52511363691887
 10
374.890746868656
 20
35.48800396085215
 10
374.8888031262057
 20
35.4090413238625
 10
374.9290921796736
 20
35.40747995430584
 10
374.9409568369322
 20
35.40702014914665
 97
        0
 72
     1
 10
374.9409568369322
 20
35.40702014914665
 11
375.6883054364146
 21
35.40702014914665
 72
     4
 94
        3
 73
     0
 74
     0
 95
       11
 96
        7
 40
0.0
 40
0.0
 40
0.0
 40
0.0
 40
1.819319065772123
 40
4.202405752115506
 40
6.647556057325886
 40
7.495335219315706
 40
7.495335219315706
 40
7.495335219315706
 40
7.495335219315706
 10
375.6883054364145
 20
35.40702014914665
 10
375.6987178954897
 20
35.41897438544504
 10
375.7227694094514
 20
35.44658721726094
 10
375.7303347098564
 20
35.50645411224964
 10
375.6956945703901
 20
35.55726333284217
 10
375.6666924842899
 20
35.55449621414003
 10
375.6592257697747
 20
35.55378380727016
 97
        0
 72
     1
 10
375.6592257697748
 20
35.55378380727016
 11
375.5632628296277
 21
35.55378380727016
 72
     1
 10
375.5632628296277
 20
35.55378380727016
 11
375.6891177985269
 21
36.04790294652458
 97
        0
 92
       20
 93
        1
 72
     4
 94
        3
 73
     0
 74
     0
 95
       20
 96
       16
 40
0.0
 40
0.0
 40
0.0
 40
0.0
 40
3.897100318333529
 40
10.11719856825387
 40
16.95782221220086
 40
20.9208471106902
 40
23.1786511001976
 40
26.09069753989797
 40
29.96003142290883
 40
34.86100686983462
 40
39.72427758942766
 40
45.09041175237481
 40
48.52682573270744
 40
51.64891697936788
 40
53.02148737495548
 40
53.02148737495548
 40
53.02148737495548
 40
53.02148737495548
 10
375.8707690483601
 20
36.73919773415129
 10
375.8525207320857
 20
36.71091209934718
 10
375.8051465758659
 20
36.63748022421795
 10
375.7894933769195
 20
36.48556601860862
 10
375.7613912653217
 20
36.35747047905379
 10
375.7415825681535
 20
36.21778511932516
 10
375.8380673187658
 20
36.19726883398603
 10
375.888784902668
 20
36.26744973616124
 10
375.936548220302
 20
36.35065324843085
 10
376.0275785231305
 20
36.43750992392231
 10
376.0308407778735
 20
36.56762986108352
 10
376.0677974745289
 20
36.70056813597087
 10
375.9780716911816
 20
36.76038507042736
 10
375.8954897613016
 20
36.78770906362512
 10
375.8765521703712
 20
36.75054639298344
 10
375.8707690483601
 20
36.73919773415129
 97
        0
 97
        0
 75
     1
 76
     1
 47
2.09565284759291
 98
       20
 10
356.2297752564136
 20
35.96340343130863
 10
356.2297752564136
 20
35.96340343130863
 10
357.8238019303419
 20
36.4242068970174
 10
359.4441766580418
 20
35.85807708143126
 10
360.287298284389
 20
36.029232545284
 10
361.2259269785341
 20
36.0415568120896
 10
361.2259269785341
 20
36.0415568120896
 10
362.6486949241744
 20
35.96256200816669
 10
364.8517187737648
 20
35.92295932452535
 10
366.761916459932
 20
36.01511998445518
 10
366.761916459932
 20
36.01511998445518
 10
367.9080350716322
 20
35.88346192256387
 10
367.9080350716322
 20
35.88346192256387
 10
369.3308026149139
 20
35.97562258249373
 10
370.5336912154787
 20
35.90982850705851
 10
372.0750229889395
 20
36.27847114677797
 10
372.7864071629389
 20
35.90982850705851
 10
374.0774368515141
 20
36.00198916698839
 10
375.4606835212143
 20
35.8308335370762
 10
375.4606835212143
 20
35.8308335370762
450
        0
451
        0
460
0.0
461
0.0
452
        0
462
0.0
453
        2
463
0.0
 63
     5
421
      255
463
1.0
 63
     2
421
 16776960
470
LINEAR
1001
GradientColor1ACI
1070
     5
1001
GradientColor2ACI
1070
     2
1001
ACAD
1010
0.0
1020
0.0
1030
0.0
  0
LINE
  5
6108
330
60B0
100
AcDbEntity
  8
0
100
AcDbLine
 10
387.8531303770908
 20
9.317664796737656
 30
0.0
 11
415.0
 21
9.317664796737656
 31
0.0
  0
TEXT
  5
6109
330
60B0
100
AcDbEntity
  8
Level 2
  6
Continuous
370
    -3
100
AcDbText
 10
397.6182568802371
 20
11.23394195960067
 30
0.0
 40
3.5
  1
S.R
  7
Style-Times New Roman
 72
     1
 11
401.4265651885454
 21
12.98394195960067
 31
0.0
100
AcDbText
 73
     2
  0
TEXT
  5
610A
330
60B0
100
AcDbEntity
  8
Level 2
100
AcDbText
 10
394.112150774131
 20
6.307718372545265
 30
0.0
 40
1.8
  1
DIVN - MAS
  7
Style-Times New Roman
 72
     1
 11
401.4265651885454
 21
7.207718372545266
 31
0.0
100
AcDbText
 73
     2
  0
TEXT
  5
610B
330
60B0
100
AcDbEntity
  8
Level 2
  6
Continuous
370
    -3
100
AcDbText
 10
378.9030202613905
 20
41.93567871920302
 30
0.0
 40
1.7
  1
M/s.UNIFIED SIGNALLING AND 
 72
     1
 11
396.5065202613905
 21
42.78567871920302
 31
0.0
100
AcDbText
 73
     2
  0
TEXT
  5
610C
330
60B0
100
AcDbEntity
  8
Level 2
  6
Continuous
370
    -3
100
AcDbText
 10
381.5808758095063
 20
35.34397677569009
 30
0.0
 40
1.7
  1
PVT.LTD., HOSUR - 635109.
 72
     1
 11
397.0763758095063
 21
36.19397677569009
 31
0.0
100
AcDbText
 73
     2
  0
LINE
  5
610D
330
60B0
100
AcDbEntity
  8
0
100
AcDbLine
 10
27.92131718903965
 20
37.94117655275579
 30
0.0
 11
27.92131718903966
 21
4.999999999999999
 31
0.0
  0
LINE
  5
610E
330
60B0
100
AcDbEntity
  8
0
100
AcDbLine
 10
359.7694192483812
 20
42.97087076400049
 30
0.0
 11
359.7694192483812
 21
40.82468877409022
 31
0.0
  0
LINE
  5
610F
330
60B0
100
AcDbEntity
  8
0
100
AcDbLine
 10
362.755225411879
 20
40.93880597817902
 30
0.0
 11
362.755225411879
 21
43.52683159814902
 31
0.0
  0
SPLINE
  5
6110
330
60B0
100
AcDbEntity
  8
0
100
AcDbSpline
210
0.0
220
0.0
230
1.0
 70
  1064
 71
     3
 72
    11
 73
     7
 74
     5
 42
0.000000001
 43
0.0000000001
 44
0.0000000001
 40
0.0
 40
0.0
 40
0.0
 40
0.0
 40
0.1307299766360004
 40
0.3039310659328084
 40
0.5097417903460093
 40
0.5912670835674055
 40
0.5912670835674055
 40
0.5912670835674055
 40
0.5912670835674055
 10
356.7788547915003
 20
36.91326230827528
 30
0.0
 10
356.82184057593
 20
36.90607511737029
 30
0.0
 10
356.9217772210505
 20
36.88936578528728
 30
0.0
 10
357.0814449304596
 20
36.81945130198344
 30
0.0
 10
357.1843681746814
 20
36.70057998814718
 30
0.0
 10
357.2380945573641
 20
36.62150631029487
 30
0.0
 10
357.2533382401366
 20
36.5990708884286
 30
0.0
 11
356.7788547915003
 21
36.91326230827528
 31
0.0
 11
356.9069360108044
 21
36.88707971763131
 31
0.0
 11
357.0641270736471
 21
36.81435017001846
 31
0.0
 11
357.2067628123619
 21
36.66598204566293
 31
0.0
 11
357.2533382401366
 21
36.5990708884286
 31
0.0
  0
LINE
  5
6111
330
60B0
100
AcDbEntity
  8
0
100
AcDbLine
 10
362.755225411879
 20
43.52683159814902
 30
0.0
 11
362.4869334694375
 21
43.52683159814902
 31
0.0
  0
SPLINE
  5
6112
330
60B0
100
AcDbEntity
  8
0
100
AcDbSpline
210
0.0
220
0.0
230
1.0
 70
  1064
 71
     3
 72
    12
 73
     8
 74
     6
 42
0.000000001
 43
0.0000000001
 44
0.0000000001
 40
0.0
 40
0.0
 40
0.0
 40
0.0
 40
0.1371097228769122
 40
0.3101494802603023
 40
0.541841437985306
 40
0.7874836795143931
 40
0.9685483735884381
 40
0.9685483735884381
 40
0.9685483735884381
 40
0.9685483735884381
 10
357.2533382401366
 20
36.05214501585652
 30
0.0
 10
357.2438440094755
 20
36.0061807982407
 30
0.0
 10
357.2223675551202
 20
35.90220729508573
 30
0.0
 10
357.075156024951
 20
35.78295474546279
 30
0.0
 10
356.942905637841
 20
35.61664779765379
 30
0.0
 10
356.7679459421739
 20
35.46593284711774
 30
0.0
 10
356.6243692103909
 20
35.44858036547273
 30
0.0
 10
356.5634452486565
 20
35.4412171812394
 30
0.0
 11
357.2533382401366
 21
36.05214501585652
 31
0.0
 11
357.2125849420131
 21
35.9212318965772
 31
0.0
 11
357.0961471772938
 21
35.79322797248706
 31
0.0
 11
356.9387259653039
 21
35.62322878045936
 31
0.0
 11
356.7407820066963
 21
35.47776985129312
 31
0.0
 11
356.5634452486565
 21
35.4412171812394
 31
0.0
  0
SPLINE
  5
6113
330
60B0
100
AcDbEntity
  8
0
100
AcDbSpline
210
0.0
220
0.0
230
1.0
 70
  1064
 71
     3
 72
    12
 73
     8
 74
     6
 42
0.000000001
 43
0.0000000001
 44
0.0000000001
 40
0.0
 40
0.0
 40
0.0
 40
0.0
 40
0.0625983834175613
 40
0.1796659228086178
 40
0.2649896303236983
 40
0.3446539480169659
 40
0.4767331470742416
 40
0.4767331470742416
 40
0.4767331470742416
 40
0.4767331470742416
 10
356.5314247426511
 20
36.7678032130496
 30
0.0
 10
356.5493915863484
 20
36.7786354675909
 30
0.0
 10
356.6009588853198
 20
36.80972551979362
 30
0.0
 10
356.6983179853404
 20
36.80892450121584
 30
0.0
 10
356.7775607963115
 20
36.74758415487244
 30
0.0
 10
356.8055317405863
 20
36.64829028729334
 30
0.0
 10
356.7983605097824
 20
36.57778097662882
 30
0.0
 10
356.7938873129858
 20
36.53379940202589
 30
0.0
 11
356.5314247426511
 21
36.7678032130496
 31
0.0
 11
356.5870785886234
 21
36.79645992317103
 31
0.0
 11
356.7041263290544
 21
36.79430696263508
 31
0.0
 11
356.7709086105409
 21
36.74120082416148
 31
0.0
 11
356.7967593490224
 21
36.66584737146358
 31
0.0
 11
356.7938873129858
 21
36.53379940202589
 31
0.0
  0
LINE
  5
6114
330
60B0
100
AcDbEntity
  8
0
100
AcDbLine
 10
362.4869334694375
 20
43.52683159814902
 30
0.0
 11
362.4869334694375
 21
40.98792253879871
 31
0.0
  0
SPLINE
  5
6115
330
60B0
100
AcDbEntity
  8
0
100
AcDbSpline
210
0.0
220
0.0
230
1.0
 70
  1064
 71
     3
 72
    12
 73
     8
 74
     6
 42
0.000000001
 43
0.0000000001
 44
0.0000000001
 40
0.0
 40
0.0
 40
0.0
 40
0.0
 40
0.112762722481347
 40
0.2572831095847006
 40
0.4465686219339872
 40
0.6628159323265497
 40
0.7234121015545221
 40
0.7234121015545221
 40
0.7234121015545221
 40
0.7234121015545221
 10
356.7938873129858
 20
36.19343186785314
 30
0.0
 10
356.7839915679183
 20
36.15719020448919
 30
0.0
 10
356.7614131128527
 20
36.07450004198142
 30
0.0
 10
356.7281569233158
 20
35.928834898931
 30
0.0
 10
356.6377636707467
 20
35.76586793375638
 30
0.0
 10
356.5324385901488
 20
35.65128633738657
 30
0.0
 10
356.4733136405432
 20
35.58043970290486
 30
0.0
 10
356.4603722288227
 20
35.56493262049796
 30
0.0
 11
356.7938873129858
 21
36.19343186785314
 31
0.0
 11
356.7648567341013
 21
36.08447014489029
 31
0.0
 11
356.7258677786535
 21
35.94530835544508
 31
0.0
 11
356.6367501662021
 21
35.77831417489888
 31
0.0
 11
356.4993607819116
 21
35.61131999435268
 31
0.0
 11
356.4603722288227
 21
35.56493262049796
 31
0.0
  0
LINE
  5
6116
330
60B0
100
AcDbEntity
  8
0
100
AcDbLine
 10
360.3375826541901
 20
40.86546715851016
 30
0.0
 11
360.3375826541901
 21
43.14717556478023
 31
0.0
  0
LINE
  5
6117
330
60B0
100
AcDbEntity
  8
0
100
AcDbLine
 10
360.1268738674428
 20
43.54731685574042
 30
0.0
 11
359.2312794426026
 21
43.56311193073428
 31
0.0
  0
LINE
  5
6118
330
60B0
100
AcDbEntity
  8
0
100
AcDbLine
 10
359.2312794426026
 20
43.56311193073428
 30
0.0
 11
359.2283063769079
 21
43.39453653227652
 31
0.0
  0
LINE
  5
6119
330
60B0
100
AcDbEntity
  8
0
100
AcDbLine
 10
365.2126445408916
 20
39.65114477540874
 30
0.0
 11
364.33831517301
 21
39.65114477540874
 31
0.0
  0
LINE
  5
611A
330
60B0
100
AcDbEntity
  8
0
100
AcDbLine
 10
363.4884854232663
 20
40.19601317161829
 30
0.0
 11
363.4884854232663
 21
40.97705643986556
 31
0.0
  0
LINE
  5
611B
330
60B0
100
AcDbEntity
  8
0
100
AcDbLine
 10
363.4884854232663
 20
40.97705643986556
 30
0.0
 11
363.6190363199582
 21
40.97705643986556
 31
0.0
  0
LINE
  5
611C
330
60B0
100
AcDbEntity
  8
0
100
AcDbLine
 10
363.4751122288493
 20
42.4034984917441
 30
0.0
 11
363.4751122288493
 21
42.98767963182675
 31
0.0
  0
LINE
  5
611D
330
60B0
100
AcDbEntity
  8
0
100
AcDbLine
 10
365.8716005782078
 20
43.07758769556146
 30
0.0
 11
365.8778133981073
 21
42.3573602070374
 31
0.0
  0
LINE
  5
611E
330
60B0
100
AcDbEntity
  8
0
100
AcDbLine
 10
365.8778133981073
 20
42.3573602070374
 30
0.0
 11
365.727964173533
 21
42.35450099573717
 31
0.0
  0
LINE
  5
611F
330
60B0
100
AcDbEntity
  8
0
100
AcDbLine
 10
367.7375082337268
 20
43.27650248436511
 30
0.0
 11
367.7442755038444
 21
39.70764932015824
 31
0.0
  0
LINE
  5
6120
330
60B0
100
AcDbEntity
  8
0
100
AcDbLine
 10
367.7442755038444
 20
39.70764932015824
 30
0.0
 11
368.2976562528889
 21
39.70764932015824
 31
0.0
  0
LINE
  5
6121
330
60B0
100
AcDbEntity
  8
0
100
AcDbLine
 10
368.2976562528889
 20
39.70764932015824
 30
0.0
 11
368.2998096334506
 21
43.27756872197261
 31
0.0
  0
LINE
  5
6122
330
60B0
100
AcDbEntity
  8
0
100
AcDbLine
 10
368.2998096334506
 20
43.27756872197261
 30
0.0
 11
369.5791983245205
 21
43.29553754493675
 31
0.0
  0
LINE
  5
6123
330
60B0
100
AcDbEntity
  8
0
100
AcDbLine
 10
369.5791983245205
 20
43.29553754493675
 30
0.0
 11
369.5791983245205
 21
43.55677394039301
 31
0.0
  0
LINE
  5
6124
330
60B0
100
AcDbEntity
  8
0
100
AcDbLine
 10
369.5791983245205
 20
43.55677394039301
 30
0.0
 11
366.6385110504878
 21
43.55677394039301
 31
0.0
  0
LINE
  5
6125
330
60B0
100
AcDbEntity
  8
0
100
AcDbLine
 10
367.7375082337268
 20
43.27650248436511
 30
0.0
 11
366.9203270718398
 21
43.27650248436511
 31
0.0
  0
LINE
  5
6126
330
60B0
100
AcDbEntity
  8
0
100
AcDbLine
 10
366.332189375618
 20
43.18532838352077
 30
0.0
 11
366.332189375618
 21
42.60571022451073
 31
0.0
  0
LINE
  5
6127
330
60B0
100
AcDbEntity
  8
0
100
AcDbLine
 10
366.5209503027792
 20
42.69819934999708
 30
0.0
 11
366.5209503027792
 21
42.60929146222131
 31
0.0
  0
LINE
  5
6128
330
60B0
100
AcDbEntity
  8
0
100
AcDbLine
 10
366.5209503027792
 20
42.60929146222131
 30
0.0
 11
366.332189375618
 21
42.60571022451073
 31
0.0
  0
LINE
  5
6129
330
60B0
100
AcDbEntity
  8
0
100
AcDbLine
 10
371.6515409132168
 20
39.63380833676699
 30
0.0
 11
370.7772115453353
 21
39.63380833676699
 31
0.0
  0
LINE
  5
612A
330
60B0
100
AcDbEntity
  8
0
100
AcDbLine
 10
369.9273817955917
 20
40.17867673297656
 30
0.0
 11
369.9273817955917
 21
40.95972000122381
 31
0.0
  0
LINE
  5
612B
330
60B0
100
AcDbEntity
  8
0
100
AcDbLine
 10
369.9273817955917
 20
40.95972000122381
 30
0.0
 11
370.0579326922835
 21
40.95972000122381
 31
0.0
  0
LINE
  5
612C
330
60B0
100
AcDbEntity
  8
0
100
AcDbLine
 10
369.9140086011747
 20
42.38616205310235
 30
0.0
 11
369.9140086011747
 21
42.970343193185
 31
0.0
  0
LINE
  5
612D
330
60B0
100
AcDbEntity
  8
0
100
AcDbLine
 10
372.3104969505332
 20
43.06025125691974
 30
0.0
 11
372.3167097704326
 21
42.34002376839568
 31
0.0
  0
SPLINE
  5
612E
330
60B0
100
AcDbEntity
  8
0
100
AcDbSpline
210
0.0
220
0.0
230
1.0
 70
  1064
 71
     3
 72
    18
 73
    14
 74
    12
 42
0.000000001
 43
0.0000000001
 44
0.0000000001
 40
0.0
 40
0.0
 40
0.0
 40
0.0
 40
0.075720877435043
 40
0.2752426814175835
 40
0.3323613670469081
 40
0.4302359159066953
 40
0.6607587392511299
 40
0.6871098478254706
 40
0.7979452400911603
 40
0.9762996209582898
 40
1.030477773511217
 40
1.140761675991879
 40
1.198974686127622
 40
1.198974686127622
 40
1.198974686127622
 40
1.198974686127622
 10
358.0973579309883
 20
36.72514237890847
 30
0.0
 10
358.1138769561265
 20
36.74493826040072
 30
0.0
 10
358.1739230217222
 20
36.81689558165102
 30
0.0
 10
358.300140048866
 20
36.82029858704873
 30
0.0
 10
358.4209515710197
 20
36.78506740578428
 30
0.0
 10
358.4426508827717
 20
36.63862621985758
 30
0.0
 10
358.4528674646008
 20
36.53023276334735
 30
0.0
 10
358.5350762018143
 20
36.42154740217131
 30
0.0
 10
358.63593954954
 20
36.56590367960285
 30
0.0
 10
358.5737751314584
 20
36.68742035748361
 30
0.0
 10
358.6851857304336
 20
36.74729663467455
 30
0.0
 10
358.6915742360696
 20
36.84352658031192
 30
0.0
 10
358.650543505122
 20
36.88300727733786
 30
0.0
 10
358.6363680385248
 20
36.89664723180616
 30
0.0
 11
358.0973579309883
 21
36.72514237890847
 31
0.0
 11
358.1502813711685
 21
36.77929734875455
 31
0.0
 11
358.3481726207928
 21
36.8047532633241
 31
0.0
 11
358.4010743336057
 21
36.78321369439894
 31
0.0
 11
358.4343827896466
 21
36.69118123235059
 31
0.0
 11
358.4990406174664
 21
36.46991185492951
 31
0.0
 11
358.5166743876179
 21
36.45033045882657
 31
0.0
 11
358.5930879280855
 21
36.53061405000123
 31
0.0
 11
358.6205183266231
 21
36.70684644886865
 31
0.0
 11
358.6616639244293
 21
36.7420928954302
 31
0.0
 11
358.673420039436
 21
36.85174841469993
 31
0.0
 11
358.6363680385248
 21
36.89664723180616
 31
0.0
  0
SPLINE
  5
612F
330
60B0
100
AcDbEntity
  8
0
100
AcDbSpline
210
0.0
220
0.0
230
1.0
 70
     8
 71
     3
 72
    39
 73
    35
 74
     0
 42
0.000000001
 43
0.0000001
 40
0.0
 40
0.0
 40
0.0
 40
0.0
 40
4.975337877767562
 40
13.16149014887985
 40
27.06191798418168
 40
29.71143134359072
 40
35.36917680421846
 40
41.33234182366767
 40
46.54566203726414
 40
51.7984864194431
 40
56.06812734315643
 40
63.38319797995123
 40
71.97636212644699
 40
78.91857433183341
 40
89.37425982924098
 40
91.41049963290547
 40
95.40939889006847
 40
102.3826863706262
 40
105.6027922004132
 40
111.0018157047193
 40
114.0646327632189
 40
117.1043992017596
 40
120.2815465159343
 40
122.4450935714704
 40
126.8263531220791
 40
130.0857965862191
 40
135.1072922992971
 40
136.8450622533474
 40
145.5124754836541
 40
149.1488248125044
 40
155.4362478631067
 40
163.3184290114929
 40
167.4225417567058
 40
168.7356212459411
 40
168.7356212459411
 40
168.7356212459411
 40
168.7356212459411
 10
359.1696618367348
 20
36.89476627661988
 30
0.0
 10
359.1339561376212
 20
36.87163333890592
 30
0.0
 10
359.0395022093277
 20
36.81043871467807
 30
0.0
 10
358.8539112995826
 20
36.66202118095482
 30
0.0
 10
358.8323038360491
 20
36.40045242093669
 30
0.0
 10
358.9367550319017
 20
36.24098198906091
 30
0.0
 10
359.0105706968998
 20
36.14322140063832
 30
0.0
 10
359.0905064250337
 20
36.0234204113346
 30
0.0
 10
359.2019045584836
 20
35.92856506141737
 30
0.0
 10
359.231799545426
 20
35.80390424677668
 30
0.0
 10
359.3168721259339
 20
35.67328907643507
 30
0.0
 10
359.1690659679164
 20
35.49364826898758
 30
0.0
 10
358.9683184654027
 20
35.53693291746632
 30
0.0
 10
358.7332898483935
 20
35.6363111372347
 30
0.0
 10
358.7937749488334
 20
35.83013620682051
 30
0.0
 10
358.7641750529812
 20
35.98313251993787
 30
0.0
 10
358.5814476952251
 20
35.9595084627509
 30
0.0
 10
358.7081114399613
 20
35.78286085721372
 30
0.0
 10
358.5697703668233
 20
35.69951480127989
 30
0.0
 10
358.6245885728246
 20
35.57692619251773
 30
0.0
 10
358.5252752205998
 20
35.50485083196465
 30
0.0
 10
358.5848479292548
 20
35.41796402292516
 30
0.0
 10
358.6817690334994
 20
35.4276904420509
 30
0.0
 10
358.6861699027647
 20
35.53080393469425
 30
0.0
 10
358.8142632627756
 20
35.50720609909101
 30
0.0
 10
358.8673114042011
 20
35.40406864803856
 30
0.0
 10
358.9859268720859
 20
35.45108439961949
 30
0.0
 10
359.0575597247862
 20
35.32757515092207
 30
0.0
 10
359.2275364151808
 20
35.33863467753481
 30
0.0
 10
359.3369059621632
 20
35.46623003470719
 30
0.0
 10
359.5227163731817
 20
35.38645189718899
 30
0.0
 10
359.6023909768478
 20
35.56214310786366
 30
0.0
 10
359.7222665331459
 20
35.60414254974634
 30
0.0
 10
359.743785972366
 20
35.63730343397776
 30
0.0
 10
359.7477121166786
 20
35.64613147860592
 30
0.0
  0
SPLINE
  5
6130
330
60B0
100
AcDbEntity
  8
0
100
AcDbSpline
210
0.0
220
0.0
230
1.0
 70
     8
 71
     3
 72
    37
 73
    33
 74
     0
 42
0.000000001
 43
0.0000001
 40
184.6382205080574
 40
184.6382205080574
 40
184.6382205080574
 40
184.6382205080574
 40
191.4941195599351
 40
197.0563632799045
 40
203.1925893204772
 40
206.7938763529182
 40
210.8878485420901
 40
217.1031995847174
 40
222.4764110285656
 40
228.3270716542605
 40
232.7352090525767
 40
239.0128267649239
 40
242.0406317032101
 40
244.2217362809687
 40
246.6238689460963
 40
250.5868867748428
 40
253.3240169201048
 40
258.5928274030146
 40
260.9026669012714
 40
262.710257257265
 40
265.1137175019146
 40
267.5750000339482
 40
270.020579935548
 40
272.5276972351023
 40
274.3348126745909
 40
275.2800799378053
 40
277.8160832458647
 40
280.2080529316564
 40
282.0696117661116
 40
288.6985483986489
 40
294.8948514160863
 40
301.9542415605305
 40
301.9542415605305
 40
301.9542415605305
 40
301.9542415605305
 10
359.7448684123304
 20
36.0641645244779
 30
0.0
 10
359.7227564462324
 20
36.11190912890871
 30
0.0
 10
359.6173257863387
 20
36.1767273254885
 30
0.0
 10
359.5410670860857
 20
36.31568237562472
 30
0.0
 10
359.4193493906215
 20
36.38515255009347
 30
0.0
 10
359.3755019813384
 20
36.49966787731384
 30
0.0
 10
359.3377749580832
 20
36.60797300029012
 30
0.0
 10
359.3570887448349
 20
36.77695526035859
 30
0.0
 10
359.5241893033558
 20
36.78737126760507
 30
0.0
 10
359.6730590977184
 20
36.80193282528963
 30
0.0
 10
359.7418778551529
 20
36.65253635423336
 30
0.0
 10
359.7430908833392
 20
36.55142311876843
 30
0.0
 10
359.7204632639701
 20
36.42247913841949
 30
0.0
 10
359.7999325982985
 20
36.42573054839512
 30
0.0
 10
359.8793359009924
 20
36.44480280200278
 30
0.0
 10
359.857287018027
 20
36.54639244687263
 30
0.0
 10
359.9396891863958
 20
36.62333878511191
 30
0.0
 10
359.8756435936551
 20
36.72990895552111
 30
0.0
 10
359.9371816810466
 20
36.79010443217568
 30
0.0
 10
359.987048384071
 20
36.82489490238569
 30
0.0
 10
359.9630651551545
 20
36.89545768982863
 30
0.0
 10
359.9032731341865
 20
36.91536917003457
 30
0.0
 10
359.8240138300052
 20
36.91153274965593
 30
0.0
 10
359.8278927652059
 20
36.84028918472573
 30
0.0
 10
359.8309730104033
 20
36.79506294977475
 30
0.0
 10
359.7844350343772
 20
36.75977442451187
 30
0.0
 10
359.7781079927933
 20
36.84892300151267
 30
0.0
 10
359.7114315032935
 20
36.85129452635948
 30
0.0
 10
359.657312476799
 20
36.93718402945669
 30
0.0
 10
359.5068502578662
 20
36.90635179879156
 30
0.0
 10
359.3442429028232
 20
36.92235099174125
 30
0.0
 10
359.2303278866233
 20
36.90435182756883
 30
0.0
 10
359.1696618367348
 20
36.89476627661988
 30
0.0
  0
LINE
  5
6131
330
60B0
100
AcDbEntity
  8
0
100
AcDbLine
 10
372.3167097704326
 20
42.34002376839568
 30
0.0
 11
372.1668605458583
 21
42.33716455709543
 31
0.0
  0
LINE
  5
6132
330
60B0
100
AcDbEntity
  8
0
100
AcDbLine
 10
355.9315876639921
 20
38.58824285508246
 30
0.0
 11
376.3459292816021
 21
38.58824285508246
 31
0.0
  0
LINE
  5
6133
330
60B0
100
AcDbEntity
  8
0
100
AcDbLine
 10
376.3459292816021
 20
38.58824285508246
 30
0.0
 11
376.3459292816021
 21
38.25317361314715
 31
0.0
  0
SPLINE
  5
6134
330
60B0
100
AcDbEntity
  8
0
100
AcDbSpline
210
0.0
220
0.0
230
1.0
 70
  1064
 71
     3
 72
     9
 73
     5
 74
     3
 42
0.000000001
 43
0.0000000001
 44
0.0000000001
 40
0.0
 40
0.0
 40
0.0
 40
0.0
 40
0.0685699863900526
 40
0.1414106329328389
 40
0.1414106329328389
 40
0.1414106329328389
 40
0.1414106329328389
 10
359.7642823355094
 20
35.56342778992514
 30
0.0
 10
359.7558962321884
 20
35.5415103469324
 30
0.0
 10
359.7386017241845
 20
35.49631040379338
 30
0.0
 10
359.751233403318
 20
35.44949569035118
 30
0.0
 10
359.7577399838765
 20
35.42538142168466
 30
0.0
 11
359.7642823355094
 21
35.56342778992514
 31
0.0
 11
359.7461605043167
 21
35.49729578354581
 31
0.0
 11
359.7577399838765
 21
35.42538142168466
 31
0.0
  0
LINE
  5
6135
330
60B0
100
AcDbEntity
  8
0
100
AcDbLine
 10
376.3459292816021
 20
38.25317361314715
 30
0.0
 11
355.9315876639921
 21
38.25317361314715
 31
0.0
  0
SPLINE
  5
6136
330
60B0
100
AcDbEntity
  8
0
100
AcDbSpline
210
0.0
220
0.0
230
1.0
 70
  1064
 71
     3
 72
     9
 73
     5
 74
     3
 42
0.000000001
 43
0.0000000001
 44
0.0000000001
 40
0.0
 40
0.0
 40
0.0
 40
0.0
 40
0.0616214629396157
 40
0.1295861244564141
 40
0.1295861244564141
 40
0.1295861244564141
 40
0.1295861244564141
 10
360.5352582395788
 20
35.43151798193493
 30
0.0
 10
360.538119165078
 20
35.45206652145561
 30
0.0
 10
360.5441355144168
 20
35.49527882886763
 30
0.0
 10
360.5332084161225
 20
35.53757299410379
 30
0.0
 10
360.5274774280243
 20
35.55975521952698
 30
0.0
 11
360.5352582395788
 21
35.43151798193493
 31
0.0
 11
360.5400096928651
 21
35.49295598634984
 31
0.0
 11
360.5274774280243
 21
35.55975521952698
 31
0.0
  0
LINE
  5
6137
330
60B0
100
AcDbEntity
  8
0
100
AcDbLine
 10
355.9315876639921
 20
38.25317361314715
 30
0.0
 11
355.9315876639921
 21
38.58824285508246
 31
0.0
  0
LINE
  5
6138
330
60B0
100
AcDbEntity
  8
0
100
AcDbLine
 10
356.5314247426511
 20
36.76780321304958
 30
0.0
 11
356.254885654981
 21
35.56922110532946
 31
0.0
  0
LINE
  5
6139
330
60B0
100
AcDbEntity
  8
0
100
AcDbLine
 10
356.5634452486564
 20
35.44121718123937
 30
0.0
 11
355.5853693125626
 21
35.44121718123937
 31
0.0
  0
SPLINE
  5
613A
330
60B0
100
AcDbEntity
  8
0
100
AcDbSpline
210
0.0
220
0.0
230
1.0
 70
  1064
 71
     3
 72
    10
 73
     6
 74
     4
 42
0.000000001
 43
0.0000000001
 44
0.0000000001
 40
0.0
 40
0.0
 40
0.0
 40
0.0
 40
0.0663316880814271
 40
0.119246058054287
 40
0.1441954187204915
 40
0.1441954187204915
 40
0.1441954187204915
 40
0.1441954187204915
 10
360.8628457761248
 20
36.79213972098802
 30
0.0
 10
360.8691475301604
 20
36.81191086025201
 30
0.0
 10
360.880476343723
 20
36.84745390896167
 30
0.0
 10
360.8739619130334
 20
36.91224441712651
 30
0.0
 10
360.8453931164435
 20
36.91005888027768
 30
0.0
 10
360.8362390057417
 20
36.90935858314778
 30
0.0
 11
360.8628457761248
 21
36.79213972098802
 31
0.0
 11
360.876578679174
 21
36.85703425248008
 31
0.0
 11
360.861129314128
 21
36.90764302315573
 31
0.0
 11
360.8362390057417
 21
36.90935858314778
 31
0.0
  0
LINE
  5
613B
330
60B0
100
AcDbEntity
  8
0
100
AcDbLine
 10
355.5853693125626
 20
35.44121718123937
 30
0.0
 11
355.5853693125626
 21
35.56049351976164
 31
0.0
  0
LINE
  5
613C
330
60B0
100
AcDbEntity
  8
0
100
AcDbLine
 10
355.5853693125626
 20
35.56049351976164
 30
0.0
 11
355.7192726615181
 21
35.56049351976164
 31
0.0
  0
SPLINE
  5
613D
330
60B0
100
AcDbEntity
  8
0
100
AcDbSpline
210
0.0
220
0.0
230
1.0
 70
  1064
 71
     3
 72
    13
 73
     9
 74
     7
 42
0.000000001
 43
0.0000000001
 44
0.0000000001
 40
0.0
 40
0.0
 40
0.0
 40
0.0
 40
0.0729631192110977
 40
0.1204496855024646
 40
0.1626911617886108
 40
0.2495017072673606
 40
0.2991016650064369
 40
0.3512693219750875
 40
0.3512693219750875
 40
0.3512693219750875
 40
0.3512693219750875
 10
360.1645861388972
 20
36.90170357545122
 30
0.0
 10
360.139964100597
 20
36.8964139728948
 30
0.0
 10
360.0993173080564
 20
36.88768173979891
 30
0.0
 10
360.0657013878615
 20
36.83773102910739
 30
0.0
 10
360.0886705759424
 20
36.76976218948995
 30
0.0
 10
360.1634219835883
 20
36.79540499387808
 30
0.0
 10
360.2241197038812
 20
36.79552878353763
 30
0.0
 10
360.2567259717737
 20
36.78433667200093
 30
0.0
 10
360.2734404501795
 20
36.77859942211964
 30
0.0
 11
360.1645861388972
 21
36.90170357545122
 31
0.0
 11
360.0965026295398
 21
36.87546900820504
 31
0.0
 11
360.0730801255053
 21
36.83416089419703
 31
0.0
 11
360.0868580927231
 21
36.79422957893972
 31
0.0
 11
360.1736577169978
 21
36.7928526141296
 31
0.0
 11
360.2232576747369
 21
36.7928526141296
 31
0.0
 11
360.2734404501795
 21
36.77859942211964
 31
0.0
  0
LINE
  5
613E
330
60B0
100
AcDbEntity
  8
0
100
AcDbLine
 10
355.7192726615181
 20
35.56049351976164
 30
0.0
 11
356.0365650473116
 21
36.77943999380666
 31
0.0
  0
LINE
  5
613F
330
60B0
100
AcDbEntity
  8
0
100
AcDbLine
 10
356.0365650473116
 20
36.77943999380666
 30
0.0
 11
355.9113944904743
 21
36.77943999380666
 31
0.0
  0
LINE
  5
6140
330
60B0
100
AcDbEntity
  8
0
100
AcDbLine
 10
355.9113944904743
 20
36.77943999380666
 30
0.0
 11
355.9113944904743
 21
36.91326230827524
 31
0.0
  0
SPLINE
  5
6141
330
60B0
100
AcDbEntity
  8
0
100
AcDbSpline
210
0.0
220
0.0
230
1.0
 70
  1064
 71
     3
 72
    10
 73
     6
 74
     4
 42
0.000000001
 43
0.0000000001
 44
0.0000000001
 40
0.0
 40
0.0
 40
0.0
 40
0.0
 40
0.0550861120894743
 40
0.1329740997488164
 40
0.1654854069838346
 40
0.1654854069838346
 40
0.1654854069838346
 40
0.1654854069838346
 10
360.6197994247566
 20
35.55578158337852
 30
0.0
 10
360.6115178964861
 20
35.54040845598549
 30
0.0
 10
360.5915268547417
 20
35.50329877991881
 30
0.0
 10
360.5895831122913
 20
35.42433614292907
 30
0.0
 10
360.6298721657593
 20
35.42277477337248
 30
0.0
 10
360.6417368230178
 20
35.4223149682133
 30
0.0
 11
360.6197994247566
 21
35.55578158337852
 31
0.0
 11
360.5981175242374
 21
35.50514192564853
 31
0.0
 11
360.6097493104216
 21
35.42812738045227
 31
0.0
 11
360.6417368230178
 21
35.4223149682133
 31
0.0
  0
LINE
  5
6142
330
60B0
100
AcDbEntity
  8
0
100
AcDbLine
 10
355.9113944904743
 20
36.91326230827524
 30
0.0
 11
356.7788547915002
 21
36.91326230827524
 31
0.0
  0
SPLINE
  5
6143
330
60B0
100
AcDbEntity
  8
0
100
AcDbSpline
210
0.0
220
0.0
230
1.0
 70
  1064
 71
     3
 72
    11
 73
     7
 74
     5
 42
0.000000001
 43
0.0000000001
 44
0.0000000001
 40
0.0
 40
0.0
 40
0.0
 40
0.0
 40
0.0468035530261214
 40
0.1081105146188622
 40
0.1710141163673936
 40
0.1928239669369756
 40
0.1928239669369756
 40
0.1928239669369756
 40
0.1928239669369756
 10
361.3890854225002
 20
35.4223149682133
 30
0.0
 10
361.3994978815755
 20
35.4342692045117
 30
0.0
 10
361.4235493955371
 20
35.46188203632756
 30
0.0
 10
361.431114695942
 20
35.52174893131629
 30
0.0
 10
361.3964745564759
 20
35.57255815190884
 30
0.0
 10
361.3674724703756
 20
35.56979103320668
 30
0.0
 10
361.3600057558604
 20
35.5690786263368
 30
0.0
 11
361.3890854225002
 21
35.4223149682133
 31
0.0
 11
361.4167113673411
 21
35.46009564776669
 31
0.0
 11
361.422527059254
 21
35.52112614233546
 31
0.0
 11
361.38181560643
 21
35.5690786263368
 31
0.0
 11
361.3600057558604
 21
35.5690786263368
 31
0.0
  0
LINE
  5
6144
330
60B0
100
AcDbEntity
  8
0
100
AcDbLine
 10
357.2533382401366
 20
36.5990708884286
 30
0.0
 11
357.2533382401366
 21
36.0521450158565
 31
0.0
  0
LINE
  5
6145
330
60B0
100
AcDbEntity
  8
0
100
AcDbLine
 10
356.7938873129858
 20
36.53379940202589
 30
0.0
 11
356.7938873129858
 21
36.19343186785309
 31
0.0
  0
LINE
  5
6146
330
60B0
100
AcDbEntity
  8
0
100
AcDbLine
 10
356.4603722288227
 20
35.56493262049796
 30
0.0
 11
356.254885654981
 21
35.56493262049796
 31
0.0
  0
SPLINE
  5
6147
330
60B0
100
AcDbEntity
  8
0
100
AcDbSpline
210
0.0
220
0.0
230
1.0
 70
  1064
 71
     3
 72
    14
 73
    10
 74
     8
 42
0.000000001
 43
0.0000000001
 44
0.0000000001
 40
0.0
 40
0.0
 40
0.0
 40
0.0
 40
0.0395263961243467
 40
0.0717280388396336
 40
0.0995937960981523
 40
0.1418596808507108
 40
0.1892035119022499
 40
0.2727051033458068
 40
0.3359762451914803
 40
0.3359762451914803
 40
0.3359762451914803
 40
0.3359762451914803
 10
361.3898977846127
 20
36.06319776559124
 30
0.0
 10
361.3940246290535
 20
36.07520980111536
 30
0.0
 10
361.4015135601819
 20
36.09700788632168
 30
0.0
 10
361.4224593925111
 20
36.13029308843463
 30
0.0
 10
361.4632170387617
 20
36.1149220043503
 30
0.0
 10
361.4630229820965
 20
36.07061940999984
 30
0.0
 10
361.5036328147131
 20
36.02623020154128
 30
0.0
 10
361.5048636243621
 20
35.95763298063798
 30
0.0
 10
361.5086863009814
 20
35.90934122723911
 30
0.0
 10
361.5103341895857
 20
35.88852350237427
 30
0.0
 11
361.3898977846127
 21
36.06319776559124
 31
0.0
 11
361.4045850823775
 21
36.09989407705366
 31
0.0
 11
361.4266162302039
 21
36.12337969646245
 31
0.0
 11
361.4530536075956
 21
36.11457256842675
 31
0.0
 11
361.4677409053603
 21
36.07494065832532
 31
0.0
 11
361.4912406622557
 21
36.03384078284503
 31
0.0
 11
361.5059279600205
 21
35.95164103188449
 31
0.0
 11
361.5103341895857
 21
35.88852350237427
 31
0.0
  0
LINE
  5
6148
330
60B0
100
AcDbEntity
  8
0
100
AcDbLine
 10
358.6363680385247
 20
36.89664723180616
 30
0.0
 11
357.5587807613582
 21
36.90141247326694
 31
0.0
  0
SPLINE
  5
6149
330
60B0
100
AcDbEntity
  8
0
100
AcDbSpline
210
0.0
220
0.0
230
1.0
 70
  1064
 71
     3
 72
    12
 73
     8
 74
     6
 42
0.000000001
 43
0.0000000001
 44
0.0000000001
 40
0.0
 40
0.0
 40
0.0
 40
0.0
 40
0.0551199815651781
 40
0.1569692916709879
 40
0.2557662479928919
 40
0.4262961566950691
 40
0.5814610608333997
 40
0.5814610608333997
 40
0.5814610608333997
 40
0.5814610608333997
 10
361.5103341895857
 20
35.51379943413606
 30
0.0
 10
361.5219160076838
 20
35.49942284167727
 30
0.0
 10
361.5548984168117
 20
35.4584815446953
 30
0.0
 10
361.6348497309218
 20
35.41859513254853
 30
0.0
 10
361.7569975622296
 20
35.40480294441412
 30
0.0
 10
361.8990506747729
 20
35.36220801128726
 30
0.0
 10
362.0018607293376
 20
35.406225721582
 30
0.0
 10
362.0508406689378
 20
35.42719628521704
 30
0.0
 11
361.5103341895857
 21
35.51379943413606
 31
0.0
 11
361.5470630965018
 21
35.47269955865578
 31
0.0
 11
361.6366562968765
 21
35.42426052051864
 31
0.0
 11
361.7335929449541
 21
35.40517846512769
 31
0.0
 11
361.9024978751455
 21
35.38169284571889
 31
0.0
 11
362.0508406689378
 21
35.42719628521704
 31
0.0
  0
LINE
  5
614A
330
60B0
100
AcDbEntity
  8
0
100
AcDbLine
 10
357.5587807613582
 20
36.90141247326694
 30
0.0
 11
357.494967081984
 21
36.81794054099778
 31
0.0
  0
SPLINE
  5
614B
330
60B0
100
AcDbEntity
  8
0
100
AcDbSpline
210
0.0
220
0.0
230
1.0
 70
  1064
 71
     3
 72
    10
 73
     6
 74
     4
 42
0.000000001
 43
0.0000000001
 44
0.0000000001
 40
0.0
 40
0.0
 40
0.0
 40
0.0
 40
0.0374847616455583
 40
0.1176962185881018
 40
0.21710804882704
 40
0.21710804882704
 40
0.21710804882704
 40
0.21710804882704
 10
362.1519018955265
 20
35.69309313863245
 30
0.0
 10
362.1542613224619
 20
35.7076504834913
 30
0.0
 10
362.1616695495958
 20
35.75335824225393
 30
0.0
 10
362.0466119515932
 20
35.72515334493484
 30
0.0
 10
362.0290574788014
 20
35.66828362093878
 30
0.0
 10
362.0193420221002
 20
35.63680928686804
 30
0.0
 11
362.1519018955265
 21
35.69309313863245
 31
0.0
 11
362.1519018955265
 21
35.73057790027801
 31
0.0
 11
362.0722690835081
 21
35.7209605682735
 31
0.0
 11
362.0193420221002
 21
35.63680928686804
 31
0.0
  0
LINE
  5
614C
330
60B0
100
AcDbEntity
  8
0
100
AcDbLine
 10
357.494967081984
 20
36.81794054099778
 30
0.0
 11
357.494967081984
 21
36.79870770364259
 31
0.0
  0
LINE
  5
614D
330
60B0
100
AcDbEntity
  8
0
100
AcDbLine
 10
357.494967081984
 20
36.79870770364259
 30
0.0
 11
357.634858332354
 21
36.79870770364259
 31
0.0
  0
LINE
  5
614E
330
60B0
100
AcDbEntity
  8
0
100
AcDbLine
 10
357.634858332354
 20
36.79870770364259
 30
0.0
 11
357.634858332354
 21
36.68848957501724
 31
0.0
  0
SPLINE
  5
614F
330
60B0
100
AcDbEntity
  8
0
100
AcDbSpline
210
0.0
220
0.0
230
1.0
 70
  1064
 71
     3
 72
    20
 73
    16
 74
    14
 42
0.000000001
 43
0.0000000001
 44
0.0000000001
 40
0.0
 40
0.0
 40
0.0
 40
0.0
 40
0.092595289211797
 40
0.189901905051809
 40
0.2548630828279045
 40
0.3539678453102885
 40
0.5236123231124108
 40
0.6430068761777468
 40
0.7645295930636236
 40
0.9434876129558415
 40
1.04156752133994
 40
1.158260481219658
 40
1.256536971741279
 40
1.417574755348318
 40
1.528266801391688
 40
1.528266801391688
 40
1.528266801391688
 40
1.528266801391688
 10
361.9455465894613
 20
36.03111840451682
 30
0.0
 10
361.9298324981897
 20
36.06198142925624
 30
0.0
 10
361.8976047693925
 20
36.12527781553642
 30
0.0
 10
361.7765313774171
 20
36.08116247175559
 30
0.0
 10
361.7742975598453
 20
36.21377526256629
 30
0.0
 10
361.919245985351
 20
36.17206051881536
 30
0.0
 10
362.0454771082226
 20
36.2183372706336
 30
0.0
 10
362.1129680155992
 20
36.34303651948684
 30
0.0
 10
362.185886105061
 20
36.46266025410785
 30
0.0
 10
362.1949983389708
 20
36.60195110294792
 30
0.0
 10
362.1730026480585
 20
36.72992907149994
 30
0.0
 10
362.1167763824569
 20
36.8294787858343
 30
0.0
 10
361.9901449594036
 20
36.86090560155752
 30
0.0
 10
361.8735918897879
 20
36.90067928616198
 30
0.0
 10
361.78225739553
 20
36.89836640195405
 30
0.0
 10
361.7450513145607
 20
36.89742422388855
 30
0.0
 11
361.9455465894613
 21
36.03111840451682
 31
0.0
 11
361.8846182638595
 21
36.10084377094527
 31
0.0
 11
361.7883869504934
 21
36.11526985198172
 31
0.0
 11
361.7859812481311
 21
36.18018646937821
 31
0.0
 11
361.8846182638595
 21
36.18980380138272
 31
0.0
 11
362.045805552804
 21
36.24269904437762
 31
0.0
 11
362.1131672307451
 21
36.3412762407601
 31
0.0
 11
362.1684999945153
 21
36.44947076914706
 31
0.0
 11
362.187746418132
 21
36.62739083002191
 31
0.0
 11
362.1684999945153
 21
36.72356381794783
 31
0.0
 11
362.1035126349622
 21
36.82048589997153
 31
0.0
 11
362.012092726321
 21
36.85655068741407
 31
0.0
 11
361.8557172444599
 21
36.89501984937256
 31
0.0
 11
361.7450513145607
 21
36.89742422388855
 31
0.0
  0
LINE
  5
6150
330
60B0
100
AcDbEntity
  8
0
100
AcDbLine
 10
357.634858332354
 20
36.68848957501724
 30
0.0
 11
357.5771254992425
 21
36.67739381588963
 31
0.0
  0
LINE
  5
6151
330
60B0
100
AcDbEntity
  8
0
100
AcDbLine
 10
357.5771254992425
 20
36.67739381588963
 30
0.0
 11
357.3376991686393
 21
35.56589941851107
 31
0.0
  0
LINE
  5
6152
330
60B0
100
AcDbEntity
  8
0
100
AcDbLine
 10
357.3376991686393
 20
35.56589941851107
 30
0.0
 11
357.1479508533536
 21
35.56589941851107
 31
0.0
  0
LINE
  5
6153
330
60B0
100
AcDbEntity
  8
0
100
AcDbLine
 10
357.1479508533536
 20
35.56589941851107
 30
0.0
 11
357.1479508533536
 21
35.42975227199443
 31
0.0
  0
SPLINE
  5
6154
330
60B0
100
AcDbEntity
  8
0
100
AcDbSpline
210
0.0
220
0.0
230
1.0
 70
  1067
 71
     3
 72
    20
 73
    16
 74
    14
 42
0.0000000001
 43
0.0000000001
 44
0.0
 40
0.0
 40
0.0
 40
0.0
 40
0.0
 40
0.100256268858522
 40
0.2602736642373971
 40
0.4362546108865871
 40
0.5382068464619668
 40
0.5962908025605334
 40
0.6712057102967852
 40
0.7707476636443636
 40
0.8968294865228237
 40
1.021941322751666
 40
1.159989755028408
 40
1.248394470272848
 40
1.328712961935181
 40
1.364023519880027
 40
1.364023519880027
 40
1.364023519880027
 40
1.364023519880027
 10
361.5715490344458
 20
36.75449255321793
 30
0.0
 10
361.5533007181713
 20
36.72620691841386
 30
0.0
 10
361.5059265619514
 20
36.65277504328469
 30
0.0
 10
361.4902733630054
 20
36.50086083767521
 30
0.0
 10
361.4621712514073
 20
36.37276529812043
 30
0.0
 10
361.4423625542393
 20
36.23307993839178
 30
0.0
 10
361.5388473048514
 20
36.21256365305265
 30
0.0
 10
361.5895648887537
 20
36.28274455522794
 30
0.0
 10
361.6373282063877
 20
36.36594806749741
 30
0.0
 10
361.7283585092163
 20
36.45280474298895
 30
0.0
 10
361.7316207639589
 20
36.58292468015017
 30
0.0
 10
361.7685774606147
 20
36.71586295503754
 30
0.0
 10
361.6788516772673
 20
36.775679889494
 30
0.0
 10
361.5962697473875
 20
36.80300388269169
 30
0.0
 10
361.5773321564567
 20
36.76584121205006
 30
0.0
 10
361.5715490344458
 20
36.75449255321793
 30
0.0
 11
361.5715490344458
 21
36.75449255321793
 31
0.0
 11
361.5224475990726
 21
36.66708335181599
 31
0.0
 11
361.4886905131383
 21
36.51066715708839
 31
0.0
 11
361.4580022166197
 21
36.3373826452579
 31
0.0
 11
361.4702773742836
 21
36.23617207840273
 31
0.0
 11
361.527050984376
 21
36.22390410574461
 31
0.0
 11
361.582289998581
 21
36.27450938917221
 31
0.0
 11
361.6375290127862
 21
36.35731791401047
 31
0.0
 11
361.7127157617331
 21
36.4585284808657
 31
0.0
 11
361.7372664794195
 21
36.581207875328
 31
0.0
 11
361.7403352688356
 21
36.71922219409814
 31
0.0
 11
361.6712865010793
 21
36.77442782197051
 31
0.0
 11
361.5914967691878
 21
36.78362884297896
 31
0.0
 11
361.5715490344458
 21
36.75449255321793
 31
0.0
  0
LINE
  5
6155
330
60B0
100
AcDbEntity
  8
0
100
AcDbLine
 10
357.1479508533536
 20
35.42975227199443
 30
0.0
 11
358.2913052611351
 21
35.42975227199443
 31
0.0
  0
LINE
  5
6156
330
60B0
100
AcDbEntity
  8
0
100
AcDbLine
 10
358.2913052611351
 20
35.42975227199443
 30
0.0
 11
358.4421306077919
 21
35.86736786285593
 31
0.0
  0
LINE
  5
6157
330
60B0
100
AcDbEntity
  8
0
100
AcDbLine
 10
358.4421306077919
 20
35.86736786285593
 30
0.0
 11
358.339958871332
 21
35.86736786285593
 31
0.0
  0
LINE
  5
6158
330
60B0
100
AcDbEntity
  8
0
100
AcDbLine
 10
358.339958871332
 20
35.86736786285593
 30
0.0
 11
358.1015569458494
 21
35.56103686622315
 31
0.0
  0
LINE
  5
6159
330
60B0
100
AcDbEntity
  8
0
100
AcDbLine
 10
358.1015569458494
 20
35.56103686622315
 30
0.0
 11
357.7901756109683
 21
35.56103686622315
 31
0.0
  0
LINE
  5
615A
330
60B0
100
AcDbEntity
  8
0
100
AcDbLine
 10
357.7901756109683
 20
35.56103686622315
 30
0.0
 11
357.9397450239044
 21
36.09740330038039
 31
0.0
  0
LINE
  5
615B
330
60B0
100
AcDbEntity
  8
0
100
AcDbLine
 10
357.9397450239044
 20
36.09740330038039
 30
0.0
 11
358.0385479837734
 21
36.09740330038039
 31
0.0
  0
LINE
  5
615C
330
60B0
100
AcDbEntity
  8
0
100
AcDbLine
 10
358.0385479837734
 20
36.09740330038039
 30
0.0
 11
358.0997584026882
 21
35.89519660064937
 31
0.0
  0
LINE
  5
615D
330
60B0
100
AcDbEntity
  8
0
100
AcDbLine
 10
358.0997584026882
 20
35.89519660064937
 30
0.0
 11
358.2413830141181
 21
35.89519660064937
 31
0.0
  0
LINE
  5
615E
330
60B0
100
AcDbEntity
  8
0
100
AcDbLine
 10
358.2413830141181
 20
35.89519660064937
 30
0.0
 11
358.3207052052596
 21
36.42576644946627
 31
0.0
  0
LINE
  5
615F
330
60B0
100
AcDbEntity
  8
0
100
AcDbLine
 10
358.3207052052596
 20
36.42576644946627
 30
0.0
 11
358.218687572162
 21
36.42576644946627
 31
0.0
  0
LINE
  5
6160
330
60B0
100
AcDbEntity
  8
0
100
AcDbLine
 10
358.218687572162
 20
36.42576644946627
 30
0.0
 11
358.0926660267821
 21
36.22065515295743
 31
0.0
  0
LINE
  5
6161
330
60B0
100
AcDbEntity
  8
0
100
AcDbLine
 10
358.0926660267821
 20
36.22065515295743
 30
0.0
 11
357.9714450224436
 21
36.22065515295743
 31
0.0
  0
LINE
  5
6162
330
60B0
100
AcDbEntity
  8
0
100
AcDbLine
 10
357.9714450224436
 20
36.22065515295743
 30
0.0
 11
358.0973579309883
 21
36.72514237890847
 31
0.0
  0
LINE
  5
6163
330
60B0
100
AcDbEntity
  8
0
100
AcDbLine
 10
359.7477121166785
 20
35.64613147860592
 30
0.0
 11
359.7448684123303
 21
36.0641645244779
 31
0.0
  0
LINE
  5
6164
330
60B0
100
AcDbEntity
  8
0
100
AcDbLine
 10
360.2734404501795
 20
36.77859942211963
 30
0.0
 11
359.9283006199083
 21
35.56342778992514
 31
0.0
  0
LINE
  5
6165
330
60B0
100
AcDbEntity
  8
0
100
AcDbLine
 10
359.9283006199083
 20
35.56342778992514
 30
0.0
 11
359.7642823355094
 21
35.56342778992514
 31
0.0
  0
LINE
  5
6166
330
60B0
100
AcDbEntity
  8
0
100
AcDbLine
 10
359.7577399838765
 20
35.42538142168465
 30
0.0
 11
360.5352582395788
 21
35.4315179819349
 31
0.0
  0
LINE
  5
6167
330
60B0
100
AcDbEntity
  8
0
100
AcDbLine
 10
360.5274774280243
 20
35.55975521952695
 30
0.0
 11
360.3457300144739
 21
35.55623642016279
 31
0.0
  0
LINE
  5
6168
330
60B0
100
AcDbEntity
  8
0
100
AcDbLine
 10
360.3457300144739
 20
35.55623642016279
 30
0.0
 11
360.7402016292446
 21
36.79213972098798
 31
0.0
  0
LINE
  5
6169
330
60B0
100
AcDbEntity
  8
0
100
AcDbLine
 10
360.7402016292446
 20
36.79213972098798
 30
0.0
 11
360.8628457761247
 21
36.79213972098798
 31
0.0
  0
LINE
  5
616A
330
60B0
100
AcDbEntity
  8
0
100
AcDbLine
 10
360.8362390057417
 20
36.90935858314778
 30
0.0
 11
360.8362390057417
 21
36.90935858314778
 31
0.0
  0
LINE
  5
616B
330
60B0
100
AcDbEntity
  8
0
100
AcDbLine
 10
360.8362390057417
 20
36.90935858314778
 30
0.0
 11
360.1645861388971
 21
36.90170357545122
 31
0.0
  0
SPLINE
  5
616C
330
60B0
100
AcDbEntity
  8
0
100
AcDbSpline
210
0.0
220
0.0
230
1.0
 70
  1064
 71
     3
 72
    18
 73
    14
 74
    12
 42
0.000000001
 43
0.0000000001
 44
0.0000000001
 40
0.0
 40
0.0
 40
0.0
 40
0.0
 40
0.0757208774347944
 40
0.2752426814175004
 40
0.3323613670470356
 40
0.4302359159068302
 40
0.6607587392511898
 40
0.6871098478254544
 40
0.7979452400913112
 40
0.9762996209583968
 40
1.030477773511304
 40
1.140761675991987
 40
1.19897468612765
 40
1.19897468612765
 40
1.19897468612765
 40
1.19897468612765
 10
363.0892333853873
 20
36.73871873383138
 30
0.0
 10
363.1057524105253
 20
36.75851461532362
 30
0.0
 10
363.1657984761209
 20
36.83047193657413
 30
0.0
 10
363.2920155032646
 20
36.83387494197145
 30
0.0
 10
363.4128270254188
 20
36.79864376070726
 30
0.0
 10
363.4345263371705
 20
36.65220257478037
 30
0.0
 10
363.4447429189999
 20
36.54380911827037
 30
0.0
 10
363.5269516562128
 20
36.43512375709405
 30
0.0
 10
363.6278150039392
 20
36.57948003452568
 30
0.0
 10
363.5656505858569
 20
36.70099671240636
 30
0.0
 10
363.6770611848326
 20
36.76087298959749
 30
0.0
 10
363.6834496904685
 20
36.85710293523478
 30
0.0
 10
363.6424189595207
 20
36.89658363226071
 30
0.0
 10
363.6282434929236
 20
36.910223586729
 30
0.0
 11
363.0892333853873
 21
36.73871873383138
 31
0.0
 11
363.1421568255671
 21
36.79287370367744
 31
0.0
 11
363.3400480751916
 21
36.81832961824696
 31
0.0
 11
363.3929497880047
 21
36.7967900493218
 31
0.0
 11
363.4262582440455
 21
36.70475758727342
 31
0.0
 11
363.4909160718652
 21
36.48348820985237
 31
0.0
 11
363.5085498420166
 21
36.46390681374943
 31
0.0
 11
363.5849633824844
 21
36.54419040492411
 31
0.0
 11
363.6123937810219
 21
36.72042280379149
 31
0.0
 11
363.6535393788281
 21
36.75566925035307
 31
0.0
 11
363.6652954938348
 21
36.86532476962282
 31
0.0
 11
363.6282434929236
 21
36.910223586729
 31
0.0
  0
SPLINE
  5
616D
330
60B0
100
AcDbEntity
  8
0
100
AcDbSpline
210
0.0
220
0.0
230
1.0
 70
  1064
 71
     3
 72
    19
 73
    15
 74
    13
 42
0.000000001
 43
0.0000000001
 44
0.0000000001
 40
0.0
 40
0.0
 40
0.0
 40
0.0
 40
0.1249821297489992
 40
0.2579148509478536
 40
0.3484406773326405
 40
0.497929432868305
 40
0.6021888846408437
 40
0.6895761799489462
 40
0.8067361388913554
 40
0.9339714574792266
 40
1.047524902180679
 40
1.200068757013365
 40
1.341283609329891
 40
1.406683450922074
 40
1.406683450922074
 40
1.406683450922074
 40
1.406683450922074
 10
365.4465476943197
 20
36.73451709808279
 30
0.0
 10
365.4852331261325
 20
36.75044563027539
 30
0.0
 10
365.5650649180844
 20
36.78331596953527
 30
0.0
 10
365.6661925159792
 20
36.83590530650837
 30
0.0
 10
365.7719031401401
 20
36.91760935258756
 30
0.0
 10
365.7527597833168
 20
37.04680221146664
 30
0.0
 10
365.7398926503444
 20
37.15743638419438
 30
0.0
 10
365.6715474248855
 20
37.24710932820253
 30
0.0
 10
365.5528249017306
 20
37.25254779551166
 30
0.0
 10
365.4357173074949
 20
37.25086567354236
 30
0.0
 10
365.3101668617833
 20
37.16497332541395
 30
0.0
 10
365.3389814576137
 20
37.02607624831994
 30
0.0
 10
365.3722109359754
 20
36.87090101188719
 30
0.0
 10
365.2965305923599
 20
36.85825785593787
 30
0.0
 10
365.2725754593029
 20
36.85425591212318
 30
0.0
 11
365.4465476943197
 21
36.73451709808279
 31
0.0
 11
365.5614351711642
 21
36.78372482533065
 31
0.0
 11
365.6779638689381
 21
36.84769490396474
 31
0.0
 11
365.7436139131863
 21
36.91002464752954
 31
0.0
 11
365.7518200178329
 21
37.05928799828293
 31
0.0
 11
365.728842522464
 21
37.1609839568579
 31
0.0
 11
365.6730402061502
 21
37.2282345395712
 31
0.0
 11
365.5581527293056
 21
37.2511980681258
 31
0.0
 11
365.4317767059558
 21
37.23643571673959
 31
0.0
 11
365.3415079454095
 21
37.16754496501635
 31
0.0
 11
365.3415079454095
 21
37.01500111018366
 31
0.0
 11
365.3349430616922
 21
36.87393893659855
 31
0.0
 11
365.2725754593029
 21
36.85425591212318
 31
0.0
  0
SPLINE
  5
616E
330
60B0
100
AcDbEntity
  8
0
100
AcDbSpline
210
0.0
220
0.0
230
1.0
 70
  1064
 71
     3
 72
    25
 73
    21
 74
    19
 42
0.000000001
 43
0.0000000001
 44
0.0000000001
 40
0.0
 40
0.0
 40
0.0
 40
0.0
 40
0.0293087711813993
 40
0.0741169455062418
 40
0.1142893626037867
 40
0.1948411691791262
 40
0.2925060106640448
 40
0.3715256392468747
 40
0.4605472630720755
 40
0.5752601037961371
 40
0.6853839513059312
 40
0.7623408073595616
 40
0.831492095773567
 40
1.027300016132409
 40
1.096442661852381
 40
1.160385508877921
 40
1.188699548999877
 40
1.22824229859728
 40
1.24744313622149
 40
1.298803343994617
 40
1.298803343994617
 40
1.298803343994617
 40
1.298803343994617
 10
364.4899870822642
 20
36.76546077870174
 30
0.0
 10
364.4849909243682
 20
36.75421546631834
 30
0.0
 10
364.4723564826094
 20
36.72577796547728
 30
0.0
 10
364.5365910912465
 20
36.73277875534783
 30
0.0
 10
364.5352938859857
 20
36.6650063282647
 30
0.0
 10
364.531482408595
 20
36.59899467414562
 30
0.0
 10
364.5439544172953
 20
36.50896303156033
 30
0.0
 10
364.5009894936206
 20
36.42743369375764
 30
0.0
 10
364.423378611355
 20
36.36704713766088
 30
0.0
 10
364.3141892785886
 20
36.36072740953864
 30
0.0
 10
364.2156226622283
 20
36.37777163838828
 30
0.0
 10
364.1365289748177
 20
36.42211698625985
 30
0.0
 10
364.0941709696078
 20
36.53151542180947
 30
0.0
 10
364.0870636045462
 20
36.65296090550736
 30
0.0
 10
364.1393395123837
 20
36.74655074492062
 30
0.0
 10
364.1716351324019
 20
36.79811746672205
 30
0.0
 10
364.2287107300415
 20
36.78864019561863
 30
0.0
 10
364.2162062845025
 20
36.83582796197528
 30
0.0
 10
364.2562308702934
 20
36.84656978863258
 30
0.0
 10
364.2790590002373
 20
36.84514986322245
 30
0.0
 10
364.2956752151814
 20
36.84411632320507
 30
0.0
 11
364.4899870822642
 21
36.76546077870174
 31
0.0
 11
364.4834881853654
 21
36.73688161833509
 31
0.0
 11
364.5257326246422
 21
36.72194241365372
 31
0.0
 11
364.5354817747076
 21
36.68297092191345
 31
0.0
 11
364.5341817539128
 21
36.60242960650028
 31
0.0
 11
364.5335114244035
 21
36.50476706546932
 31
0.0
 11
364.4984160936023
 21
36.43396862299124
 31
0.0
 11
364.4275748180646
 21
36.38005792656959
 31
0.0
 11
364.3138388916735
 21
36.36511888794774
 31
0.0
 11
364.2059520529631
 21
36.38720263363155
 31
0.0
 11
364.1416100766828
 21
36.42942191574302
 31
0.0
 11
364.1117136219855
 21
36.49177656822258
 31
0.0
 11
364.1104482040345
 21
36.68758039962704
 31
0.0
 11
364.1416442771681
 21
36.74928542760858
 31
0.0
 11
364.1890883972658
 21
36.79215433421801
 31
0.0
 11
364.2170350219501
 21
36.79670087540683
 31
0.0
 11
364.2267837696568
 21
36.83502307476796
 31
0.0
 11
364.2443314350572
 21
36.84281740632794
 31
0.0
 11
364.2956752151814
 21
36.84411632320507
 31
0.0
  0
LINE
  5
616F
330
60B0
100
AcDbEntity
  8
0
100
AcDbLine
 10
361.0765147154527
 20
36.7860813747302
 30
0.0
 11
361.0718779343815
 21
36.52426626215345
 31
0.0
  0
LINE
  5
6170
330
60B0
100
AcDbEntity
  8
0
100
AcDbLine
 10
361.0718779343815
 20
36.52426626215345
 30
0.0
 11
360.7751291764889
 21
35.55578158337852
 31
0.0
  0
LINE
  5
6171
330
60B0
100
AcDbEntity
  8
0
100
AcDbLine
 10
360.7751291764889
 20
35.55578158337852
 30
0.0
 11
360.6197994247566
 21
35.55578158337852
 31
0.0
  0
LINE
  5
6172
330
60B0
100
AcDbEntity
  8
0
100
AcDbLine
 10
360.6417368230178
 20
35.42231496821329
 30
0.0
 11
361.3890854225001
 21
35.42231496821329
 31
0.0
  0
SPLINE
  5
6173
330
60B0
100
AcDbEntity
  8
0
100
AcDbSpline
210
0.0
220
0.0
230
1.0
 70
     8
 71
     3
 72
    11
 73
     7
 74
     0
 42
0.000000001
 43
0.0000001
 40
0.0
 40
0.0
 40
0.0
 40
0.0
 40
0.5852806137870837
 40
2.718970502021589
 40
4.543099736781395
 40
4.670425552048911
 40
4.670425552048911
 40
4.670425552048911
 40
4.670425552048911
 10
364.5069118964763
 20
36.88655131651862
 30
0.0
 10
364.5091548121184
 20
36.89120126423342
 30
0.0
 10
364.5195744660863
 20
36.91280298890118
 30
0.0
 10
364.5660575798341
 20
36.92453165511563
 30
0.0
 10
364.5925693077081
 20
36.91425883872249
 30
0.0
 10
364.6109764681049
 20
36.90165394313361
 30
0.0
 10
364.6160271361421
 20
36.88211952239732
 30
0.0
  0
LINE
  5
6174
330
60B0
100
AcDbEntity
  8
0
100
AcDbLine
 10
361.3600057558604
 20
35.56907862633676
 30
0.0
 11
361.3600057558604
 21
35.56907862633676
 31
0.0
  0
LINE
  5
6175
330
60B0
100
AcDbEntity
  8
0
100
AcDbLine
 10
361.3600057558604
 20
35.56907862633676
 30
0.0
 11
361.2640428157133
 21
35.56907862633676
 31
0.0
  0
LINE
  5
6176
330
60B0
100
AcDbEntity
  8
0
100
AcDbLine
 10
361.2640428157133
 20
35.56907862633676
 30
0.0
 11
361.3898977846126
 21
36.06319776559121
 31
0.0
  0
LINE
  5
6177
330
60B0
100
AcDbEntity
  8
0
100
AcDbLine
 10
361.5103341895857
 20
35.8885235023743
 30
0.0
 11
361.5103341895857
 21
35.51379943413606
 31
0.0
  0
SPLINE
  5
6178
330
60B0
100
AcDbEntity
  8
0
100
AcDbSpline
210
0.0
220
0.0
230
1.0
 70
  1064
 71
     3
 72
    12
 73
     8
 74
     6
 42
0.000000001
 43
0.0000000001
 44
0.0000000001
 40
0.0
 40
0.0
 40
0.0
 40
0.0
 40
0.0574886014114782
 40
0.1053989885079352
 40
0.1699197007511328
 40
0.219831458736026
 40
0.2425714766528413
 40
0.2425714766528413
 40
0.2425714766528413
 40
0.2425714766528413
 10
364.2861807581407
 20
35.54817190990698
 30
0.0
 10
364.2648720709012
 20
35.55269044722942
 30
0.0
 10
364.2258049510492
 20
35.56097468535016
 30
0.0
 10
364.1977070261945
 20
35.50087273134914
 30
0.0
 10
364.2071733157965
 20
35.44162286322649
 30
0.0
 10
364.2548465282875
 20
35.41848259868185
 30
0.0
 10
364.2787111329271
 20
35.42344772458976
 30
0.0
 10
364.2861807581407
 20
35.4250018098231
 30
0.0
 11
364.2861807581407
 21
35.54817190990698
 31
0.0
 11
364.2286921567292
 21
35.54817190990698
 31
0.0
 11
364.2050201903319
 21
35.50651806016154
 31
0.0
 11
364.2185470857529
 21
35.4434312516463
 31
0.0
 11
364.2636362006782
 21
35.42202668903934
 31
0.0
 11
364.2861807581407
 21
35.4250018098231
 31
0.0
  0
SPLINE
  5
6179
330
60B0
100
AcDbEntity
  8
0
100
AcDbSpline
210
0.0
220
0.0
230
1.0
 70
  1064
 71
     3
 72
    12
 73
     8
 74
     6
 42
0.000000001
 43
0.0000000001
 44
0.0000000001
 40
0.0
 40
0.0
 40
0.0
 40
0.0
 40
0.0301826802399632
 40
0.0694655009311639
 40
0.1053375418921199
 40
0.1513725376321282
 40
0.1895377760566989
 40
0.1895377760566989
 40
0.1895377760566989
 40
0.1895377760566989
 10
365.0677845635651
 20
35.4250018098231
 30
0.0
 10
365.0771814431482
 20
35.43003513499723
 30
0.0
 10
365.0988083809231
 20
35.44161934328457
 30
0.0
 10
365.1000689231689
 20
35.48208195873018
 30
0.0
 10
365.0927840688635
 20
35.51852876629994
 30
0.0
 10
365.1088092219015
 20
35.57002143731285
 30
0.0
 10
365.0751398527607
 20
35.57308976577052
 30
0.0
 10
365.0598786184707
 20
35.57448053965987
 30
0.0
 11
365.0677845635651
 21
35.4250018098231
 31
0.0
 11
365.0920492042521
 21
35.44295233624436
 31
0.0
 11
365.0986297799568
 21
35.48168005273851
 31
0.0
 11
365.0964361206023
 21
35.5174849571699
 31
0.0
 11
365.0964361206023
 21
35.56351995290991
 31
0.0
 11
365.0598786184707
 21
35.57448053965987
 31
0.0
  0
LINE
  5
617A
330
60B0
100
AcDbEntity
  8
0
100
AcDbLine
 10
362.0508406689378
 20
35.42719628521701
 30
0.0
 11
362.1519018955265
 21
35.69309313863241
 31
0.0
  0
LINE
  5
617B
330
60B0
100
AcDbEntity
  8
0
100
AcDbLine
 10
362.0193420221
 20
35.636809286868
 30
0.0
 11
362.0025013008458
 21
35.5334233414536
 31
0.0
  0
LINE
  5
617C
330
60B0
100
AcDbEntity
  8
0
100
AcDbLine
 10
362.0025013008458
 20
35.5334233414536
 30
0.0
 11
361.9455465894612
 21
35.54270079608921
 31
0.0
  0
SPLINE
  5
617D
330
60B0
100
AcDbEntity
  8
0
100
AcDbSpline
210
0.0
220
0.0
230
1.0
 70
  1067
 71
     3
 72
    23
 73
    19
 74
    17
 42
0.0000000001
 43
0.0000000001
 44
0.0
 40
0.0
 40
0.0
 40
0.0
 40
0.0
 40
0.1285571100986982
 40
0.3662567201168722
 40
0.5385172079165552
 40
0.740811170926184
 40
0.9980056737808847
 40
1.303302227499122
 40
1.438012031377508
 40
1.544222399484576
 40
1.672630130549141
 40
1.932146580943986
 40
2.16691477872203
 40
2.436637326241779
 40
2.743605246718025
 40
2.88829644137435
 40
3.05758185640169
 40
3.094808554686811
 40
3.094808554686811
 40
3.094808554686811
 40
3.094808554686811
 10
366.2888698340312
 20
36.8007895907416
 30
0.0
 10
366.2495923778335
 20
36.78265058384961
 30
0.0
 10
366.1376916648316
 20
36.73097290405936
 30
0.0
 10
366.0314170901022
 20
36.57174503697895
 30
0.0
 10
365.976075307913
 20
36.3768679661593
 30
0.0
 10
365.8949500779771
 20
36.17944728390888
 30
0.0
 10
365.8857578869929
 20
35.9248626274054
 30
0.0
 10
365.8554806251617
 20
35.68353836165306
 30
0.0
 10
365.9566696305403
 20
35.51985567628109
 30
0.0
 10
366.0928937452205
 20
35.47830920840934
 30
0.0
 10
366.214661810954
 20
35.61657448528864
 30
0.0
 10
366.3319046677328
 20
35.77610392052586
 30
0.0
 10
366.4527666298573
 20
36.00751231501587
 30
0.0
 10
366.4792984554845
 20
36.2813989666463
 30
0.0
 10
366.4520729232833
 20
36.52050809413571
 30
0.0
 10
366.4919286029043
 20
36.72849305978922
 30
0.0
 10
366.3612952359335
 20
36.84264205922867
 30
0.0
 10
366.2999315051993
 20
36.80718179888705
 30
0.0
 10
366.2888698340312
 20
36.8007895907416
 30
0.0
 11
366.2888698340312
 21
36.8007895907416
 31
0.0
 11
366.1759189093643
 21
36.73939725267053
 31
0.0
 11
366.033243739502
 21
36.54927913015838
 31
0.0
 11
365.9757776701746
 21
36.38688662253244
 31
0.0
 11
365.9123663494496
 21
36.1947880752343
 31
0.0
 11
365.8826425066128
 21
35.93931693113836
 31
0.0
 11
365.8965138210374
 21
35.63433566556887
 31
0.0
 11
365.9757776701746
 21
35.52541379686974
 31
0.0
 11
366.0788205131097
 21
35.49966860676967
 31
0.0
 11
366.1798817396985
 21
35.578884601856
 31
0.0
 11
366.332464588934
 21
35.78880664011
 31
0.0
 11
366.4335262178814
 21
36.00070910315006
 31
0.0
 11
366.4691949097574
 21
36.26806279596241
 31
0.0
 11
366.4672132934111
 21
36.57502432025848
 31
0.0
 11
366.461268444372
 21
36.71959333692864
 31
0.0
 11
366.3225569095609
 21
36.81663282297075
 31
0.0
 11
366.2888698340312
 21
36.8007895907416
 31
0.0
  0
SPLINE
  5
617E
330
60B0
100
AcDbEntity
  8
0
100
AcDbSpline
210
0.0
220
0.0
230
1.0
 70
  1064
 71
     3
 72
    18
 73
    14
 74
    12
 42
0.000000001
 43
0.0000000001
 44
0.0000000001
 40
0.0
 40
0.0
 40
0.0
 40
0.0
 40
0.3115001595571087
 40
0.6974461075500804
 40
0.93170649293464
 40
1.140394413645739
 40
1.39002857415279
 40
1.619390414108795
 40
1.786023500284866
 40
1.943505709983968
 40
2.082864397907449
 40
2.123977020647101
 40
2.132894369105272
 40
2.132894369105272
 40
2.132894369105272
 40
2.132894369105272
 10
366.1288493851688
 20
35.36728038155586
 30
0.0
 10
366.2293014933665
 20
35.39424304649977
 30
0.0
 10
366.4542128769028
 20
35.45461221530229
 30
0.0
 10
366.7156688930042
 20
35.65287917835585
 30
0.0
 10
366.8382220692362
 20
35.90150319504994
 30
0.0
 10
366.9632249717707
 20
36.09965391869913
 30
0.0
 10
366.9858123125426
 20
36.33215710322112
 30
0.0
 10
366.9942306827834
 20
36.55008207058459
 30
0.0
 10
366.9300695934755
 20
36.72426542742824
 30
0.0
 10
366.8171463360203
 20
36.8516825349899
 30
0.0
 10
366.6841537704637
 20
36.82940085089434
 30
0.0
 10
366.6431663340163
 20
36.88232103134878
 30
0.0
 10
366.6359175051906
 20
36.89729441482077
 30
0.0
 10
366.6346254730146
 20
36.89996327260383
 30
0.0
 11
366.1288493851688
 21
35.36728038155586
 31
0.0
 11
366.4243822152241
 21
35.46573187094833
 31
0.0
 11
366.7263479553598
 21
35.70608778736499
 31
0.0
 11
366.8460464345704
 21
35.90745859516791
 31
0.0
 11
366.9418053788825
 21
36.09287939452695
 31
0.0
 11
366.9839013478178
 21
36.3389386221358
 31
0.0
 11
366.9779162629138
 21
36.56822235986418
 31
0.0
 11
366.9180670233084
 21
36.72373651975715
 31
0.0
 11
366.8002085301995
 21
36.82818757036844
 31
0.0
 11
366.6645500928172
 21
36.86008791937515
 31
0.0
 11
366.638615261378
 21
36.89198826838191
 31
0.0
 11
366.6346254730146
 21
36.89996327260383
 31
0.0
  0
LINE
  5
617F
330
60B0
100
AcDbEntity
  8
0
100
AcDbLine
 10
361.9455465894612
 20
35.54270079608921
 30
0.0
 11
361.9455465894612
 21
36.0311184045168
 31
0.0
  0
SPLINE
  5
6180
330
60B0
100
AcDbEntity
  8
0
100
AcDbSpline
210
0.0
220
0.0
230
1.0
 70
  1064
 71
     3
 72
    17
 73
    13
 74
    11
 42
0.000000001
 43
0.0000000001
 44
0.0000000001
 40
0.0
 40
0.0
 40
0.0
 40
0.0
 40
0.1625518042742935
 40
0.43702215242939
 40
0.6584918226788388
 40
0.8796289858241922
 40
1.062031914766768
 40
1.367104869705826
 40
1.614063565943525
 40
1.875091029436786
 40
2.117383245131276
 40
2.32241971956705
 40
2.32241971956705
 40
2.32241971956705
 40
2.32241971956705
 10
366.086006638581
 20
36.89996327260383
 30
0.0
 10
366.0385840761378
 20
36.87406918948759
 30
0.0
 10
365.9110880424569
 20
36.80445268791037
 30
0.0
 10
365.7257786776673
 20
36.67702713499879
 30
0.0
 10
365.5997366165979
 20
36.47200875037169
 30
0.0
 10
365.4381806630279
 20
36.32906684809695
 30
0.0
 10
365.3877263017547
 20
36.08853362289673
 30
0.0
 10
365.3841670146311
 20
35.85175830972834
 30
0.0
 10
365.4434692318032
 20
35.5571653760847
 30
0.0
 10
365.7012960891852
 20
35.47086684225915
 30
0.0
 10
365.9062134526702
 20
35.34571557321806
 30
0.0
 10
366.0588755589106
 20
35.36050262499614
 30
0.0
 10
366.1288493851688
 20
35.36728038155586
 30
0.0
 11
366.086006638581
 21
36.89996327260383
 31
0.0
 11
365.9443631162948
 21
36.82021240008703
 31
0.0
 11
365.7269107985901
 21
36.65273565083143
 31
0.0
 11
365.5905120212935
 21
36.47825302019908
 31
0.0
 11
365.4508637955475
 21
36.30678868580276
 31
0.0
 11
365.4009894292096
 21
36.13133676626575
 31
0.0
 11
365.3969992384875
 21
35.8262899072207
 31
0.0
 11
365.4749437536149
 21
35.59195414339243
 31
0.0
 11
365.7003760504052
 21
35.46036532828425
 31
0.0
 11
365.9238138553726
 21
35.3666579908047
 31
0.0
 11
366.1288493851688
 21
35.36728038155586
 31
0.0
  0
LINE
  5
6181
330
60B0
100
AcDbEntity
  8
0
100
AcDbLine
 10
361.7450513145606
 20
36.89742422388851
 30
0.0
 11
361.7450513145606
 21
36.89742422388851
 31
0.0
  0
LINE
  5
6182
330
60B0
100
AcDbEntity
  8
0
100
AcDbLine
 10
361.7450513145606
 20
36.89742422388851
 30
0.0
 11
360.9583616958128
 21
36.90223280686101
 31
0.0
  0
SPLINE
  5
6183
330
60B0
100
AcDbEntity
  8
0
100
AcDbSpline
210
0.0
220
0.0
230
1.0
 70
  1064
 71
     3
 72
    10
 73
     6
 74
     4
 42
0.000000001
 43
0.0000000001
 44
0.0000000001
 40
0.0
 40
0.0
 40
0.0
 40
0.0
 40
0.0622643492977244
 40
0.1481136307372213
 40
0.2314748349827584
 40
0.2314748349827584
 40
0.2314748349827584
 40
0.2314748349827584
 10
367.3130194566645
 20
35.55878659486011
 30
0.0
 10
367.2989897059906
 20
35.54359686155122
 30
0.0
 10
367.2656159161081
 20
35.50746371994315
 30
0.0
 10
367.2687474832617
 20
35.40370154958314
 30
0.0
 10
367.3343487907068
 20
35.40476376815884
 30
0.0
 10
367.3666671424127
 20
35.40528706799621
 30
0.0
 11
367.3130194566645
 21
35.55878659486011
 31
0.0
 11
367.2771821765147
 21
35.50786961787861
 31
0.0
 11
367.2850780626427
 21
35.42238421499641
 31
0.0
 11
367.3666671424127
 21
35.40528706799621
 31
0.0
  0
LINE
  5
6184
330
60B0
100
AcDbEntity
  8
0
100
AcDbLine
 10
360.9583616958128
 20
36.90223280686101
 30
0.0
 11
360.9577584533555
 21
36.80354165785154
 31
0.0
  0
SPLINE
  5
6185
330
60B0
100
AcDbEntity
  8
0
100
AcDbSpline
210
0.0
220
0.0
230
1.0
 70
  1064
 71
     3
 72
    17
 73
    13
 74
    11
 42
0.000000001
 43
0.0000000001
 44
0.0000000001
 40
0.0
 40
0.0
 40
0.0
 40
0.0
 40
0.1906681998705899
 40
0.5450990554448101
 40
0.7251398333039594
 40
0.9786856114424723
 40
1.207898255041019
 40
1.403088826597058
 40
1.570214596520054
 40
1.773220494664796
 40
2.028318344410929
 40
2.138305853064257
 40
2.138305853064257
 40
2.138305853064257
 40
2.138305853064257
 10
368.3344189579317
 20
35.40528706799621
 30
0.0
 10
368.3941818325052
 20
35.42974824634094
 30
0.0
 10
368.5650372058859
 20
35.49968001902155
 30
0.0
 10
368.7030134666836
 20
35.71020198842589
 30
0.0
 10
368.9133476384233
 20
35.87580290590234
 30
0.0
 10
368.9757412757048
 20
36.10057151025795
 30
0.0
 10
369.0068775781383
 20
36.31980360599057
 30
0.0
 10
369.0222476811682
 20
36.52324593461219
 30
0.0
 10
368.9240893580001
 20
36.69402724513312
 30
0.0
 10
368.7551235067589
 20
36.821673403186
 30
0.0
 10
368.5757873849253
 20
36.88921789224773
 30
0.0
 10
368.4569785535583
 20
36.91539723613322
 30
0.0
 10
368.4211855887969
 20
36.92328416105612
 30
0.0
 11
368.3344189579317
 21
35.40528706799621
 31
0.0
 11
368.5054934059582
 21
35.48947670913049
 31
0.0
 11
368.7542089906909
 21
35.74198767779151
 31
0.0
 11
368.8808111396014
 21
35.8699977460806
 31
0.0
 11
368.9716122206404
 21
36.10672675844287
 31
0.0
 11
369.0059712351137
 21
36.33334955983288
 31
0.0
 11
369.001986275054
 21
36.5284994491941
 31
0.0
 11
368.9230286208485
 21
36.67579748656978
 31
0.0
 11
368.7651137147964
 21
36.80336816160174
 31
0.0
 11
368.5282415568972
 21
36.8980597333348
 31
0.0
 11
368.4211855887969
 21
36.92328416105612
 31
0.0
  0
LINE
  5
6186
330
60B0
100
AcDbEntity
  8
0
100
AcDbLine
 10
360.9577584533555
 20
36.80354165785154
 30
0.0
 11
361.0765147154527
 21
36.7860813747302
 31
0.0
  0
SPLINE
  5
6187
330
60B0
100
AcDbEntity
  8
0
100
AcDbSpline
210
0.0
220
0.0
230
1.0
 70
  1064
 71
     3
 72
    12
 73
     8
 74
     6
 42
0.000000001
 43
0.0000000001
 44
0.0000000001
 40
0.0
 40
0.0
 40
0.0
 40
0.0
 40
0.0355306828594166
 40
0.1399952897183549
 40
0.192636163991701
 40
0.2494662777687243
 40
0.3064630305162321
 40
0.3064630305162321
 40
0.3064630305162321
 40
0.3064630305162321
 10
367.6921455149204
 20
36.92328416105612
 30
0.0
 10
367.6790281784582
 20
36.92486665396682
 30
0.0
 10
367.6273442486666
 20
36.93110187197227
 30
0.0
 10
367.6378577803257
 20
36.83826548929277
 30
0.0
 10
367.6377973609495
 20
36.75798996310682
 30
0.0
 10
367.7095664043733
 20
36.76029127603482
 30
0.0
 10
367.7418332560738
 20
36.77735257979684
 30
0.0
 10
367.7579903007546
 20
36.78589572028524
 30
0.0
 11
367.6921455149204
 21
36.92328416105612
 31
0.0
 11
367.656614832061
 21
36.92328416105612
 31
0.0
 11
367.6368755190994
 21
36.82070144511431
 31
0.0
 11
367.648718945933
 21
36.76941017017305
 31
0.0
 11
367.7053050568948
 21
36.76414957342668
 31
0.0
 11
367.7579903007546
 21
36.78589572028524
 31
0.0
  0
SPLINE
  5
6188
330
60B0
100
AcDbEntity
  8
0
100
AcDbSpline
210
0.0
220
0.0
230
1.0
 70
  1064
 71
     3
 72
     9
 73
     5
 74
     3
 42
0.000000001
 43
0.0000000001
 44
0.0000000001
 40
0.0
 40
0.0
 40
0.0
 40
0.0
 40
0.1060977075756742
 40
0.256888355415166
 40
0.256888355415166
 40
0.256888355415166
 40
0.256888355415166
 10
368.3115814833725
 20
36.78621986829647
 30
0.0
 10
368.2795666138541
 20
36.76744553016889
 30
0.0
 10
368.2020508280057
 20
36.72198829121618
 30
0.0
 10
368.1922748527279
 20
36.63050918331221
 30
0.0
 10
368.1865364624337
 20
36.57681195004399
 30
0.0
 11
368.3115814833725
 21
36.78621986829647
 31
0.0
 11
368.2270918001019
 21
36.7220465329176
 31
0.0
 11
368.1865364624337
 21
36.57681195004399
 31
0.0
  0
LINE
  5
6189
330
60B0
100
AcDbEntity
  8
0
100
AcDbLine
 10
363.6282434929235
 20
36.91022358672902
 30
0.0
 11
362.5506562157569
 21
36.91498882818981
 31
0.0
  0
SPLINE
  5
618A
330
60B0
100
AcDbEntity
  8
0
100
AcDbSpline
210
0.0
220
0.0
230
1.0
 70
  1064
 71
     3
 72
    24
 73
    20
 74
    18
 42
0.000000001
 43
0.0000000001
 44
0.0000000001
 40
0.0
 40
0.0
 40
0.0
 40
0.0
 40
0.0573176743875377
 40
0.1256295700123544
 40
0.1599211230058919
 40
0.2771981504482579
 40
0.3553891955012673
 40
0.4622376568244353
 40
0.5736970066960949
 40
0.7051895404312729
 40
0.8021580047356114
 40
0.9063976998685789
 40
1.040438993833073
 40
1.168905488583588
 40
1.374407379766981
 40
1.520819257659324
 40
1.596869746788923
 40
1.699484232698448
 40
1.792204641462759
 40
1.792204641462759
 40
1.792204641462759
 40
1.792204641462759
 10
367.9533446790971
 20
35.67162896068938
 30
0.0
 10
367.9436428708391
 20
35.65644051708014
 30
0.0
 10
367.9223783304892
 20
35.62315030319455
 30
0.0
 10
367.9161947464934
 20
35.54608315619893
 30
0.0
 10
368.0003003793628
 20
35.54981316201263
 30
0.0
 10
368.0734907555515
 20
35.54546285416299
 30
0.0
 10
368.1658782831688
 20
35.59089119964587
 30
0.0
 10
368.2584395885153
 20
35.63364540475703
 30
0.0
 10
368.3127010053789
 20
35.74204286833354
 30
0.0
 10
368.3853323492178
 20
35.82878643853764
 30
0.0
 10
368.4314204735152
 20
35.93055882487386
 30
0.0
 10
368.4717140242753
 20
36.03484551847468
 30
0.0
 10
368.4963145549751
 20
36.15512667078113
 30
0.0
 10
368.5485545112426
 20
36.30206035604192
 30
0.0
 10
368.5626642741349
 20
36.46644242584816
 30
0.0
 10
368.5270517146481
 20
36.60419183746224
 30
0.0
 10
368.4853776543018
 20
36.70810889994366
 30
0.0
 10
368.4007177349437
 20
36.75313846612461
 30
0.0
 10
368.340273021361
 20
36.77557149246287
 30
0.0
 10
368.3115814833725
 20
36.78621986829647
 30
0.0
 11
367.9533446790971
 21
35.67162896068938
 31
0.0
 11
367.9276544817164
 21
35.62039099082585
 31
0.0
 11
367.9340346828139
 21
35.55237769714137
 31
0.0
 11
367.9680617514019
 21
35.54812690780091
 31
0.0
 11
368.0850302271791
 21
35.55662848648174
 31
0.0
 11
368.1573380999926
 21
35.58638434398357
 31
0.0
 11
368.2487865760978
 21
35.64164526964687
 31
0.0
 11
368.3125873799951
 21
35.73303807076313
 31
0.0
 11
368.387022120627
 21
35.84143436135996
 31
0.0
 11
368.4295562581309
 21
35.92857637313581
 31
0.0
 11
368.4657101945377
 21
36.02634552432221
 31
0.0
 11
368.4997372631257
 21
36.15599592768055
 31
0.0
 11
368.5358911995323
 21
36.27927014702829
 31
0.0
 11
368.550889118174
 21
36.48422401919559
 31
0.0
 11
368.5168620495861
 21
36.62662695663467
 31
0.0
 11
368.4828345786394
 21
36.69464025031924
 31
0.0
 11
368.3977667059902
 21
36.75202657065266
 31
0.0
 11
368.3115814833725
 21
36.78621986829647
 31
0.0
  0
LINE
  5
618B
330
60B0
100
AcDbEntity
  8
0
100
AcDbLine
 10
362.5506562157569
 20
36.91498882818981
 30
0.0
 11
362.4868425363829
 21
36.83151689592064
 31
0.0
  0
LINE
  5
618C
330
60B0
100
AcDbEntity
  8
0
100
AcDbLine
 10
362.4868425363829
 20
36.83151689592064
 30
0.0
 11
362.4868425363829
 21
36.81228405856547
 31
0.0
  0
LINE
  5
618D
330
60B0
100
AcDbEntity
  8
0
100
AcDbLine
 10
362.4868425363829
 20
36.81228405856547
 30
0.0
 11
362.6267337867529
 21
36.81228405856547
 31
0.0
  0
LINE
  5
618E
330
60B0
100
AcDbEntity
  8
0
100
AcDbLine
 10
362.6267337867529
 20
36.81228405856547
 30
0.0
 11
362.6267337867529
 21
36.7020659299401
 31
0.0
  0
LINE
  5
618F
330
60B0
100
AcDbEntity
  8
0
100
AcDbLine
 10
362.6267337867529
 20
36.7020659299401
 30
0.0
 11
362.5690009536412
 21
36.69097017081251
 31
0.0
  0
LINE
  5
6190
330
60B0
100
AcDbEntity
  8
0
100
AcDbLine
 10
362.5690009536412
 20
36.69097017081251
 30
0.0
 11
362.3295746230383
 21
35.57947577343396
 31
0.0
  0
LINE
  5
6191
330
60B0
100
AcDbEntity
  8
0
100
AcDbLine
 10
362.3295746230383
 20
35.57947577343396
 30
0.0
 11
362.1398263077524
 21
35.57947577343396
 31
0.0
  0
LINE
  5
6192
330
60B0
100
AcDbEntity
  8
0
100
AcDbLine
 10
362.1398263077524
 20
35.57947577343396
 30
0.0
 11
362.1398263077524
 21
35.44332862691731
 31
0.0
  0
LINE
  5
6193
330
60B0
100
AcDbEntity
  8
0
100
AcDbLine
 10
362.1398263077524
 20
35.44332862691731
 30
0.0
 11
363.2831807155341
 21
35.44332862691731
 31
0.0
  0
LINE
  5
6194
330
60B0
100
AcDbEntity
  8
0
100
AcDbLine
 10
363.2831807155341
 20
35.44332862691731
 30
0.0
 11
363.4340060621909
 21
35.88094421777879
 31
0.0
  0
LINE
  5
6195
330
60B0
100
AcDbEntity
  8
0
100
AcDbLine
 10
363.4340060621909
 20
35.88094421777879
 30
0.0
 11
363.3318343257307
 21
35.88094421777879
 31
0.0
  0
LINE
  5
6196
330
60B0
100
AcDbEntity
  8
0
100
AcDbLine
 10
363.3318343257307
 20
35.88094421777879
 30
0.0
 11
363.0934324002482
 21
35.57461322114604
 31
0.0
  0
LINE
  5
6197
330
60B0
100
AcDbEntity
  8
0
100
AcDbLine
 10
363.0934324002482
 20
35.57461322114604
 30
0.0
 11
362.7820510653671
 21
35.57461322114604
 31
0.0
  0
LINE
  5
6198
330
60B0
100
AcDbEntity
  8
0
100
AcDbLine
 10
362.7820510653671
 20
35.57461322114604
 30
0.0
 11
362.9316204783031
 21
36.11097965530325
 31
0.0
  0
LINE
  5
6199
330
60B0
100
AcDbEntity
  8
0
100
AcDbLine
 10
362.9316204783031
 20
36.11097965530325
 30
0.0
 11
363.0304234381722
 21
36.11097965530325
 31
0.0
  0
LINE
  5
619A
330
60B0
100
AcDbEntity
  8
0
100
AcDbLine
 10
363.0304234381722
 20
36.11097965530325
 30
0.0
 11
363.0916338570871
 21
35.90877295557222
 31
0.0
  0
LINE
  5
619B
330
60B0
100
AcDbEntity
  8
0
100
AcDbLine
 10
363.0916338570871
 20
35.90877295557222
 30
0.0
 11
363.2332584685169
 21
35.90877295557222
 31
0.0
  0
LINE
  5
619C
330
60B0
100
AcDbEntity
  8
0
100
AcDbLine
 10
363.2332584685169
 20
35.90877295557222
 30
0.0
 11
363.3125806596582
 21
36.43934280438916
 31
0.0
  0
LINE
  5
619D
330
60B0
100
AcDbEntity
  8
0
100
AcDbLine
 10
363.3125806596582
 20
36.43934280438916
 30
0.0
 11
363.210563026561
 21
36.43934280438916
 31
0.0
  0
LINE
  5
619E
330
60B0
100
AcDbEntity
  8
0
100
AcDbLine
 10
363.210563026561
 20
36.43934280438916
 30
0.0
 11
363.0845414811811
 21
36.2342315078803
 31
0.0
  0
LINE
  5
619F
330
60B0
100
AcDbEntity
  8
0
100
AcDbLine
 10
363.0845414811811
 20
36.2342315078803
 30
0.0
 11
362.9633204768423
 21
36.2342315078803
 31
0.0
  0
LINE
  5
61A0
330
60B0
100
AcDbEntity
  8
0
100
AcDbLine
 10
362.9633204768423
 20
36.2342315078803
 30
0.0
 11
363.089233385387
 21
36.73871873383133
 31
0.0
  0
LINE
  5
61A1
330
60B0
100
AcDbEntity
  8
0
100
AcDbLine
 10
364.2956752151814
 20
36.84411632320507
 30
0.0
 11
364.506911896476
 21
36.84411632320507
 31
0.0
  0
SPLINE
  5
61A2
330
60B0
100
AcDbEntity
  8
0
100
AcDbSpline
210
0.0
220
0.0
230
1.0
 70
  1064
 71
     3
 72
    18
 73
    14
 74
    12
 42
0.000000001
 43
0.0000000001
 44
0.0000000001
 40
0.0
 40
0.0
 40
0.0
 40
0.0
 40
0.0757208774348494
 40
0.2752426814176145
 40
0.3323613670468864
 40
0.430235915906681
 40
0.6607587392510815
 40
0.6871098478254802
 40
0.7979452400912999
 40
0.9762996209583802
 40
1.030477773511248
 40
1.140761675991943
 40
1.198974686127773
 40
1.198974686127773
 40
1.198974686127773
 40
1.198974686127773
 10
369.8080945269204
 20
36.72043326553573
 30
0.0
 10
369.8246135520585
 20
36.74022914702797
 30
0.0
 10
369.8846596176539
 20
36.81218646827848
 30
0.0
 10
370.0108766447979
 20
36.81558947367601
 30
0.0
 10
370.1316881669518
 20
36.78035829241153
 30
0.0
 10
370.1533874787035
 20
36.63391710648477
 30
0.0
 10
370.1636040605324
 20
36.52552364997469
 30
0.0
 10
370.2458127977463
 20
36.41683828879842
 30
0.0
 10
370.3466761454719
 20
36.56119456623007
 30
0.0
 10
370.2845117273906
 20
36.68271124411071
 30
0.0
 10
370.3959223263655
 20
36.74258752130189
 30
0.0
 10
370.4023108320018
 20
36.83881746693926
 30
0.0
 10
370.361280101054
 20
36.87829816396511
 30
0.0
 10
370.3471046344567
 20
36.8919381184334
 30
0.0
 11
369.8080945269204
 21
36.72043326553573
 31
0.0
 11
369.8610179671003
 21
36.77458823538181
 31
0.0
 11
370.0589092167248
 21
36.80004414995136
 31
0.0
 11
370.1118109295377
 21
36.7785045810262
 31
0.0
 11
370.1451193855785
 21
36.68647211897782
 31
0.0
 11
370.2097772133983
 21
36.46520274155677
 31
0.0
 11
370.2274109835498
 21
36.44562134545376
 31
0.0
 11
370.3038245240175
 21
36.52590493662849
 31
0.0
 11
370.3312549225551
 21
36.70213733549586
 31
0.0
 11
370.3724005203612
 21
36.73738378205745
 31
0.0
 11
370.3841566353681
 21
36.84703930132719
 31
0.0
 11
370.3471046344567
 21
36.8919381184334
 31
0.0
  0
LINE
  5
61A3
330
60B0
100
AcDbEntity
  8
0
100
AcDbLine
 10
364.506911896476
 20
36.84411632320507
 30
0.0
 11
364.506911896476
 21
36.88740270322654
 31
0.0
  0
LINE
  5
61A4
330
60B0
100
AcDbEntity
  8
0
100
AcDbLine
 10
364.6160271361421
 20
36.88211952239735
 30
0.0
 11
364.6160271361421
 21
36.83659134004382
 31
0.0
  0
LINE
  5
61A5
330
60B0
100
AcDbEntity
  8
0
100
AcDbLine
 10
364.6160271361421
 20
36.83659134004382
 30
0.0
 11
365.2725754593027
 21
36.85425591212321
 31
0.0
  0
SPLINE
  5
61A6
330
60B0
100
AcDbEntity
  8
0
100
AcDbSpline
210
0.0
220
0.0
230
1.0
 70
  1064
 71
     3
 72
    11
 73
     7
 74
     5
 42
0.000000001
 43
0.0000000001
 44
0.0000000001
 40
0.0
 40
0.0
 40
0.0
 40
0.0
 40
0.0601473873642817
 40
0.1241098204076186
 40
0.1935074349616316
 40
0.2837583370110335
 40
0.2837583370110335
 40
0.2837583370110335
 40
0.2837583370110335
 10
370.2098053785038
 20
35.55784038821653
 30
0.0
 10
370.1885688053212
 20
35.56118918390074
 30
0.0
 10
370.1447486595216
 20
35.56809918363905
 30
0.0
 10
370.100074470295
 20
35.51218001143278
 30
0.0
 10
370.0971980669765
 20
35.41504124658879
 30
0.0
 10
370.163225798019
 20
35.42946443598905
 30
0.0
 10
370.2005519342939
 20
35.43761800911015
 30
0.0
 11
370.2098053785038
 21
35.55784038821653
 31
0.0
 11
370.1496579911395
 21
35.55784038821653
 31
0.0
 11
370.1080170898364
 21
35.50928909390335
 31
0.0
 11
370.1103306520681
 21
35.43993005458195
 31
0.0
 11
370.2005519342939
 21
35.43761800911015
 31
0.0
  0
LINE
  5
61A7
330
60B0
100
AcDbEntity
  8
0
100
AcDbLine
 10
364.4899870822642
 20
36.76546077870174
 30
0.0
 11
364.7378520808129
 21
36.76546077870174
 31
0.0
  0
LINE
  5
61A8
330
60B0
100
AcDbEntity
  8
0
100
AcDbLine
 10
364.7378520808129
 20
36.76546077870174
 30
0.0
 11
364.3987623175677
 21
35.54817190990698
 31
0.0
  0
SPLINE
  5
61A9
330
60B0
100
AcDbEntity
  8
0
100
AcDbSpline
210
0.0
220
0.0
230
1.0
 70
  1064
 71
     3
 72
    11
 73
     7
 74
     5
 42
0.000000001
 43
0.0000000001
 44
0.0000000001
 40
0.0
 40
0.0
 40
0.0
 40
0.0
 40
0.0461631155865511
 40
0.1170366566779312
 40
0.1515691679447666
 40
0.1770774447975842
 40
0.1770774447975842
 40
0.1770774447975842
 40
0.1770774447975842
 10
371.4058156579639
 20
35.87226794457551
 30
0.0
 10
371.3944668173335
 20
35.88166232124877
 30
0.0
 10
371.3656942713804
 20
35.90547974395606
 30
0.0
 10
371.2929674558864
 20
35.91615932285706
 30
0.0
 10
371.2881527624513
 20
35.86559316312609
 30
0.0
 10
371.288812382118
 20
35.84610564379675
 30
0.0
 10
371.2890926209624
 20
35.83782638808083
 30
0.0
 11
371.4058156579639
 21
35.87226794457551
 31
0.0
 11
371.3675087004264
 21
35.89802857820278
 31
0.0
 11
371.2966432833697
 21
35.89695550215316
 31
0.0
 11
371.2887695269673
 21
35.86333261865828
 31
0.0
 11
371.2890926209624
 21
35.83782638808083
 31
0.0
  0
LINE
  5
61AA
330
60B0
100
AcDbEntity
  8
0
100
AcDbLine
 10
364.3987623175677
 20
35.54817190990698
 30
0.0
 11
364.2861807581407
 21
35.54817190990698
 31
0.0
  0
LINE
  5
61AB
330
60B0
100
AcDbEntity
  8
0
100
AcDbLine
 10
364.2861807581407
 20
35.4250018098231
 30
0.0
 11
365.0677845635651
 21
35.4250018098231
 31
0.0
  0
LINE
  5
61AC
330
60B0
100
AcDbEntity
  8
0
100
AcDbLine
 10
365.0598786184706
 20
35.57448053965986
 30
0.0
 11
364.916572147888
 21
35.57448053965986
 31
0.0
  0
LINE
  5
61AD
330
60B0
100
AcDbEntity
  8
0
100
AcDbLine
 10
364.916572147888
 20
35.57448053965986
 30
0.0
 11
365.1847111940427
 21
36.72674219547636
 31
0.0
  0
LINE
  5
61AE
330
60B0
100
AcDbEntity
  8
0
100
AcDbLine
 10
365.1847111940427
 20
36.72674219547636
 30
0.0
 11
365.4465476943195
 21
36.73451709808279
 31
0.0
  0
LINE
  5
61AF
330
60B0
100
AcDbEntity
  8
0
100
AcDbLine
 10
366.6346254730144
 20
36.89996327260387
 30
0.0
 11
366.086006638581
 21
36.89996327260387
 31
0.0
  0
SPLINE
  5
61B0
330
60B0
100
AcDbEntity
  8
0
100
AcDbSpline
210
0.0
220
0.0
230
1.0
 70
  1064
 71
     3
 72
    12
 73
     8
 74
     6
 42
0.000000001
 43
0.0000000001
 44
0.0000000001
 40
0.0
 40
0.0
 40
0.0
 40
0.0
 40
0.0332617642446909
 40
0.1126217810906152
 40
0.15202730273019
 40
0.2009629663399013
 40
0.2648493999599116
 40
0.2648493999599116
 40
0.2648493999599116
 40
0.2648493999599116
 10
370.5247206293991
 20
36.90907893906422
 30
0.0
 10
370.5158370124966
 20
36.90198856781212
 30
0.0
 10
370.4857577674293
 20
36.87798111489617
 30
0.0
 10
370.493502553924
 20
36.81088603753307
 30
0.0
 10
370.5437410141922
 20
36.77897077326362
 30
0.0
 10
370.5960461361228
 20
36.78592790805298
 30
0.0
 10
370.6331452774169
 20
36.78942721579278
 30
0.0
 10
370.6541529690468
 20
36.79140872736829
 30
0.0
 11
370.5247206293991
 21
36.90907893906422
 31
0.0
 11
370.5011939144741
 21
36.88556641802742
 31
0.0
 11
370.5087224471558
 21
36.8065643074895
 31
0.0
 11
370.5416599285223
 21
36.7849329076985
 31
0.0
 11
370.590595592132
 21
36.7849329076985
 31
0.0
 11
370.6541529690468
 21
36.79140872736829
 31
0.0
  0
LINE
  5
61B1
330
60B0
100
AcDbEntity
  8
0
100
AcDbLine
 10
367.7579903007546
 20
36.7858957202852
 30
0.0
 11
367.4669192257581
 21
35.55878659486007
 31
0.0
  0
LINE
  5
61B2
330
60B0
100
AcDbEntity
  8
0
100
AcDbLine
 10
367.4669192257581
 20
35.55878659486007
 30
0.0
 11
367.3130194566645
 21
35.55878659486007
 31
0.0
  0
SPLINE
  5
61B3
330
60B0
100
AcDbEntity
  8
0
100
AcDbSpline
210
0.0
220
0.0
230
1.0
 70
  1064
 71
     3
 72
     9
 73
     5
 74
     3
 42
0.000000001
 43
0.0000000001
 44
0.0000000001
 40
0.0
 40
0.0
 40
0.0
 40
0.0
 40
0.0685699863901375
 40
0.1414106329329319
 40
0.1414106329329319
 40
0.1414106329329319
 40
0.1414106329329319
 10
371.3768579646392
 20
35.5676417140717
 30
0.0
 10
371.3684718613182
 20
35.54572427107893
 30
0.0
 10
371.3511773533141
 20
35.50052432793989
 30
0.0
 10
371.3638090324478
 20
35.45370961449769
 30
0.0
 10
371.3703156130064
 20
35.42959534583119
 30
0.0
 11
371.3768579646392
 21
35.5676417140717
 31
0.0
 11
371.3587361334464
 21
35.50150970769231
 31
0.0
 11
371.3703156130064
 21
35.42959534583119
 31
0.0
  0
LINE
  5
61B4
330
60B0
100
AcDbEntity
  8
0
100
AcDbLine
 10
367.3666671424127
 20
35.40528706799617
 30
0.0
 11
368.3344189579316
 21
35.40528706799617
 31
0.0
  0
SPLINE
  5
61B5
330
60B0
100
AcDbEntity
  8
0
100
AcDbSpline
210
0.0
220
0.0
230
1.0
 70
  1064
 71
     3
 72
     9
 73
     5
 74
     3
 42
0.000000001
 43
0.0000000001
 44
0.0000000001
 40
0.0
 40
0.0
 40
0.0
 40
0.0
 40
0.0616214629396309
 40
0.1295861244563908
 40
0.1295861244563908
 40
0.1295861244563908
 40
0.1295861244563908
 10
372.1478338687087
 20
35.43573190608144
 30
0.0
 10
372.1506947942079
 20
35.45628044560214
 30
0.0
 10
372.1567111435465
 20
35.49949275301415
 30
0.0
 10
372.1457840452521
 20
35.5417869182503
 30
0.0
 10
372.1400530571541
 20
35.56396914367349
 30
0.0
 11
372.1478338687087
 21
35.43573190608144
 31
0.0
 11
372.1525853219948
 21
35.49716991049638
 31
0.0
 11
372.1400530571541
 21
35.56396914367349
 31
0.0
  0
LINE
  5
61B6
330
60B0
100
AcDbEntity
  8
0
100
AcDbLine
 10
368.4211855887969
 20
36.92328416105612
 30
0.0
 11
367.6921455149203
 21
36.92328416105612
 31
0.0
  0
LINE
  5
61B7
330
60B0
100
AcDbEntity
  8
0
100
AcDbLine
 10
368.1865364624337
 20
36.57681195004399
 30
0.0
 11
367.9533446790971
 21
35.67162896068938
 31
0.0
  0
LINE
  5
61B8
330
60B0
100
AcDbEntity
  8
0
100
AcDbLine
 10
370.3471046344567
 20
36.8919381184334
 30
0.0
 11
369.2695173572901
 21
36.89670335989416
 31
0.0
  0
SPLINE
  5
61B9
330
60B0
100
AcDbEntity
  8
0
100
AcDbSpline
210
0.0
220
0.0
230
1.0
 70
  1064
 71
     3
 72
    10
 73
     6
 74
     4
 42
0.000000001
 43
0.0000000001
 44
0.0000000001
 40
0.0
 40
0.0
 40
0.0
 40
0.0
 40
0.0663316880814271
 40
0.1192460580543142
 40
0.1441954187204004
 40
0.1441954187204004
 40
0.1441954187204004
 40
0.1441954187204004
 10
372.4754214052546
 20
36.79635364513453
 30
0.0
 10
372.4817231592903
 20
36.8161247843985
 30
0.0
 10
372.493051972853
 20
36.85166783310816
 30
0.0
 10
372.4865375421632
 20
36.91645834127306
 30
0.0
 10
372.4579687455733
 20
36.91427280442418
 30
0.0
 10
372.4488146348716
 20
36.91357250729425
 30
0.0
 11
372.4754214052546
 21
36.79635364513453
 31
0.0
 11
372.4891543083038
 21
36.86124817662659
 31
0.0
 11
372.4737049432578
 21
36.91185694730227
 31
0.0
 11
372.4488146348716
 21
36.91357250729425
 31
0.0
  0
LINE
  5
61BA
330
60B0
100
AcDbEntity
  8
0
100
AcDbLine
 10
369.2695173572901
 20
36.89670335989416
 30
0.0
 11
369.2057036779161
 21
36.81323142762503
 31
0.0
  0
LINE
  5
61BB
330
60B0
100
AcDbEntity
  8
0
100
AcDbLine
 10
369.2057036779161
 20
36.81323142762503
 30
0.0
 11
369.2057036779161
 21
36.79399859026982
 31
0.0
  0
SPLINE
  5
61BC
330
60B0
100
AcDbEntity
  8
0
100
AcDbSpline
210
0.0
220
0.0
230
1.0
 70
  1064
 71
     3
 72
    13
 73
     9
 74
     7
 42
0.000000001
 43
0.0000000001
 44
0.0000000001
 40
0.0
 40
0.0
 40
0.0
 40
0.0
 40
0.0729631192109941
 40
0.1204496855025013
 40
0.1626911617887334
 40
0.2495017072673696
 40
0.2991016650066163
 40
0.3512693219749428
 40
0.3512693219749428
 40
0.3512693219749428
 40
0.3512693219749428
 10
371.777161768027
 20
36.90591749959776
 30
0.0
 10
371.7525397297268
 20
36.9006278970413
 30
0.0
 10
371.7118929371862
 20
36.89189566394533
 30
0.0
 10
371.6782770169909
 20
36.84194495325396
 30
0.0
 10
371.7012462050723
 20
36.77397611363657
 30
0.0
 10
371.7759976127181
 20
36.79961891802462
 30
0.0
 10
371.836695333011
 20
36.79974270768422
 30
0.0
 10
371.8693016009034
 20
36.78855059614746
 30
0.0
 10
371.8860160793091
 20
36.78281334626617
 30
0.0
 11
371.777161768027
 21
36.90591749959776
 31
0.0
 11
371.7090782586697
 21
36.87968293235157
 31
0.0
 11
371.6856557546349
 21
36.83837481834357
 31
0.0
 11
371.699433721853
 21
36.79844350308626
 31
0.0
 11
371.7862333461276
 21
36.79706653827614
 31
0.0
 11
371.8358333038668
 21
36.79706653827614
 31
0.0
 11
371.8860160793091
 21
36.78281334626617
 31
0.0
  0
LINE
  5
61BD
330
60B0
100
AcDbEntity
  8
0
100
AcDbLine
 10
369.2057036779161
 20
36.79399859026982
 30
0.0
 11
369.345594928286
 21
36.79399859026982
 31
0.0
  0
LINE
  5
61BE
330
60B0
100
AcDbEntity
  8
0
100
AcDbLine
 10
369.345594928286
 20
36.79399859026982
 30
0.0
 11
369.345594928286
 21
36.68378046164447
 31
0.0
  0
LINE
  5
61BF
330
60B0
100
AcDbEntity
  8
0
100
AcDbLine
 10
369.345594928286
 20
36.68378046164447
 30
0.0
 11
369.2878620951743
 21
36.67268470251686
 31
0.0
  0
LINE
  5
61C0
330
60B0
100
AcDbEntity
  8
0
100
AcDbLine
 10
369.2878620951743
 20
36.67268470251686
 30
0.0
 11
369.0484357645715
 21
35.5611903051383
 31
0.0
  0
LINE
  5
61C1
330
60B0
100
AcDbEntity
  8
0
100
AcDbLine
 10
369.0484357645715
 20
35.5611903051383
 30
0.0
 11
368.8586874492856
 21
35.5611903051383
 31
0.0
  0
LINE
  5
61C2
330
60B0
100
AcDbEntity
  8
0
100
AcDbLine
 10
368.8586874492856
 20
35.5611903051383
 30
0.0
 11
368.8586874492856
 21
35.42504315862166
 31
0.0
  0
LINE
  5
61C3
330
60B0
100
AcDbEntity
  8
0
100
AcDbLine
 10
368.8586874492856
 20
35.42504315862166
 30
0.0
 11
370.0020418570672
 21
35.42504315862166
 31
0.0
  0
LINE
  5
61C4
330
60B0
100
AcDbEntity
  8
0
100
AcDbLine
 10
370.0020418570672
 20
35.42504315862166
 30
0.0
 11
370.152867203724
 21
35.86265874948319
 31
0.0
  0
LINE
  5
61C5
330
60B0
100
AcDbEntity
  8
0
100
AcDbLine
 10
370.152867203724
 20
35.86265874948319
 30
0.0
 11
370.0506954672638
 21
35.86265874948319
 31
0.0
  0
LINE
  5
61C6
330
60B0
100
AcDbEntity
  8
0
100
AcDbLine
 10
370.0506954672638
 20
35.86265874948319
 30
0.0
 11
369.8122935417813
 21
35.55632775285039
 31
0.0
  0
LINE
  5
61C7
330
60B0
100
AcDbEntity
  8
0
100
AcDbLine
 10
369.8122935417813
 20
35.55632775285039
 30
0.0
 11
369.5009122069004
 21
35.55632775285039
 31
0.0
  0
SPLINE
  5
61C8
330
60B0
100
AcDbEntity
  8
0
100
AcDbSpline
210
0.0
220
0.0
230
1.0
 70
  1064
 71
     3
 72
    18
 73
    14
 74
    12
 42
0.000000001
 43
0.0000000001
 44
0.0000000001
 40
0.0
 40
0.0
 40
0.0
 40
0.0
 40
0.111943550419003
 40
0.185045670575416
 40
0.2329239464241372
 40
0.2832795109659436
 40
0.5458171458462652
 40
0.8676709011266708
 40
0.9178286719251822
 40
1.01443530502862
 40
1.079259674049285
 40
1.179320428507106
 40
1.227077791218197
 40
1.227077791218197
 40
1.227077791218197
 40
1.227077791218197
 10
372.6057927913442
 20
36.69805941402412
 30
0.0
 10
372.5701247214436
 20
36.71939651614198
 30
0.0
 10
372.5111644518419
 20
36.75466731427869
 30
0.0
 10
372.5169658117875
 20
36.8344164144862
 30
0.0
 10
372.5122487576256
 20
36.90116229187735
 30
0.0
 10
372.6528332901488
 20
36.92321567886638
 30
0.0
 10
372.8474829545928
 20
36.90053546087776
 30
0.0
 10
373.0566887144171
 20
36.90536963081328
 30
0.0
 10
373.2239095369777
 20
36.90094589147512
 30
0.0
 10
373.2451963516819
 20
36.78969335764744
 30
0.0
 10
373.1501952537095
 20
36.76418228701544
 30
0.0
 10
373.0529325238325
 20
36.81114217098141
 30
0.0
 10
373.0544097437925
 20
36.75238868295722
 30
0.0
 10
373.0548870068696
 20
36.73340649260159
 30
0.0
 11
372.6057927913442
 21
36.69805941402412
 31
0.0
 11
372.5220527022368
 21
36.77234909000067
 31
0.0
 11
372.5152777873049
 21
36.84513659235532
 31
0.0
 11
372.5220527022368
 21
36.89253310937832
 31
0.0
 11
372.569477911478
 21
36.90946037757952
 31
0.0
 11
372.8320100898591
 21
36.90776773378916
 31
0.0
 11
373.1538237797917
 21
36.90268947029907
 31
0.0
 11
373.2029425165866
 21
36.89253310937832
 31
0.0
 11
373.2215737338289
 21
36.79774007533229
 31
0.0
 11
373.1605986947235
 21
36.77573454364091
 31
0.0
 11
373.0606668888627
 21
36.78081280713103
 31
0.0
 11
373.0548870068696
 21
36.73340649260159
 31
0.0
  0
LINE
  5
61C9
330
60B0
100
AcDbEntity
  8
0
100
AcDbLine
 10
369.5009122069004
 20
35.55632775285039
 30
0.0
 11
369.6504816198363
 21
36.09269418700762
 31
0.0
  0
LINE
  5
61CA
330
60B0
100
AcDbEntity
  8
0
100
AcDbLine
 10
369.6504816198363
 20
36.09269418700762
 30
0.0
 11
369.7492845797053
 21
36.09269418700762
 31
0.0
  0
LINE
  5
61CB
330
60B0
100
AcDbEntity
  8
0
100
AcDbLine
 10
369.7492845797053
 20
36.09269418700762
 30
0.0
 11
369.8104949986202
 21
35.8904874872766
 31
0.0
  0
LINE
  5
61CC
330
60B0
100
AcDbEntity
  8
0
100
AcDbLine
 10
369.8104949986202
 20
35.8904874872766
 30
0.0
 11
369.9521196100501
 21
35.8904874872766
 31
0.0
  0
LINE
  5
61CD
330
60B0
100
AcDbEntity
  8
0
100
AcDbLine
 10
369.9521196100501
 20
35.8904874872766
 30
0.0
 11
370.0314418011916
 21
36.42105733609353
 31
0.0
  0
LINE
  5
61CE
330
60B0
100
AcDbEntity
  8
0
100
AcDbLine
 10
370.0314418011916
 20
36.42105733609353
 30
0.0
 11
369.9294241680941
 21
36.42105733609353
 31
0.0
  0
LINE
  5
61CF
330
60B0
100
AcDbEntity
  8
0
100
AcDbLine
 10
369.9294241680941
 20
36.42105733609353
 30
0.0
 11
369.8034026227142
 21
36.21594603958469
 31
0.0
  0
LINE
  5
61D0
330
60B0
100
AcDbEntity
  8
0
100
AcDbLine
 10
369.8034026227142
 20
36.21594603958469
 30
0.0
 11
369.6821816183757
 21
36.21594603958469
 31
0.0
  0
LINE
  5
61D1
330
60B0
100
AcDbEntity
  8
0
100
AcDbLine
 10
369.6821816183757
 20
36.21594603958469
 30
0.0
 11
369.8080945269203
 21
36.72043326553569
 31
0.0
  0
LINE
  5
61D2
330
60B0
100
AcDbEntity
  8
0
100
AcDbLine
 10
370.6541529690467
 20
36.79140872736829
 30
0.0
 11
370.3393539998009
 21
35.59714383276139
 31
0.0
  0
LINE
  5
61D3
330
60B0
100
AcDbEntity
  8
0
100
AcDbLine
 10
370.3393539998009
 20
35.59714383276139
 30
0.0
 11
370.3393539998009
 21
35.5578403882165
 31
0.0
  0
LINE
  5
61D4
330
60B0
100
AcDbEntity
  8
0
100
AcDbLine
 10
370.3393539998009
 20
35.5578403882165
 30
0.0
 11
370.2098053785037
 21
35.5578403882165
 31
0.0
  0
LINE
  5
61D5
330
60B0
100
AcDbEntity
  8
0
100
AcDbLine
 10
370.2005519342939
 20
35.43761800911015
 30
0.0
 11
371.2855204808765
 21
35.43530612969776
 31
0.0
  0
LINE
  5
61D6
330
60B0
100
AcDbEntity
  8
0
100
AcDbLine
 10
371.2855204808765
 20
35.43530612969776
 30
0.0
 11
371.4058156579638
 21
35.87226794457551
 31
0.0
  0
LINE
  5
61D7
330
60B0
100
AcDbEntity
  8
0
100
AcDbLine
 10
371.2890926209624
 20
35.83782638808083
 30
0.0
 11
371.0538262764316
 21
35.56855221793734
 31
0.0
  0
LINE
  5
61D8
330
60B0
100
AcDbEntity
  8
0
100
AcDbLine
 10
371.0538262764316
 20
35.56855221793734
 30
0.0
 11
370.7785699081344
 21
35.56855221793734
 31
0.0
  0
LINE
  5
61D9
330
60B0
100
AcDbEntity
  8
0
100
AcDbLine
 10
370.7785699081344
 20
35.56855221793734
 30
0.0
 11
371.0988711319053
 21
36.76390629635875
 31
0.0
  0
LINE
  5
61DA
330
60B0
100
AcDbEntity
  8
0
100
AcDbLine
 10
371.0988711319053
 20
36.76390629635875
 30
0.0
 11
371.2329704295228
 21
36.76390629635875
 31
0.0
  0
LINE
  5
61DB
330
60B0
100
AcDbEntity
  8
0
100
AcDbLine
 10
371.2329704295228
 20
36.76390629635875
 30
0.0
 11
371.3118500261503
 21
36.89823990781849
 31
0.0
  0
LINE
  5
61DC
330
60B0
100
AcDbEntity
  8
0
100
AcDbLine
 10
371.3118500261503
 20
36.89823990781849
 30
0.0
 11
370.5247206293991
 21
36.90907893906422
 31
0.0
  0
LINE
  5
61DD
330
60B0
100
AcDbEntity
  8
0
100
AcDbLine
 10
371.8860160793091
 20
36.78281334626614
 30
0.0
 11
371.5408762490382
 21
35.56764171407166
 31
0.0
  0
LINE
  5
61DE
330
60B0
100
AcDbEntity
  8
0
100
AcDbLine
 10
371.5408762490382
 20
35.56764171407166
 30
0.0
 11
371.3768579646392
 21
35.56764171407166
 31
0.0
  0
LINE
  5
61DF
330
60B0
100
AcDbEntity
  8
0
100
AcDbLine
 10
371.3703156130063
 20
35.42959534583119
 30
0.0
 11
372.1478338687086
 21
35.43573190608143
 31
0.0
  0
SPLINE
  5
61E0
330
60B0
100
AcDbEntity
  8
0
100
AcDbSpline
210
0.0
220
0.0
230
1.0
 70
  1064
 71
     3
 72
    18
 73
    14
 74
    12
 42
0.000000001
 43
0.0000000001
 44
0.0000000001
 40
0.0
 40
0.0
 40
0.0
 40
0.0
 40
0.0757208774349441
 40
0.2752426814174873
 40
0.3323613670470912
 40
0.4302359159068457
 40
0.6607587392512212
 40
0.6871098478255058
 40
0.7979452400914274
 40
0.9762996209585184
 40
1.030477773511526
 40
1.140761675992161
 40
1.198974686127909
 40
1.198974686127909
 40
1.198974686127909
 40
1.198974686127909
 10
374.582741777382
 20
36.71940419523555
 30
0.0
 10
374.5992608025202
 20
36.73920007672781
 30
0.0
 10
374.6593068681159
 20
36.81115739797825
 30
0.0
 10
374.7855238952593
 20
36.81456040337572
 30
0.0
 10
374.9063354174136
 20
36.77932922211149
 30
0.0
 10
374.9280347291652
 20
36.6328880361846
 30
0.0
 10
374.9382513109948
 20
36.52449457967481
 30
0.0
 10
375.0204600482077
 20
36.41580921849816
 30
0.0
 10
375.1213233959339
 20
36.56016549592989
 30
0.0
 10
375.0591589778521
 20
36.68168217381069
 30
0.0
 10
375.1705695768273
 20
36.74155845100165
 30
0.0
 10
375.1769580824633
 20
36.83778839663905
 30
0.0
 10
375.1359273515156
 20
36.87726909366499
 30
0.0
 10
375.1217518849184
 20
36.89090904813328
 30
0.0
 11
374.582741777382
 21
36.71940419523555
 31
0.0
 11
374.635665217562
 21
36.77355916508165
 31
0.0
 11
374.8335564671863
 21
36.79901507965123
 31
0.0
 11
374.8864581799995
 21
36.77747551072602
 31
0.0
 11
374.9197666360403
 21
36.68544304867768
 31
0.0
 11
374.98442446386
 21
36.46417367125663
 31
0.0
 11
375.0020582340114
 21
36.44459227515362
 31
0.0
 11
375.0784717744792
 21
36.52487586632833
 31
0.0
 11
375.1059021730167
 21
36.70110826519573
 31
0.0
 11
375.147047770823
 21
36.73635471175733
 31
0.0
 11
375.1588038858296
 21
36.84601023102704
 31
0.0
 11
375.1217518849184
 21
36.89090904813328
 31
0.0
  0
LINE
  5
61E1
330
60B0
100
AcDbEntity
  8
0
100
AcDbLine
 10
372.1400530571541
 20
35.56396914367349
 30
0.0
 11
371.9583056436038
 21
35.56045034430933
 31
0.0
  0
LINE
  5
61E2
330
60B0
100
AcDbEntity
  8
0
100
AcDbLine
 10
371.9583056436038
 20
35.56045034430933
 30
0.0
 11
372.3527772583742
 21
36.79635364513449
 31
0.0
  0
LINE
  5
61E3
330
60B0
100
AcDbEntity
  8
0
100
AcDbLine
 10
372.3527772583742
 20
36.79635364513449
 30
0.0
 11
372.4754214052546
 21
36.79635364513449
 31
0.0
  0
SPLINE
  5
61E4
330
60B0
100
AcDbEntity
  8
0
100
AcDbSpline
210
0.0
220
0.0
230
1.0
 70
  1064
 71
     3
 72
    10
 73
     6
 74
     4
 42
0.000000001
 43
0.0000000001
 44
0.0000000001
 40
0.0
 40
0.0
 40
0.0
 40
0.0
 40
0.055086112089479
 40
0.1329740997487635
 40
0.1654854069837397
 40
0.1654854069837397
 40
0.1654854069837397
 40
0.1654854069837397
 10
374.9190194386709
 20
35.54048676431198
 30
0.0
 10
374.9107379104005
 20
35.52511363691891
 30
0.0
 10
374.8907468686562
 20
35.48800396085216
 30
0.0
 10
374.8888031262058
 20
35.40904132386258
 30
0.0
 10
374.9290921796736
 20
35.40747995430586
 30
0.0
 10
374.9409568369322
 20
35.40702014914665
 30
0.0
 11
374.9190194386709
 21
35.54048676431198
 31
0.0
 11
374.8973375381519
 21
35.48984710658191
 31
0.0
 11
374.908969324336
 21
35.4128325613857
 31
0.0
 11
374.9409568369322
 21
35.40702014914665
 31
0.0
  0
LINE
  5
61E5
330
60B0
100
AcDbEntity
  8
0
100
AcDbLine
 10
372.4488146348715
 20
36.91357250729425
 30
0.0
 11
372.4488146348715
 21
36.91357250729425
 31
0.0
  0
SPLINE
  5
61E6
330
60B0
100
AcDbEntity
  8
0
100
AcDbSpline
210
0.0
220
0.0
230
1.0
 70
  1064
 71
     3
 72
    11
 73
     7
 74
     5
 42
0.000000001
 43
0.0000000001
 44
0.0000000001
 40
0.0
 40
0.0
 40
0.0
 40
0.0
 40
0.0468035530262679
 40
0.1081105146189659
 40
0.1710141163674389
 40
0.1928239669368504
 40
0.1928239669368504
 40
0.1928239669368504
 40
0.1928239669368504
 10
375.6883054364145
 20
35.40702014914665
 30
0.0
 10
375.6987178954897
 20
35.41897438544506
 30
0.0
 10
375.7227694094515
 20
35.44658721726088
 30
0.0
 10
375.7303347098563
 20
35.50645411224968
 30
0.0
 10
375.6956945703902
 20
35.55726333284218
 30
0.0
 10
375.6666924842899
 20
35.55449621414002
 30
0.0
 10
375.6592257697749
 20
35.55378380727016
 30
0.0
 11
375.6883054364145
 21
35.40702014914665
 31
0.0
 11
375.7159313812556
 21
35.4448008287001
 31
0.0
 11
375.7217470731682
 21
35.50583132326885
 31
0.0
 11
375.6810356203443
 21
35.55378380727016
 31
0.0
 11
375.6592257697749
 21
35.55378380727016
 31
0.0
  0
LINE
  5
61E7
330
60B0
100
AcDbEntity
  8
0
100
AcDbLine
 10
372.4488146348715
 20
36.91357250729425
 30
0.0
 11
371.7771617680269
 21
36.90591749959779
 31
0.0
  0
LINE
  5
61E8
330
60B0
100
AcDbEntity
  8
0
100
AcDbLine
 10
373.0548870068695
 20
36.73340649260155
 30
0.0
 11
373.1184013314088
 21
35.9082171546533
 31
0.0
  0
LINE
  5
61E9
330
60B0
100
AcDbEntity
  8
0
100
AcDbLine
 10
373.1184013314088
 20
35.9082171546533
 30
0.0
 11
373.622283114735
 21
36.6741621332834
 31
0.0
  0
SPLINE
  5
61EA
330
60B0
100
AcDbEntity
  8
0
100
AcDbSpline
210
0.0
220
0.0
230
1.0
 70
  1064
 71
     3
 72
    14
 73
    10
 74
     8
 42
0.000000001
 43
0.0000000001
 44
0.0000000001
 40
0.0
 40
0.0
 40
0.0
 40
0.0
 40
0.0395263961243519
 40
0.0717280388397166
 40
0.0995937960983027
 40
0.141859680850808
 40
0.1892035119022377
 40
0.2727051033458296
 40
0.3359762451915079
 40
0.3359762451915079
 40
0.3359762451915079
 40
0.3359762451915079
 10
375.689117798527
 20
36.04790294652463
 30
0.0
 10
375.6932446429677
 20
36.05991498204877
 30
0.0
 10
375.7007335740962
 20
36.08171306725515
 30
0.0
 10
375.7216794064254
 20
36.11499826936805
 30
0.0
 10
375.7624370526763
 20
36.09962718528372
 30
0.0
 10
375.7622429960108
 20
36.05532459093329
 30
0.0
 10
375.8028528286274
 20
36.01093538247467
 30
0.0
 10
375.8040836382763
 20
35.94233816157141
 30
0.0
 10
375.8079063148956
 20
35.89404640817254
 30
0.0
 10
375.8095542035001
 20
35.8732286833077
 30
0.0
 11
375.689117798527
 21
36.04790294652463
 31
0.0
 11
375.7038050962917
 21
36.08459925798708
 31
0.0
 11
375.7258362441182
 21
36.10808487739587
 31
0.0
 11
375.75227362151
 21
36.09927774936013
 31
0.0
 11
375.7669609192747
 21
36.05964583925875
 31
0.0
 11
375.7904606761699
 21
36.01854596377849
 31
0.0
 11
375.8051479739347
 21
35.93634621281792
 31
0.0
 11
375.8095542035001
 21
35.8732286833077
 31
0.0
  0
LINE
  5
61EB
330
60B0
100
AcDbEntity
  8
0
100
AcDbLine
 10
373.622283114735
 20
36.6741621332834
 30
0.0
 11
373.622283114735
 21
36.77149222333152
 31
0.0
  0
SPLINE
  5
61EC
330
60B0
100
AcDbEntity
  8
0
100
AcDbSpline
210
0.0
220
0.0
230
1.0
 70
  1064
 71
     3
 72
    12
 73
     8
 74
     6
 42
0.000000001
 43
0.0000000001
 44
0.0000000001
 40
0.0
 40
0.0
 40
0.0
 40
0.0
 40
0.0551199815651463
 40
0.1569692916708528
 40
0.2557662479929255
 40
0.4262961566950483
 40
0.5814610608332744
 40
0.5814610608332744
 40
0.5814610608332744
 40
0.5814610608332744
 10
375.8095542035001
 20
35.49850461506941
 30
0.0
 10
375.8211360215981
 20
35.48412802261062
 30
0.0
 10
375.8541184307263
 20
35.44318672562873
 30
0.0
 10
375.9340697448361
 20
35.40330031348187
 30
0.0
 10
376.0562175761439
 20
35.38950812534754
 30
0.0
 10
376.1982706886873
 20
35.34691319222062
 30
0.0
 10
376.301080743252
 20
35.39093090251539
 30
0.0
 10
376.3500606828521
 20
35.41190146615043
 30
0.0
 11
375.8095542035001
 21
35.49850461506941
 31
0.0
 11
375.8462831104162
 21
35.45740473958917
 31
0.0
 11
375.9358763107908
 21
35.40896570145203
 31
0.0
 11
376.0328129588686
 21
35.38988364606108
 31
0.0
 11
376.2017178890599
 21
35.36639802665226
 31
0.0
 11
376.3500606828521
 21
35.41190146615043
 31
0.0
  0
LINE
  5
61ED
330
60B0
100
AcDbEntity
  8
0
100
AcDbLine
 10
373.622283114735
 20
36.77149222333152
 30
0.0
 11
373.4529110461521
 21
36.77149222333152
 31
0.0
  0
SPLINE
  5
61EE
330
60B0
100
AcDbEntity
  8
0
100
AcDbSpline
210
0.0
220
0.0
230
1.0
 70
  1064
 71
     3
 72
    10
 73
     6
 74
     4
 42
0.000000001
 43
0.0000000001
 44
0.0000000001
 40
0.0
 40
0.0
 40
0.0
 40
0.0
 40
0.0374847616455654
 40
0.1176962185880465
 40
0.2171080488269543
 40
0.2171080488269543
 40
0.2171080488269543
 40
0.2171080488269543
 10
376.4511219094409
 20
35.6777983195658
 30
0.0
 10
376.4534813363763
 20
35.69235566442465
 30
0.0
 10
376.4608895635102
 20
35.73806342318726
 30
0.0
 10
376.3458319655075
 20
35.70985852586827
 30
0.0
 10
376.3282774927158
 20
35.65298880187217
 30
0.0
 10
376.3185620360147
 20
35.62151446780142
 30
0.0
 11
376.4511219094409
 21
35.6777983195658
 31
0.0
 11
376.4511219094409
 21
35.71528308121137
 31
0.0
 11
376.3714890974225
 21
35.70566574920691
 31
0.0
 11
376.3185620360147
 21
35.62151446780142
 31
0.0
  0
LINE
  5
61EF
330
60B0
100
AcDbEntity
  8
0
100
AcDbLine
 10
373.4529110461521
 20
36.77149222333152
 30
0.0
 11
373.4613798909965
 21
36.89844432697933
 31
0.0
  0
LINE
  5
61F0
330
60B0
100
AcDbEntity
  8
0
100
AcDbLine
 10
373.4613798909965
 20
36.89844432697933
 30
0.0
 11
373.9356215220847
 21
36.89844432697933
 31
0.0
  0
LINE
  5
61F1
330
60B0
100
AcDbEntity
  8
0
100
AcDbLine
 10
373.9356215220847
 20
36.89844432697933
 30
0.0
 11
373.9356215220847
 21
36.78841915941393
 31
0.0
  0
SPLINE
  5
61F2
330
60B0
100
AcDbEntity
  8
0
100
AcDbSpline
210
0.0
220
0.0
230
1.0
 70
  1064
 71
     3
 72
    20
 73
    16
 74
    14
 42
0.000000001
 43
0.0000000001
 44
0.0000000001
 40
0.0
 40
0.0
 40
0.0
 40
0.0
 40
0.0925952892119359
 40
0.189901905051897
 40
0.254863082828011
 40
0.3539678453104494
 40
0.5236123231126213
 40
0.643006876177963
 40
0.76452959306386
 40
0.943487612956096
 40
1.041567521340156
 40
1.158260481219984
 40
1.256536971741377
 40
1.417574755348588
 40
1.528266801392014
 40
1.528266801392014
 40
1.528266801392014
 40
1.528266801392014
 10
376.2447666033758
 20
36.01582358545016
 30
0.0
 10
376.2290525121042
 20
36.04668661018959
 30
0.0
 10
376.1968247833069
 20
36.10998299646976
 30
0.0
 10
376.0757513913316
 20
36.06586765268904
 30
0.0
 10
376.0735175737596
 20
36.19848044349974
 30
0.0
 10
376.2184659992654
 20
36.15676569974875
 30
0.0
 10
376.3446971221369
 20
36.20304245156697
 30
0.0
 10
376.4121880295135
 20
36.32774170042025
 30
0.0
 10
376.4851061189758
 20
36.4473654350412
 30
0.0
 10
376.4942183528848
 20
36.58665628388125
 30
0.0
 10
376.4722226619731
 20
36.71463425243346
 30
0.0
 10
376.4159963963712
 20
36.81418396676757
 30
0.0
 10
376.2893649733179
 20
36.84561078249094
 30
0.0
 10
376.1728119037023
 20
36.88538446709534
 30
0.0
 10
376.0814774094443
 20
36.88307158288742
 30
0.0
 10
376.044271328475
 20
36.88212940482194
 30
0.0
 11
376.2447666033758
 21
36.01582358545016
 31
0.0
 11
376.1838382777739
 21
36.08554895187864
 31
0.0
 11
376.0876069644078
 21
36.09997503291513
 31
0.0
 11
376.0852012620454
 21
36.16489165031163
 31
0.0
 11
376.1838382777739
 21
36.17450898231613
 31
0.0
 11
376.3450255667184
 21
36.22740422531101
 31
0.0
 11
376.4123872446595
 21
36.3259814216935
 31
0.0
 11
376.4677200084298
 21
36.43417595008042
 31
0.0
 11
376.4869664320463
 21
36.61209601095531
 31
0.0
 11
376.4677200084298
 21
36.70826899888124
 31
0.0
 11
376.4027326488765
 21
36.80519108090492
 31
0.0
 11
376.3113127402355
 21
36.84125586834742
 31
0.0
 11
376.1549372583743
 21
36.87972503030593
 31
0.0
 11
376.044271328475
 21
36.88212940482194
 31
0.0
  0
LINE
  5
61F3
330
60B0
100
AcDbEntity
  8
0
100
AcDbLine
 10
373.9356215220847
 20
36.78841915941393
 30
0.0
 11
373.8509354877933
 21
36.78841915941393
 31
0.0
  0
LINE
  5
61F4
330
60B0
100
AcDbEntity
  8
0
100
AcDbLine
 10
373.8509354877933
 20
36.78841915941393
 30
0.0
 11
372.9360684860242
 21
35.42007383011898
 31
0.0
  0
LINE
  5
61F5
330
60B0
100
AcDbEntity
  8
0
100
AcDbLine
 10
372.9360684860242
 20
35.42007383011898
 30
0.0
 11
372.7158849578101
 21
35.42007383011898
 31
0.0
  0
LINE
  5
61F6
330
60B0
100
AcDbEntity
  8
0
100
AcDbLine
 10
372.7158849578101
 20
35.42007383011898
 30
0.0
 11
372.6057927913442
 21
36.69805941402414
 31
0.0
  0
SPLINE
  5
61F7
330
60B0
100
AcDbEntity
  8
0
100
AcDbSpline
210
0.0
220
0.0
230
1.0
 70
  1067
 71
     3
 72
    20
 73
    16
 74
    14
 42
0.0000000001
 43
0.0000000001
 44
0.0
 40
0.0
 40
0.0
 40
0.0
 40
0.0
 40
0.100256268858457
 40
0.2602736642374059
 40
0.4362546108865493
 40
0.5382068464619222
 40
0.5962908025605518
 40
0.6712057102969582
 40
0.7707476636444598
 40
0.8968294865227836
 40
1.021941322751712
 40
1.159989755028472
 40
1.248394470272761
 40
1.328712961935322
 40
1.364023519880127
 40
1.364023519880127
 40
1.364023519880127
 40
1.364023519880127
 10
375.8707690483602
 20
36.73919773415129
 30
0.0
 10
375.8525207320857
 20
36.71091209934723
 30
0.0
 10
375.805146575866
 20
36.63748022421803
 30
0.0
 10
375.7894933769193
 20
36.48556601860867
 30
0.0
 10
375.7613912653219
 20
36.35747047905379
 30
0.0
 10
375.7415825681536
 20
36.21778511932516
 30
0.0
 10
375.8380673187658
 20
36.19726883398601
 30
0.0
 10
375.8887849026681
 20
36.26744973616123
 30
0.0
 10
375.9365482203023
 20
36.35065324843086
 30
0.0
 10
376.0275785231304
 20
36.43750992392235
 30
0.0
 10
376.0308407778737
 20
36.56762986108352
 30
0.0
 10
376.067797474529
 20
36.70056813597087
 30
0.0
 10
375.9780716911818
 20
36.76038507042745
 30
0.0
 10
375.8954897613015
 20
36.78770906362516
 30
0.0
 10
375.8765521703712
 20
36.75054639298344
 30
0.0
 10
375.8707690483602
 20
36.73919773415129
 30
0.0
 11
375.8707690483602
 21
36.73919773415129
 31
0.0
 11
375.8216676129871
 21
36.65178853274939
 31
0.0
 11
375.7879105270525
 21
36.49537233802178
 31
0.0
 11
375.7572222305341
 21
36.32208782619129
 31
0.0
 11
375.769497388198
 21
36.22087725933613
 31
0.0
 11
375.8262709982904
 21
36.20860928667797
 31
0.0
 11
375.8815100124956
 21
36.25921457010561
 31
0.0
 11
375.9367490267006
 21
36.3420230949439
 31
0.0
 11
376.0119357756474
 21
36.44323366179904
 31
0.0
 11
376.036486493334
 21
36.56591305626138
 31
0.0
 11
376.03955528275
 21
36.70392737503154
 31
0.0
 11
375.9705065149938
 21
36.75913300290389
 31
0.0
 11
375.8907167831021
 21
36.76833402391235
 31
0.0
 11
375.8707690483602
 21
36.73919773415129
 31
0.0
  0
LINE
  5
61F8
330
60B0
100
AcDbEntity
  8
0
100
AcDbLine
 10
375.1217518849182
 20
36.89090904813327
 30
0.0
 11
374.0441646077518
 21
36.89567428959403
 31
0.0
  0
LINE
  5
61F9
330
60B0
100
AcDbEntity
  8
0
100
AcDbLine
 10
374.0441646077518
 20
36.89567428959403
 30
0.0
 11
373.9803509283777
 21
36.81220235732489
 31
0.0
  0
LINE
  5
61FA
330
60B0
100
AcDbEntity
  8
0
100
AcDbLine
 10
373.9803509283777
 20
36.81220235732489
 30
0.0
 11
373.9803509283777
 21
36.79296951996966
 31
0.0
  0
LINE
  5
61FB
330
60B0
100
AcDbEntity
  8
0
100
AcDbLine
 10
373.9803509283777
 20
36.79296951996966
 30
0.0
 11
374.1202421787476
 21
36.79296951996966
 31
0.0
  0
LINE
  5
61FC
330
60B0
100
AcDbEntity
  8
0
100
AcDbLine
 10
374.1202421787476
 20
36.79296951996966
 30
0.0
 11
374.1202421787476
 21
36.68275139134434
 31
0.0
  0
LINE
  5
61FD
330
60B0
100
AcDbEntity
  8
0
100
AcDbLine
 10
374.1202421787476
 20
36.68275139134434
 30
0.0
 11
374.062509345636
 21
36.67165563221674
 31
0.0
  0
LINE
  5
61FE
330
60B0
100
AcDbEntity
  8
0
100
AcDbLine
 10
374.062509345636
 20
36.67165563221674
 30
0.0
 11
373.8230830150331
 21
35.56016123483819
 31
0.0
  0
LINE
  5
61FF
330
60B0
100
AcDbEntity
  8
0
100
AcDbLine
 10
373.8230830150331
 20
35.56016123483819
 30
0.0
 11
373.6333346997473
 21
35.56016123483819
 31
0.0
  0
LINE
  5
6200
330
60B0
100
AcDbEntity
  8
0
100
AcDbLine
 10
373.6333346997473
 20
35.56016123483819
 30
0.0
 11
373.6333346997473
 21
35.42401408832153
 31
0.0
  0
LINE
  5
6201
330
60B0
100
AcDbEntity
  8
0
100
AcDbLine
 10
373.6333346997473
 20
35.42401408832153
 30
0.0
 11
374.7766891075288
 21
35.42401408832153
 31
0.0
  0
LINE
  5
6202
330
60B0
100
AcDbEntity
  8
0
100
AcDbLine
 10
374.7766891075288
 20
35.42401408832153
 30
0.0
 11
374.9275144541856
 21
35.86162967918305
 31
0.0
  0
LINE
  5
6203
330
60B0
100
AcDbEntity
  8
0
100
AcDbLine
 10
374.9275144541856
 20
35.86162967918305
 30
0.0
 11
374.8253427177256
 21
35.86162967918305
 31
0.0
  0
LINE
  5
6204
330
60B0
100
AcDbEntity
  8
0
100
AcDbLine
 10
374.8253427177256
 20
35.86162967918305
 30
0.0
 11
374.5869407922429
 21
35.55529868255023
 31
0.0
  0
LINE
  5
6205
330
60B0
100
AcDbEntity
  8
0
100
AcDbLine
 10
374.5869407922429
 20
35.55529868255023
 30
0.0
 11
374.275559457362
 21
35.55529868255023
 31
0.0
  0
LINE
  5
6206
330
60B0
100
AcDbEntity
  8
0
100
AcDbLine
 10
374.275559457362
 20
35.55529868255023
 30
0.0
 11
374.425128870298
 21
36.09166511670749
 31
0.0
  0
LINE
  5
6207
330
60B0
100
AcDbEntity
  8
0
100
AcDbLine
 10
374.425128870298
 20
36.09166511670749
 30
0.0
 11
374.523931830167
 21
36.09166511670749
 31
0.0
  0
LINE
  5
6208
330
60B0
100
AcDbEntity
  8
0
100
AcDbLine
 10
374.523931830167
 20
36.09166511670749
 30
0.0
 11
374.5851422490819
 21
35.88945841697647
 31
0.0
  0
LINE
  5
6209
330
60B0
100
AcDbEntity
  8
0
100
AcDbLine
 10
374.5851422490819
 20
35.88945841697647
 30
0.0
 11
374.7267668605118
 21
35.88945841697647
 31
0.0
  0
LINE
  5
620A
330
60B0
100
AcDbEntity
  8
0
100
AcDbLine
 10
374.7267668605118
 20
35.88945841697647
 30
0.0
 11
374.8060890516532
 21
36.42002826579339
 31
0.0
  0
LINE
  5
620B
330
60B0
100
AcDbEntity
  8
0
100
AcDbLine
 10
374.8060890516532
 20
36.42002826579339
 30
0.0
 11
374.7040714185557
 21
36.42002826579339
 31
0.0
  0
LINE
  5
620C
330
60B0
100
AcDbEntity
  8
0
100
AcDbLine
 10
374.7040714185557
 20
36.42002826579339
 30
0.0
 11
374.5780498731759
 21
36.21491696928454
 31
0.0
  0
LINE
  5
620D
330
60B0
100
AcDbEntity
  8
0
100
AcDbLine
 10
374.5780498731759
 20
36.21491696928454
 30
0.0
 11
374.4568288688372
 21
36.21491696928454
 31
0.0
  0
LINE
  5
620E
330
60B0
100
AcDbEntity
  8
0
100
AcDbLine
 10
374.4568288688372
 20
36.21491696928454
 30
0.0
 11
374.5827417773819
 21
36.71940419523557
 31
0.0
  0
LINE
  5
620F
330
60B0
100
AcDbEntity
  8
0
100
AcDbLine
 10
375.3757347293671
 20
36.77078655566361
 30
0.0
 11
375.3710979482958
 21
36.50897144308686
 31
0.0
  0
LINE
  5
6210
330
60B0
100
AcDbEntity
  8
0
100
AcDbLine
 10
375.3710979482958
 20
36.50897144308686
 30
0.0
 11
375.0743491904033
 21
35.54048676431194
 31
0.0
  0
LINE
  5
6211
330
60B0
100
AcDbEntity
  8
0
100
AcDbLine
 10
375.0743491904033
 20
35.54048676431194
 30
0.0
 11
374.9190194386708
 21
35.54048676431194
 31
0.0
  0
LINE
  5
6212
330
60B0
100
AcDbEntity
  8
0
100
AcDbLine
 10
374.9409568369322
 20
35.40702014914669
 30
0.0
 11
375.6883054364145
 21
35.40702014914669
 31
0.0
  0
LINE
  5
6213
330
60B0
100
AcDbEntity
  8
0
100
AcDbLine
 10
375.6592257697747
 20
35.55378380727016
 30
0.0
 11
375.6592257697747
 21
35.55378380727016
 31
0.0
  0
LINE
  5
6214
330
60B0
100
AcDbEntity
  8
0
100
AcDbLine
 10
375.6592257697747
 20
35.55378380727016
 30
0.0
 11
375.5632628296277
 21
35.55378380727016
 31
0.0
  0
LINE
  5
6215
330
60B0
100
AcDbEntity
  8
0
100
AcDbLine
 10
375.5632628296277
 20
35.55378380727016
 30
0.0
 11
375.689117798527
 21
36.04790294652463
 31
0.0
  0
LINE
  5
6216
330
60B0
100
AcDbEntity
  8
0
100
AcDbLine
 10
375.8095542035001
 20
35.8732286833077
 30
0.0
 11
375.8095542035001
 21
35.49850461506942
 31
0.0
  0
LINE
  5
6217
330
60B0
100
AcDbEntity
  8
0
100
AcDbLine
 10
376.3500606828521
 20
35.41190146615043
 30
0.0
 11
376.4511219094409
 21
35.67779831956581
 31
0.0
  0
LINE
  5
6218
330
60B0
100
AcDbEntity
  8
0
100
AcDbLine
 10
376.3185620360144
 20
35.62151446780142
 30
0.0
 11
376.3017213147602
 21
35.51812852238699
 31
0.0
  0
LINE
  5
6219
330
60B0
100
AcDbEntity
  8
0
100
AcDbLine
 10
376.3017213147602
 20
35.51812852238699
 30
0.0
 11
376.2447666033756
 21
35.52740597702262
 31
0.0
  0
LINE
  5
621A
330
60B0
100
AcDbEntity
  8
0
100
AcDbLine
 10
376.2447666033756
 20
35.52740597702262
 30
0.0
 11
376.2447666033756
 21
36.01582358545016
 31
0.0
  0
LINE
  5
621B
330
60B0
100
AcDbEntity
  8
0
100
AcDbLine
 10
376.044271328475
 20
36.88212940482194
 30
0.0
 11
376.044271328475
 21
36.88212940482194
 31
0.0
  0
LINE
  5
621C
330
60B0
100
AcDbEntity
  8
0
100
AcDbLine
 10
376.044271328475
 20
36.88212940482194
 30
0.0
 11
375.2575817097271
 21
36.8869379877944
 31
0.0
  0
LINE
  5
621D
330
60B0
100
AcDbEntity
  8
0
100
AcDbLine
 10
375.2575817097271
 20
36.8869379877944
 30
0.0
 11
375.2569784672698
 21
36.78824683878494
 31
0.0
  0
LINE
  5
621E
330
60B0
100
AcDbEntity
  8
0
100
AcDbLine
 10
375.2569784672698
 20
36.78824683878494
 30
0.0
 11
375.3757347293671
 21
36.77078655566361
 31
0.0
  0
LINE
  5
621F
330
60B0
100
AcDbEntity
  8
0
100
AcDbLine
 10
354.5844942120095
 20
33.5039694116017
 30
0.0
 11
415.0
 21
33.5039694116017
 31
0.0
  0
LINE
  5
6220
330
60B0
100
AcDbEntity
  8
0
100
AcDbLine
 10
377.936072291126
 20
44.70086193694272
 30
0.0
 11
377.936072291126
 21
33.5039694116017
 31
0.0
  0
TEXT
  5
6221
330
60B0
100
AcDbEntity
  8
Level 2
  6
Continuous
370
    -3
100
AcDbText
 10
379.4727734113514
 20
38.48641961364617
 30
0.0
 40
1.7
  1
TRANSPORTATION SYSTEMS
 72
     1
 11
396.4166734113514
 21
39.33641961364617
 31
0.0
100
AcDbText
 73
     2
  0
TEXT
  5
6222
330
60B0
100
AcDbEntity
  8
Level 2
  6
Continuous
370
    -3
100
AcDbText
 10
360.7703188525368
 20
27.83578514121448
 30
0.0
 40
2.3
  1
VYASARPADI -VILLIVAKKAM
  7
Style-Times New Roman
 72
     1
 11
384.7959945282125
 21
28.98578514121448
 31
0.0
100
AcDbText
 73
     2
  0
TEXT
  5
6223
330
60B0
100
AcDbEntity
  8
Level 2
  6
Continuous
370
    -3
100
AcDbText
 10
359.8252237574418
 20
19.41899095297195
 30
0.0
 40
2.3
  1
PER HUT INTERFACE CIRCUITS
  7
Style-Times New Roman
 72
     1
 11
384.7959945282126
 21
20.56899095297195
 31
0.0
100
AcDbText
 73
     2
  0
TEXT
  5
6224
330
60B0
100
AcDbEntity
  8
Level 2
  6
Continuous
370
    -3
100
AcDbText
 10
365.5844329666509
 20
23.69149412260444
 30
0.0
 40
2.3
  1
 AUTO SECTION MSDAC
  7
Style-Times New Roman
 72
     1
 11
384.7959945282125
 21
24.84149412260444
 31
0.0
100
AcDbText
 73
     2
  0
TEXT
  5
6225
330
60B0
100
AcDbEntity
  8
Level 2
100
AcDbText
 10
158.6732106381302
 20
13.03884944367717
 30
0.0
 40
1.9
  1
REF:TOC.No:TC.M/VPY-VLK/AUTO/2/P
 41
0.8500000000000001
  7
Style-Times New Roman
 72
     1
 11
179.6868017292213
 21
13.98884944367717
 31
0.0
100
AcDbText
 73
     2
  0
LINE
  5
6226
330
60B0
100
AcDbEntity
  8
0
100
AcDbLine
 10
156.0422724127584
 20
16.65021912246368
 30
0.0
 11
203.3313310456842
 21
16.65021912246368
 31
0.0
  0
TEXT
  5
6227
330
60B0
100
AcDbEntity
  8
Level 2
100
AcDbText
 10
50.21948485944415
 20
13.13884944367717
 30
0.0
 40
1.7
  1
C.KRISHNARAJA
 41
0.85
  7
Style-Times New Roman
 72
     1
 11
58.61176714172643
 21
13.98884944367717
 31
0.0
100
AcDbText
 73
     2
  0
TEXT
  5
6228
330
60B0
100
AcDbEntity
  8
BORDER
100
AcDbText
 10
418.2053383495513
 20
4.777964649658244
 30
0.0
 40
1.75
  1
CAD FILE:
 50
90.0
  7
ISOCP
 11
417.3303383495513
 21
4.777964649658244
 31
0.0
100
AcDbText
 73
     2
1001
AcDbBlockRepETag
1070
     1
1071
        0
1005
0
  0
MTEXT
  5
6229
102
{ACAD_XDICTIONARY
360
622A
102
}
330
60B0
100
AcDbEntity
  8
0
100
AcDbMText
 10
417.4999999989494
 20
14.70207477447173
 30
0.0
 40
2.2
 41
0.0
 46
0.0
 71
     4
 72
     1
  1
PROJ_SG_MS_51_VPY-VLK_PER HUT_2026_005.dwg
  7
ISOCP
 11
6.123233995736766E-17
 21
1.0
 31
0.0
 73
     1
 44
1.0
  0
POINT
  5
622E
330
60B0
100
AcDbEntity
  8
0
100
AcDbPoint
 10
233.5819636789493
 20
28.20900990763527
 30
0.0
  0
POINT
  5
622F
330
60B0
100
AcDbEntity
  8
0
100
AcDbPoint
 10
263.8325963122143
 20
28.20900990763527
 30
0.0
  0
POINT
  5
6230
330
60B0
100
AcDbEntity
  8
0
100
AcDbPoint
 10
294.0832289454794
 20
37.94117655275579
 30
0.0
  0
POINT
  5
6231
330
60B0
100
AcDbEntity
  8
0
100
AcDbPoint
 10
324.3338615787444
 20
28.20900990763528
 30
0.0
  0
LINE
  5
6232
330
60B0
100
AcDbEntity
  8
0
100
AcDbLine
 10
233.5819636789492
 20
37.94117655275579
 30
0.0
 11
233.5819636789493
 21
11.32747976489065
 31
0.0
  0
LINE
  5
6233
330
60B0
100
AcDbEntity
  8
0
100
AcDbLine
 10
263.8325963122143
 20
37.94117655275579
 30
0.0
 11
263.8325963122143
 21
11.32747976489065
 31
0.0
  0
LINE
  5
6234
330
60B0
100
AcDbEntity
  8
0
100
AcDbLine
 10
294.0832289454794
 20
37.94117655275579
 30
0.0
 11
294.0832289454794
 21
11.32747976489066
 31
0.0
  0
LINE
  5
6235
330
60B0
100
AcDbEntity
  8
0
100
AcDbLine
 10
324.3338615787444
 20
37.94117655275579
 30
0.0
 11
324.3338615787444
 21
5.0
 31
0.0
  0
TEXT
  5
6236
330
60B0
100
AcDbEntity
  8
Level 2
100
AcDbText
 10
332.2058567729774
 20
5.585590421866357
 30
0.0
 40
2.0
  1
DRAWING
  7
Style-Times New Roman
 72
     1
 11
339.3459969131175
 21
6.585590421866357
 31
0.0
100
AcDbText
 73
     2
  0
TEXT
  5
6237
330
60B0
100
AcDbEntity
  8
Level 2
100
AcDbText
 10
269.1635733412628
 20
12.98884944367732
 30
0.0
 40
2.0
  1
AXSTE/P/II/MS
  7
Style-Times New Roman
 72
     1
 11
279.0985082761977
 21
13.98884944367732
 31
0.0
100
AcDbText
 73
     2
  0
TEXT
  5
6238
330
60B0
100
AcDbEntity
  8
Level 2
  6
Continuous
370
    -3
100
AcDbText
 10
156.8230491974106
 20
30.82978547668549
 30
0.0
 40
2.3
  1
VYASARPADI -VILLIVAKKAM
 41
0.96
  7
Style-Times New Roman
 72
     1
 11
179.8876978460592
 21
31.97978547668549
 31
0.0
100
AcDbText
 73
     2
  0
TEXT
  5
6239
330
60B0
100
AcDbEntity
  8
Level 2
  6
Continuous
370
    -3
100
AcDbText
 10
156.9506608090222
 20
23.26582442955273
 30
0.0
 40
2.2
  1
MSDAC INTERFACE CIRCUITS
  7
Style-Times New Roman
 72
     1
 11
179.8876978460592
 21
24.36582442955273
 31
0.0
100
AcDbText
 73
     2
  0
TEXT
  5
623A
330
60B0
100
AcDbEntity
  8
Level 2
  6
Continuous
370
    -3
100
AcDbText
 10
167.2911012494626
 20
26.97034240997461
 30
0.0
 40
2.2
  1
 AUTO SECTION 
  7
Style-Times New Roman
 72
     1
 11
179.8876978460592
 21
28.07034240997461
 31
0.0
100
AcDbText
 73
     2
  0
TEXT
  5
623B
330
60B0
100
AcDbEntity
  8
Level 2
  6
Continuous
370
    -3
100
AcDbText
 10
163.1388489972103
 20
34.63934604518547
 30
0.0
 40
2.2
  1
SOUTHERN RAILWAY
  7
Style-Times New Roman
 72
     1
 11
179.8876978460592
 21
35.73934604518547
 31
0.0
100
AcDbText
 73
     2
  0
ENDBLK
  5
623C
330
60B0
100
AcDbEntity
  8
0
100
AcDbBlockEnd
  0
BLOCK
  5
63D4
330
63D1
100
AcDbEntity
  8
0
100
AcDbBlockBegin
  2
connection
 70
     0
 10
0.0
 20
0.0
 30
0.0
  3
connection
  1

  0
CIRCLE
  5
63D5
102
{ACAD_REACTORS
330
63D6
102
}
330
63D1
100
AcDbEntity
  8
0
100
AcDbCircle
 10
52.92267032989052
 20
128.4157600165364
 30
0.0
 40
0.8158117878441544
  0
HATCH
  5
63D6
330
63D1
100
AcDbEntity
  8
0
100
AcDbHatch
 10
0.0
 20
0.0
 30
0.0
210
0.0
220
0.0
230
1.0
  2
SOLID
 70
     1
 71
     1
 91
        1
 92
        1
 93
        1
 72
     2
 10
52.92267032989052
 20
128.4157600165364
 40
0.8158117878441544
 50
0.0
 51
360.0
 73
     1
 97
        1
330
63D5
 75
     1
 76
     1
 98
        1
 10
0.0
 20
0.0
450
        0
451
        0
460
0.0
461
0.0
452
        0
462
0.0
453
        2
463
0.0
 63
     5
421
      255
463
1.0
 63
     2
421
 16776960
470
LINEAR
1001
GradientColor1ACI
1070
     5
1001
GradientColor2ACI
1070
     2
1001
ACAD
1010
0.0
1020
0.0
1030
0.0
  0
ENDBLK
  5
63D7
330
63D1
100
AcDbEntity
  8
0
100
AcDbBlockEnd
  0
ENDSEC
  0
SECTION
  2
ENTITIES
  0
LINE
  5
63F2
330
1F
100
AcDbEntity
  8
0
100
AcDbLine
 10
59.31577902235972
 20
275.6251050821717
 30
0.0
 11
215.2114005372185
 21
275.6251050821717
 31
0.0
  0
INSERT
  5
63F3
330
1F
100
AcDbEntity
  8
0
100
AcDbBlockReference
 66
     1
  2
Front_Contact1
 10
195.7776369611614
 20
259.7101973233831
 30
0.0
  0
ATTRIB
  5
63F4
330
63F3
100
AcDbEntity
  8
0
100
AcDbText
 10
191.0099243201757
 20
265.1101887080781
 30
0.0
 40
2.2
  1
*
  7
ISOCP
 72
     1
 11
191.777632653509
 21
266.2101887080781
 31
0.0
100
AcDbAttribute
  2
S_NAME
 70
     0
 74
     2
280
     0
 71
     1
 72
     0
 11
191.777632653509
 21
266.2101887080781
 31
0.0
  0
ATTRIB
  5
63F5
330
63F3
100
AcDbEntity
  8
0
100
AcDbText
 10
187.6067993201757
 20
262.1101887080781
 30
0.0
 40
2.2
  1
DECPR
  7
ISOCP
 72
     1
 11
191.777632653509
 21
263.2101887080781
 31
0.0
100
AcDbAttribute
  2
R_NAME
 70
     0
 74
     2
280
     0
 71
     1
 72
     0
 11
191.777632653509
 21
263.2101887080781
 31
0.0
  0
ATTRIB
  5
63F6
330
63F3
100
AcDbEntity
  8
0
 62
     0
100
AcDbText
 10
195.0099243201757
 20
256.2601887080782
 30
0.0
 40
2.2
  1
2
  7
ISOCP
 72
     1
 11
195.777632653509
 21
258.4601887080782
 31
0.0
100
AcDbAttribute
  2
A
 70
     0
 74
     3
280
     0
 71
     1
 72
     0
 11
195.777632653509
 21
258.4601887080782
 31
0.0
  0
ATTRIB
  5
63F7
330
63F3
100
AcDbEntity
  8
0
 62
     0
100
AcDbText
 10
187.2390909868423
 20
256.2601887080782
 30
0.0
 40
2.2
  1
1
  7
ISOCP
 72
     1
 11
187.777632653509
 21
258.4601887080782
 31
0.0
100
AcDbAttribute
  2
F
 70
     0
 74
     3
280
     0
 71
     1
 72
     0
 11
187.777632653509
 21
258.4601887080782
 31
0.0
  0
ATTRIB
  5
63F8
330
63F3
100
AcDbEntity
  8
0
100
AcDbText
 10
190.9489856595605
 20
256.2398025764997
 30
0.0
 40
2.2
  1
D
  7
ISOCP
 72
     1
 11
191.8198189928938
 21
257.3398025764997
 31
0.0
100
AcDbAttribute
  2
C
 70
     0
 74
     2
280
     0
 71
     1
 72
     0
 11
191.8198189928938
 21
257.3398025764997
 31
0.0
  0
ATTRIB
  5
63F9
330
63F3
100
AcDbEntity
  8
0
100
AcDbText
 10
186.9746806151636
 20
267.8495947428491
 30
0.0
 40
2.2
  1
XXXXX
  7
ISOCP
 72
     1
 11
191.9200972818303
 21
268.9495947428492
 31
0.0
100
AcDbAttribute
  2
R(POS)
 70
     0
 74
     2
280
     0
 71
     1
 72
     0
 11
191.9200972818303
 21
268.9495947428492
 31
0.0
  0
ATTRIB
  5
668B
330
63F3
100
AcDbEntity
  8
0
100
AcDbText
 10
191.5856141682489
 20
249.7702670443294
 30
0.0
 40
2.0
  1
LF
  7
ISOCP
 72
     1
 11
192.9835308349156
 21
250.7702670443294
 31
0.0
100
AcDbAttribute
  2
DOC
 70
     5
 74
     2
280
     1
 71
     1
 72
     0
 11
192.9835308349156
 21
250.7702670443294
 31
0.0
  0
ATTRIB
  5
668C
330
63F3
100
AcDbEntity
  8
0
100
AcDbText
 10
191.9827141682489
 20
253.5031670443294
 30
0.0
 40
2.0
  1
2
  7
ISOCP
 72
     1
 11
192.6806308349156
 21
254.5031670443294
 31
0.0
100
AcDbAttribute
  2
WIRING
 70
     5
 74
     2
280
     1
 71
     1
 72
     0
 11
192.6806308349156
 21
254.5031670443294
 31
0.0
  0
SEQEND
  5
63FA
330
63F3
100
AcDbEntity
  8
0
  0
LINE
  5
63FB
330
1F
100
AcDbEntity
  8
0
100
AcDbLine
 10
132.6111317202531
 20
275.6251050821717
 30
0.0
 11
138.8214607409004
 21
273.6251050821717
 31
0.0
  0
LINE
  5
63FC
330
1F
100
AcDbEntity
  8
0
100
AcDbLine
 10
138.8214607409004
 20
273.6251050821717
 30
0.0
 11
138.8214607409002
 21
256.5232488137246
 31
0.0
  0
LINE
  5
63FD
330
1F
100
AcDbEntity
  8
0
100
AcDbLine
 10
138.8214640276786
 20
256.5232488137246
 30
0.0
 11
102.2812267852065
 21
256.5232488137247
 31
0.0
  0
LINE
  5
63FE
330
1F
100
AcDbEntity
  8
0
100
AcDbLine
 10
100.2812267852065
 20
256.5232488137248
 30
0.0
 11
93.27517440079674
 21
256.5232488137248
 31
0.0
  0
LINE
  5
63FF
330
1F
100
AcDbEntity
  8
0
100
AcDbLine
 10
110.9501777416278
 20
275.6251050821717
 30
0.0
 11
101.2812267852066
 21
273.6251050821717
 31
0.0
  0
LINE
  5
6400
330
1F
100
AcDbEntity
  8
0
100
AcDbLine
 10
101.2812267852066
 20
273.6251050821717
 30
0.0
 11
101.2812267852065
 21
142.9524994856745
 31
0.0
  0
INSERT
  5
6401
330
1F
100
AcDbEntity
  8
0
100
AcDbBlockReference
 66
     1
  2
RC_Ckt
 10
85.77470196573773
 20
265.6254209228526
 30
0.0
 41
0.6068114739418548
 42
0.6068114739418548
 43
0.6068114739418548
  0
ATTRIB
  5
6402
330
6401
100
AcDbEntity
  8
0
  6
Continuous
100
AcDbText
 10
84.98507789765023
 20
261.1501205699401
 30
0.0
 40
1.334985242672081
  1

 41
0.7
  7
ISOCP
 72
     1
 11
84.98507789765023
 21
261.1501205699401
 31
0.0
100
AcDbAttribute
  2
RC_POS
 70
     0
280
     1
 71
     1
 72
     0
 11
84.98507789765023
 21
261.1501205699401
 31
0.0
  0
ATTRIB
  5
6403
330
6401
100
AcDbEntity
  8
0
100
AcDbText
 10
81.62457712021049
 20
252.892487463269
 30
0.0
 40
1.334985242672081
  1
50V DC
  7
ISOCP
 72
     1
 11
84.433608568333
 21
253.5599800846051
 31
0.0
100
AcDbAttribute
  2
VOLTAGE
 70
     0
 74
     2
280
     0
 71
     1
 72
     0
 11
84.433608568333
 21
253.5599800846051
 31
0.0
  0
SEQEND
  5
6404
330
6401
100
AcDbEntity
  8
0
  0
INSERT
  5
6405
330
1F
100
AcDbEntity
  8
0
100
AcDbBlockReference
 66
     1
  2
Front_Contact1
 10
125.7806547309405
 20
256.5232488137245
 30
0.0
  0
ATTRIB
  5
6406
330
6405
100
AcDbEntity
  8
0
100
AcDbText
 10
121.0129420899548
 20
261.9232401984194
 30
0.0
 40
2.2
  1
$
  7
ISOCP
 72
     1
 11
121.7806504232881
 21
263.0232401984194
 31
0.0
100
AcDbAttribute
  2
S_NAME
 70
     0
 74
     2
280
     0
 71
     1
 72
     0
 11
121.7806504232881
 21
263.0232401984194
 31
0.0
  0
ATTRIB
  5
6407
330
6405
100
AcDbEntity
  8
0
100
AcDbText
 10
119.1498170899548
 20
258.9232401984194
 30
0.0
 40
2.2
  1
HZR
  7
ISOCP
 72
     1
 11
121.7806504232881
 21
260.0232401984194
 31
0.0
100
AcDbAttribute
  2
R_NAME
 70
     0
 74
     2
280
     0
 71
     1
 72
     0
 11
121.7806504232881
 21
260.0232401984194
 31
0.0
  0
ATTRIB
  5
6408
330
6405
100
AcDbEntity
  8
0
 62
     0
100
AcDbText
 10
124.9098170899548
 20
253.0732401984196
 30
0.0
 40
2.2
  1
4
  7
ISOCP
 72
     1
 11
125.7806504232881
 21
255.2732401984196
 31
0.0
100
AcDbAttribute
  2
A
 70
     0
 74
     3
280
     0
 71
     1
 72
     0
 11
125.7806504232881
 21
255.2732401984196
 31
0.0
  0
ATTRIB
  5
6409
330
6405
100
AcDbEntity
  8
0
 62
     0
100
AcDbText
 10
117.0129420899548
 20
253.0732401984196
 30
0.0
 40
2.2
  1
3
  7
ISOCP
 72
     1
 11
117.7806504232881
 21
255.2732401984196
 31
0.0
100
AcDbAttribute
  2
F
 70
     0
 74
     3
280
     0
 71
     1
 72
     0
 11
117.7806504232881
 21
255.2732401984196
 31
0.0
  0
ATTRIB
  5
640A
330
6405
100
AcDbEntity
  8
0
100
AcDbText
 10
121.0551284293396
 20
253.052854066841
 30
0.0
 40
2.2
  1
C
  7
ISOCP
 72
     1
 11
121.8228367626729
 21
254.152854066841
 31
0.0
100
AcDbAttribute
  2
C
 70
     0
 74
     2
280
     0
 71
     1
 72
     0
 11
121.8228367626729
 21
254.152854066841
 31
0.0
  0
ATTRIB
  5
640B
330
6405
100
AcDbEntity
  8
0
100
AcDbText
 10
116.9776983849427
 20
264.6626462331906
 30
0.0
 40
2.2
  1
XXXXX
  7
ISOCP
 72
     1
 11
121.9231150516094
 21
265.7626462331906
 31
0.0
100
AcDbAttribute
  2
R(POS)
 70
     0
 74
     2
280
     0
 71
     1
 72
     0
 11
121.9231150516094
 21
265.7626462331906
 31
0.0
  0
ATTRIB
  5
668D
330
6405
100
AcDbEntity
  8
0
100
AcDbText
 10
121.588631938028
 20
246.5833185346708
 30
0.0
 40
2.0
  1
LF
  7
ISOCP
 72
     1
 11
122.9865486046947
 21
247.5833185346708
 31
0.0
100
AcDbAttribute
  2
DOC
 70
     5
 74
     2
280
     1
 71
     1
 72
     0
 11
122.9865486046947
 21
247.5833185346708
 31
0.0
  0
ATTRIB
  5
668E
330
6405
100
AcDbEntity
  8
0
100
AcDbText
 10
122.1940652713614
 20
250.3162185346708
 30
0.0
 40
2.0
  1
1
  7
ISOCP
 72
     1
 11
122.6836486046947
 21
251.3162185346708
 31
0.0
100
AcDbAttribute
  2
WIRING
 70
     5
 74
     2
280
     1
 71
     1
 72
     0
 11
122.6836486046947
 21
251.3162185346708
 31
0.0
  0
SEQEND
  5
640C
330
6405
100
AcDbEntity
  8
0
  0
INSERT
  5
640D
330
1F
100
AcDbEntity
  8
FUZEBLOCK.INSERT
 62
     0
100
AcDbBlockReference
 66
     1
  2
FUZEBLOCK
 10
232.3350644087938
 20
275.6251050821717
 30
0.0
 41
-0.7872948906471413
 42
0.7872948906471413
 43
0.7872948906471413
  0
ATTRIB
  5
640E
330
640D
100
AcDbEntity
  8
0
100
AcDbText
 10
233.4581178484277
 20
274.5251050821716
 30
0.0
 40
2.2
  1
B24INT(#)
  7
isocp.shx
 72
     1
 11
239.9435345150944
 21
275.6251050821717
 31
0.0
100
AcDbAttribute
  2
VOLT
 70
     0
 74
     2
280
     0
 71
     1
 72
     0
 11
239.9435345150944
 21
275.6251050821717
 31
0.0
  0
ATTRIB
  5
640F
330
640D
100
AcDbEntity
  8
0
100
AcDbText
 10
214.9971886191742
 20
270.4505763909868
 30
0.7872948906471413
 40
1.968237226617853
  1
XXX
  7
isocp.shx
 72
     1
 11
217.6502083808862
 21
271.4346950042957
 31
0.7872948906471413
100
AcDbAttribute
  2
FTOT
 70
     0
 74
     2
280
     0
 71
     1
 72
     0
 11
217.6502083808862
 21
271.4346950042957
 31
0.7872948906471413
  0
ATTRIB
  5
6410
330
640D
100
AcDbEntity
  8
0
100
AcDbText
 10
215.8018717052038
 20
277.7901660314514
 30
0.7872948906471413
 40
1.968237226617853
  1

  7
isocp.shx
 72
     1
 11
215.8018717052038
 21
278.7742846447603
 31
0.7872948906471413
100
AcDbAttribute
  2
FUSEVALUE
 70
     0
 74
     2
280
     0
 71
     1
 72
     0
 11
215.8018717052038
 21
278.7742846447603
 31
0.7872948906471413
  0
SEQEND
  5
6411
330
640D
100
AcDbEntity
  8
FUZEBLOCK.INSERT
 62
     0
  0
LINE
  5
6412
330
1F
100
AcDbEntity
  8
0
100
AcDbLine
 10
44.40584157531503
 20
254.4219089491036
 30
0.0
 11
44.40584157531486
 21
123.5599972859882
 31
0.0
  0
INSERT
  5
6413
330
1F
100
AcDbEntity
  8
0
100
AcDbBlockReference
 66
     1
  2
Front_Contact1
 10
195.7776321824948
 20
243.7952895645946
 30
0.0
  0
ATTRIB
  5
6414
330
6413
100
AcDbEntity
  8
0
100
AcDbText
 10
191.0099195415091
 20
249.1952809492896
 30
0.0
 40
2.2
  1
*
  7
ISOCP
 72
     1
 11
191.7776278748424
 21
250.2952809492896
 31
0.0
100
AcDbAttribute
  2
S_NAME
 70
     0
 74
     2
280
     0
 71
     1
 72
     0
 11
191.7776278748424
 21
250.2952809492896
 31
0.0
  0
ATTRIB
  5
6415
330
6413
100
AcDbEntity
  8
0
100
AcDbText
 10
186.7267945415091
 20
246.1952809492896
 30
0.0
 40
2.2
  1
HHECPR
  7
ISOCP
 72
     1
 11
191.7776278748424
 21
247.2952809492896
 31
0.0
100
AcDbAttribute
  2
R_NAME
 70
     0
 74
     2
280
     0
 71
     1
 72
     0
 11
191.7776278748424
 21
247.2952809492896
 31
0.0
  0
ATTRIB
  5
6416
330
6413
100
AcDbEntity
  8
0
 62
     0
100
AcDbText
 10
195.0099195415091
 20
240.3452809492897
 30
0.0
 40
2.2
  1
2
  7
ISOCP
 72
     1
 11
195.7776278748424
 21
242.5452809492897
 31
0.0
100
AcDbAttribute
  2
A
 70
     0
 74
     3
280
     0
 71
     1
 72
     0
 11
195.7776278748424
 21
242.5452809492897
 31
0.0
  0
ATTRIB
  5
6417
330
6413
100
AcDbEntity
  8
0
 62
     0
100
AcDbText
 10
187.2390862081757
 20
240.3452809492897
 30
0.0
 40
2.2
  1
1
  7
ISOCP
 72
     1
 11
187.7776278748424
 21
242.5452809492897
 31
0.0
100
AcDbAttribute
  2
F
 70
     0
 74
     3
280
     0
 71
     1
 72
     0
 11
187.7776278748424
 21
242.5452809492897
 31
0.0
  0
ATTRIB
  5
6418
330
6413
100
AcDbEntity
  8
0
100
AcDbText
 10
190.8343975475605
 20
240.3248948177112
 30
0.0
 40
2.2
  1
A
  7
ISOCP
 72
     1
 11
191.8198142142272
 21
241.4248948177112
 31
0.0
100
AcDbAttribute
  2
C
 70
     0
 74
     2
280
     0
 71
     1
 72
     0
 11
191.8198142142272
 21
241.4248948177112
 31
0.0
  0
ATTRIB
  5
6419
330
6413
100
AcDbEntity
  8
0
100
AcDbText
 10
186.974675836497
 20
251.9346869840607
 30
0.0
 40
2.2
  1
XXXXX
  7
ISOCP
 72
     1
 11
191.9200925031637
 21
253.0346869840607
 31
0.0
100
AcDbAttribute
  2
R(POS)
 70
     0
 74
     2
280
     0
 71
     1
 72
     0
 11
191.9200925031637
 21
253.0346869840607
 31
0.0
  0
ATTRIB
  5
668F
330
6413
100
AcDbEntity
  8
0
100
AcDbText
 10
191.5856093895823
 20
233.8553592855409
 30
0.0
 40
2.0
  1
LF
  7
ISOCP
 72
     1
 11
192.983526056249
 21
234.8553592855409
 31
0.0
100
AcDbAttribute
  2
DOC
 70
     5
 74
     2
280
     1
 71
     1
 72
     0
 11
192.983526056249
 21
234.8553592855409
 31
0.0
  0
ATTRIB
  5
6690
330
6413
100
AcDbEntity
  8
0
100
AcDbText
 10
191.9827093895823
 20
237.5882592855409
 30
0.0
 40
2.0
  1
2
  7
ISOCP
 72
     1
 11
192.680626056249
 21
238.5882592855409
 31
0.0
100
AcDbAttribute
  2
WIRING
 70
     5
 74
     2
280
     1
 71
     1
 72
     0
 11
192.680626056249
 21
238.5882592855409
 31
0.0
  0
SEQEND
  5
641A
330
6413
100
AcDbEntity
  8
0
  0
INSERT
  5
641B
330
1F
100
AcDbEntity
  8
0
100
AcDbBlockReference
 66
     1
  2
Front_Contact1
 10
195.7776321824948
 20
227.880381805806
 30
0.0
  0
ATTRIB
  5
641C
330
641B
100
AcDbEntity
  8
0
100
AcDbText
 10
191.0099195415091
 20
233.280373190501
 30
0.0
 40
2.2
  1
*
  7
ISOCP
 72
     1
 11
191.7776278748424
 21
234.380373190501
 31
0.0
100
AcDbAttribute
  2
S_NAME
 70
     0
 74
     2
280
     0
 71
     1
 72
     0
 11
191.7776278748424
 21
234.380373190501
 31
0.0
  0
ATTRIB
  5
641D
330
641B
100
AcDbEntity
  8
0
100
AcDbText
 10
186.7267945415091
 20
230.280373190501
 30
0.0
 40
2.2
  1
HHECPR
  7
ISOCP
 72
     1
 11
191.7776278748424
 21
231.380373190501
 31
0.0
100
AcDbAttribute
  2
R_NAME
 70
     0
 74
     2
280
     0
 71
     1
 72
     0
 11
191.7776278748424
 21
231.380373190501
 31
0.0
  0
ATTRIB
  5
641E
330
641B
100
AcDbEntity
  8
0
 62
     0
100
AcDbText
 10
195.0099195415091
 20
224.4303731905011
 30
0.0
 40
2.2
  1
2
  7
ISOCP
 72
     1
 11
195.7776278748424
 21
226.6303731905011
 31
0.0
100
AcDbAttribute
  2
A
 70
     0
 74
     3
280
     0
 71
     1
 72
     0
 11
195.7776278748424
 21
226.6303731905011
 31
0.0
  0
ATTRIB
  5
641F
330
641B
100
AcDbEntity
  8
0
 62
     0
100
AcDbText
 10
187.2390862081757
 20
224.4303731905011
 30
0.0
 40
2.2
  1
1
  7
ISOCP
 72
     1
 11
187.7776278748424
 21
226.6303731905011
 31
0.0
100
AcDbAttribute
  2
F
 70
     0
 74
     3
280
     0
 71
     1
 72
     0
 11
187.7776278748424
 21
226.6303731905011
 31
0.0
  0
ATTRIB
  5
6420
330
641B
100
AcDbEntity
  8
0
100
AcDbText
 10
190.9489808808939
 20
224.4099870589225
 30
0.0
 40
2.2
  1
D
  7
ISOCP
 72
     1
 11
191.8198142142272
 21
225.5099870589225
 31
0.0
100
AcDbAttribute
  2
C
 70
     0
 74
     2
280
     0
 71
     1
 72
     0
 11
191.8198142142272
 21
225.5099870589225
 31
0.0
  0
ATTRIB
  5
6421
330
641B
100
AcDbEntity
  8
0
100
AcDbText
 10
186.974675836497
 20
236.0197792252721
 30
0.0
 40
2.2
  1
XXXXX
  7
ISOCP
 72
     1
 11
191.9200925031637
 21
237.1197792252721
 31
0.0
100
AcDbAttribute
  2
R(POS)
 70
     0
 74
     2
280
     0
 71
     1
 72
     0
 11
191.9200925031637
 21
237.1197792252721
 31
0.0
  0
ATTRIB
  5
6691
330
641B
100
AcDbEntity
  8
0
100
AcDbText
 10
191.5856093895823
 20
217.9404515267523
 30
0.0
 40
2.0
  1
LF
  7
ISOCP
 72
     1
 11
192.983526056249
 21
218.9404515267523
 31
0.0
100
AcDbAttribute
  2
DOC
 70
     5
 74
     2
280
     1
 71
     1
 72
     0
 11
192.983526056249
 21
218.9404515267523
 31
0.0
  0
ATTRIB
  5
6692
330
641B
100
AcDbEntity
  8
0
100
AcDbText
 10
191.9827093895823
 20
221.6733515267523
 30
0.0
 40
2.0
  1
2
  7
ISOCP
 72
     1
 11
192.680626056249
 21
222.6733515267523
 31
0.0
100
AcDbAttribute
  2
WIRING
 70
     5
 74
     2
280
     1
 71
     1
 72
     0
 11
192.680626056249
 21
222.6733515267523
 31
0.0
  0
SEQEND
  5
6422
330
641B
100
AcDbEntity
  8
0
  0
INSERT
  5
6423
330
1F
100
AcDbEntity
  8
0
100
AcDbBlockReference
 66
     1
  2
Front_Contact1
 10
195.7776364901471
 20
211.9654826623224
 30
0.0
  0
ATTRIB
  5
6424
330
6423
100
AcDbEntity
  8
0
100
AcDbText
 10
191.0099238491614
 20
217.3654740470174
 30
0.0
 40
2.2
  1
*
  7
ISOCP
 72
     1
 11
191.7776321824947
 21
218.4654740470174
 31
0.0
100
AcDbAttribute
  2
S_NAME
 70
     0
 74
     2
280
     0
 71
     1
 72
     0
 11
191.7776321824947
 21
218.4654740470174
 31
0.0
  0
ATTRIB
  5
6425
330
6423
100
AcDbEntity
  8
0
100
AcDbText
 10
187.6067988491614
 20
214.3654740470174
 30
0.0
 40
2.2
  1
HECPR
  7
ISOCP
 72
     1
 11
191.7776321824947
 21
215.4654740470174
 31
0.0
100
AcDbAttribute
  2
R_NAME
 70
     0
 74
     2
280
     0
 71
     1
 72
     0
 11
191.7776321824947
 21
215.4654740470174
 31
0.0
  0
ATTRIB
  5
6426
330
6423
100
AcDbEntity
  8
0
 62
     0
100
AcDbText
 10
195.0099238491614
 20
208.5154740470175
 30
0.0
 40
2.2
  1
2
  7
ISOCP
 72
     1
 11
195.7776321824947
 21
210.7154740470175
 31
0.0
100
AcDbAttribute
  2
A
 70
     0
 74
     3
280
     0
 71
     1
 72
     0
 11
195.7776321824947
 21
210.7154740470175
 31
0.0
  0
ATTRIB
  5
6427
330
6423
100
AcDbEntity
  8
0
 62
     0
100
AcDbText
 10
187.239090515828
 20
208.5154740470175
 30
0.0
 40
2.2
  1
1
  7
ISOCP
 72
     1
 11
187.7776321824947
 21
210.7154740470175
 31
0.0
100
AcDbAttribute
  2
F
 70
     0
 74
     3
280
     0
 71
     1
 72
     0
 11
187.7776321824947
 21
210.7154740470175
 31
0.0
  0
ATTRIB
  5
6428
330
6423
100
AcDbEntity
  8
0
100
AcDbText
 10
190.8344018552128
 20
208.4950879154389
 30
0.0
 40
2.2
  1
A
  7
ISOCP
 72
     1
 11
191.8198185218795
 21
209.5950879154389
 31
0.0
100
AcDbAttribute
  2
C
 70
     0
 74
     2
280
     0
 71
     1
 72
     0
 11
191.8198185218795
 21
209.5950879154389
 31
0.0
  0
ATTRIB
  5
6429
330
6423
100
AcDbEntity
  8
0
100
AcDbText
 10
186.9746801441493
 20
220.1048800817885
 30
0.0
 40
2.2
  1
XXXXX
  7
ISOCP
 72
     1
 11
191.920096810816
 21
221.2048800817885
 31
0.0
100
AcDbAttribute
  2
R(POS)
 70
     0
 74
     2
280
     0
 71
     1
 72
     0
 11
191.920096810816
 21
221.2048800817885
 31
0.0
  0
ATTRIB
  5
6693
330
6423
100
AcDbEntity
  8
0
100
AcDbText
 10
191.5856136972346
 20
202.0255523832687
 30
0.0
 40
2.0
  1
LF
  7
ISOCP
 72
     1
 11
192.9835303639013
 21
203.0255523832687
 31
0.0
100
AcDbAttribute
  2
DOC
 70
     5
 74
     2
280
     1
 71
     1
 72
     0
 11
192.9835303639013
 21
203.0255523832687
 31
0.0
  0
ATTRIB
  5
6694
330
6423
100
AcDbEntity
  8
0
100
AcDbText
 10
191.9827136972346
 20
205.7584523832687
 30
0.0
 40
2.0
  1
2
  7
ISOCP
 72
     1
 11
192.6806303639013
 21
206.7584523832687
 31
0.0
100
AcDbAttribute
  2
WIRING
 70
     5
 74
     2
280
     1
 71
     1
 72
     0
 11
192.6806303639013
 21
206.7584523832687
 31
0.0
  0
SEQEND
  5
642A
330
6423
100
AcDbEntity
  8
0
  0
INSERT
  5
642B
330
1F
100
AcDbEntity
  8
0
100
AcDbBlockReference
 66
     1
  2
Front_Contact1
 10
195.7776364901471
 20
196.0505662882289
 30
0.0
  0
ATTRIB
  5
642C
330
642B
100
AcDbEntity
  8
0
100
AcDbText
 10
191.0099238491614
 20
201.4505576729239
 30
0.0
 40
2.2
  1
*
  7
ISOCP
 72
     1
 11
191.7776321824947
 21
202.5505576729239
 31
0.0
100
AcDbAttribute
  2
S_NAME
 70
     0
 74
     2
280
     0
 71
     1
 72
     0
 11
191.7776321824947
 21
202.5505576729239
 31
0.0
  0
ATTRIB
  5
642D
330
642B
100
AcDbEntity
  8
0
100
AcDbText
 10
187.6067988491614
 20
198.4505576729239
 30
0.0
 40
2.2
  1
HECPR
  7
ISOCP
 72
     1
 11
191.7776321824947
 21
199.5505576729239
 31
0.0
100
AcDbAttribute
  2
R_NAME
 70
     0
 74
     2
280
     0
 71
     1
 72
     0
 11
191.7776321824947
 21
199.5505576729239
 31
0.0
  0
ATTRIB
  5
642E
330
642B
100
AcDbEntity
  8
0
 62
     0
100
AcDbText
 10
195.0099238491614
 20
192.600557672924
 30
0.0
 40
2.2
  1
2
  7
ISOCP
 72
     1
 11
195.7776321824947
 21
194.800557672924
 31
0.0
100
AcDbAttribute
  2
A
 70
     0
 74
     3
280
     0
 71
     1
 72
     0
 11
195.7776321824947
 21
194.800557672924
 31
0.0
  0
ATTRIB
  5
642F
330
642B
100
AcDbEntity
  8
0
 62
     0
100
AcDbText
 10
187.239090515828
 20
192.600557672924
 30
0.0
 40
2.2
  1
1
  7
ISOCP
 72
     1
 11
187.7776321824947
 21
194.800557672924
 31
0.0
100
AcDbAttribute
  2
F
 70
     0
 74
     3
280
     0
 71
     1
 72
     0
 11
187.7776321824947
 21
194.800557672924
 31
0.0
  0
ATTRIB
  5
6430
330
642B
100
AcDbEntity
  8
0
100
AcDbText
 10
190.9489851885462
 20
192.5801715413455
 30
0.0
 40
2.2
  1
D
  7
ISOCP
 72
     1
 11
191.8198185218795
 21
193.6801715413455
 31
0.0
100
AcDbAttribute
  2
C
 70
     0
 74
     2
280
     0
 71
     1
 72
     0
 11
191.8198185218795
 21
193.6801715413455
 31
0.0
  0
ATTRIB
  5
6431
330
642B
100
AcDbEntity
  8
0
100
AcDbText
 10
186.9746801441493
 20
204.189963707695
 30
0.0
 40
2.2
  1
XXXXX
  7
ISOCP
 72
     1
 11
191.920096810816
 21
205.289963707695
 31
0.0
100
AcDbAttribute
  2
R(POS)
 70
     0
 74
     2
280
     0
 71
     1
 72
     0
 11
191.920096810816
 21
205.289963707695
 31
0.0
  0
ATTRIB
  5
6695
330
642B
100
AcDbEntity
  8
0
100
AcDbText
 10
191.5856136972346
 20
186.1106360091752
 30
0.0
 40
2.0
  1
LF
  7
ISOCP
 72
     1
 11
192.9835303639013
 21
187.1106360091752
 31
0.0
100
AcDbAttribute
  2
DOC
 70
     5
 74
     2
280
     1
 71
     1
 72
     0
 11
192.9835303639013
 21
187.1106360091752
 31
0.0
  0
ATTRIB
  5
6696
330
642B
100
AcDbEntity
  8
0
100
AcDbText
 10
191.9827136972346
 20
189.8435360091752
 30
0.0
 40
2.0
  1
2
  7
ISOCP
 72
     1
 11
192.6806303639013
 21
190.8435360091752
 31
0.0
100
AcDbAttribute
  2
WIRING
 70
     5
 74
     2
280
     1
 71
     1
 72
     0
 11
192.6806303639013
 21
190.8435360091752
 31
0.0
  0
SEQEND
  5
6432
330
642B
100
AcDbEntity
  8
0
  0
INSERT
  5
6433
330
1F
100
AcDbEntity
  8
0
100
AcDbBlockReference
 66
     1
  2
Front_Contact1
 10
195.7776369611614
 20
180.1356755245431
 30
0.0
  0
ATTRIB
  5
6434
330
6433
100
AcDbEntity
  8
0
100
AcDbText
 10
191.0099243201757
 20
185.5356669092381
 30
0.0
 40
2.2
  1
*
  7
ISOCP
 72
     1
 11
191.777632653509
 21
186.6356669092381
 31
0.0
100
AcDbAttribute
  2
S_NAME
 70
     0
 74
     2
280
     0
 71
     1
 72
     0
 11
191.777632653509
 21
186.6356669092381
 31
0.0
  0
ATTRIB
  5
6435
330
6433
100
AcDbEntity
  8
0
100
AcDbText
 10
188.4867993201757
 20
182.5356669092381
 30
0.0
 40
2.2
  1
RECR
  7
ISOCP
 72
     1
 11
191.777632653509
 21
183.6356669092381
 31
0.0
100
AcDbAttribute
  2
R_NAME
 70
     0
 74
     2
280
     0
 71
     1
 72
     0
 11
191.777632653509
 21
183.6356669092381
 31
0.0
  0
ATTRIB
  5
6436
330
6433
100
AcDbEntity
  8
0
 62
     0
100
AcDbText
 10
195.0099243201757
 20
176.6856669092382
 30
0.0
 40
2.2
  1
2
  7
ISOCP
 72
     1
 11
195.777632653509
 21
178.8856669092382
 31
0.0
100
AcDbAttribute
  2
A
 70
     0
 74
     3
280
     0
 71
     1
 72
     0
 11
195.777632653509
 21
178.8856669092382
 31
0.0
  0
ATTRIB
  5
6437
330
6433
100
AcDbEntity
  8
0
 62
     0
100
AcDbText
 10
187.2390909868423
 20
176.6856669092382
 30
0.0
 40
2.2
  1
1
  7
ISOCP
 72
     1
 11
187.777632653509
 21
178.8856669092382
 31
0.0
100
AcDbAttribute
  2
F
 70
     0
 74
     3
280
     0
 71
     1
 72
     0
 11
187.777632653509
 21
178.8856669092382
 31
0.0
  0
ATTRIB
  5
6438
330
6433
100
AcDbEntity
  8
0
100
AcDbText
 10
190.8344023262271
 20
176.6652807776597
 30
0.0
 40
2.2
  1
A
  7
ISOCP
 72
     1
 11
191.8198189928938
 21
177.7652807776597
 31
0.0
100
AcDbAttribute
  2
C
 70
     0
 74
     2
280
     0
 71
     1
 72
     0
 11
191.8198189928938
 21
177.7652807776597
 31
0.0
  0
ATTRIB
  5
6439
330
6433
100
AcDbEntity
  8
0
100
AcDbText
 10
186.9746806151636
 20
188.2750729440092
 30
0.0
 40
2.2
  1
XXXXX
  7
ISOCP
 72
     1
 11
191.9200972818303
 21
189.3750729440092
 31
0.0
100
AcDbAttribute
  2
R(POS)
 70
     0
 74
     2
280
     0
 71
     1
 72
     0
 11
191.9200972818303
 21
189.3750729440092
 31
0.0
  0
ATTRIB
  5
6697
330
6433
100
AcDbEntity
  8
0
100
AcDbText
 10
191.5856141682489
 20
170.1957452454894
 30
0.0
 40
2.0
  1
LF
  7
ISOCP
 72
     1
 11
192.9835308349156
 21
171.1957452454894
 31
0.0
100
AcDbAttribute
  2
DOC
 70
     5
 74
     2
280
     1
 71
     1
 72
     0
 11
192.9835308349156
 21
171.1957452454894
 31
0.0
  0
ATTRIB
  5
6698
330
6433
100
AcDbEntity
  8
0
100
AcDbText
 10
191.9827141682489
 20
173.9286452454894
 30
0.0
 40
2.0
  1
2
  7
ISOCP
 72
     1
 11
192.6806308349156
 21
174.9286452454894
 31
0.0
100
AcDbAttribute
  2
WIRING
 70
     5
 74
     2
280
     1
 71
     1
 72
     0
 11
192.6806308349156
 21
174.9286452454894
 31
0.0
  0
SEQEND
  5
643A
330
6433
100
AcDbEntity
  8
0
  0
INSERT
  5
643B
330
1F
100
AcDbEntity
  8
0
100
AcDbBlockReference
 66
     1
  2
Front_Contact1
 10
195.7776369611614
 20
164.2207507706518
 30
0.0
  0
ATTRIB
  5
643C
330
643B
100
AcDbEntity
  8
0
100
AcDbText
 10
191.0099243201757
 20
169.6207421553468
 30
0.0
 40
2.2
  1
*
  7
ISOCP
 72
     1
 11
191.777632653509
 21
170.7207421553468
 31
0.0
100
AcDbAttribute
  2
S_NAME
 70
     0
 74
     2
280
     0
 71
     1
 72
     0
 11
191.777632653509
 21
170.7207421553468
 31
0.0
  0
ATTRIB
  5
643D
330
643B
100
AcDbEntity
  8
0
100
AcDbText
 10
188.4867993201757
 20
166.6207421553468
 30
0.0
 40
2.2
  1
RECR
  7
ISOCP
 72
     1
 11
191.777632653509
 21
167.7207421553468
 31
0.0
100
AcDbAttribute
  2
R_NAME
 70
     0
 74
     2
280
     0
 71
     1
 72
     0
 11
191.777632653509
 21
167.7207421553468
 31
0.0
  0
ATTRIB
  5
643E
330
643B
100
AcDbEntity
  8
0
 62
     0
100
AcDbText
 10
195.0099243201757
 20
160.7707421553469
 30
0.0
 40
2.2
  1
2
  7
ISOCP
 72
     1
 11
195.777632653509
 21
162.9707421553469
 31
0.0
100
AcDbAttribute
  2
A
 70
     0
 74
     3
280
     0
 71
     1
 72
     0
 11
195.777632653509
 21
162.9707421553469
 31
0.0
  0
ATTRIB
  5
643F
330
643B
100
AcDbEntity
  8
0
 62
     0
100
AcDbText
 10
187.2390909868423
 20
160.7707421553469
 30
0.0
 40
2.2
  1
1
  7
ISOCP
 72
     1
 11
187.777632653509
 21
162.9707421553469
 31
0.0
100
AcDbAttribute
  2
F
 70
     0
 74
     3
280
     0
 71
     1
 72
     0
 11
187.777632653509
 21
162.9707421553469
 31
0.0
  0
ATTRIB
  5
6440
330
643B
100
AcDbEntity
  8
0
100
AcDbText
 10
190.9489856595605
 20
160.7503560237683
 30
0.0
 40
2.2
  1
D
  7
ISOCP
 72
     1
 11
191.8198189928938
 21
161.8503560237683
 31
0.0
100
AcDbAttribute
  2
C
 70
     0
 74
     2
280
     0
 71
     1
 72
     0
 11
191.8198189928938
 21
161.8503560237683
 31
0.0
  0
ATTRIB
  5
6441
330
643B
100
AcDbEntity
  8
0
100
AcDbText
 10
186.9746806151636
 20
172.3601481901179
 30
0.0
 40
2.2
  1
XXXXX
  7
ISOCP
 72
     1
 11
191.9200972818303
 21
173.4601481901179
 31
0.0
100
AcDbAttribute
  2
R(POS)
 70
     0
 74
     2
280
     0
 71
     1
 72
     0
 11
191.9200972818303
 21
173.4601481901179
 31
0.0
  0
ATTRIB
  5
6699
330
643B
100
AcDbEntity
  8
0
100
AcDbText
 10
191.5856141682489
 20
154.2808204915981
 30
0.0
 40
2.0
  1
LF
  7
ISOCP
 72
     1
 11
192.9835308349156
 21
155.2808204915981
 31
0.0
100
AcDbAttribute
  2
DOC
 70
     5
 74
     2
280
     1
 71
     1
 72
     0
 11
192.9835308349156
 21
155.2808204915981
 31
0.0
  0
ATTRIB
  5
669A
330
643B
100
AcDbEntity
  8
0
100
AcDbText
 10
191.4827141682489
 20
158.0137204915981
 30
0.0
 40
2.0
  1
12
  7
ISOCP
 72
     1
 11
192.6806308349156
 21
159.0137204915981
 31
0.0
100
AcDbAttribute
  2
WIRING
 70
     5
 74
     2
280
     1
 71
     1
 72
     0
 11
192.6806308349156
 21
159.0137204915981
 31
0.0
  0
SEQEND
  5
6442
330
643B
100
AcDbEntity
  8
0
  0
LINE
  5
6443
330
1F
100
AcDbEntity
  8
0
100
AcDbLine
 10
55.74917473571344
 20
256.5232488137248
 30
0.0
 11
47.51100608563854
 21
256.5232488137246
 31
0.0
  0
INSERT
  5
6444
330
1F
100
AcDbEntity
  8
0
100
AcDbBlockReference
 66
     1
  2
Relay_Coil_ACI
 10
132.6111317202531
 20
142.9524994856745
 30
0.0
  0
ATTRIB
  5
6445
330
6444
100
AcDbEntity
  8
0
 62
     0
100
AcDbText
 10
121.0129463976071
 20
143.8123276080955
 30
0.0
 40
2.2
  1
$
  7
ISOCP
 72
     1
 11
121.7806547309404
 21
144.9123276080955
 31
0.0
100
AcDbAttribute
  2
S_NAME
 70
     0
 74
     2
280
     0
 71
     1
 72
     0
 11
121.7806547309404
 21
144.9123276080955
 31
0.0
  0
ATTRIB
  5
6446
330
6444
100
AcDbEntity
  8
0
 62
     0
100
AcDbText
 10
118.2698213976071
 20
139.3524994856746
 30
0.0
 40
2.2
  1
HHZR
  7
ISOCP
 72
     1
 11
121.7806547309404
 21
140.4524994856746
 31
0.0
100
AcDbAttribute
  2
R_NAME
 70
     0
 74
     2
280
     0
 71
     1
 72
     0
 11
121.7806547309404
 21
140.4524994856746
 31
0.0
  0
ATTRIB
  5
6447
330
6444
100
AcDbEntity
  8
0
 62
     0
100
AcDbText
 10
110.0389809261827
 20
143.8524994856746
 30
0.0
 40
2.2
  1
R2
  7
ISOCP
 72
     1
 11
111.686689259516
 21
144.9524994856746
 31
0.0
100
AcDbAttribute
  2
L+
 70
     0
 74
     2
280
     0
 71
     1
 72
     0
 11
111.686689259516
 21
144.9524994856746
 31
0.0
  0
ATTRIB
  5
6448
330
6444
100
AcDbEntity
  8
0
 62
     0
100
AcDbText
 10
131.2325957363614
 20
143.8524994856746
 30
0.0
 40
2.2
  1
R1
  7
ISOCP
 72
     1
 11
132.6511374030281
 21
144.9524994856746
 31
0.0
100
AcDbAttribute
  2
L-
 70
     0
 74
     2
280
     0
 71
     1
 72
     0
 11
132.6511374030281
 21
144.9524994856746
 31
0.0
  0
ATTRIB
  5
6449
330
6444
100
AcDbEntity
  8
0
100
AcDbText
 10
116.8352380642737
 20
146.7167732730515
 30
0.0
 40
2.2
  1
XXXXX
  7
ISOCP
 72
     1
 11
121.7806547309404
 21
147.8167732730515
 31
0.0
100
AcDbAttribute
  2
R(POS)
 70
     0
 74
     2
280
     0
 71
     1
 72
     0
 11
121.7806547309404
 21
147.8167732730515
 31
0.0
  0
ATTRIB
  5
6622
330
6444
100
AcDbEntity
  8
0
100
AcDbText
 10
119.5113524318095
 20
134.6569209501963
 30
0.0
 40
2.0
  1
2
  7
ISOCP
 72
     1
 11
120.2092690984762
 21
135.6569209501963
 31
0.0
100
AcDbAttribute
  2
WIRING
 70
     5
 74
     2
280
     1
 71
     1
 72
     0
 11
120.2092690984762
 21
135.6569209501963
 31
0.0
  0
ATTRIB
  5
6623
330
6444
100
AcDbEntity
  8
0
100
AcDbText
 10
118.4225857651429
 20
130.9240209501963
 30
0.0
 40
2.0
  1
RR1
  7
ISOCP
 72
     1
 11
120.5121690984762
 21
131.9240209501963
 31
0.0
100
AcDbAttribute
  2
DOC
 70
     5
 74
     2
280
     1
 71
     1
 72
     0
 11
120.5121690984762
 21
131.9240209501963
 31
0.0
  0
SEQEND
  5
644A
330
6444
100
AcDbEntity
  8
0
  0
LINE
  5
644B
330
1F
100
AcDbEntity
  8
0
100
AcDbLine
 10
132.6111317202531
 20
142.9524994856745
 30
0.0
 11
138.8214607409003
 21
140.9524994856745
 31
0.0
  0
LINE
  5
644C
330
1F
100
AcDbEntity
  8
0
100
AcDbLine
 10
138.8214607409003
 20
140.9524994856745
 30
0.0
 11
138.8214607409002
 21
123.5599972859881
 31
0.0
  0
LINE
  5
644D
330
1F
100
AcDbEntity
  8
0
100
AcDbLine
 10
110.9501777416278
 20
142.9524994856745
 30
0.0
 11
101.2812267852065
 21
140.9524994856745
 31
0.0
  0
INSERT
  5
644E
330
1F
100
AcDbEntity
  8
0
100
AcDbBlockReference
 66
     1
  2
Front_Contact1
 10
125.7806547309405
 20
123.559997285988
 30
0.0
  0
ATTRIB
  5
644F
330
644E
100
AcDbEntity
  8
0
100
AcDbText
 10
121.0129420899548
 20
128.959988670683
 30
0.0
 40
2.2
  1
$
  7
ISOCP
 72
     1
 11
121.7806504232881
 21
130.059988670683
 31
0.0
100
AcDbAttribute
  2
S_NAME
 70
     0
 74
     2
280
     0
 71
     1
 72
     0
 11
121.7806504232881
 21
130.059988670683
 31
0.0
  0
ATTRIB
  5
6450
330
644E
100
AcDbEntity
  8
0
100
AcDbText
 10
118.2698170899548
 20
125.959988670683
 30
0.0
 40
2.2
  1
HHZR
  7
ISOCP
 72
     1
 11
121.7806504232881
 21
127.059988670683
 31
0.0
100
AcDbAttribute
  2
R_NAME
 70
     0
 74
     2
280
     0
 71
     1
 72
     0
 11
121.7806504232881
 21
127.059988670683
 31
0.0
  0
ATTRIB
  5
6451
330
644E
100
AcDbEntity
  8
0
 62
     0
100
AcDbText
 10
124.9098170899548
 20
120.1099886706831
 30
0.0
 40
2.2
  1
4
  7
ISOCP
 72
     1
 11
125.7806504232881
 21
122.3099886706831
 31
0.0
100
AcDbAttribute
  2
A
 70
     0
 74
     3
280
     0
 71
     1
 72
     0
 11
125.7806504232881
 21
122.3099886706831
 31
0.0
  0
ATTRIB
  5
6452
330
644E
100
AcDbEntity
  8
0
 62
     0
100
AcDbText
 10
117.0129420899548
 20
120.1099886706831
 30
0.0
 40
2.2
  1
3
  7
ISOCP
 72
     1
 11
117.7806504232881
 21
122.3099886706831
 31
0.0
100
AcDbAttribute
  2
F
 70
     0
 74
     3
280
     0
 71
     1
 72
     0
 11
117.7806504232881
 21
122.3099886706831
 31
0.0
  0
ATTRIB
  5
6453
330
644E
100
AcDbEntity
  8
0
100
AcDbText
 10
121.0551284293396
 20
120.0896025391046
 30
0.0
 40
2.2
  1
C
  7
ISOCP
 72
     1
 11
121.8228367626729
 21
121.1896025391046
 31
0.0
100
AcDbAttribute
  2
C
 70
     0
 74
     2
280
     0
 71
     1
 72
     0
 11
121.8228367626729
 21
121.1896025391046
 31
0.0
  0
ATTRIB
  5
6454
330
644E
100
AcDbEntity
  8
0
100
AcDbText
 10
116.9776983849427
 20
131.6993947054541
 30
0.0
 40
2.2
  1
XXXXX
  7
ISOCP
 72
     1
 11
121.9231150516094
 21
132.7993947054541
 31
0.0
100
AcDbAttribute
  2
R(POS)
 70
     0
 74
     2
280
     0
 71
     1
 72
     0
 11
121.9231150516094
 21
132.7993947054541
 31
0.0
  0
ATTRIB
  5
669B
330
644E
100
AcDbEntity
  8
0
100
AcDbText
 10
121.588631938028
 20
113.6200670069343
 30
0.0
 40
2.0
  1
LF
  7
ISOCP
 72
     1
 11
122.9865486046947
 21
114.6200670069343
 31
0.0
100
AcDbAttribute
  2
DOC
 70
     5
 74
     2
280
     1
 71
     1
 72
     0
 11
122.9865486046947
 21
114.6200670069343
 31
0.0
  0
ATTRIB
  5
669C
330
644E
100
AcDbEntity
  8
0
100
AcDbText
 10
122.1940652713614
 20
117.3529670069343
 30
0.0
 40
2.0
  1
1
  7
ISOCP
 72
     1
 11
122.6836486046947
 21
118.3529670069343
 31
0.0
100
AcDbAttribute
  2
WIRING
 70
     5
 74
     2
280
     1
 71
     1
 72
     0
 11
122.6836486046947
 21
118.3529670069343
 31
0.0
  0
SEQEND
  5
6455
330
644E
100
AcDbEntity
  8
0
  0
LINE
  5
6456
330
1F
100
AcDbEntity
  8
0
100
AcDbLine
 10
110.9501777416278
 20
142.9524994856745
 30
0.0
 11
101.2812267852065
 21
142.9524994856745
 31
0.0
  0
LINE
  5
6457
330
1F
100
AcDbEntity
  8
0
100
AcDbLine
 10
132.6111317202531
 20
142.9524994856745
 30
0.0
 11
202.7776283458565
 21
142.9524994856745
 31
0.0
  0
LINE
  5
6458
330
1F
100
AcDbEntity
  8
0
100
AcDbLine
 10
202.7776283458565
 20
162.2207507706518
 30
0.0
 11
195.8151094686158
 21
164.2207507706518
 31
0.0
  0
INSERT
  5
6459
330
1F
100
AcDbEntity
  8
0
100
AcDbBlockReference
 66
     1
  2
RC_Ckt
 10
85.77470196573773
 20
132.6621693951161
 30
0.0
 41
0.6068114739418548
 42
0.6068114739418548
 43
0.6068114739418548
  0
ATTRIB
  5
645A
330
6459
100
AcDbEntity
  8
0
  6
Continuous
100
AcDbText
 10
84.98507789765023
 20
128.1868690422035
 30
0.0
 40
1.334985242672081
  1

 41
0.7
  7
ISOCP
 72
     1
 11
84.98507789765023
 21
128.1868690422035
 31
0.0
100
AcDbAttribute
  2
RC_POS
 70
     0
280
     1
 71
     1
 72
     0
 11
84.98507789765023
 21
128.1868690422035
 31
0.0
  0
ATTRIB
  5
645B
330
6459
100
AcDbEntity
  8
0
100
AcDbText
 10
81.62457712021049
 20
119.9292359355325
 30
0.0
 40
1.334985242672081
  1
50V DC
  7
ISOCP
 72
     1
 11
84.433608568333
 21
120.5967285568685
 31
0.0
100
AcDbAttribute
  2
VOLTAGE
 70
     0
 74
     2
280
     0
 71
     1
 72
     0
 11
84.433608568333
 21
120.5967285568685
 31
0.0
  0
SEQEND
  5
645C
330
6459
100
AcDbEntity
  8
0
  0
INSERT
  5
645D
330
1F
100
AcDbEntity
  8
0
100
AcDbBlockReference
 66
     1
  2
RRT
 10
58.05945728526342
 20
123.5599972859882
 30
0.0
 41
-0.9241130198199923
 42
0.9241130198199923
 43
0.9241130198199923
  0
ATTRIB
  5
645E
330
645D
100
AcDbEntity
  8
0
100
AcDbText
 10
56.67328775553341
 20
130.2598166796832
 30
0.0
 40
1.848226039639985
  1

 72
     4
 11
56.67328775553341
 21
130.2598166796832
 31
0.0
100
AcDbAttribute
  2

 70
     0
280
     0
 71
     1
 72
     0
 11
56.67328775553341
 21
130.2598166796832
 31
0.0
  0
ATTRIB
  5
645F
330
645D
100
AcDbEntity
  8
0
100
AcDbText
 10
56.67328775553341
 20
127.4874776202232
 30
0.0
 40
1.848226039639985
  1

 72
     4
 11
56.67328775553341
 21
127.4874776202232
 31
0.0
100
AcDbAttribute
  2

 70
     0
280
     0
 71
     1
 72
     0
 11
56.67328775553341
 21
127.4874776202232
 31
0.0
  0
SEQEND
  5
6460
330
645D
100
AcDbEntity
  8
0
  0
INSERT
  5
6461
330
1F
100
AcDbEntity
  8
0
100
AcDbBlockReference
 66
     1
  2
CTR
 10
93.27517440079674
 20
123.5599972859883
 30
0.0
  0
ATTRIB
  5
6462
330
6461
100
AcDbEntity
  8
0
100
AcDbText
 10
93.27517440079674
 20
125.590547772223
 30
0.0
 40
2.2
  1

  7
ISOCP
 72
     1
 11
93.27517440079674
 21
126.690547772223
 31
0.0
100
AcDbAttribute
  2
CTR
 70
     0
 74
     2
280
     0
 71
     1
 72
     0
 11
93.27517440079674
 21
126.690547772223
 31
0.0
  0
ATTRIB
  5
6463
330
6461
100
AcDbEntity
  8
0
 62
     0
100
AcDbText
 10
93.27517440079674
 20
119.3599972859883
 30
0.0
 40
2.2
  1

  7
ISOCP
 72
     1
 11
93.27517440079674
 21
121.5599972859883
 31
0.0
100
AcDbAttribute
  2
POS
 70
     0
 74
     3
280
     0
 71
     1
 72
     0
 11
93.27517440079674
 21
121.5599972859883
 31
0.0
  0
SEQEND
  5
6464
330
6461
100
AcDbEntity
  8
0
  0
LINE
  5
6465
330
1F
100
AcDbEntity
  8
0
100
AcDbLine
 10
55.74917473571344
 20
123.5599972859883
 30
0.0
 11
44.40584157531485
 21
123.5599972859883
 31
0.0
  0
INSERT
  5
6466
330
1F
100
AcDbEntity
  8
0
100
AcDbBlockReference
 66
     1
  2
Front_Contact1
 10
165.330258038536
 20
142.9524994856745
 30
0.0
  0
ATTRIB
  5
6467
330
6466
100
AcDbEntity
  8
0
100
AcDbText
 10
160.5625453975503
 20
148.3524908703695
 30
0.0
 40
2.2
  1
*
  7
ISOCP
 72
     1
 11
161.3302537308836
 21
149.4524908703695
 31
0.0
100
AcDbAttribute
  2
S_NAME
 70
     0
 74
     2
280
     0
 71
     1
 72
     0
 11
161.3302537308836
 21
149.4524908703695
 31
0.0
  0
ATTRIB
  5
6468
330
6466
100
AcDbEntity
  8
0
100
AcDbText
 10
157.1594203975503
 20
145.3524908703695
 30
0.0
 40
2.2
  1
DECPR
  7
ISOCP
 72
     1
 11
161.3302537308836
 21
146.4524908703695
 31
0.0
100
AcDbAttribute
  2
R_NAME
 70
     0
 74
     2
280
     0
 71
     1
 72
     0
 11
161.3302537308836
 21
146.4524908703695
 31
0.0
  0
ATTRIB
  5
6469
330
6466
100
AcDbEntity
  8
0
 62
     0
100
AcDbText
 10
164.4594203975503
 20
139.5024908703696
 30
0.0
 40
2.2
  1
4
  7
ISOCP
 72
     1
 11
165.3302537308836
 21
141.7024908703696
 31
0.0
100
AcDbAttribute
  2
A
 70
     0
 74
     3
280
     0
 71
     1
 72
     0
 11
165.3302537308836
 21
141.7024908703696
 31
0.0
  0
ATTRIB
  5
646A
330
6466
100
AcDbEntity
  8
0
 62
     0
100
AcDbText
 10
156.5625453975503
 20
139.5024908703696
 30
0.0
 40
2.2
  1
3
  7
ISOCP
 72
     1
 11
157.3302537308836
 21
141.7024908703696
 31
0.0
100
AcDbAttribute
  2
F
 70
     0
 74
     3
280
     0
 71
     1
 72
     0
 11
157.3302537308836
 21
141.7024908703696
 31
0.0
  0
ATTRIB
  5
646B
330
6466
100
AcDbEntity
  8
0
100
AcDbText
 10
160.3870234036017
 20
139.4821047387911
 30
0.0
 40
2.2
  1
A
  7
ISOCP
 72
     1
 11
161.3724400702684
 21
140.5821047387911
 31
0.0
100
AcDbAttribute
  2
C
 70
     0
 74
     2
280
     0
 71
     1
 72
     0
 11
161.3724400702684
 21
140.5821047387911
 31
0.0
  0
ATTRIB
  5
646C
330
6466
100
AcDbEntity
  8
0
100
AcDbText
 10
156.5273016925382
 20
151.0918969051406
 30
0.0
 40
2.2
  1
XXXXX
  7
ISOCP
 72
     1
 11
161.4727183592049
 21
152.1918969051406
 31
0.0
100
AcDbAttribute
  2
R(POS)
 70
     0
 74
     2
280
     0
 71
     1
 72
     0
 11
161.4727183592049
 21
152.1918969051406
 31
0.0
  0
ATTRIB
  5
669D
330
6466
100
AcDbEntity
  8
0
100
AcDbText
 10
161.1382352456235
 20
133.0125692066208
 30
0.0
 40
2.0
  1
LF
  7
ISOCP
 72
     1
 11
162.5361519122902
 21
134.0125692066208
 31
0.0
100
AcDbAttribute
  2
DOC
 70
     5
 74
     2
280
     1
 71
     1
 72
     0
 11
162.5361519122902
 21
134.0125692066208
 31
0.0
  0
ATTRIB
  5
669E
330
6466
100
AcDbEntity
  8
0
100
AcDbText
 10
161.5353352456235
 20
136.7454692066208
 30
0.0
 40
2.0
  1
2
  7
ISOCP
 72
     1
 11
162.2332519122902
 21
137.7454692066208
 31
0.0
100
AcDbAttribute
  2
WIRING
 70
     5
 74
     2
280
     1
 71
     1
 72
     0
 11
162.2332519122902
 21
137.7454692066208
 31
0.0
  0
SEQEND
  5
646D
330
6466
100
AcDbEntity
  8
0
  0
INSERT
  5
646E
330
1F
100
AcDbEntity
  8
0
100
AcDbBlockReference
 66
     1
  2
Front_Contact1
 10
165.3302632882169
 20
127.0376003421909
 30
0.0
  0
ATTRIB
  5
646F
330
646E
100
AcDbEntity
  8
0
100
AcDbText
 10
160.5625506472312
 20
132.4375917268859
 30
0.0
 40
2.2
  1
*
  7
ISOCP
 72
     1
 11
161.3302589805645
 21
133.5375917268859
 31
0.0
100
AcDbAttribute
  2
S_NAME
 70
     0
 74
     2
280
     0
 71
     1
 72
     0
 11
161.3302589805645
 21
133.5375917268859
 31
0.0
  0
ATTRIB
  5
6470
330
646E
100
AcDbEntity
  8
0
100
AcDbText
 10
157.1594256472312
 20
129.4375917268859
 30
0.0
 40
2.2
  1
DECPR
  7
ISOCP
 72
     1
 11
161.3302589805645
 21
130.5375917268859
 31
0.0
100
AcDbAttribute
  2
R_NAME
 70
     0
 74
     2
280
     0
 71
     1
 72
     0
 11
161.3302589805645
 21
130.5375917268859
 31
0.0
  0
ATTRIB
  5
6471
330
646E
100
AcDbEntity
  8
0
 62
     0
100
AcDbText
 10
164.4594256472312
 20
123.587591726886
 30
0.0
 40
2.2
  1
4
  7
ISOCP
 72
     1
 11
165.3302589805645
 21
125.787591726886
 31
0.0
100
AcDbAttribute
  2
A
 70
     0
 74
     3
280
     0
 71
     1
 72
     0
 11
165.3302589805645
 21
125.787591726886
 31
0.0
  0
ATTRIB
  5
6472
330
646E
100
AcDbEntity
  8
0
 62
     0
100
AcDbText
 10
156.5625506472312
 20
123.587591726886
 30
0.0
 40
2.2
  1
3
  7
ISOCP
 72
     1
 11
157.3302589805645
 21
125.787591726886
 31
0.0
100
AcDbAttribute
  2
F
 70
     0
 74
     3
280
     0
 71
     1
 72
     0
 11
157.3302589805645
 21
125.787591726886
 31
0.0
  0
ATTRIB
  5
6473
330
646E
100
AcDbEntity
  8
0
100
AcDbText
 10
160.501611986616
 20
123.5672055953075
 30
0.0
 40
2.2
  1
D
  7
ISOCP
 72
     1
 11
161.3724453199493
 21
124.6672055953075
 31
0.0
100
AcDbAttribute
  2
C
 70
     0
 74
     2
280
     0
 71
     1
 72
     0
 11
161.3724453199493
 21
124.6672055953075
 31
0.0
  0
ATTRIB
  5
6474
330
646E
100
AcDbEntity
  8
0
100
AcDbText
 10
156.5273069422191
 20
135.176997761657
 30
0.0
 40
2.2
  1
XXXXX
  7
ISOCP
 72
     1
 11
161.4727236088858
 21
136.276997761657
 31
0.0
100
AcDbAttribute
  2
R(POS)
 70
     0
 74
     2
280
     0
 71
     1
 72
     0
 11
161.4727236088858
 21
136.276997761657
 31
0.0
  0
ATTRIB
  5
669F
330
646E
100
AcDbEntity
  8
0
100
AcDbText
 10
161.1382404953044
 20
117.0976700631372
 30
0.0
 40
2.0
  1
LF
  7
ISOCP
 72
     1
 11
162.5361571619711
 21
118.0976700631372
 31
0.0
100
AcDbAttribute
  2
DOC
 70
     5
 74
     2
280
     1
 71
     1
 72
     0
 11
162.5361571619711
 21
118.0976700631372
 31
0.0
  0
ATTRIB
  5
66A0
330
646E
100
AcDbEntity
  8
0
100
AcDbText
 10
161.5353404953044
 20
120.8305700631372
 30
0.0
 40
2.0
  1
2
  7
ISOCP
 72
     1
 11
162.2332571619711
 21
121.8305700631372
 31
0.0
100
AcDbAttribute
  2
WIRING
 70
     5
 74
     2
280
     1
 71
     1
 72
     0
 11
162.2332571619711
 21
121.8305700631372
 31
0.0
  0
SEQEND
  5
6475
330
646E
100
AcDbEntity
  8
0
  0
INSERT
  5
6476
330
1F
100
AcDbEntity
  8
0
100
AcDbBlockReference
 66
     1
  2
Front_Contact1
 10
165.330258038536
 20
111.1226839680974
 30
0.0
  0
ATTRIB
  5
6477
330
6476
100
AcDbEntity
  8
0
100
AcDbText
 10
160.5625453975503
 20
116.5226753527924
 30
0.0
 40
2.2
  1
*
  7
ISOCP
 72
     1
 11
161.3302537308836
 21
117.6226753527924
 31
0.0
100
AcDbAttribute
  2
S_NAME
 70
     0
 74
     2
280
     0
 71
     1
 72
     0
 11
161.3302537308836
 21
117.6226753527924
 31
0.0
  0
ATTRIB
  5
6478
330
6476
100
AcDbEntity
  8
0
100
AcDbText
 10
156.2794203975503
 20
113.5226753527924
 30
0.0
 40
2.2
  1
HHECPR
  7
ISOCP
 72
     1
 11
161.3302537308836
 21
114.6226753527924
 31
0.0
100
AcDbAttribute
  2
R_NAME
 70
     0
 74
     2
280
     0
 71
     1
 72
     0
 11
161.3302537308836
 21
114.6226753527924
 31
0.0
  0
ATTRIB
  5
6479
330
6476
100
AcDbEntity
  8
0
 62
     0
100
AcDbText
 10
164.4594203975503
 20
107.6726753527925
 30
0.0
 40
2.2
  1
4
  7
ISOCP
 72
     1
 11
165.3302537308836
 21
109.8726753527925
 31
0.0
100
AcDbAttribute
  2
A
 70
     0
 74
     3
280
     0
 71
     1
 72
     0
 11
165.3302537308836
 21
109.8726753527925
 31
0.0
  0
ATTRIB
  5
647A
330
6476
100
AcDbEntity
  8
0
 62
     0
100
AcDbText
 10
156.5625453975503
 20
107.6726753527925
 30
0.0
 40
2.2
  1
3
  7
ISOCP
 72
     1
 11
157.3302537308836
 21
109.8726753527925
 31
0.0
100
AcDbAttribute
  2
F
 70
     0
 74
     3
280
     0
 71
     1
 72
     0
 11
157.3302537308836
 21
109.8726753527925
 31
0.0
  0
ATTRIB
  5
647B
330
6476
100
AcDbEntity
  8
0
100
AcDbText
 10
160.3870234036017
 20
107.652289221214
 30
0.0
 40
2.2
  1
A
  7
ISOCP
 72
     1
 11
161.3724400702684
 21
108.752289221214
 31
0.0
100
AcDbAttribute
  2
C
 70
     0
 74
     2
280
     0
 71
     1
 72
     0
 11
161.3724400702684
 21
108.752289221214
 31
0.0
  0
ATTRIB
  5
647C
330
6476
100
AcDbEntity
  8
0
100
AcDbText
 10
156.5273016925382
 20
119.2620813875635
 30
0.0
 40
2.2
  1
XXXXX
  7
ISOCP
 72
     1
 11
161.4727183592049
 21
120.3620813875635
 31
0.0
100
AcDbAttribute
  2
R(POS)
 70
     0
 74
     2
280
     0
 71
     1
 72
     0
 11
161.4727183592049
 21
120.3620813875635
 31
0.0
  0
ATTRIB
  5
66A1
330
6476
100
AcDbEntity
  8
0
100
AcDbText
 10
161.1382352456235
 20
101.1827536890437
 30
0.0
 40
2.0
  1
LF
  7
ISOCP
 72
     1
 11
162.5361519122902
 21
102.1827536890437
 31
0.0
100
AcDbAttribute
  2
DOC
 70
     5
 74
     2
280
     1
 71
     1
 72
     0
 11
162.5361519122902
 21
102.1827536890437
 31
0.0
  0
ATTRIB
  5
66A2
330
6476
100
AcDbEntity
  8
0
100
AcDbText
 10
161.5353352456235
 20
104.9156536890437
 30
0.0
 40
2.0
  1
2
  7
ISOCP
 72
     1
 11
162.2332519122902
 21
105.9156536890437
 31
0.0
100
AcDbAttribute
  2
WIRING
 70
     5
 74
     2
280
     1
 71
     1
 72
     0
 11
162.2332519122902
 21
105.9156536890437
 31
0.0
  0
SEQEND
  5
647D
330
6476
100
AcDbEntity
  8
0
  0
INSERT
  5
647E
330
1F
100
AcDbEntity
  8
0
100
AcDbBlockReference
 66
     1
  2
Front_Contact1
 10
165.330258038536
 20
95.20778482461375
 30
0.0
  0
ATTRIB
  5
647F
330
647E
100
AcDbEntity
  8
0
100
AcDbText
 10
160.5625453975503
 20
100.6077762093087
 30
0.0
 40
2.2
  1
*
  7
ISOCP
 72
     1
 11
161.3302537308836
 21
101.7077762093087
 31
0.0
100
AcDbAttribute
  2
S_NAME
 70
     0
 74
     2
280
     0
 71
     1
 72
     0
 11
161.3302537308836
 21
101.7077762093087
 31
0.0
  0
ATTRIB
  5
6480
330
647E
100
AcDbEntity
  8
0
100
AcDbText
 10
156.2794203975503
 20
97.60777620930872
 30
0.0
 40
2.2
  1
HHECPR
  7
ISOCP
 72
     1
 11
161.3302537308836
 21
98.70777620930872
 31
0.0
100
AcDbAttribute
  2
R_NAME
 70
     0
 74
     2
280
     0
 71
     1
 72
     0
 11
161.3302537308836
 21
98.70777620930872
 31
0.0
  0
ATTRIB
  5
6481
330
647E
100
AcDbEntity
  8
0
 62
     0
100
AcDbText
 10
164.4594203975503
 20
91.75777620930883
 30
0.0
 40
2.2
  1
4
  7
ISOCP
 72
     1
 11
165.3302537308836
 21
93.95777620930883
 31
0.0
100
AcDbAttribute
  2
A
 70
     0
 74
     3
280
     0
 71
     1
 72
     0
 11
165.3302537308836
 21
93.95777620930883
 31
0.0
  0
ATTRIB
  5
6482
330
647E
100
AcDbEntity
  8
0
 62
     0
100
AcDbText
 10
156.5625453975503
 20
91.75777620930883
 30
0.0
 40
2.2
  1
3
  7
ISOCP
 72
     1
 11
157.3302537308836
 21
93.95777620930883
 31
0.0
100
AcDbAttribute
  2
F
 70
     0
 74
     3
280
     0
 71
     1
 72
     0
 11
157.3302537308836
 21
93.95777620930883
 31
0.0
  0
ATTRIB
  5
6483
330
647E
100
AcDbEntity
  8
0
100
AcDbText
 10
160.5016067369351
 20
91.73739007773031
 30
0.0
 40
2.2
  1
D
  7
ISOCP
 72
     1
 11
161.3724400702684
 21
92.8373900777303
 31
0.0
100
AcDbAttribute
  2
C
 70
     0
 74
     2
280
     0
 71
     1
 72
     0
 11
161.3724400702684
 21
92.8373900777303
 31
0.0
  0
ATTRIB
  5
6484
330
647E
100
AcDbEntity
  8
0
100
AcDbText
 10
156.5273016925382
 20
103.3471822440799
 30
0.0
 40
2.2
  1
XXXXX
  7
ISOCP
 72
     1
 11
161.4727183592049
 21
104.4471822440799
 31
0.0
100
AcDbAttribute
  2
R(POS)
 70
     0
 74
     2
280
     0
 71
     1
 72
     0
 11
161.4727183592049
 21
104.4471822440799
 31
0.0
  0
ATTRIB
  5
66A3
330
647E
100
AcDbEntity
  8
0
100
AcDbText
 10
161.1382352456235
 20
85.26785454556007
 30
0.0
 40
2.0
  1
LF
  7
ISOCP
 72
     1
 11
162.5361519122902
 21
86.26785454556007
 31
0.0
100
AcDbAttribute
  2
DOC
 70
     5
 74
     2
280
     1
 71
     1
 72
     0
 11
162.5361519122902
 21
86.26785454556007
 31
0.0
  0
ATTRIB
  5
66A4
330
647E
100
AcDbEntity
  8
0
100
AcDbText
 10
161.5353352456235
 20
89.00075454556006
 30
0.0
 40
2.0
  1
2
  7
ISOCP
 72
     1
 11
162.2332519122902
 21
90.00075454556006
 31
0.0
100
AcDbAttribute
  2
WIRING
 70
     5
 74
     2
280
     1
 71
     1
 72
     0
 11
162.2332519122902
 21
90.00075454556006
 31
0.0
  0
SEQEND
  5
6485
330
647E
100
AcDbEntity
  8
0
  0
INSERT
  5
6486
330
1F
100
AcDbEntity
  8
0
100
AcDbBlockReference
 66
     1
  2
Front_Contact1
 10
165.3302628172026
 20
79.292885445623
 30
0.0
  0
ATTRIB
  5
6487
330
6486
100
AcDbEntity
  8
0
100
AcDbText
 10
160.5625501762169
 20
84.69287683031797
 30
0.0
 40
2.2
  1
*
  7
ISOCP
 72
     1
 11
161.3302585095502
 21
85.79287683031797
 31
0.0
100
AcDbAttribute
  2
S_NAME
 70
     0
 74
     2
280
     0
 71
     1
 72
     0
 11
161.3302585095502
 21
85.79287683031797
 31
0.0
  0
ATTRIB
  5
6488
330
6486
100
AcDbEntity
  8
0
100
AcDbText
 10
157.1594251762169
 20
81.69287683031797
 30
0.0
 40
2.2
  1
HECPR
  7
ISOCP
 72
     1
 11
161.3302585095502
 21
82.79287683031797
 31
0.0
100
AcDbAttribute
  2
R_NAME
 70
     0
 74
     2
280
     0
 71
     1
 72
     0
 11
161.3302585095502
 21
82.79287683031797
 31
0.0
  0
ATTRIB
  5
6489
330
6486
100
AcDbEntity
  8
0
 62
     0
100
AcDbText
 10
164.4594251762169
 20
75.84287683031808
 30
0.0
 40
2.2
  1
4
  7
ISOCP
 72
     1
 11
165.3302585095502
 21
78.04287683031808
 31
0.0
100
AcDbAttribute
  2
A
 70
     0
 74
     3
280
     0
 71
     1
 72
     0
 11
165.3302585095502
 21
78.04287683031808
 31
0.0
  0
ATTRIB
  5
648A
330
6486
100
AcDbEntity
  8
0
 62
     0
100
AcDbText
 10
156.5625501762169
 20
75.84287683031808
 30
0.0
 40
2.2
  1
3
  7
ISOCP
 72
     1
 11
157.3302585095502
 21
78.04287683031808
 31
0.0
100
AcDbAttribute
  2
F
 70
     0
 74
     3
280
     0
 71
     1
 72
     0
 11
157.3302585095502
 21
78.04287683031808
 31
0.0
  0
ATTRIB
  5
648B
330
6486
100
AcDbEntity
  8
0
100
AcDbText
 10
160.3870281822683
 20
75.82249069873956
 30
0.0
 40
2.2
  1
A
  7
ISOCP
 72
     1
 11
161.372444848935
 21
76.92249069873955
 31
0.0
100
AcDbAttribute
  2
C
 70
     0
 74
     2
280
     0
 71
     1
 72
     0
 11
161.372444848935
 21
76.92249069873955
 31
0.0
  0
ATTRIB
  5
648C
330
6486
100
AcDbEntity
  8
0
100
AcDbText
 10
156.5273064712048
 20
87.43228286508912
 30
0.0
 40
2.2
  1
XXXXX
  7
ISOCP
 72
     1
 11
161.4727231378715
 21
88.53228286508912
 31
0.0
100
AcDbAttribute
  2
R(POS)
 70
     0
 74
     2
280
     0
 71
     1
 72
     0
 11
161.4727231378715
 21
88.53228286508912
 31
0.0
  0
ATTRIB
  5
66A5
330
6486
100
AcDbEntity
  8
0
100
AcDbText
 10
161.1382400242901
 20
69.35295516656932
 30
0.0
 40
2.0
  1
LF
  7
ISOCP
 72
     1
 11
162.5361566909568
 21
70.35295516656932
 31
0.0
100
AcDbAttribute
  2
DOC
 70
     5
 74
     2
280
     1
 71
     1
 72
     0
 11
162.5361566909568
 21
70.35295516656932
 31
0.0
  0
ATTRIB
  5
66A6
330
6486
100
AcDbEntity
  8
0
100
AcDbText
 10
161.5353400242902
 20
73.0858551665693
 30
0.0
 40
2.0
  1
2
  7
ISOCP
 72
     1
 11
162.2332566909568
 21
74.0858551665693
 31
0.0
100
AcDbAttribute
  2
WIRING
 70
     5
 74
     2
280
     1
 71
     1
 72
     0
 11
162.2332566909568
 21
74.0858551665693
 31
0.0
  0
SEQEND
  5
648D
330
6486
100
AcDbEntity
  8
0
  0
INSERT
  5
648E
330
1F
100
AcDbEntity
  8
0
100
AcDbBlockReference
 66
     1
  2
Front_Contact1
 10
165.3302628172026
 20
63.37796930703663
 30
0.0
  0
ATTRIB
  5
648F
330
648E
100
AcDbEntity
  8
0
100
AcDbText
 10
160.5625501762169
 20
68.77796069173161
 30
0.0
 40
2.2
  1
*
  7
ISOCP
 72
     1
 11
161.3302585095502
 21
69.8779606917316
 31
0.0
100
AcDbAttribute
  2
S_NAME
 70
     0
 74
     2
280
     0
 71
     1
 72
     0
 11
161.3302585095502
 21
69.8779606917316
 31
0.0
  0
ATTRIB
  5
6490
330
648E
100
AcDbEntity
  8
0
100
AcDbText
 10
157.1594251762169
 20
65.7779606917316
 30
0.0
 40
2.2
  1
HECPR
  7
ISOCP
 72
     1
 11
161.3302585095502
 21
66.87796069173159
 31
0.0
100
AcDbAttribute
  2
R_NAME
 70
     0
 74
     2
280
     0
 71
     1
 72
     0
 11
161.3302585095502
 21
66.87796069173159
 31
0.0
  0
ATTRIB
  5
6491
330
648E
100
AcDbEntity
  8
0
 62
     0
100
AcDbText
 10
164.4594251762169
 20
59.92796069173171
 30
0.0
 40
2.2
  1
4
  7
ISOCP
 72
     1
 11
165.3302585095502
 21
62.12796069173171
 31
0.0
100
AcDbAttribute
  2
A
 70
     0
 74
     3
280
     0
 71
     1
 72
     0
 11
165.3302585095502
 21
62.12796069173171
 31
0.0
  0
ATTRIB
  5
6492
330
648E
100
AcDbEntity
  8
0
 62
     0
100
AcDbText
 10
156.5625501762169
 20
59.92796069173171
 30
0.0
 40
2.2
  1
3
  7
ISOCP
 72
     1
 11
157.3302585095502
 21
62.12796069173171
 31
0.0
100
AcDbAttribute
  2
F
 70
     0
 74
     3
280
     0
 71
     1
 72
     0
 11
157.3302585095502
 21
62.12796069173171
 31
0.0
  0
ATTRIB
  5
6493
330
648E
100
AcDbEntity
  8
0
100
AcDbText
 10
160.5016115156017
 20
59.90757456015318
 30
0.0
 40
2.2
  1
D
  7
ISOCP
 72
     1
 11
161.372444848935
 21
61.00757456015318
 31
0.0
100
AcDbAttribute
  2
C
 70
     0
 74
     2
280
     0
 71
     1
 72
     0
 11
161.372444848935
 21
61.00757456015318
 31
0.0
  0
ATTRIB
  5
6494
330
648E
100
AcDbEntity
  8
0
100
AcDbText
 10
156.5273064712048
 20
71.51736672650276
 30
0.0
 40
2.2
  1
XXXXX
  7
ISOCP
 72
     1
 11
161.4727231378715
 21
72.61736672650275
 31
0.0
100
AcDbAttribute
  2
R(POS)
 70
     0
 74
     2
280
     0
 71
     1
 72
     0
 11
161.4727231378715
 21
72.61736672650275
 31
0.0
  0
ATTRIB
  5
66A7
330
648E
100
AcDbEntity
  8
0
100
AcDbText
 10
161.1382400242901
 20
53.43803902798294
 30
0.0
 40
2.0
  1
LF
  7
ISOCP
 72
     1
 11
162.5361566909568
 21
54.43803902798294
 31
0.0
100
AcDbAttribute
  2
DOC
 70
     5
 74
     2
280
     1
 71
     1
 72
     0
 11
162.5361566909568
 21
54.43803902798294
 31
0.0
  0
ATTRIB
  5
66A8
330
648E
100
AcDbEntity
  8
0
100
AcDbText
 10
161.0353400242902
 20
57.17093902798294
 30
0.0
 40
2.0
  1
12
  7
ISOCP
 72
     1
 11
162.2332566909568
 21
58.17093902798294
 31
0.0
100
AcDbAttribute
  2
WIRING
 70
     5
 74
     2
280
     1
 71
     1
 72
     0
 11
162.2332566909568
 21
58.17093902798294
 31
0.0
  0
SEQEND
  5
6495
330
648E
100
AcDbEntity
  8
0
  0
INSERT
  5
6496
330
1F
100
AcDbEntity
  8
0
100
AcDbBlockReference
 66
     1
  2
Front_Contact1
 10
195.7776369611613
 20
142.9525164807774
 30
0.0
  0
ATTRIB
  5
6497
330
6496
100
AcDbEntity
  8
0
100
AcDbText
 10
191.0099243201756
 20
148.3525078654724
 30
0.0
 40
2.2
  1
*
  7
ISOCP
 72
     1
 11
191.7776326535089
 21
149.4525078654724
 31
0.0
100
AcDbAttribute
  2
S_NAME
 70
     0
 74
     2
280
     0
 71
     1
 72
     0
 11
191.7776326535089
 21
149.4525078654724
 31
0.0
  0
ATTRIB
  5
6498
330
6496
100
AcDbEntity
  8
0
100
AcDbText
 10
188.3699243201756
 20
145.3525078654724
 30
0.0
 40
2.2
  1
HRP2
  7
ISOCP
 72
     1
 11
191.7776326535089
 21
146.4525078654724
 31
0.0
100
AcDbAttribute
  2
R_NAME
 70
     0
 74
     2
280
     0
 71
     1
 72
     0
 11
191.7776326535089
 21
146.4525078654724
 31
0.0
  0
ATTRIB
  5
6499
330
6496
100
AcDbEntity
  8
0
 62
     0
100
AcDbText
 10
195.0099243201756
 20
139.5025078654725
 30
0.0
 40
2.2
  1
2
  7
ISOCP
 72
     1
 11
195.7776326535089
 21
141.7025078654725
 31
0.0
100
AcDbAttribute
  2
A
 70
     0
 74
     3
280
     0
 71
     1
 72
     0
 11
195.7776326535089
 21
141.7025078654725
 31
0.0
  0
ATTRIB
  5
649A
330
6496
100
AcDbEntity
  8
0
 62
     0
100
AcDbText
 10
187.2390909868422
 20
139.5025078654725
 30
0.0
 40
2.2
  1
1
  7
ISOCP
 72
     1
 11
187.7776326535089
 21
141.7025078654725
 31
0.0
100
AcDbAttribute
  2
F
 70
     0
 74
     3
280
     0
 71
     1
 72
     0
 11
187.7776326535089
 21
141.7025078654725
 31
0.0
  0
ATTRIB
  5
649B
330
6496
100
AcDbEntity
  8
0
100
AcDbText
 10
190.9489856595603
 20
139.482121733894
 30
0.0
 40
2.2
  1
B
  7
ISOCP
 72
     1
 11
191.8198189928937
 21
140.582121733894
 31
0.0
100
AcDbAttribute
  2
C
 70
     0
 74
     2
280
     0
 71
     1
 72
     0
 11
191.8198189928937
 21
140.582121733894
 31
0.0
  0
ATTRIB
  5
649C
330
6496
100
AcDbEntity
  8
0
100
AcDbText
 10
186.9746806151635
 20
151.0919139002435
 30
0.0
 40
2.2
  1
XXXXX
  7
ISOCP
 72
     1
 11
191.9200972818302
 21
152.1919139002435
 31
0.0
100
AcDbAttribute
  2
R(POS)
 70
     0
 74
     2
280
     0
 71
     1
 72
     0
 11
191.9200972818302
 21
152.1919139002435
 31
0.0
  0
ATTRIB
  5
66A9
330
6496
100
AcDbEntity
  8
0
100
AcDbText
 10
191.5856141682488
 20
133.0125862017237
 30
0.0
 40
2.0
  1
LF
  7
ISOCP
 72
     1
 11
192.9835308349155
 21
134.0125862017237
 31
0.0
100
AcDbAttribute
  2
DOC
 70
     5
 74
     2
280
     1
 71
     1
 72
     0
 11
192.9835308349155
 21
134.0125862017237
 31
0.0
  0
ATTRIB
  5
66AA
330
6496
100
AcDbEntity
  8
0
100
AcDbText
 10
191.9827141682488
 20
136.7454862017237
 30
0.0
 40
2.0
  1
2
  7
ISOCP
 72
     1
 11
192.6806308349155
 21
137.7454862017237
 31
0.0
100
AcDbAttribute
  2
WIRING
 70
     5
 74
     2
280
     1
 71
     1
 72
     0
 11
192.6806308349155
 21
137.7454862017237
 31
0.0
  0
SEQEND
  5
649D
330
6496
100
AcDbEntity
  8
0
  0
INSERT
  5
649E
330
1F
100
AcDbEntity
  8
0
100
AcDbBlockReference
 66
     1
  2
Front_Contact1
 10
195.7776369611613
 20
127.037600342191
 30
0.0
  0
ATTRIB
  5
649F
330
649E
100
AcDbEntity
  8
0
100
AcDbText
 10
191.0099243201756
 20
132.437591726886
 30
0.0
 40
2.2
  1
*
  7
ISOCP
 72
     1
 11
191.7776326535089
 21
133.537591726886
 31
0.0
100
AcDbAttribute
  2
S_NAME
 70
     0
 74
     2
280
     0
 71
     1
 72
     0
 11
191.7776326535089
 21
133.537591726886
 31
0.0
  0
ATTRIB
  5
64A0
330
649E
100
AcDbEntity
  8
0
100
AcDbText
 10
188.3699243201756
 20
129.4375917268859
 30
0.0
 40
2.2
  1
HRP2
  7
ISOCP
 72
     1
 11
191.7776326535089
 21
130.5375917268859
 31
0.0
100
AcDbAttribute
  2
R_NAME
 70
     0
 74
     2
280
     0
 71
     1
 72
     0
 11
191.7776326535089
 21
130.5375917268859
 31
0.0
  0
ATTRIB
  5
64A1
330
649E
100
AcDbEntity
  8
0
 62
     0
100
AcDbText
 10
194.9067993201756
 20
123.5875917268861
 30
0.0
 40
2.2
  1
4
  7
ISOCP
 72
     1
 11
195.7776326535089
 21
125.7875917268861
 31
0.0
100
AcDbAttribute
  2
A
 70
     0
 74
     3
280
     0
 71
     1
 72
     0
 11
195.7776326535089
 21
125.7875917268861
 31
0.0
  0
ATTRIB
  5
64A2
330
649E
100
AcDbEntity
  8
0
 62
     0
100
AcDbText
 10
187.0099243201756
 20
123.5875917268861
 30
0.0
 40
2.2
  1
3
  7
ISOCP
 72
     1
 11
187.7776326535089
 21
125.7875917268861
 31
0.0
100
AcDbAttribute
  2
F
 70
     0
 74
     3
280
     0
 71
     1
 72
     0
 11
187.7776326535089
 21
125.7875917268861
 31
0.0
  0
ATTRIB
  5
64A3
330
649E
100
AcDbEntity
  8
0
100
AcDbText
 10
190.9489856595603
 20
123.5672055953075
 30
0.0
 40
2.2
  1
B
  7
ISOCP
 72
     1
 11
191.8198189928937
 21
124.6672055953075
 31
0.0
100
AcDbAttribute
  2
C
 70
     0
 74
     2
280
     0
 71
     1
 72
     0
 11
191.8198189928937
 21
124.6672055953075
 31
0.0
  0
ATTRIB
  5
64A4
330
649E
100
AcDbEntity
  8
0
100
AcDbText
 10
186.9746806151635
 20
135.1769977616571
 30
0.0
 40
2.2
  1
XXXXX
  7
ISOCP
 72
     1
 11
191.9200972818302
 21
136.2769977616571
 31
0.0
100
AcDbAttribute
  2
R(POS)
 70
     0
 74
     2
280
     0
 71
     1
 72
     0
 11
191.9200972818302
 21
136.2769977616571
 31
0.0
  0
ATTRIB
  5
66AB
330
649E
100
AcDbEntity
  8
0
100
AcDbText
 10
191.5856141682488
 20
117.0976700631373
 30
0.0
 40
2.0
  1
LF
  7
ISOCP
 72
     1
 11
192.9835308349155
 21
118.0976700631373
 31
0.0
100
AcDbAttribute
  2
DOC
 70
     5
 74
     2
280
     1
 71
     1
 72
     0
 11
192.9835308349155
 21
118.0976700631373
 31
0.0
  0
ATTRIB
  5
66AC
330
649E
100
AcDbEntity
  8
0
100
AcDbText
 10
192.1910475015821
 20
120.8305700631373
 30
0.0
 40
2.0
  1
1
  7
ISOCP
 72
     1
 11
192.6806308349155
 21
121.8305700631373
 31
0.0
100
AcDbAttribute
  2
WIRING
 70
     5
 74
     2
280
     1
 71
     1
 72
     0
 11
192.6806308349155
 21
121.8305700631373
 31
0.0
  0
SEQEND
  5
64A5
330
649E
100
AcDbEntity
  8
0
  0
INSERT
  5
64A6
330
1F
100
AcDbEntity
  8
0
100
AcDbBlockReference
 66
     1
  2
Relay_Coil_ACI
 10
293.7338044982066
 20
151.3837633778656
 30
0.0
  0
ATTRIB
  5
64A7
330
64A6
100
AcDbEntity
  8
0
 62
     0
100
AcDbText
 10
282.1356191755605
 20
152.2435915002866
 30
0.0
 40
2.2
  1
$
  7
ISOCP
 72
     1
 11
282.9033275088939
 21
153.3435915002866
 31
0.0
100
AcDbAttribute
  2
S_NAME
 70
     0
 74
     2
280
     0
 71
     1
 72
     0
 11
282.9033275088939
 21
153.3435915002866
 31
0.0
  0
ATTRIB
  5
64A8
330
64A6
100
AcDbEntity
  8
0
 62
     0
100
AcDbText
 10
280.2724941755606
 20
147.7837633778656
 30
0.0
 40
2.2
  1
DZR
  7
ISOCP
 72
     1
 11
282.9033275088939
 21
148.8837633778656
 31
0.0
100
AcDbAttribute
  2
R_NAME
 70
     0
 74
     2
280
     0
 71
     1
 72
     0
 11
282.9033275088939
 21
148.8837633778656
 31
0.0
  0
ATTRIB
  5
64A9
330
64A6
100
AcDbEntity
  8
0
 62
     0
100
AcDbText
 10
271.1616537041361
 20
152.2837633778656
 30
0.0
 40
2.2
  1
R2
  7
ISOCP
 72
     1
 11
272.8093620374695
 21
153.3837633778656
 31
0.0
100
AcDbAttribute
  2
L+
 70
     0
 74
     2
280
     0
 71
     1
 72
     0
 11
272.8093620374695
 21
153.3837633778656
 31
0.0
  0
ATTRIB
  5
64AA
330
64A6
100
AcDbEntity
  8
0
 62
     0
100
AcDbText
 10
292.355268514315
 20
152.2837633778656
 30
0.0
 40
2.2
  1
R1
  7
ISOCP
 72
     1
 11
293.7738101809816
 21
153.3837633778656
 31
0.0
100
AcDbAttribute
  2
L-
 70
     0
 74
     2
280
     0
 71
     1
 72
     0
 11
293.7738101809816
 21
153.3837633778656
 31
0.0
  0
ATTRIB
  5
64AB
330
64A6
100
AcDbEntity
  8
0
100
AcDbText
 10
277.9579108422272
 20
155.1480371652426
 30
0.0
 40
2.2
  1
XXXXX
  7
ISOCP
 72
     1
 11
282.9033275088939
 21
156.2480371652426
 31
0.0
100
AcDbAttribute
  2
R(POS)
 70
     0
 74
     2
280
     0
 71
     1
 72
     0
 11
282.9033275088939
 21
156.2480371652426
 31
0.0
  0
ATTRIB
  5
6624
330
64A6
100
AcDbEntity
  8
0
100
AcDbText
 10
280.134025209763
 20
143.0881848423874
 30
0.0
 40
2.0
  1
12
  7
ISOCP
 72
     1
 11
281.3319418764297
 21
144.0881848423874
 31
0.0
100
AcDbAttribute
  2
WIRING
 70
     5
 74
     2
280
     1
 71
     1
 72
     0
 11
281.3319418764297
 21
144.0881848423874
 31
0.0
  0
ATTRIB
  5
6625
330
64A6
100
AcDbEntity
  8
0
100
AcDbText
 10
279.5452585430963
 20
139.3552848423874
 30
0.0
 40
2.0
  1
RR1
  7
ISOCP
 72
     1
 11
281.6348418764297
 21
140.3552848423874
 31
0.0
100
AcDbAttribute
  2
DOC
 70
     5
 74
     2
280
     1
 71
     1
 72
     0
 11
281.6348418764297
 21
140.3552848423874
 31
0.0
  0
SEQEND
  5
64AC
330
64A6
100
AcDbEntity
  8
0
  0
LINE
  5
64AD
330
1F
100
AcDbEntity
  8
0
100
AcDbLine
 10
293.7338044982066
 20
151.3837633778657
 30
0.0
 11
299.9441335188536
 21
149.6714866766554
 31
0.0
  0
LINE
  5
64AE
330
1F
100
AcDbEntity
  8
0
100
AcDbLine
 10
299.9441335188536
 20
149.6714866766554
 30
0.0
 11
299.9441368056321
 21
131.4240661149522
 31
0.0
  0
LINE
  5
64AF
330
1F
100
AcDbEntity
  8
0
100
AcDbLine
 10
299.9441368056321
 20
131.4240661149522
 30
0.0
 11
269.5747985136639
 21
131.4240661149523
 31
0.0
  0
INSERT
  5
64B0
330
1F
100
AcDbEntity
  8
0
100
AcDbBlockReference
 66
     1
  2
Front_Contact1
 10
286.9033275088939
 20
131.4240661149521
 30
0.0
  0
ATTRIB
  5
64B1
330
64B0
100
AcDbEntity
  8
0
100
AcDbText
 10
282.135614867908
 20
136.8240574996471
 30
0.0
 40
2.2
  1
$
  7
ISOCP
 72
     1
 11
282.9033232012414
 21
137.9240574996471
 31
0.0
100
AcDbAttribute
  2
S_NAME
 70
     0
 74
     2
280
     0
 71
     1
 72
     0
 11
282.9033232012414
 21
137.9240574996471
 31
0.0
  0
ATTRIB
  5
64B2
330
64B0
100
AcDbEntity
  8
0
100
AcDbText
 10
280.2724898679081
 20
133.8240574996471
 30
0.0
 40
2.2
  1
DZR
  7
ISOCP
 72
     1
 11
282.9033232012414
 21
134.9240574996471
 31
0.0
100
AcDbAttribute
  2
R_NAME
 70
     0
 74
     2
280
     0
 71
     1
 72
     0
 11
282.9033232012414
 21
134.9240574996471
 31
0.0
  0
ATTRIB
  5
64B3
330
64B0
100
AcDbEntity
  8
0
 62
     0
100
AcDbText
 10
286.0324898679081
 20
127.9740574996472
 30
0.0
 40
2.2
  1
4
  7
ISOCP
 72
     1
 11
286.9033232012414
 21
130.1740574996472
 31
0.0
100
AcDbAttribute
  2
A
 70
     0
 74
     3
280
     0
 71
     1
 72
     0
 11
286.9033232012414
 21
130.1740574996472
 31
0.0
  0
ATTRIB
  5
64B4
330
64B0
100
AcDbEntity
  8
0
 62
     0
100
AcDbText
 10
278.135614867908
 20
127.9740574996472
 30
0.0
 40
2.2
  1
3
  7
ISOCP
 72
     1
 11
278.9033232012414
 21
130.1740574996472
 31
0.0
100
AcDbAttribute
  2
F
 70
     0
 74
     3
280
     0
 71
     1
 72
     0
 11
278.9033232012414
 21
130.1740574996472
 31
0.0
  0
ATTRIB
  5
64B5
330
64B0
100
AcDbEntity
  8
0
100
AcDbText
 10
282.1778012072929
 20
127.9536713680686
 30
0.0
 40
2.2
  1
C
  7
ISOCP
 72
     1
 11
282.9455095406263
 21
129.0536713680686
 31
0.0
100
AcDbAttribute
  2
C
 70
     0
 74
     2
280
     0
 71
     1
 72
     0
 11
282.9455095406263
 21
129.0536713680686
 31
0.0
  0
ATTRIB
  5
64B6
330
64B0
100
AcDbEntity
  8
0
100
AcDbText
 10
278.1003711628961
 20
139.5634635344182
 30
0.0
 40
2.2
  1
XXXXX
  7
ISOCP
 72
     1
 11
283.0457878295628
 21
140.6634635344182
 31
0.0
100
AcDbAttribute
  2
R(POS)
 70
     0
 74
     2
280
     0
 71
     1
 72
     0
 11
283.0457878295628
 21
140.6634635344182
 31
0.0
  0
ATTRIB
  5
66AD
330
64B0
100
AcDbEntity
  8
0
100
AcDbText
 10
282.7113047159814
 20
121.4841358358984
 30
0.0
 40
2.0
  1
LF
  7
ISOCP
 72
     1
 11
284.1092213826481
 21
122.4841358358984
 31
0.0
100
AcDbAttribute
  2
DOC
 70
     5
 74
     2
280
     1
 71
     1
 72
     0
 11
284.1092213826481
 21
122.4841358358984
 31
0.0
  0
ATTRIB
  5
66AE
330
64B0
100
AcDbEntity
  8
0
100
AcDbText
 10
283.3167380493148
 20
125.2170358358984
 30
0.0
 40
2.0
  1
1
  7
ISOCP
 72
     1
 11
283.8063213826481
 21
126.2170358358984
 31
0.0
100
AcDbAttribute
  2
WIRING
 70
     5
 74
     2
280
     1
 71
     1
 72
     0
 11
283.8063213826481
 21
126.2170358358984
 31
0.0
  0
SEQEND
  5
64B7
330
64B0
100
AcDbEntity
  8
0
  0
INSERT
  5
64B8
330
1F
100
AcDbEntity
  8
0
100
AcDbBlockReference
 66
     1
  2
RC_Ckt
 10
262.0743260786048
 20
140.5262382240801
 30
0.0
 41
0.6068114739418548
 42
0.6068114739418548
 43
0.6068114739418548
  0
ATTRIB
  5
64B9
330
64B8
100
AcDbEntity
  8
0
  6
Continuous
100
AcDbText
 10
261.2847020105173
 20
136.0509378711675
 30
0.0
 40
1.334985242672081
  1

 41
0.7
  7
ISOCP
 72
     1
 11
261.2847020105173
 21
136.0509378711675
 31
0.0
100
AcDbAttribute
  2
RC_POS
 70
     0
280
     1
 71
     1
 72
     0
 11
261.2847020105173
 21
136.0509378711675
 31
0.0
  0
ATTRIB
  5
64BA
330
64B8
100
AcDbEntity
  8
0
100
AcDbText
 10
257.9242012330775
 20
127.7933047644965
 30
0.0
 40
1.334985242672081
  1
50V DC
  7
ISOCP
 72
     1
 11
260.7332326812
 21
128.4607973858325
 31
0.0
100
AcDbAttribute
  2
VOLTAGE
 70
     0
 74
     2
280
     0
 71
     1
 72
     0
 11
260.7332326812
 21
128.4607973858325
 31
0.0
  0
SEQEND
  5
64BB
330
64B8
100
AcDbEntity
  8
0
  0
INSERT
  5
64BC
330
1F
100
AcDbEntity
  8
0
100
AcDbBlockReference
 66
     1
  2
RRT
 10
234.3590813981305
 20
131.4240661149523
 30
0.0
 41
-0.9241130198199923
 42
0.9241130198199923
 43
0.9241130198199923
  0
ATTRIB
  5
64BD
330
64BC
100
AcDbEntity
  8
0
100
AcDbText
 10
232.9729118684004
 20
138.1238855086472
 30
0.0
 40
1.848226039639985
  1

 72
     4
 11
232.9729118684004
 21
138.1238855086472
 31
0.0
100
AcDbAttribute
  2

 70
     0
280
     0
 71
     1
 72
     0
 11
232.9729118684004
 21
138.1238855086472
 31
0.0
  0
ATTRIB
  5
64BE
330
64BC
100
AcDbEntity
  8
0
100
AcDbText
 10
232.9729118684004
 20
135.3515464491872
 30
0.0
 40
1.848226039639985
  1

 72
     4
 11
232.9729118684004
 21
135.3515464491872
 31
0.0
100
AcDbAttribute
  2

 70
     0
280
     0
 71
     1
 72
     0
 11
232.9729118684004
 21
135.3515464491872
 31
0.0
  0
SEQEND
  5
64BF
330
64BC
100
AcDbEntity
  8
0
  0
INSERT
  5
64C0
330
1F
100
AcDbEntity
  8
0
100
AcDbBlockReference
 66
     1
  2
CTR
 10
269.5747985136639
 20
131.4240661149524
 30
0.0
  0
ATTRIB
  5
64C1
330
64C0
100
AcDbEntity
  8
0
100
AcDbText
 10
269.5747985136639
 20
133.4546166011871
 30
0.0
 40
2.2
  1

  7
ISOCP
 72
     1
 11
269.5747985136639
 21
134.5546166011871
 31
0.0
100
AcDbAttribute
  2
CTR
 70
     0
 74
     2
280
     0
 71
     1
 72
     0
 11
269.5747985136639
 21
134.5546166011871
 31
0.0
  0
ATTRIB
  5
64C2
330
64C0
100
AcDbEntity
  8
0
 62
     0
100
AcDbText
 10
269.5747985136639
 20
127.2240661149524
 30
0.0
 40
2.2
  1

  7
ISOCP
 72
     1
 11
269.5747985136639
 21
129.4240661149524
 31
0.0
100
AcDbAttribute
  2
POS
 70
     0
 74
     3
280
     0
 71
     1
 72
     0
 11
269.5747985136639
 21
129.4240661149524
 31
0.0
  0
SEQEND
  5
64C3
330
64C0
100
AcDbEntity
  8
0
  0
LINE
  5
64C4
330
1F
100
AcDbEntity
  8
0
100
AcDbLine
 10
232.0487988485805
 20
131.4240661149523
 30
0.0
 11
225.8384698279334
 21
131.4240661149523
 31
0.0
  0
LINE
  5
64C5
330
1F
100
AcDbEntity
  8
0
100
AcDbLine
 10
272.0728505195812
 20
151.3837633778657
 30
0.0
 11
262.0016461715593
 21
151.3837633778657
 31
0.0
  0
LINE
  5
64C6
330
1F
100
AcDbEntity
  8
0
100
AcDbLine
 10
311.2877134009058
 20
151.3837717576635
 30
0.0
 11
305.1018778260042
 21
149.6714866766555
 31
0.0
  0
LINE
  5
64C7
330
1F
100
AcDbEntity
  8
0
100
AcDbLine
 10
305.1018778260042
 20
149.6714866766555
 30
0.0
 11
305.1018778260043
 21
134.5951681473418
 31
0.0
  0
LINE
  5
64C8
330
1F
100
AcDbEntity
  8
0
100
AcDbLine
 10
293.7338044982067
 20
151.3837633778657
 30
0.0
 11
313.2877129298916
 21
151.3837633778657
 31
0.0
  0
INSERT
  5
64C9
330
1F
100
AcDbEntity
  8
0
100
AcDbBlockReference
 66
     1
  2
Front_Contact1
 10
319.2877177085582
 20
151.3837803729684
 30
0.0
  0
ATTRIB
  5
64CA
330
64C9
100
AcDbEntity
  8
0
100
AcDbText
 10
314.5200050675724
 20
156.7837717576634
 30
0.0
 40
2.2
  1
*
  7
ISOCP
 72
     1
 11
315.2877134009058
 21
157.8837717576634
 31
0.0
100
AcDbAttribute
  2
S_NAME
 70
     0
 74
     2
280
     0
 71
     1
 72
     0
 11
315.2877134009058
 21
157.8837717576634
 31
0.0
  0
ATTRIB
  5
64CB
330
64C9
100
AcDbEntity
  8
0
100
AcDbText
 10
310.2368800675724
 20
153.7837717576634
 30
0.0
 40
2.2
  1
HHECPR
  7
ISOCP
 72
     1
 11
315.2877134009058
 21
154.8837717576634
 31
0.0
100
AcDbAttribute
  2
R_NAME
 70
     0
 74
     2
280
     0
 71
     1
 72
     0
 11
315.2877134009058
 21
154.8837717576634
 31
0.0
  0
ATTRIB
  5
64CC
330
64C9
100
AcDbEntity
  8
0
 62
     0
100
AcDbText
 10
318.5200050675724
 20
147.9337717576635
 30
0.0
 40
2.2
  1
2
  7
ISOCP
 72
     1
 11
319.2877134009058
 21
150.1337717576635
 31
0.0
100
AcDbAttribute
  2
A
 70
     0
 74
     3
280
     0
 71
     1
 72
     0
 11
319.2877134009058
 21
150.1337717576635
 31
0.0
  0
ATTRIB
  5
64CD
330
64C9
100
AcDbEntity
  8
0
 62
     0
100
AcDbText
 10
310.7491717342391
 20
147.9337717576635
 30
0.0
 40
2.2
  1
1
  7
ISOCP
 72
     1
 11
311.2877134009058
 21
150.1337717576635
 31
0.0
100
AcDbAttribute
  2
F
 70
     0
 74
     3
280
     0
 71
     1
 72
     0
 11
311.2877134009058
 21
150.1337717576635
 31
0.0
  0
ATTRIB
  5
64CE
330
64C9
100
AcDbEntity
  8
0
100
AcDbText
 10
314.4590664069573
 20
147.913385626085
 30
0.0
 40
2.2
  1
B
  7
ISOCP
 72
     1
 11
315.3298997402906
 21
149.013385626085
 31
0.0
100
AcDbAttribute
  2
C
 70
     0
 74
     2
280
     0
 71
     1
 72
     0
 11
315.3298997402906
 21
149.013385626085
 31
0.0
  0
ATTRIB
  5
64CF
330
64C9
100
AcDbEntity
  8
0
100
AcDbText
 10
310.4847613625604
 20
159.5231777924345
 30
0.0
 40
2.2
  1
XXXXX
  7
ISOCP
 72
     1
 11
315.4301780292271
 21
160.6231777924345
 31
0.0
100
AcDbAttribute
  2
R(POS)
 70
     0
 74
     2
280
     0
 71
     1
 72
     0
 11
315.4301780292271
 21
160.6231777924345
 31
0.0
  0
ATTRIB
  5
66AF
330
64C9
100
AcDbEntity
  8
0
100
AcDbText
 10
315.0956949156457
 20
141.4438500939147
 30
0.0
 40
2.0
  1
LF
  7
ISOCP
 72
     1
 11
316.4936115823124
 21
142.4438500939147
 31
0.0
100
AcDbAttribute
  2
DOC
 70
     5
 74
     2
280
     1
 71
     1
 72
     0
 11
316.4936115823124
 21
142.4438500939147
 31
0.0
  0
ATTRIB
  5
66B0
330
64C9
100
AcDbEntity
  8
0
100
AcDbText
 10
315.0011282489791
 20
145.1767500939147
 30
0.0
 40
2.0
  1
21
  7
ISOCP
 72
     1
 11
316.1907115823124
 21
146.1767500939147
 31
0.0
100
AcDbAttribute
  2
WIRING
 70
     5
 74
     2
280
     1
 71
     1
 72
     0
 11
316.1907115823124
 21
146.1767500939147
 31
0.0
  0
SEQEND
  5
64D0
330
64C9
100
AcDbEntity
  8
0
  0
INSERT
  5
64D1
330
1F
100
AcDbEntity
  8
0
100
AcDbBlockReference
 66
     1
  2
Front_Contact1
 10
318.6221485125517
 20
134.5951681473418
 30
0.0
  0
ATTRIB
  5
64D2
330
64D1
100
AcDbEntity
  8
0
100
AcDbText
 10
313.854435871566
 20
139.9951595320368
 30
0.0
 40
2.2
  1
*
  7
ISOCP
 72
     1
 11
314.6221442048993
 21
141.0951595320368
 31
0.0
100
AcDbAttribute
  2
S_NAME
 70
     0
 74
     2
280
     0
 71
     1
 72
     0
 11
314.6221442048993
 21
141.0951595320368
 31
0.0
  0
ATTRIB
  5
64D3
330
64D1
100
AcDbEntity
  8
0
100
AcDbText
 10
309.571310871566
 20
136.9951595320368
 30
0.0
 40
2.2
  1
HHECPR
  7
ISOCP
 72
     1
 11
314.6221442048993
 21
138.0951595320368
 31
0.0
100
AcDbAttribute
  2
R_NAME
 70
     0
 74
     2
280
     0
 71
     1
 72
     0
 11
314.6221442048993
 21
138.0951595320368
 31
0.0
  0
ATTRIB
  5
64D4
330
64D1
100
AcDbEntity
  8
0
 62
     0
100
AcDbText
 10
317.751310871566
 20
131.1451595320369
 30
0.0
 40
2.2
  1
4
  7
ISOCP
 72
     1
 11
318.6221442048993
 21
133.3451595320369
 31
0.0
100
AcDbAttribute
  2
A
 70
     0
 74
     3
280
     0
 71
     1
 72
     0
 11
318.6221442048993
 21
133.3451595320369
 31
0.0
  0
ATTRIB
  5
64D5
330
64D1
100
AcDbEntity
  8
0
 62
     0
100
AcDbText
 10
309.854435871566
 20
131.1451595320369
 30
0.0
 40
2.2
  1
3
  7
ISOCP
 72
     1
 11
310.6221442048993
 21
133.3451595320369
 31
0.0
100
AcDbAttribute
  2
F
 70
     0
 74
     3
280
     0
 71
     1
 72
     0
 11
310.6221442048993
 21
133.3451595320369
 31
0.0
  0
ATTRIB
  5
64D6
330
64D1
100
AcDbEntity
  8
0
100
AcDbText
 10
313.7934972109508
 20
131.1247734004584
 30
0.0
 40
2.2
  1
B
  7
ISOCP
 72
     1
 11
314.6643305442841
 21
132.2247734004584
 31
0.0
100
AcDbAttribute
  2
C
 70
     0
 74
     2
280
     0
 71
     1
 72
     0
 11
314.6643305442841
 21
132.2247734004584
 31
0.0
  0
ATTRIB
  5
64D7
330
64D1
100
AcDbEntity
  8
0
100
AcDbText
 10
309.8191921665539
 20
142.7345655668079
 30
0.0
 40
2.2
  1
XXXXX
  7
ISOCP
 72
     1
 11
314.7646088332206
 21
143.8345655668079
 31
0.0
100
AcDbAttribute
  2
R(POS)
 70
     0
 74
     2
280
     0
 71
     1
 72
     0
 11
314.7646088332206
 21
143.8345655668079
 31
0.0
  0
ATTRIB
  5
66B1
330
64D1
100
AcDbEntity
  8
0
100
AcDbText
 10
314.4301257196392
 20
124.6552378682881
 30
0.0
 40
2.0
  1
LF
  7
ISOCP
 72
     1
 11
315.8280423863059
 21
125.6552378682881
 31
0.0
100
AcDbAttribute
  2
DOC
 70
     5
 74
     2
280
     1
 71
     1
 72
     0
 11
315.8280423863059
 21
125.6552378682881
 31
0.0
  0
ATTRIB
  5
66B2
330
64D1
100
AcDbEntity
  8
0
100
AcDbText
 10
314.3355590529725
 20
128.3881378682881
 30
0.0
 40
2.0
  1
21
  7
ISOCP
 72
     1
 11
315.5251423863059
 21
129.3881378682881
 31
0.0
100
AcDbAttribute
  2
WIRING
 70
     5
 74
     2
280
     1
 71
     1
 72
     0
 11
315.5251423863059
 21
129.3881378682881
 31
0.0
  0
SEQEND
  5
64D8
330
64D1
100
AcDbEntity
  8
0
  0
LINE
  5
64D9
330
1F
100
AcDbEntity
  8
0
100
AcDbLine
 10
310.6221398972469
 20
134.5951681473418
 30
0.0
 11
305.1018778260043
 21
134.5951681473418
 31
0.0
  0
LINE
  5
64DA
330
1F
100
AcDbEntity
  8
0
100
AcDbLine
 10
318.6221485125517
 20
134.5951681473418
 30
0.0
 11
329.9532825969139
 21
134.5951681473418
 31
0.0
  0
LINE
  5
64DB
330
1F
100
AcDbEntity
  8
0
100
AcDbLine
 10
319.2877134009058
 20
151.3837717576635
 30
0.0
 11
329.2877134008865
 21
151.3837891735745
 31
0.0
  0
INSERT
  5
64DC
330
1F
100
AcDbEntity
  8
0
100
AcDbBlockReference
 66
     1
  2
Front_Contact1
 10
337.2877177085389
 20
151.3837977888795
 30
0.0
  0
ATTRIB
  5
64DD
330
64DC
100
AcDbEntity
  8
0
100
AcDbText
 10
332.520005067553
 20
156.7837891735745
 30
0.0
 40
2.2
  1
*
  7
ISOCP
 72
     1
 11
333.2877134008864
 21
157.8837891735745
 31
0.0
100
AcDbAttribute
  2
S_NAME
 70
     0
 74
     2
280
     0
 71
     1
 72
     0
 11
333.2877134008864
 21
157.8837891735745
 31
0.0
  0
ATTRIB
  5
64DE
330
64DC
100
AcDbEntity
  8
0
100
AcDbText
 10
329.116880067553
 20
153.7837891735745
 30
0.0
 40
2.2
  1
HECPR
  7
ISOCP
 72
     1
 11
333.2877134008864
 21
154.8837891735745
 31
0.0
100
AcDbAttribute
  2
R_NAME
 70
     0
 74
     2
280
     0
 71
     1
 72
     0
 11
333.2877134008864
 21
154.8837891735745
 31
0.0
  0
ATTRIB
  5
64DF
330
64DC
100
AcDbEntity
  8
0
 62
     0
100
AcDbText
 10
336.520005067553
 20
147.9337891735746
 30
0.0
 40
2.2
  1
2
  7
ISOCP
 72
     1
 11
337.2877134008864
 21
150.1337891735746
 31
0.0
100
AcDbAttribute
  2
A
 70
     0
 74
     3
280
     0
 71
     1
 72
     0
 11
337.2877134008864
 21
150.1337891735746
 31
0.0
  0
ATTRIB
  5
64E0
330
64DC
100
AcDbEntity
  8
0
 62
     0
100
AcDbText
 10
328.7491717342197
 20
147.9337891735746
 30
0.0
 40
2.2
  1
1
  7
ISOCP
 72
     1
 11
329.2877134008864
 21
150.1337891735746
 31
0.0
100
AcDbAttribute
  2
F
 70
     0
 74
     3
280
     0
 71
     1
 72
     0
 11
329.2877134008864
 21
150.1337891735746
 31
0.0
  0
ATTRIB
  5
64E1
330
64DC
100
AcDbEntity
  8
0
100
AcDbText
 10
332.4590664069379
 20
147.913403041996
 30
0.0
 40
2.2
  1
B
  7
ISOCP
 72
     1
 11
333.3298997402713
 21
149.013403041996
 31
0.0
100
AcDbAttribute
  2
C
 70
     0
 74
     2
280
     0
 71
     1
 72
     0
 11
333.3298997402713
 21
149.013403041996
 31
0.0
  0
ATTRIB
  5
64E2
330
64DC
100
AcDbEntity
  8
0
100
AcDbText
 10
328.4847613625411
 20
159.5231952083456
 30
0.0
 40
2.2
  1
XXXXX
  7
ISOCP
 72
     1
 11
333.4301780292078
 21
160.6231952083456
 31
0.0
100
AcDbAttribute
  2
R(POS)
 70
     0
 74
     2
280
     0
 71
     1
 72
     0
 11
333.4301780292078
 21
160.6231952083456
 31
0.0
  0
ATTRIB
  5
66B3
330
64DC
100
AcDbEntity
  8
0
100
AcDbText
 10
333.0956949156264
 20
141.4438675098258
 30
0.0
 40
2.0
  1
LF
  7
ISOCP
 72
     1
 11
334.4936115822931
 21
142.4438675098258
 31
0.0
100
AcDbAttribute
  2
DOC
 70
     5
 74
     2
280
     1
 71
     1
 72
     0
 11
334.4936115822931
 21
142.4438675098258
 31
0.0
  0
ATTRIB
  5
66B4
330
64DC
100
AcDbEntity
  8
0
100
AcDbText
 10
332.9927949156263
 20
145.1767675098258
 30
0.0
 40
2.0
  1
12
  7
ISOCP
 72
     1
 11
334.190711582293
 21
146.1767675098258
 31
0.0
100
AcDbAttribute
  2
WIRING
 70
     5
 74
     2
280
     1
 71
     1
 72
     0
 11
334.190711582293
 21
146.1767675098258
 31
0.0
  0
SEQEND
  5
64E3
330
64DC
100
AcDbEntity
  8
0
  0
INSERT
  5
64E4
330
1F
100
AcDbEntity
  8
0
100
AcDbBlockReference
 66
     1
  2
Front_Contact1
 10
337.9532869045663
 20
134.5951767626467
 30
0.0
  0
ATTRIB
  5
64E5
330
64E4
100
AcDbEntity
  8
0
100
AcDbText
 10
333.1855742635805
 20
139.9951681473417
 30
0.0
 40
2.2
  1
*
  7
ISOCP
 72
     1
 11
333.9532825969139
 21
141.0951681473417
 31
0.0
100
AcDbAttribute
  2
S_NAME
 70
     0
 74
     2
280
     0
 71
     1
 72
     0
 11
333.9532825969139
 21
141.0951681473417
 31
0.0
  0
ATTRIB
  5
64E6
330
64E4
100
AcDbEntity
  8
0
100
AcDbText
 10
329.7824492635805
 20
136.9951681473417
 30
0.0
 40
2.2
  1
HECPR
  7
ISOCP
 72
     1
 11
333.9532825969139
 21
138.0951681473417
 31
0.0
100
AcDbAttribute
  2
R_NAME
 70
     0
 74
     2
280
     0
 71
     1
 72
     0
 11
333.9532825969139
 21
138.0951681473417
 31
0.0
  0
ATTRIB
  5
64E7
330
64E4
100
AcDbEntity
  8
0
 62
     0
100
AcDbText
 10
337.0824492635805
 20
131.1451681473418
 30
0.0
 40
2.2
  1
4
  7
ISOCP
 72
     1
 11
337.9532825969139
 21
133.3451681473418
 31
0.0
100
AcDbAttribute
  2
A
 70
     0
 74
     3
280
     0
 71
     1
 72
     0
 11
337.9532825969139
 21
133.3451681473418
 31
0.0
  0
ATTRIB
  5
64E8
330
64E4
100
AcDbEntity
  8
0
 62
     0
100
AcDbText
 10
329.1855742635805
 20
131.1451681473418
 30
0.0
 40
2.2
  1
3
  7
ISOCP
 72
     1
 11
329.9532825969139
 21
133.3451681473418
 31
0.0
100
AcDbAttribute
  2
F
 70
     0
 74
     3
280
     0
 71
     1
 72
     0
 11
329.9532825969139
 21
133.3451681473418
 31
0.0
  0
ATTRIB
  5
64E9
330
64E4
100
AcDbEntity
  8
0
100
AcDbText
 10
333.1246356029654
 20
131.1247820157633
 30
0.0
 40
2.2
  1
B
  7
ISOCP
 72
     1
 11
333.9954689362987
 21
132.2247820157633
 31
0.0
100
AcDbAttribute
  2
C
 70
     0
 74
     2
280
     0
 71
     1
 72
     0
 11
333.9954689362987
 21
132.2247820157633
 31
0.0
  0
ATTRIB
  5
64EA
330
64E4
100
AcDbEntity
  8
0
100
AcDbText
 10
329.1503305585685
 20
142.7345741821128
 30
0.0
 40
2.2
  1
XXXXX
  7
ISOCP
 72
     1
 11
334.0957472252352
 21
143.8345741821128
 31
0.0
100
AcDbAttribute
  2
R(POS)
 70
     0
 74
     2
280
     0
 71
     1
 72
     0
 11
334.0957472252352
 21
143.8345741821128
 31
0.0
  0
ATTRIB
  5
66B5
330
64E4
100
AcDbEntity
  8
0
100
AcDbText
 10
333.7612641116538
 20
124.655246483593
 30
0.0
 40
2.0
  1
LF
  7
ISOCP
 72
     1
 11
335.1591807783205
 21
125.655246483593
 31
0.0
100
AcDbAttribute
  2
DOC
 70
     5
 74
     2
280
     1
 71
     1
 72
     0
 11
335.1591807783205
 21
125.655246483593
 31
0.0
  0
ATTRIB
  5
66B6
330
64E4
100
AcDbEntity
  8
0
100
AcDbText
 10
333.6583641116538
 20
128.388146483593
 30
0.0
 40
2.0
  1
12
  7
ISOCP
 72
     1
 11
334.8562807783205
 21
129.388146483593
 31
0.0
100
AcDbAttribute
  2
WIRING
 70
     5
 74
     2
280
     1
 71
     1
 72
     0
 11
334.8562807783205
 21
129.388146483593
 31
0.0
  0
SEQEND
  5
64EB
330
64E4
100
AcDbEntity
  8
0
  0
LINE
  5
64EC
330
1F
100
AcDbEntity
  8
0
100
AcDbLine
 10
337.2877134008865
 20
151.3837891735745
 30
0.0
 11
343.4978988714278
 21
149.3837803729684
 31
0.0
  0
LINE
  5
64ED
330
1F
100
AcDbEntity
  8
0
100
AcDbLine
 10
343.4978988714278
 20
149.3837803729684
 30
0.0
 11
343.4979012331438
 21
134.5951681473418
 31
0.0
  0
LINE
  5
64EE
330
1F
100
AcDbEntity
  8
0
100
AcDbLine
 10
337.9532825969139
 20
134.5951681473418
 30
0.0
 11
343.4979012331438
 21
134.5951681473418
 31
0.0
  0
LINE
  5
64EF
330
1F
100
AcDbEntity
  8
0
100
AcDbLine
 10
343.4979021138583
 20
131.080302524591
 30
0.0
 11
343.4979054239985
 21
118.6759593046371
 31
0.0
  0
LINE
  5
64F0
330
1F
100
AcDbEntity
  8
0
100
AcDbLine
 10
343.4979047807979
 20
118.675959304637
 30
0.0
 11
305.101880492946
 21
118.6759503543535
 31
0.0
  0
INSERT
  5
64F1
330
1F
100
AcDbEntity
  8
0
100
AcDbBlockReference
 66
     1
  2
Front_Contact1
 10
328.2998929584722
 20
118.6759548294953
 30
0.0
  0
ATTRIB
  5
64F2
330
64F1
100
AcDbEntity
  8
0
100
AcDbText
 10
323.5321803174866
 20
124.0759462141903
 30
0.0
 40
2.2
  1
*
  7
ISOCP
 72
     1
 11
324.2998886508199
 21
125.1759462141903
 31
0.0
100
AcDbAttribute
  2
S_NAME
 70
     0
 74
     2
280
     0
 71
     1
 72
     0
 11
324.2998886508199
 21
125.1759462141903
 31
0.0
  0
ATTRIB
  5
64F3
330
64F1
100
AcDbEntity
  8
0
100
AcDbText
 10
320.1290553174866
 20
121.0759462141903
 30
0.0
 40
2.2
  1
DECPR
  7
ISOCP
 72
     1
 11
324.2998886508199
 21
122.1759462141903
 31
0.0
100
AcDbAttribute
  2
R_NAME
 70
     0
 74
     2
280
     0
 71
     1
 72
     0
 11
324.2998886508199
 21
122.1759462141903
 31
0.0
  0
ATTRIB
  5
64F4
330
64F1
100
AcDbEntity
  8
0
 62
     0
100
AcDbText
 10
327.5321803174866
 20
115.2259462141904
 30
0.0
 40
2.2
  1
2
  7
ISOCP
 72
     1
 11
328.2998886508199
 21
117.4259462141904
 31
0.0
100
AcDbAttribute
  2
A
 70
     0
 74
     3
280
     0
 71
     1
 72
     0
 11
328.2998886508199
 21
117.4259462141904
 31
0.0
  0
ATTRIB
  5
64F5
330
64F1
100
AcDbEntity
  8
0
 62
     0
100
AcDbText
 10
319.7613469841532
 20
115.2259462141904
 30
0.0
 40
2.2
  1
1
  7
ISOCP
 72
     1
 11
320.2998886508199
 21
117.4259462141904
 31
0.0
100
AcDbAttribute
  2
F
 70
     0
 74
     3
280
     0
 71
     1
 72
     0
 11
320.2998886508199
 21
117.4259462141904
 31
0.0
  0
ATTRIB
  5
64F6
330
64F1
100
AcDbEntity
  8
0
100
AcDbText
 10
323.4712416568714
 20
115.2055600826118
 30
0.0
 40
2.2
  1
B
  7
ISOCP
 72
     1
 11
324.3420749902047
 21
116.3055600826118
 31
0.0
100
AcDbAttribute
  2
C
 70
     0
 74
     2
280
     0
 71
     1
 72
     0
 11
324.3420749902047
 21
116.3055600826118
 31
0.0
  0
ATTRIB
  5
64F7
330
64F1
100
AcDbEntity
  8
0
100
AcDbText
 10
319.4969366124745
 20
126.8153522489614
 30
0.0
 40
2.2
  1
XXXXX
  7
ISOCP
 72
     1
 11
324.4423532791412
 21
127.9153522489614
 31
0.0
100
AcDbAttribute
  2
R(POS)
 70
     0
 74
     2
280
     0
 71
     1
 72
     0
 11
324.4423532791412
 21
127.9153522489614
 31
0.0
  0
ATTRIB
  5
66B7
330
64F1
100
AcDbEntity
  8
0
100
AcDbText
 10
324.1078701655598
 20
108.7360245504416
 30
0.0
 40
2.0
  1
LF
  7
ISOCP
 72
     1
 11
325.5057868322265
 21
109.7360245504416
 31
0.0
100
AcDbAttribute
  2
DOC
 70
     5
 74
     2
280
     1
 71
     1
 72
     0
 11
325.5057868322265
 21
109.7360245504416
 31
0.0
  0
ATTRIB
  5
66B8
330
64F1
100
AcDbEntity
  8
0
100
AcDbText
 10
324.5049701655596
 20
112.4689245504416
 30
0.0
 40
2.0
  1
2
  7
ISOCP
 72
     1
 11
325.2028868322263
 21
113.4689245504416
 31
0.0
100
AcDbAttribute
  2
WIRING
 70
     5
 74
     2
280
     1
 71
     1
 72
     0
 11
325.2028868322263
 21
113.4689245504416
 31
0.0
  0
SEQEND
  5
64F8
330
64F1
100
AcDbEntity
  8
0
  0
INSERT
  5
64F9
330
1F
100
AcDbEntity
  8
0
100
AcDbBlockReference
 66
     1
  2
Front_Contact1
 10
328.2998797331252
 20
103.9610470707068
 30
0.0
  0
ATTRIB
  5
64FA
330
64F9
100
AcDbEntity
  8
0
100
AcDbText
 10
323.5321670921396
 20
109.3610384554018
 30
0.0
 40
2.2
  1
*
  7
ISOCP
 72
     1
 11
324.2998754254729
 21
110.4610384554018
 31
0.0
100
AcDbAttribute
  2
S_NAME
 70
     0
 74
     2
280
     0
 71
     1
 72
     0
 11
324.2998754254729
 21
110.4610384554018
 31
0.0
  0
ATTRIB
  5
64FB
330
64F9
100
AcDbEntity
  8
0
100
AcDbText
 10
320.1290420921396
 20
106.3610384554018
 30
0.0
 40
2.2
  1
DECPR
  7
ISOCP
 72
     1
 11
324.2998754254729
 21
107.4610384554018
 31
0.0
100
AcDbAttribute
  2
R_NAME
 70
     0
 74
     2
280
     0
 71
     1
 72
     0
 11
324.2998754254729
 21
107.4610384554018
 31
0.0
  0
ATTRIB
  5
64FC
330
64F9
100
AcDbEntity
  8
0
 62
     0
100
AcDbText
 10
327.4290420921396
 20
100.5110384554019
 30
0.0
 40
2.2
  1
4
  7
ISOCP
 72
     1
 11
328.2998754254729
 21
102.7110384554019
 31
0.0
100
AcDbAttribute
  2
A
 70
     0
 74
     3
280
     0
 71
     1
 72
     0
 11
328.2998754254729
 21
102.7110384554019
 31
0.0
  0
ATTRIB
  5
64FD
330
64F9
100
AcDbEntity
  8
0
 62
     0
100
AcDbText
 10
319.5321670921396
 20
100.5110384554019
 30
0.0
 40
2.2
  1
3
  7
ISOCP
 72
     1
 11
320.2998754254729
 21
102.7110384554019
 31
0.0
100
AcDbAttribute
  2
F
 70
     0
 74
     3
280
     0
 71
     1
 72
     0
 11
320.2998754254729
 21
102.7110384554019
 31
0.0
  0
ATTRIB
  5
64FE
330
64F9
100
AcDbEntity
  8
0
100
AcDbText
 10
323.4712284315243
 20
100.4906523238233
 30
0.0
 40
2.2
  1
B
  7
ISOCP
 72
     1
 11
324.3420617648576
 21
101.5906523238233
 31
0.0
100
AcDbAttribute
  2
C
 70
     0
 74
     2
280
     0
 71
     1
 72
     0
 11
324.3420617648576
 21
101.5906523238233
 31
0.0
  0
ATTRIB
  5
64FF
330
64F9
100
AcDbEntity
  8
0
100
AcDbText
 10
319.4969233871275
 20
112.1004444901729
 30
0.0
 40
2.2
  1
XXXXX
  7
ISOCP
 72
     1
 11
324.4423400537942
 21
113.2004444901729
 31
0.0
100
AcDbAttribute
  2
R(POS)
 70
     0
 74
     2
280
     0
 71
     1
 72
     0
 11
324.4423400537942
 21
113.2004444901729
 31
0.0
  0
ATTRIB
  5
66B9
330
64F9
100
AcDbEntity
  8
0
100
AcDbText
 10
324.1078569402128
 20
94.02111679165313
 30
0.0
 40
2.0
  1
LF
  7
ISOCP
 72
     1
 11
325.5057736068795
 21
95.02111679165313
 31
0.0
100
AcDbAttribute
  2
DOC
 70
     5
 74
     2
280
     1
 71
     1
 72
     0
 11
325.5057736068795
 21
95.02111679165313
 31
0.0
  0
ATTRIB
  5
66BA
330
64F9
100
AcDbEntity
  8
0
100
AcDbText
 10
324.7132902735462
 20
97.75401679165311
 30
0.0
 40
2.0
  1
1
  7
ISOCP
 72
     1
 11
325.2028736068795
 21
98.75401679165311
 31
0.0
100
AcDbAttribute
  2
WIRING
 70
     5
 74
     2
280
     1
 71
     1
 72
     0
 11
325.2028736068795
 21
98.75401679165311
 31
0.0
  0
SEQEND
  5
6500
330
64F9
100
AcDbEntity
  8
0
  0
LINE
  5
6501
330
1F
100
AcDbEntity
  8
0
100
AcDbLine
 10
335.2877177085582
 20
151.3837889882733
 30
0.0
 11
355.0804946196484
 21
151.3837803729684
 31
0.0
  0
INSERT
  5
6502
330
1F
100
AcDbEntity
  8
0
100
AcDbBlockReference
 66
     1
  2
Front_Contact1
 10
363.0804989273008
 20
151.3837889882733
 30
0.0
  0
ATTRIB
  5
6503
330
6502
100
AcDbEntity
  8
0
100
AcDbText
 10
358.312786286315
 20
156.7837803729683
 30
0.0
 40
2.2
  1
*
  7
ISOCP
 72
     1
 11
359.0804946196484
 21
157.8837803729683
 31
0.0
100
AcDbAttribute
  2
S_NAME
 70
     0
 74
     2
280
     0
 71
     1
 72
     0
 11
359.0804946196484
 21
157.8837803729683
 31
0.0
  0
ATTRIB
  5
6504
330
6502
100
AcDbEntity
  8
0
100
AcDbText
 10
354.792786286315
 20
153.7837803729683
 30
0.0
 40
2.2
  1
HHRP2
  7
ISOCP
 72
     1
 11
359.0804946196484
 21
154.8837803729683
 31
0.0
100
AcDbAttribute
  2
R_NAME
 70
     0
 74
     2
280
     0
 71
     1
 72
     0
 11
359.0804946196484
 21
154.8837803729683
 31
0.0
  0
ATTRIB
  5
6505
330
6502
100
AcDbEntity
  8
0
 62
     0
100
AcDbText
 10
362.312786286315
 20
147.9337803729684
 30
0.0
 40
2.2
  1
2
  7
ISOCP
 72
     1
 11
363.0804946196484
 21
150.1337803729684
 31
0.0
100
AcDbAttribute
  2
A
 70
     0
 74
     3
280
     0
 71
     1
 72
     0
 11
363.0804946196484
 21
150.1337803729684
 31
0.0
  0
ATTRIB
  5
6506
330
6502
100
AcDbEntity
  8
0
 62
     0
100
AcDbText
 10
354.5419529529817
 20
147.9337803729684
 30
0.0
 40
2.2
  1
1
  7
ISOCP
 72
     1
 11
355.0804946196484
 21
150.1337803729684
 31
0.0
100
AcDbAttribute
  2
F
 70
     0
 74
     3
280
     0
 71
     1
 72
     0
 11
355.0804946196484
 21
150.1337803729684
 31
0.0
  0
ATTRIB
  5
6507
330
6502
100
AcDbEntity
  8
0
100
AcDbText
 10
358.2518476256998
 20
147.9133942413898
 30
0.0
 40
2.2
  1
B
  7
ISOCP
 72
     1
 11
359.1226809590332
 21
149.0133942413898
 31
0.0
100
AcDbAttribute
  2
C
 70
     0
 74
     2
280
     0
 71
     1
 72
     0
 11
359.1226809590332
 21
149.0133942413898
 31
0.0
  0
ATTRIB
  5
6508
330
6502
100
AcDbEntity
  8
0
100
AcDbText
 10
354.277542581303
 20
159.5231864077394
 30
0.0
 40
2.2
  1
XXXXX
  7
ISOCP
 72
     1
 11
359.2229592479697
 21
160.6231864077394
 31
0.0
100
AcDbAttribute
  2
R(POS)
 70
     0
 74
     2
280
     0
 71
     1
 72
     0
 11
359.2229592479697
 21
160.6231864077394
 31
0.0
  0
ATTRIB
  5
66BB
330
6502
100
AcDbEntity
  8
0
100
AcDbText
 10
358.8884761343883
 20
141.4438587092196
 30
0.0
 40
2.0
  1
LF
  7
ISOCP
 72
     1
 11
360.286392801055
 21
142.4438587092196
 31
0.0
100
AcDbAttribute
  2
DOC
 70
     5
 74
     2
280
     1
 71
     1
 72
     0
 11
360.286392801055
 21
142.4438587092196
 31
0.0
  0
ATTRIB
  5
66BC
330
6502
100
AcDbEntity
  8
0
100
AcDbText
 10
359.2855761343883
 20
145.1767587092196
 30
0.0
 40
2.0
  1
2
  7
ISOCP
 72
     1
 11
359.983492801055
 21
146.1767587092196
 31
0.0
100
AcDbAttribute
  2
WIRING
 70
     5
 74
     2
280
     1
 71
     1
 72
     0
 11
359.983492801055
 21
146.1767587092196
 31
0.0
  0
SEQEND
  5
6509
330
6502
100
AcDbEntity
  8
0
  0
INSERT
  5
650A
330
1F
100
AcDbEntity
  8
0
100
AcDbBlockReference
 66
     1
  2
Front_Contact1
 10
363.0804989273008
 20
135.4688726141798
 30
0.0
  0
ATTRIB
  5
650B
330
650A
100
AcDbEntity
  8
0
100
AcDbText
 10
358.312786286315
 20
140.8688639988748
 30
0.0
 40
2.2
  1
*
  7
ISOCP
 72
     1
 11
359.0804946196484
 21
141.9688639988748
 31
0.0
100
AcDbAttribute
  2
S_NAME
 70
     0
 74
     2
280
     0
 71
     1
 72
     0
 11
359.0804946196484
 21
141.9688639988748
 31
0.0
  0
ATTRIB
  5
650C
330
650A
100
AcDbEntity
  8
0
100
AcDbText
 10
354.792786286315
 20
137.8688639988748
 30
0.0
 40
2.2
  1
HHRP2
  7
ISOCP
 72
     1
 11
359.0804946196484
 21
138.9688639988748
 31
0.0
100
AcDbAttribute
  2
R_NAME
 70
     0
 74
     2
280
     0
 71
     1
 72
     0
 11
359.0804946196484
 21
138.9688639988748
 31
0.0
  0
ATTRIB
  5
650D
330
650A
100
AcDbEntity
  8
0
 62
     0
100
AcDbText
 10
362.2096612863151
 20
132.0188639988749
 30
0.0
 40
2.2
  1
4
  7
ISOCP
 72
     1
 11
363.0804946196484
 21
134.2188639988749
 31
0.0
100
AcDbAttribute
  2
A
 70
     0
 74
     3
280
     0
 71
     1
 72
     0
 11
363.0804946196484
 21
134.2188639988749
 31
0.0
  0
ATTRIB
  5
650E
330
650A
100
AcDbEntity
  8
0
 62
     0
100
AcDbText
 10
354.312786286315
 20
132.0188639988749
 30
0.0
 40
2.2
  1
3
  7
ISOCP
 72
     1
 11
355.0804946196484
 21
134.2188639988749
 31
0.0
100
AcDbAttribute
  2
F
 70
     0
 74
     3
280
     0
 71
     1
 72
     0
 11
355.0804946196484
 21
134.2188639988749
 31
0.0
  0
ATTRIB
  5
650F
330
650A
100
AcDbEntity
  8
0
100
AcDbText
 10
358.2518476256998
 20
131.9984778672963
 30
0.0
 40
2.2
  1
B
  7
ISOCP
 72
     1
 11
359.1226809590332
 21
133.0984778672963
 31
0.0
100
AcDbAttribute
  2
C
 70
     0
 74
     2
280
     0
 71
     1
 72
     0
 11
359.1226809590332
 21
133.0984778672963
 31
0.0
  0
ATTRIB
  5
6510
330
650A
100
AcDbEntity
  8
0
100
AcDbText
 10
354.277542581303
 20
143.6082700336459
 30
0.0
 40
2.2
  1
XXXXX
  7
ISOCP
 72
     1
 11
359.2229592479697
 21
144.7082700336459
 31
0.0
100
AcDbAttribute
  2
R(POS)
 70
     0
 74
     2
280
     0
 71
     1
 72
     0
 11
359.2229592479697
 21
144.7082700336459
 31
0.0
  0
ATTRIB
  5
66BD
330
650A
100
AcDbEntity
  8
0
100
AcDbText
 10
358.8884761343883
 20
125.5289423351261
 30
0.0
 40
2.0
  1
LF
  7
ISOCP
 72
     1
 11
360.286392801055
 21
126.5289423351261
 31
0.0
100
AcDbAttribute
  2
DOC
 70
     5
 74
     2
280
     1
 71
     1
 72
     0
 11
360.286392801055
 21
126.5289423351261
 31
0.0
  0
ATTRIB
  5
66BE
330
650A
100
AcDbEntity
  8
0
100
AcDbText
 10
359.4939094677217
 20
129.2618423351261
 30
0.0
 40
2.0
  1
1
  7
ISOCP
 72
     1
 11
359.983492801055
 21
130.2618423351261
 31
0.0
100
AcDbAttribute
  2
WIRING
 70
     5
 74
     2
280
     1
 71
     1
 72
     0
 11
359.983492801055
 21
130.2618423351261
 31
0.0
  0
SEQEND
  5
6511
330
650A
100
AcDbEntity
  8
0
  0
LINE
  5
6512
330
1F
100
AcDbEntity
  8
0
100
AcDbLine
 10
363.0804989273009
 20
151.3837889882733
 30
0.0
 11
375.1131992521334
 21
151.383772013029
 31
0.0
  0
LWPOLYLINE
  5
6513
330
1F
100
AcDbEntity
  8
0
100
AcDbPolyline
 90
        6
 70
     0
 43
0.0
 10
187.7776321824948
 20
275.6251050821717
 10
180.7776321824948
 20
273.6251050821717
 10
180.7776321824948
 20
259.7101973233831
 10
202.7776321824948
 20
259.7101973233831
 10
202.7776321824948
 20
273.6251050821717
 10
195.7776321824948
 20
275.6251050821717
  0
INSERT
  5
6514
330
1F
100
AcDbEntity
  8
0
100
AcDbBlockReference
 66
     1
  2
Relay_Coil_ACI
 10
132.6111317202531
 20
275.6251050821716
 30
0.0
  0
ATTRIB
  5
6515
330
6514
100
AcDbEntity
  8
0
 62
     0
100
AcDbText
 10
121.0129463976071
 20
276.4849332045926
 30
0.0
 40
2.2
  1
$
  7
ISOCP
 72
     1
 11
121.7806547309404
 21
277.5849332045926
 31
0.0
100
AcDbAttribute
  2
S_NAME
 70
     0
 74
     2
280
     0
 71
     1
 72
     0
 11
121.7806547309404
 21
277.5849332045926
 31
0.0
  0
ATTRIB
  5
6516
330
6514
100
AcDbEntity
  8
0
 62
     0
100
AcDbText
 10
119.1498213976071
 20
272.0251050821716
 30
0.0
 40
2.2
  1
HZR
  7
ISOCP
 72
     1
 11
121.7806547309404
 21
273.1251050821717
 31
0.0
100
AcDbAttribute
  2
R_NAME
 70
     0
 74
     2
280
     0
 71
     1
 72
     0
 11
121.7806547309404
 21
273.1251050821717
 31
0.0
  0
ATTRIB
  5
6517
330
6514
100
AcDbEntity
  8
0
 62
     0
100
AcDbText
 10
110.0389809261827
 20
276.5251050821716
 30
0.0
 40
2.2
  1
R2
  7
ISOCP
 72
     1
 11
111.686689259516
 21
277.6251050821717
 31
0.0
100
AcDbAttribute
  2
L+
 70
     0
 74
     2
280
     0
 71
     1
 72
     0
 11
111.686689259516
 21
277.6251050821717
 31
0.0
  0
ATTRIB
  5
6518
330
6514
100
AcDbEntity
  8
0
 62
     0
100
AcDbText
 10
131.2325957363614
 20
276.5251050821716
 30
0.0
 40
2.2
  1
R1
  7
ISOCP
 72
     1
 11
132.6511374030281
 21
277.6251050821717
 31
0.0
100
AcDbAttribute
  2
L-
 70
     0
 74
     2
280
     0
 71
     1
 72
     0
 11
132.6511374030281
 21
277.6251050821717
 31
0.0
  0
ATTRIB
  5
6519
330
6514
100
AcDbEntity
  8
0
100
AcDbText
 10
116.8352380642737
 20
279.3893788695486
 30
0.0
 40
2.2
  1
XXXXX
  7
ISOCP
 72
     1
 11
121.7806547309404
 21
280.4893788695486
 31
0.0
100
AcDbAttribute
  2
R(POS)
 70
     0
 74
     2
280
     0
 71
     1
 72
     0
 11
121.7806547309404
 21
280.4893788695486
 31
0.0
  0
ATTRIB
  5
6626
330
6514
100
AcDbEntity
  8
0
100
AcDbText
 10
119.5113524318095
 20
267.3295265466934
 30
0.0
 40
2.0
  1
2
  7
ISOCP
 72
     1
 11
120.2092690984762
 21
268.3295265466934
 31
0.0
100
AcDbAttribute
  2
WIRING
 70
     5
 74
     2
280
     1
 71
     1
 72
     0
 11
120.2092690984762
 21
268.3295265466934
 31
0.0
  0
ATTRIB
  5
6627
330
6514
100
AcDbEntity
  8
0
100
AcDbText
 10
118.5225857651429
 20
263.5966265466935
 30
0.0
 40
2.0
  1
LR1
  7
ISOCP
 72
     1
 11
120.5121690984762
 21
264.5966265466935
 31
0.0
100
AcDbAttribute
  2
DOC
 70
     5
 74
     2
280
     1
 71
     1
 72
     0
 11
120.5121690984762
 21
264.5966265466935
 31
0.0
  0
SEQEND
  5
651A
330
6514
100
AcDbEntity
  8
0
  0
INSERT
  5
651B
330
1F
100
AcDbEntity
  8
0
100
AcDbBlockReference
 66
     1
  2
Front_Contact1
 10
195.7776369611614
 20
275.6251134619695
 30
0.0
  0
ATTRIB
  5
651C
330
651B
100
AcDbEntity
  8
0
100
AcDbText
 10
191.0099243201757
 20
281.0251048466644
 30
0.0
 40
2.2
  1
*
  7
ISOCP
 72
     1
 11
191.777632653509
 21
282.1251048466644
 31
0.0
100
AcDbAttribute
  2
S_NAME
 70
     0
 74
     2
280
     0
 71
     1
 72
     0
 11
191.777632653509
 21
282.1251048466644
 31
0.0
  0
ATTRIB
  5
651D
330
651B
100
AcDbEntity
  8
0
100
AcDbText
 10
187.6067993201757
 20
278.0251048466644
 30
0.0
 40
2.2
  1
DECPR
  7
ISOCP
 72
     1
 11
191.777632653509
 21
279.1251048466644
 31
0.0
100
AcDbAttribute
  2
R_NAME
 70
     0
 74
     2
280
     0
 71
     1
 72
     0
 11
191.777632653509
 21
279.1251048466644
 31
0.0
  0
ATTRIB
  5
651E
330
651B
100
AcDbEntity
  8
0
 62
     0
100
AcDbText
 10
195.0099243201757
 20
272.1751048466646
 30
0.0
 40
2.2
  1
2
  7
ISOCP
 72
     1
 11
195.777632653509
 21
274.3751048466646
 31
0.0
100
AcDbAttribute
  2
A
 70
     0
 74
     3
280
     0
 71
     1
 72
     0
 11
195.777632653509
 21
274.3751048466646
 31
0.0
  0
ATTRIB
  5
651F
330
651B
100
AcDbEntity
  8
0
 62
     0
100
AcDbText
 10
187.2390909868423
 20
272.1751048466646
 30
0.0
 40
2.2
  1
1
  7
ISOCP
 72
     1
 11
187.777632653509
 21
274.3751048466646
 31
0.0
100
AcDbAttribute
  2
F
 70
     0
 74
     3
280
     0
 71
     1
 72
     0
 11
187.777632653509
 21
274.3751048466646
 31
0.0
  0
ATTRIB
  5
6520
330
651B
100
AcDbEntity
  8
0
100
AcDbText
 10
190.8344023262271
 20
272.154718715086
 30
0.0
 40
2.2
  1
A
  7
ISOCP
 72
     1
 11
191.8198189928938
 21
273.254718715086
 31
0.0
100
AcDbAttribute
  2
C
 70
     0
 74
     2
280
     0
 71
     1
 72
     0
 11
191.8198189928938
 21
273.254718715086
 31
0.0
  0
ATTRIB
  5
6521
330
651B
100
AcDbEntity
  8
0
100
AcDbText
 10
186.9746806151636
 20
283.7645108814356
 30
0.0
 40
2.2
  1
XXXXX
  7
ISOCP
 72
     1
 11
191.9200972818303
 21
284.8645108814356
 31
0.0
100
AcDbAttribute
  2
R(POS)
 70
     0
 74
     2
280
     0
 71
     1
 72
     0
 11
191.9200972818303
 21
284.8645108814356
 31
0.0
  0
ATTRIB
  5
66BF
330
651B
100
AcDbEntity
  8
0
100
AcDbText
 10
191.5856141682489
 20
265.6851831829158
 30
0.0
 40
2.0
  1
LF
  7
ISOCP
 72
     1
 11
192.9835308349156
 21
266.6851831829158
 31
0.0
100
AcDbAttribute
  2
DOC
 70
     5
 74
     2
280
     1
 71
     1
 72
     0
 11
192.9835308349156
 21
266.6851831829158
 31
0.0
  0
ATTRIB
  5
66C0
330
651B
100
AcDbEntity
  8
0
100
AcDbText
 10
191.9827141682489
 20
269.4180831829158
 30
0.0
 40
2.0
  1
2
  7
ISOCP
 72
     1
 11
192.6806308349156
 21
270.4180831829158
 31
0.0
100
AcDbAttribute
  2
WIRING
 70
     5
 74
     2
280
     1
 71
     1
 72
     0
 11
192.6806308349156
 21
270.4180831829158
 31
0.0
  0
SEQEND
  5
6522
330
651B
100
AcDbEntity
  8
0
  0
LWPOLYLINE
  5
6523
330
1F
100
AcDbEntity
  8
0
100
AcDbPolyline
 90
        6
 70
     0
 43
0.0
 10
187.7776321824948
 20
259.7101973233831
 10
180.7776321824948
 20
257.7101973233831
 10
180.7776321824948
 20
243.7952895645946
 10
202.7776321824948
 20
243.7952895645946
 10
202.7776321824948
 20
257.7101973233831
 10
195.7776321824948
 20
259.7101973233831
  0
LWPOLYLINE
  5
6524
330
1F
100
AcDbEntity
  8
0
100
AcDbPolyline
 90
        6
 70
     0
 43
0.0
 10
187.7776321824948
 20
243.7952895645946
 10
180.7776321824948
 20
241.7952895645946
 10
180.7776321824948
 20
227.880381805806
 10
202.7776321824948
 20
227.880381805806
 10
202.7776321824948
 20
241.7952895645946
 10
195.7776321824948
 20
243.7952895645946
  0
LWPOLYLINE
  5
6525
330
1F
100
AcDbEntity
  8
0
100
AcDbPolyline
 90
        6
 70
     0
 43
0.0
 10
187.7776321824948
 20
227.880381805806
 10
180.7776321824948
 20
225.880381805806
 10
180.7776321824948
 20
211.9654740470175
 10
202.7776321824948
 20
211.9654740470175
 10
202.7776321824948
 20
225.880381805806
 10
195.7776321824948
 20
227.880381805806
  0
LWPOLYLINE
  5
6526
330
1F
100
AcDbEntity
  8
0
100
AcDbPolyline
 90
        6
 70
     0
 43
0.0
 10
187.7776321824948
 20
211.9654740470175
 10
180.7776321824948
 20
209.9654740470175
 10
180.7776321824948
 20
196.0505662882289
 10
202.7776321824948
 20
196.0505662882289
 10
202.7776321824948
 20
209.9654740470175
 10
195.7776321824948
 20
211.9654740470175
  0
LWPOLYLINE
  5
6527
330
1F
100
AcDbEntity
  8
0
100
AcDbPolyline
 90
        6
 70
     0
 43
0.0
 10
187.7776321824948
 20
196.0505662882289
 10
180.7776321824948
 20
194.0505662882289
 10
180.7776321824948
 20
180.1356585294403
 10
202.7776321824948
 20
180.1356585294403
 10
202.7776321824948
 20
194.0505662882289
 10
195.7776321824948
 20
196.0505662882289
  0
LWPOLYLINE
  5
6528
330
1F
100
AcDbEntity
  8
0
100
AcDbPolyline
 90
        6
 70
     0
 43
0.0
 10
187.7776321824948
 20
180.1356585294403
 10
180.7776321824948
 20
178.1356585294403
 10
180.7776321824948
 20
164.2207507706518
 10
202.7776321824948
 20
164.2207507706518
 10
202.7776321824948
 20
178.1356585294403
 10
195.7776321824948
 20
180.1356585294403
  0
LWPOLYLINE
  5
6529
330
1F
100
AcDbEntity
  8
0
100
AcDbPolyline
 90
        6
 70
     0
 43
0.0
 10
157.330258038536
 20
142.9524994856745
 10
150.330258038536
 20
140.9524994856745
 10
150.330258038536
 20
127.0375917268859
 10
172.330258038536
 20
127.0375917268859
 10
172.330258038536
 20
140.9524994856745
 10
165.330258038536
 20
142.9524994856745
  0
LWPOLYLINE
  5
652A
330
1F
100
AcDbEntity
  8
0
100
AcDbPolyline
 90
        6
 70
     0
 43
0.0
 10
157.330258038536
 20
127.0375917268859
 10
150.330258038536
 20
125.0375917268859
 10
150.330258038536
 20
111.1226839680974
 10
172.330258038536
 20
111.1226839680974
 10
172.330258038536
 20
125.0375917268859
 10
165.330258038536
 20
127.0375917268859
  0
LWPOLYLINE
  5
652B
330
1F
100
AcDbEntity
  8
0
100
AcDbPolyline
 90
        6
 70
     0
 43
0.0
 10
157.330258038536
 20
111.1226839680974
 10
150.330258038536
 20
109.1226839680974
 10
150.330258038536
 20
95.20777620930883
 10
172.330258038536
 20
95.20777620930883
 10
172.330258038536
 20
109.1226839680974
 10
165.330258038536
 20
111.1226839680974
  0
LWPOLYLINE
  5
652C
330
1F
100
AcDbEntity
  8
0
100
AcDbPolyline
 90
        6
 70
     0
 43
0.0
 10
157.330258038536
 20
95.20777620930883
 10
150.330258038536
 20
93.20777620930883
 10
150.330258038536
 20
79.29286845052027
 10
172.330258038536
 20
79.29286845052027
 10
172.330258038536
 20
93.20777620930883
 10
165.330258038536
 20
95.20777620930883
  0
LWPOLYLINE
  5
652D
330
1F
100
AcDbEntity
  8
0
100
AcDbPolyline
 90
        6
 70
     0
 43
0.0
 10
157.330258038536
 20
79.29286845052027
 10
150.330258038536
 20
77.29286845052027
 10
150.330258038536
 20
63.37796069173171
 10
172.330258038536
 20
63.37796069173171
 10
172.330258038536
 20
77.29286845052027
 10
165.330258038536
 20
79.29286845052027
  0
LWPOLYLINE
  5
652E
330
1F
100
AcDbEntity
  8
0
100
AcDbPolyline
 90
        6
 70
     0
 43
0.0
 10
187.7776321824947
 20
142.9524994856747
 10
180.7776321824947
 20
140.9524994856747
 10
180.7776321824947
 20
127.0375917268861
 10
202.7776321824947
 20
127.0375917268861
 10
202.7776321824947
 20
140.9524994856747
 10
195.7776321824947
 20
142.9524994856747
  0
LINE
  5
652F
330
1F
100
AcDbEntity
  8
0
100
AcDbLine
 10
202.7776283458565
 20
162.2207507706518
 30
0.0
 11
202.7776283458565
 21
142.9524994856745
 31
0.0
  0
LINE
  5
6530
330
1F
100
AcDbEntity
  8
0
100
AcDbLine
 10
337.9532825969139
 20
134.5951681473418
 30
0.0
 11
343.4979021138583
 21
131.080302524591
 31
0.0
  0
LINE
  5
6531
330
1F
100
AcDbEntity
  8
0
100
AcDbLine
 10
305.1018778260043
 20
131.0803025245911
 30
0.0
 11
310.6221442048994
 21
134.5951595320369
 31
0.0
  0
LINE
  5
6532
330
1F
100
AcDbEntity
  8
0
100
AcDbLine
 10
305.1018778260043
 20
131.0803025245911
 30
0.0
 11
305.1018811361466
 21
118.6759503543537
 31
0.0
  0
LWPOLYLINE
  5
6533
330
1F
100
AcDbEntity
  8
0
100
AcDbPolyline
 90
        6
 70
     0
 43
0.0
 10
355.0804946196484
 20
151.3837803729684
 10
348.0804946196484
 20
149.3837803729684
 10
348.0804946196484
 20
135.4688726141798
 10
370.0804946196484
 20
135.4688726141798
 10
370.0804946196484
 20
149.3837803729684
 10
363.0804946196484
 20
151.3837803729684
  0
LWPOLYLINE
  5
6534
330
1F
100
AcDbEntity
  8
0
100
AcDbPolyline
 90
        6
 70
     0
 43
0.0
 10
320.2998886508199
 20
118.6759462141904
 10
313.2998886508199
 20
116.6759462141904
 10
313.2998886508199
 20
103.9610384554018
 10
335.2998886508199
 20
103.9610384554018
 10
335.2998886508199
 20
116.6759462141904
 10
328.2998886508199
 20
118.6759462141904
  0
ARC
  5
6535
330
1F
100
AcDbEntity
  8
0
100
AcDbCircle
 10
101.2812267852065
 20
256.5232488137248
 30
0.0
 40
1.0
100
AcDbArc
 50
359.9999999999968
 51
179.9999999999967
  0
LINE
  5
6536
330
1F
100
AcDbEntity
  8
0
100
AcDbLine
 10
47.51100608563853
 20
256.5232488137246
 30
0.0
 11
44.40584157531503
 21
254.4219089491036
 31
0.0
  0
LINE
  5
6537
330
1F
100
AcDbEntity
  8
0
100
AcDbLine
 10
138.8214640276786
 20
123.559997285988
 30
0.0
 11
102.2812267852065
 21
123.5599972859881
 31
0.0
  0
LINE
  5
6538
330
1F
100
AcDbEntity
  8
0
100
AcDbLine
 10
100.2812267852065
 20
123.5599972859882
 30
0.0
 11
93.27517440079674
 21
123.5599972859882
 31
0.0
  0
LINE
  5
6539
330
1F
100
AcDbEntity
  8
0
100
AcDbLine
 10
101.2812267852065
 20
140.9524994856745
 30
0.0
 11
101.2812267852062
 21
117.0671366306126
 31
0.0
  0
LINE
  5
653A
330
1F
100
AcDbEntity
  8
0
100
AcDbLine
 10
50.07750815551412
 20
123.5599972859882
 30
0.0
 11
44.40584157531487
 21
120.6964246973804
 31
0.0
  0
LINE
  5
653B
330
1F
100
AcDbEntity
  8
0
100
AcDbLine
 10
44.40584157531487
 20
120.6964246973804
 30
0.0
 11
44.40584157531487
 21
117.0671366306126
 31
0.0
  0
CIRCLE
  5
653C
330
1F
100
AcDbEntity
  8
0
100
AcDbCircle
 10
44.40584157531487
 20
114.9780250780744
 30
0.0
 40
2.089111552538157
  0
ATTDEF
  5
653D
330
1F
100
AcDbEntity
  8
0
100
AcDbText
 10
43.4204249086482
 20
113.8780250780744
 30
0.0
 40
2.2
  1
A
  7
ISOCP
 72
     1
 11
44.40584157531487
 21
114.9780250780744
 31
0.0
100
AcDbAttributeDefinition
  3
POS
  2
A
 70
     0
 74
     2
280
     0
 71
     1
 72
     0
 11
44.40584157531487
 21
114.9780250780744
 31
0.0
  0
CIRCLE
  5
653E
330
1F
100
AcDbEntity
  8
0
100
AcDbCircle
 10
101.2812267852062
 20
114.9780250780744
 30
0.0
 40
2.089111552538157
  0
ATTDEF
  5
653F
330
1F
100
AcDbEntity
  8
0
100
AcDbText
 10
100.4103934518729
 20
113.8780250780744
 30
0.0
 40
2.2
  1
POS
  7
ISOCP
 72
     1
 11
101.2812267852062
 21
114.9780250780744
 31
0.0
100
AcDbAttributeDefinition
  3
POS
  2
B
 70
     0
 74
     2
280
     0
 71
     1
 72
     0
 11
101.2812267852062
 21
114.9780250780744
 31
0.0
  0
LINE
  5
6540
330
1F
100
AcDbEntity
  8
0
100
AcDbLine
 10
262.0016461715593
 20
158.6423395114011
 30
0.0
 11
262.0016461715593
 21
151.3837633778656
 31
0.0
  0
LINE
  5
6541
330
1F
100
AcDbEntity
  8
0
100
AcDbLine
 10
225.8384698279334
 20
138.6826422484878
 30
0.0
 11
225.8384698279334
 21
131.4240661149522
 31
0.0
  0
CIRCLE
  5
6542
330
1F
100
AcDbEntity
  8
0
100
AcDbCircle
 10
225.8384698279334
 20
140.7717538010259
 30
0.0
 40
2.089111552538157
  0
ATTDEF
  5
6543
330
1F
100
AcDbEntity
  8
0
100
AcDbText
 10
224.8530531612667
 20
139.6717538010259
 30
0.0
 40
2.2
  1
A
  7
ISOCP
 72
     1
 11
225.8384698279334
 21
140.7717538010259
 31
0.0
100
AcDbAttributeDefinition
  3
POS
  2
A
 70
     0
 74
     2
280
     0
 71
     1
 72
     0
 11
225.8384698279334
 21
140.7717538010259
 31
0.0
  0
CIRCLE
  5
6544
330
1F
100
AcDbEntity
  8
0
100
AcDbCircle
 10
262.0016461715593
 20
160.7314510639393
 30
0.0
 40
2.089111552538157
  0
ATTDEF
  5
6545
330
1F
100
AcDbEntity
  8
0
100
AcDbText
 10
261.1308128382259
 20
159.6314510639393
 30
0.0
 40
2.2
  1
POS
  7
ISOCP
 72
     1
 11
262.0016461715593
 21
160.7314510639393
 31
0.0
100
AcDbAttributeDefinition
  3
POS
  2
B
 70
     0
 74
     2
280
     0
 71
     1
 72
     0
 11
262.0016461715593
 21
160.7314510639393
 31
0.0
  0
LINE
  5
6546
330
1F
100
AcDbEntity
  8
0
100
AcDbLine
 10
375.1132024131152
 20
158.6422902529208
 30
0.0
 11
375.1131992521334
 21
151.3837720130289
 31
0.0
  0
CIRCLE
  5
6547
330
1F
100
AcDbEntity
  8
0
100
AcDbCircle
 10
375.1132024131152
 20
160.7314018054589
 30
0.0
 40
2.089111552538157
  0
ATTDEF
  5
6548
330
1F
100
AcDbEntity
  8
0
100
AcDbText
 10
374.3454940797818
 20
159.6314018054589
 30
0.0
 40
2.2
  1
POS
  7
ISOCP
 72
     1
 11
375.1132024131152
 21
160.7314018054589
 31
0.0
100
AcDbAttributeDefinition
  3
POS
  2
C
 70
     0
 74
     2
280
     0
 71
     1
 72
     0
 11
375.1132024131152
 21
160.7314018054589
 31
0.0
  0
CIRCLE
  5
6549
330
1F
100
AcDbEntity
  8
0
100
AcDbCircle
 10
177.4640826651858
 20
61.37796069173162
 30
0.0
 40
2.089111552538157
  0
ATTDEF
  5
654A
330
1F
100
AcDbEntity
  8
0
100
AcDbText
 10
176.6963743318525
 20
60.27796069173162
 30
0.0
 40
2.2
  1
A
  7
ISOCP
 72
     1
 11
177.4640826651858
 21
61.37796069173162
 31
0.0
100
AcDbAttributeDefinition
  3
POS
  2
C
 70
     0
 74
     2
280
     0
 71
     1
 72
     0
 11
177.4640826651858
 21
61.37796069173162
 31
0.0
  0
LWPOLYLINE
  5
654B
330
1F
100
AcDbEntity
  8
0
100
AcDbPolyline
 90
        2
 70
     0
 43
0.0
 10
172.330258038536
 20
61.37796069173162
 10
165.330258038536
 20
63.37796069173162
  0
ARC
  5
654C
330
1F
100
AcDbEntity
  8
0
100
AcDbCircle
 10
101.2812267852065
 20
123.5599972859882
 30
0.0
 40
1.0
100
AcDbArc
 50
359.9999999999968
 51
179.9999999999967
  0
LINE
  5
654D
330
1F
100
AcDbEntity
  8
0
100
AcDbLine
 10
172.330258038536
 20
61.37796069173162
 30
0.0
 11
175.3749711126476
 21
61.37796069173162
 31
0.0
  0
INSERT
  5
654E
330
1F
100
AcDbEntity
  8
0
100
AcDbBlockReference
  2
connection
 10
-2.845162174376185
 20
-4.855762730548129
 30
0.0
  0
INSERT
  5
6550
330
1F
100
AcDbEntity
  8
FUZEENDBLOCK.INSERT
 62
     0
100
AcDbBlockReference
 66
     1
  2
FUZEENDBLOCK
 10
41.29128371293393
 20
275.6251050821717
 30
0.0
 41
0.8287124280195762
 42
0.8287124280195762
 43
0.8287124280195762
  0
ATTRIB
  5
6551
330
6550
100
AcDbEntity
  8
0
100
AcDbText
 10
43.79739720640838
 20
277.4255985802402
 30
0.8287124280195762
 40
2.2
  1
N24INT(#)
  7
isocp.shx
 72
     1
 11
50.28281387307504
 21
278.5255985802402
 31
0.8287124280195762
100
AcDbAttribute
  2
VOLT
 70
     0
 74
     2
280
     0
 71
     1
 72
     0
 11
50.28281387307504
 21
278.5255985802402
 31
0.8287124280195762
  0
ATTRIB
  5
6552
330
6550
100
AcDbEntity
  8
0
100
AcDbText
 10
51.20684984409218
 20
271.2743648350689
 30
0.8287124280195762
 40
2.071781070048941
  1
XXX
  7
isocp.shx
 72
     1
 11
53.99943807809564
 21
272.3102553700934
 31
0.8287124280195762
100
AcDbAttribute
  2
FTOT
 70
     0
 74
     2
280
     0
 71
     1
 72
     0
 11
53.99943807809564
 21
272.3102553700934
 31
0.8287124280195762
  0
SEQEND
  5
6553
330
6550
100
AcDbEntity
  8
FUZEENDBLOCK.INSERT
 62
     0
  0
INSERT
  5
6554
330
1F
100
AcDbEntity
  8
FUZEENDBLOCK.INSERT
 62
     0
100
AcDbBlockReference
 66
     1
  2
FUZEENDBLOCK
 10
29.48651077621274
 20
256.5232488137246
 30
0.0
 41
0.8287124280195762
 42
0.8287124280195762
 43
0.8287124280195762
  0
ATTRIB
  5
6555
330
6554
100
AcDbEntity
  8
0
100
AcDbText
 10
31.99262426968718
 20
258.3237423117931
 30
0.8287124280195762
 40
2.2
  1
N24INT(#)
  7
isocp.shx
 72
     1
 11
38.47804093635385
 21
259.4237423117931
 31
0.8287124280195762
100
AcDbAttribute
  2
VOLT
 70
     0
 74
     2
280
     0
 71
     1
 72
     0
 11
38.47804093635385
 21
259.4237423117931
 31
0.8287124280195762
  0
ATTRIB
  5
6556
330
6554
100
AcDbEntity
  8
0
100
AcDbText
 10
35.05963691572969
 20
252.1725085666219
 30
0.8287124280195762
 40
2.071781070048941
  1
XXX
  7
isocp.shx
 72
     1
 11
37.85222514973316
 21
253.2083991016464
 31
0.8287124280195762
100
AcDbAttribute
  2
FTOT
 70
     0
 74
     2
280
     0
 71
     1
 72
     0
 11
37.85222514973316
 21
253.2083991016464
 31
0.8287124280195762
  0
SEQEND
  5
6557
330
6554
100
AcDbEntity
  8
FUZEENDBLOCK.INSERT
 62
     0
  0
INSERT
  5
6558
330
1F
100
AcDbEntity
  8
0
100
AcDbBlockReference
 66
     1
  2
RRT
 10
58.05945728526342
 20
256.5232488137248
 30
0.0
 41
-0.9241130198199923
 42
0.9241130198199923
 43
0.9241130198199923
  0
ATTRIB
  5
6559
330
6558
100
AcDbEntity
  8
0
100
AcDbText
 10
56.67328775553341
 20
263.2230682074198
 30
0.0
 40
1.848226039639985
  1

 72
     4
 11
56.67328775553341
 21
263.2230682074198
 31
0.0
100
AcDbAttribute
  2

 70
     0
280
     0
 71
     1
 72
     0
 11
56.67328775553341
 21
263.2230682074198
 31
0.0
  0
ATTRIB
  5
655A
330
6558
100
AcDbEntity
  8
0
100
AcDbText
 10
56.67328775553341
 20
260.4507291479599
 30
0.0
 40
1.848226039639985
  1

 72
     4
 11
56.67328775553341
 21
260.4507291479599
 31
0.0
100
AcDbAttribute
  2

 70
     0
280
     0
 71
     1
 72
     0
 11
56.67328775553341
 21
260.4507291479599
 31
0.0
  0
SEQEND
  5
655B
330
6558
100
AcDbEntity
  8
0
  0
INSERT
  5
655C
330
1F
100
AcDbEntity
  8
0
100
AcDbBlockReference
 66
     1
  2
CTR
 10
93.27517440079674
 20
256.5232488137249
 30
0.0
  0
ATTRIB
  5
655D
330
655C
100
AcDbEntity
  8
0
100
AcDbText
 10
93.27517440079674
 20
258.5537992999596
 30
0.0
 40
2.2
  1

  7
ISOCP
 72
     1
 11
93.27517440079674
 21
259.6537992999596
 31
0.0
100
AcDbAttribute
  2
CTR
 70
     0
 74
     2
280
     0
 71
     1
 72
     0
 11
93.27517440079674
 21
259.6537992999596
 31
0.0
  0
ATTRIB
  5
655E
330
655C
100
AcDbEntity
  8
0
 62
     0
100
AcDbText
 10
93.27517440079674
 20
252.3232488137249
 30
0.0
 40
2.2
  1

  7
ISOCP
 72
     1
 11
93.27517440079674
 21
254.5232488137249
 31
0.0
100
AcDbAttribute
  2
POS
 70
     0
 74
     3
280
     0
 71
     1
 72
     0
 11
93.27517440079674
 21
254.5232488137249
 31
0.0
  0
SEQEND
  5
655F
330
655C
100
AcDbEntity
  8
0
  0
MTEXT
  5
66FB
330
1F
100
AcDbEntity
  8
0
100
AcDbMText
 10
153.850533270192
 20
288.7802912871463
 30
0.0
 40
2.464
 41
24.02088855743006
 46
2.464
 71
     5
 72
     5
  1
{\LHUT NAME}
  7
ISOCP
 73
     1
 44
1.0
  0
ENDSEC
  0
SECTION
  2
OBJECTS
  0
DICTIONARY
  5
C
330
0
100
AcDbDictionary
281
     1
  3
ACAD_CIP_PREVIOUS_PRODUCT_INFO
350
1A5
  3
ACAD_COLOR
350
73
  3
ACAD_DATALINK
350
2C81
  3
ACAD_DETAILVIEWSTYLE
350
1AB
  3
ACAD_DGNDEFINITIONS
350
5A69
  3
ACAD_DWFDEFINITIONS
350
5A68
  3
ACAD_FIELDLIST
350
587A
  3
ACAD_GROUP
350
D
  3
ACAD_IMAGE_VARS
350
2C80
  3
ACAD_LAST_SAVED_VERSION_INFO
350
2F6
  3
ACAD_LAYOUT
350
1A
  3
ACAD_MATERIAL
350
72
  3
ACAD_MLEADERSTYLE
350
D7
  3
ACAD_MLINESTYLE
350
17
  3
ACAD_PDFDEFINITIONS
350
5A67
  3
ACAD_PLOTSETTINGS
350
19
  3
ACAD_PLOTSTYLENAME
350
E
  3
ACAD_SCALELIST
350
B6
  3
ACAD_SECTIONVIEWSTYLE
350
1A8
  3
ACAD_TABLESTYLE
350
86
  3
ACAD_VISUALSTYLE
350
99
  3
ACDB_RECOMPOSE_DATA
350
66FE
  3
AcDbVariableDictionary
350
66
  3
APPDATA
350
2C7E
  3
EZDXF_META
350
659A
  0
SUN
  5
668A
330
6689
100
AcDbSun
 90
        1
290
     0
 63
     7
421
 16777215
 40
1.0
291
     1
 91
  2455826
 92
 54000000
292
     0
 70
     2
 71
   256
280
     1
  0
DICTIONARY
  5
18E
330
2
100
AcDbDictionary
280
     1
281
     1
  3
ACAD_LAYERSTATES
360
18F
  0
DICTIONARY
  5
15D
330
1F
100
AcDbDictionary
280
     1
281
     1
  3
ACAD_SORTENTS
360
2F5
  0
DICTIONARY
  5
1BB6
330
255
100
AcDbDictionary
280
     1
281
     1
  3
ACAD_SORTENTS
360
1BB7
  0
DICTIONARY
  5
6679
330
4D3
100
AcDbDictionary
280
     1
281
     1
  3
ACAD_SORTENTS
360
667A
  0
DICTIONARY
  5
6602
330
4FC
100
AcDbDictionary
280
     1
281
     1
  3
ACAD_SORTENTS
360
6603
  0
DICTIONARY
  5
AC6
330
555
100
AcDbDictionary
280
     1
281
     1
  3
ACAD_SORTENTS
360
1BDB
  0
DICTIONARY
  5
60AC
330
6069
100
AcDbDictionary
280
     1
281
     1
  3
ACAD_SORTENTS
360
60AD
  0
DICTIONARY
  5
63D2
330
63D1
100
AcDbDictionary
280
     1
281
     1
  3
ACAD_SORTENTS
360
63D3
  0
DICTIONARY
  5
43CE
330
43CD
100
AcDbDictionary
280
     1
281
     1
  3
AcDbContextDataManager
360
43CF
  0
DICTIONARY
  5
43D2
330
43D1
100
AcDbDictionary
280
     1
281
     1
  3
AcDbContextDataManager
360
43D3
  0
DICTIONARY
  5
43F7
330
43D5
100
AcDbDictionary
280
     1
281
     1
  0
DICTIONARY
  5
622A
330
6229
100
AcDbDictionary
280
     1
281
     1
  3
ACAD_FIELD
360
622B
  0
XRECORD
  5
1A5
102
{ACAD_REACTORS
330
C
102
}
330
C
100
AcDbXrecord
280
     1
300
ACDLT
300
2026
300

  0
DICTIONARY
  5
73
102
{ACAD_REACTORS
330
C
102
}
330
C
100
AcDbDictionary
281
     1
  0
DICTIONARY
  5
2C81
102
{ACAD_REACTORS
330
C
102
}
330
C
100
AcDbDictionary
281
     1
  0
DICTIONARY
  5
1AB
102
{ACAD_REACTORS
330
C
102
}
330
C
100
AcDbDictionary
281
     1
  3
Imperial24
350
1AC
  3
Metric50
350
4CB
  0
DICTIONARY
  5
5A69
102
{ACAD_REACTORS
330
C
102
}
330
C
100
AcDbDictionary
281
     1
  0
DICTIONARY
  5
5A68
102
{ACAD_REACTORS
330
C
102
}
330
C
100
AcDbDictionary
281
     1
  0
FIELDLIST
  5
587A
102
{ACAD_REACTORS
330
C
102
}
330
C
100
AcDbIdSet
 90
        0
100
AcDbFieldList
  0
DICTIONARY
  5
D
102
{ACAD_REACTORS
330
C
102
}
330
C
100
AcDbDictionary
281
     1
  0
RASTERVARIABLES
  5
2C80
102
{ACAD_REACTORS
330
C
102
}
330
C
100
AcDbRasterVariables
 90
        0
 70
     1
 71
     1
 72
     1
  0
XRECORD
  5
2F6
102
{ACAD_REACTORS
330
C
102
}
330
C
100
AcDbXrecord
280
     1
300
{BCE39C75-5D3C-5B4E-AC75-593C0268ECE5}
301
{83EC8E86-7B4D-EC4E-AEC1-F55E562DED58}
302
{BCE39C75-5D3C-5B4E-AC75-593C0268ECE5}
303
E:\MSDAC\015.KBT - TO MSDAC Auto hut IFC _INDU-ST-25-26-0386_20250721\6. Wip\MASTER\13.08.2025\PROJ_SG_MS_51_KBT-TO_HUT1_2025_001.dwg
301
{82EB644E-55E7-4F43-9AB8-B3F8A5425404}
302
{08927BE8-AE21-7241-BD82-142B264F838F}
303
F:\OTHER EMPLOYEES\SAMPATH\MSDAC\011-WJR-MCN-MSDAC Autohut IFC\6. Wip\MASTER\22.05.2025\PROJ_SG_WJR_MCN_51_2025_001.dwg
301
{FE2936C4-5180-8E4C-B89E-CE3B90107E60}
302
{D2E3511E-0E1A-8448-99C1-4A9E78948C08}
303
E:\SAMPATH\wjr-mcn\24.04.2025\PROJ_SG_WJR_MCN_51_2025_001.dwg
301
{C9920A38-6A04-264B-9454-41A36F739E0E}
302
{7F9D049C-D7A9-1540-BA8F-09A0FC699390}
303
E:\kavish\010.PEL-DVR MSDAC Autohut IFC\6. WIP\SUPERSEDED\WIP\PROJ_SG_PEL_DVR_51_2024_0001.dwg
301
{66B35012-EF34-084D-A7CE-AF922FCFD18F}
302
{4E39E1CF-C719-9546-A1F7-C6C9202EC681}
303
D:\Senthilkumar S\MSDAC\PEL-DVR\Reference\RENAME\PROJ_SG_MS_51_2024_0001.dwg
301
{3ED469F7-5113-6042-B98D-58F8E4C2CD5F}
302
{E0147FE5-D98A-B442-93D3-F2EEBC8A0364}
303
E:\MAHITHA\MSDAC\004. PV - TBM MSDAC Autohut IFC\6.WIP\New 15.07.2024\PROJ_SG_MS_51_2024_0115.dwg
301
{CD559B23-52C7-3B43-9974-35D7C51204F6}
302
{F2AA39A8-1D06-404A-913E-0DACE7D981E1}
303
D:\PYTHON\PYTHON PROJECTS\Testing_Automation_2024\pdf\PROJ_SG_MS_51_2024_0131.dwg
301
{797CFB49-9665-AA4C-920A-CCFC6A046875}
302
{D66CC765-AC53-2C4C-B2FC-35C1D73B728C}
303
D:\Interface Circuits\8.Southern Railway\MSDAC\INDU-ST-24-25-0006-MSDAC-STM - PV\6.WIP\FINAL FILE\PROJ_SG_MS_51_2024_0061.dwg
  0
DICTIONARY
  5
1A
102
{ACAD_REACTORS
330
C
102
}
330
C
100
AcDbDictionary
281
     1
  3
Layout1
350
59
  3
Layout2
350
5E
  3
Model
350
22
  0
DICTIONARY
  5
72
102
{ACAD_REACTORS
330
C
102
}
330
C
100
AcDbDictionary
281
     1
  3
ByBlock
350
97
  3
ByLayer
350
96
  3
Global
350
98
  0
DICTIONARY
  5
D7
102
{ACAD_REACTORS
330
C
102
}
330
C
100
AcDbDictionary
281
     1
  3
Standard
350
D8
  0
DICTIONARY
  5
17
102
{ACAD_REACTORS
330
C
102
}
330
C
100
AcDbDictionary
281
     1
  3
Standard
350
18
  0
DICTIONARY
  5
5A67
102
{ACAD_REACTORS
330
C
102
}
330
C
100
AcDbDictionary
281
     1
  0
DICTIONARY
  5
19
102
{ACAD_REACTORS
330
C
102
}
330
C
100
AcDbDictionary
281
     1
  0
ACDBDICTIONARYWDFLT
  5
E
102
{ACAD_REACTORS
330
C
102
}
330
C
100
AcDbDictionary
281
     1
  3
Normal
350
F
100
AcDbDictionaryWithDefault
340
F
  0
DICTIONARY
  5
B6
102
{ACAD_REACTORS
330
C
102
}
330
C
100
AcDbDictionary
281
     1
  3
A0
350
B7
  3
A1
350
124
  3
A2
350
125
  3
A3
350
126
  3
A4
350
127
  3
A5
350
128
  3
A6
350
129
  3
A7
350
12A
  3
A8
350
12B
  3
A9
350
12C
  3
B0
350
12D
  3
B1
350
12E
  3
B2
350
12F
  3
B3
350
130
  3
B4
350
131
  3
B5
350
132
  3
B6
350
133
  3
B7
350
134
  3
B8
350
135
  3
B9
350
136
  3
C0
350
137
  3
C1
350
138
  3
C2
350
139
  3
C3
350
13A
  3
C4
350
13B
  3
C5
350
13C
  3
C6
350
13D
  3
C7
350
13E
  3
C8
350
13F
  3
C9
350
140
  3
D0
350
141
  3
D1
350
142
  3
D2
350
143
  0
DICTIONARY
  5
1A8
102
{ACAD_REACTORS
330
C
102
}
330
C
100
AcDbDictionary
281
     1
  3
Imperial24
350
1AA
  3
Metric50
350
4CA
  0
DICTIONARY
  5
86
102
{ACAD_REACTORS
330
C
102
}
330
C
100
AcDbDictionary
281
     1
  3
Standard
350
87
  0
DICTIONARY
  5
99
102
{ACAD_REACTORS
330
C
102
}
330
C
100
AcDbDictionary
281
     1
  3
2dWireframe
350
9F
  3
3dWireframe
350
43B8
  3
Basic
350
9E
  3
Brighten
350
A5
  3
ColorChange
350
A9
  3
Conceptual
350
A2
  3
Dim
350
A4
  3
EdgeColorOff
350
175
  3
Facepattern
350
A8
  3
Flat
350
9A
  3
FlatWithEdges
350
9B
  3
Gouraud
350
9C
  3
GouraudWithEdges
350
9D
  3
Hidden
350
A1
  3
JitterOff
350
173
  3
Linepattern
350
A7
  3
OverhangOff
350
174
  3
Realistic
350
A3
  3
Shaded
350
182
  3
Shaded with edges
350
181
  3
Shades of Gray
350
17E
  3
Sketchy
350
17F
  3
Thicken
350
A6
  3
Wireframe
350
A0
  3
X-Ray
350
180
  0
XRECORD
  5
66FE
102
{ACAD_REACTORS
330
C
102
}
330
C
100
AcDbXrecord
280
     1
 90
        1
330
87
  0
DICTIONARY
  5
66
102
{ACAD_REACTORS
330
C
102
}
330
C
100
AcDbDictionary
281
     1
  3
CANNOSCALE
350
F0
  3
CMLEADERSTYLE
350
EF
  3
CTABLESTYLE
350
89
  3
CVIEWDETAILSTYLE
350
1B7
  3
CVIEWSECTIONSTYLE
350
1B8
  3
DIMASSOC
350
67
  3
HIDETEXT
350
6B
  3
HPCOLOR
350
1B7F
  3
HPTRANSPARENCY
350
1B7E
  3
LAYEREVAL
350
14D
  3
LAYERNOTIFY
350
14E
  0
DICTIONARY
  5
2C7E
102
{ACAD_REACTORS
330
C
102
}
330
C
100
AcDbDictionary
281
     1
  0
DICTIONARY
  5
659A
330
C
100
AcDbDictionary
281
     1
  3
WRITTEN_BY_EZDXF
350
659B
  0
DICTIONARY
  5
18F
102
{ACAD_REACTORS
330
18E
102
}
330
18E
100
AcDbDictionary
281
     1
  0
SORTENTSTABLE
  5
2F5
102
{ACAD_REACTORS
330
15D
102
}
330
15D
100
AcDbSortentsTable
330
1F
  0
SORTENTSTABLE
  5
1BB7
102
{ACAD_REACTORS
330
1BB6
102
}
330
1BB6
100
AcDbSortentsTable
330
255
  0
SORTENTSTABLE
  5
667A
102
{ACAD_REACTORS
330
6679
102
}
330
6679
100
AcDbSortentsTable
330
4D3
  0
SORTENTSTABLE
  5
6603
102
{ACAD_REACTORS
330
6602
102
}
330
6602
100
AcDbSortentsTable
330
4FC
  0
SORTENTSTABLE
  5
1BDB
102
{ACAD_REACTORS
330
AC6
102
}
330
AC6
100
AcDbSortentsTable
330
555
  0
SORTENTSTABLE
  5
60AD
102
{ACAD_REACTORS
330
60AC
102
}
330
60AC
100
AcDbSortentsTable
330
6069
  0
SORTENTSTABLE
  5
63D3
102
{ACAD_REACTORS
330
63D2
102
}
330
63D2
100
AcDbSortentsTable
330
63D1
331
63D5
  5
63D6
331
63D6
  5
63D5
  0
DICTIONARY
  5
43CF
102
{ACAD_REACTORS
330
43CE
102
}
330
43CE
100
AcDbDictionary
281
     1
  3
ACDB_ANNOTATIONSCALES
350
43D0
  0
DICTIONARY
  5
43D3
102
{ACAD_REACTORS
330
43D2
102
}
330
43D2
100
AcDbDictionary
281
     1
  3
ACDB_ANNOTATIONSCALES
350
43D4
  0
DICTIONARY
  5
622B
102
{ACAD_REACTORS
330
622A
102
}
330
622A
100
AcDbDictionary
281
     1
  3
TEXT
350
622C
  0
ACDBDETAILVIEWSTYLE
  5
1AC
102
{ACAD_REACTORS
330
1AB
102
}
330
1AB
100
AcDbModelDocViewStyle
 70
     0
  3
Imperial24
290
     0
300
Imperial24
 90
        0
100
AcDbDetailViewStyle
 70
     0
 71
     0
 90
        3
 71
     1
340
11
 62
   256
 40
0.24
340
0
 62
   256
 40
0.24
300

 40
0.36
280
     3
 71
     2
340
16
 90
       25
 62
   256
 71
     3
340
11
 62
   256
 40
0.24
 90
        1
 40
0.75
 90
        1
300
%<\AcVar ViewType \f "%tc1">% %<\AcVar ViewDetailId>%\PSCALE %<\AcVar ViewScale \f "%sn">%
 71
     4
340
16
 90
       25
 62
   256
340
16
 90
       25
 62
   256
280
     0
  0
ACDBDETAILVIEWSTYLE
  5
4CB
102
{ACAD_REACTORS
330
1AB
102
}
330
1AB
100
AcDbModelDocViewStyle
 70
     0
  3
Metric50
290
     0
300
Metric50
 90
        0
100
AcDbDetailViewStyle
 70
     0
 71
     0
 90
        3
 71
     1
340
11
 62
   256
 40
5.0
340
0
 62
   256
 40
5.0
300

 40
0.0
280
     1
 71
     2
340
16
 90
       25
 62
   256
 71
     3
340
11
 62
   256
 40
5.0
 90
        0
 40
15.0
 90
        1
300
%<\AcVar ViewDetailId>% (%<\AcVar ViewScale \f "%sn">%)
 71
     4
340
16
 90
       25
 62
   256
340
16
 90
       25
 62
   256
280
     0
  0
LAYOUT
  5
59
102
{ACAD_REACTORS
330
1A
102
}
330
1A
100
AcDbPlotSettings
  1

  2
None
  4

  6

 40
0.0
 41
0.0
 42
0.0
 43
0.0
 44
0.0
 45
0.0
 46
0.0
 47
0.0
 48
0.0
 49
0.0
140
0.0
141
0.0
142
1.0
143
1.0
 70
   688
 72
     0
 73
     0
 74
     5
  7

 75
    16
 76
     0
 77
     2
 78
   300
147
1.0
148
0.0
149
0.0
100
AcDbLayout
  1
Layout1
 70
     1
 71
     1
 10
0.0
 20
0.0
 11
12.0
 21
9.0
 12
0.0
 22
0.0
 32
0.0
 14
0.0
 24
0.0
 34
0.0
 15
0.0
 25
0.0
 35
0.0
146
0.0
 13
0.0
 23
0.0
 33
0.0
 16
1.0
 26
0.0
 36
0.0
 17
0.0
 27
1.0
 37
0.0
 76
     0
330
58
  0
LAYOUT
  5
5E
102
{ACAD_REACTORS
330
1A
102
}
330
1A
100
AcDbPlotSettings
  1

  2
None
  4

  6

 40
0.0
 41
0.0
 42
0.0
 43
0.0
 44
0.0
 45
0.0
 46
0.0
 47
0.0
 48
0.0
 49
0.0
140
0.0
141
0.0
142
1.0
143
1.0
 70
   688
 72
     0
 73
     0
 74
     5
  7

 75
    16
 76
     0
 77
     2
 78
   300
147
1.0
148
0.0
149
0.0
100
AcDbLayout
  1
Layout2
 70
     1
 71
     2
 10
0.0
 20
0.0
 11
12.0
 21
9.0
 12
0.0
 22
0.0
 32
0.0
 14
0.0
 24
0.0
 34
0.0
 15
0.0
 25
0.0
 35
0.0
146
0.0
 13
0.0
 23
0.0
 33
0.0
 16
1.0
 26
0.0
 36
0.0
 17
0.0
 27
1.0
 37
0.0
 76
     0
330
5D
  0
LAYOUT
  5
22
102
{ACAD_REACTORS
330
1A
102
}
330
1A
100
AcDbPlotSettings
  1

  2
none_device
  4
ANSI_A_(8.50_x_11.00_Inches)
  6

 40
6.349999904632568
 41
19.04999923706055
 42
6.350006103515625
 43
19.04998779296875
 44
215.8999938964844
 45
279.3999938964844
 46
0.0
 47
0.0
 48
0.0
 49
0.0
140
0.0
141
0.0
142
1.0
143
2.584895464708374
 70
 11952
 72
     0
 73
     1
 74
     0
  7

 75
     0
 76
     0
 77
     2
 78
   300
147
0.3868628397755418
148
0.0
149
0.0
100
AcDbLayout
  1
Model
 70
     1
 71
     0
 10
0.0
 20
0.0
 11
12.0
 21
9.0
 12
0.0
 22
0.0
 32
0.0
 14
29.48651077621275
 24
59.28884913919347
 34
0.0
 15
377.2023139656533
 25
290.130357953813
 35
0.8287124280195762
146
0.0
 13
0.0
 23
0.0
 33
0.0
 16
1.0
 26
0.0
 36
0.0
 17
0.0
 27
1.0
 37
0.0
 76
     0
330
1F
331
6689
  0
MATERIAL
  5
97
102
{ACAD_REACTORS
330
72
102
}
102
{ACAD_XDICTIONARY
360
188
102
}
330
72
100
AcDbMaterial
  1
ByBlock
 72
     1
 78
     2
172
     2
176
     2
270
     2
273
     1
274
     2
 94
       63
  0
MATERIAL
  5
96
102
{ACAD_REACTORS
330
72
102
}
102
{ACAD_XDICTIONARY
360
186
102
}
330
72
100
AcDbMaterial
  1
ByLayer
 72
     1
 78
     2
172
     2
176
     2
270
     2
273
     1
274
     2
 94
       63
  0
MATERIAL
  5
98
102
{ACAD_REACTORS
330
72
102
}
102
{ACAD_XDICTIONARY
360
110
102
}
330
72
100
AcDbMaterial
  1
Global
 72
     1
 43
0.0208000000566244
 43
0.0
 43
0.0
 43
0.0
 43
0.0
 43
0.0208000000566244
 43
0.0
 43
0.0
 43
0.0
 43
0.0
 43
1.0
 43
0.0
 43
0.0
 43
0.0
 43
0.0
 43
1.0
 78
     2
172
     2
 49
0.0208000000566244
 49
0.0
 49
0.0
 49
0.0
 49
0.0
 49
0.0208000000566244
 49
0.0
 49
0.0
 49
0.0
 49
0.0
 49
1.0
 49
0.0
 49
0.0
 49
0.0
 49
0.0
 49
1.0
176
     2
142
0.0208000000566244
142
0.0
142
0.0
142
0.0
142
0.0
142
0.0208000000566244
142
0.0
142
0.0
142
0.0
142
0.0
142
1.0
142
0.0
142
0.0
142
0.0
142
0.0
142
1.0
270
     2
144
0.0208000000566244
144
0.0
144
0.0
144
0.0
144
0.0
144
0.0208000000566244
144
0.0
144
0.0
144
0.0
144
0.0
144
1.0
144
0.0
144
0.0
144
0.0
144
0.0
144
1.0
273
     1
274
     2
 94
       63
1001
ACAD
1070
    -1
1070
     3
1070
     0
1000

1071
        0
1070
     0
  0
MLEADERSTYLE
  5
D8
102
{ACAD_REACTORS
330
D7
102
}
330
D7
100
AcDbMLeaderStyle
179
     2
170
     2
171
     1
172
     0
 90
        2
 40
0.0
 41
0.0
173
     1
 91
-1056964608
340
14
 92
       -2
290
     1
 42
0.09
291
     1
 43
0.36
  3
Standard
341
0
 44
0.18
300

342
11
174
     1
178
     1
175
     1
176
     0
 93
-1056964608
 45
0.18
292
     0
297
     0
 46
0.18
343
0
 94
-1056964608
 47
1.0
 49
1.0
140
1.0
293
     1
141
0.0
294
     1
177
     0
142
1.0
295
     0
296
     0
143
0.125
271
     0
272
     9
273
     9
298
     0
  0
MLINESTYLE
  5
18
102
{ACAD_REACTORS
330
17
102
}
330
17
100
AcDbMlineStyle
  2
STANDARD
 70
     0
  3

 62
   256
 51
90.0
 52
90.0
 71
     2
 49
0.5
 62
   256
  6
BYLAYER
 49
-0.5
 62
   256
  6
BYLAYER
  0
ACDBPLACEHOLDER
  5
F
102
{ACAD_REACTORS
330
E
102
}
330
E
  0
SCALE
  5
B7
102
{ACAD_REACTORS
330
B6
102
}
330
B6
100
AcDbScale
 70
     0
300
1:1
140
1.0
141
1.0
290
     1
  0
SCALE
  5
124
102
{ACAD_REACTORS
330
B6
102
}
330
B6
100
AcDbScale
 70
     0
300
1:2
140
1.0
141
2.0
290
     0
  0
SCALE
  5
125
102
{ACAD_REACTORS
330
B6
102
}
330
B6
100
AcDbScale
 70
     0
300
1:4
140
1.0
141
4.0
290
     0
  0
SCALE
  5
126
102
{ACAD_REACTORS
330
B6
102
}
330
B6
100
AcDbScale
 70
     0
300
1:5
140
1.0
141
5.0
290
     0
  0
SCALE
  5
127
102
{ACAD_REACTORS
330
B6
102
}
330
B6
100
AcDbScale
 70
     0
300
1:8
140
1.0
141
8.0
290
     0
  0
SCALE
  5
128
102
{ACAD_REACTORS
330
B6
102
}
330
B6
100
AcDbScale
 70
     0
300
1:10
140
1.0
141
10.0
290
     0
  0
SCALE
  5
129
102
{ACAD_REACTORS
330
B6
102
}
330
B6
100
AcDbScale
 70
     0
300
1:16
140
1.0
141
16.0
290
     0
  0
SCALE
  5
12A
102
{ACAD_REACTORS
330
B6
102
}
330
B6
100
AcDbScale
 70
     0
300
1:20
140
1.0
141
20.0
290
     0
  0
SCALE
  5
12B
102
{ACAD_REACTORS
330
B6
102
}
330
B6
100
AcDbScale
 70
     0
300
1:30
140
1.0
141
30.0
290
     0
  0
SCALE
  5
12C
102
{ACAD_REACTORS
330
B6
102
}
330
B6
100
AcDbScale
 70
     0
300
1:40
140
1.0
141
40.0
290
     0
  0
SCALE
  5
12D
102
{ACAD_REACTORS
330
B6
102
}
330
B6
100
AcDbScale
 70
     0
300
1:50
140
1.0
141
50.0
290
     0
  0
SCALE
  5
12E
102
{ACAD_REACTORS
330
B6
102
}
330
B6
100
AcDbScale
 70
     0
300
1:100
140
1.0
141
100.0
290
     0
  0
SCALE
  5
12F
102
{ACAD_REACTORS
330
B6
102
}
330
B6
100
AcDbScale
 70
     0
300
2:1
140
2.0
141
1.0
290
     0
  0
SCALE
  5
130
102
{ACAD_REACTORS
330
B6
102
}
330
B6
100
AcDbScale
 70
     0
300
4:1
140
4.0
141
1.0
290
     0
  0
SCALE
  5
131
102
{ACAD_REACTORS
330
B6
102
}
330
B6
100
AcDbScale
 70
     0
300
8:1
140
8.0
141
1.0
290
     0
  0
SCALE
  5
132
102
{ACAD_REACTORS
330
B6
102
}
330
B6
100
AcDbScale
 70
     0
300
10:1
140
10.0
141
1.0
290
     0
  0
SCALE
  5
133
102
{ACAD_REACTORS
330
B6
102
}
330
B6
100
AcDbScale
 70
     0
300
100:1
140
100.0
141
1.0
290
     0
  0
SCALE
  5
134
102
{ACAD_REACTORS
330
B6
102
}
330
B6
100
AcDbScale
 70
     0
300
1/128" = 1'-0"
140
0.0078125
141
12.0
290
     0
  0
SCALE
  5
135
102
{ACAD_REACTORS
330
B6
102
}
330
B6
100
AcDbScale
 70
     0
300
1/64" = 1'-0"
140
0.015625
141
12.0
290
     0
  0
SCALE
  5
136
102
{ACAD_REACTORS
330
B6
102
}
330
B6
100
AcDbScale
 70
     0
300
1/32" = 1'-0"
140
0.03125
141
12.0
290
     0
  0
SCALE
  5
137
102
{ACAD_REACTORS
330
B6
102
}
330
B6
100
AcDbScale
 70
     0
300
1/16" = 1'-0"
140
0.0625
141
12.0
290
     0
  0
SCALE
  5
138
102
{ACAD_REACTORS
330
B6
102
}
330
B6
100
AcDbScale
 70
     0
300
3/32" = 1'-0"
140
0.09375
141
12.0
290
     0
  0
SCALE
  5
139
102
{ACAD_REACTORS
330
B6
102
}
330
B6
100
AcDbScale
 70
     0
300
1/8" = 1'-0"
140
0.125
141
12.0
290
     0
  0
SCALE
  5
13A
102
{ACAD_REACTORS
330
B6
102
}
330
B6
100
AcDbScale
 70
     0
300
3/16" = 1'-0"
140
0.1875
141
12.0
290
     0
  0
SCALE
  5
13B
102
{ACAD_REACTORS
330
B6
102
}
330
B6
100
AcDbScale
 70
     0
300
1/4" = 1'-0"
140
0.25
141
12.0
290
     0
  0
SCALE
  5
13C
102
{ACAD_REACTORS
330
B6
102
}
330
B6
100
AcDbScale
 70
     0
300
3/8" = 1'-0"
140
0.375
141
12.0
290
     0
  0
SCALE
  5
13D
102
{ACAD_REACTORS
330
B6
102
}
330
B6
100
AcDbScale
 70
     0
300
1/2" = 1'-0"
140
0.5
141
12.0
290
     0
  0
SCALE
  5
13E
102
{ACAD_REACTORS
330
B6
102
}
330
B6
100
AcDbScale
 70
     0
300
3/4" = 1'-0"
140
0.75
141
12.0
290
     0
  0
SCALE
  5
13F
102
{ACAD_REACTORS
330
B6
102
}
330
B6
100
AcDbScale
 70
     0
300
1" = 1'-0"
140
1.0
141
12.0
290
     0
  0
SCALE
  5
140
102
{ACAD_REACTORS
330
B6
102
}
330
B6
100
AcDbScale
 70
     0
300
1-1/2" = 1'-0"
140
1.5
141
12.0
290
     0
  0
SCALE
  5
141
102
{ACAD_REACTORS
330
B6
102
}
330
B6
100
AcDbScale
 70
     0
300
3" = 1'-0"
140
3.0
141
12.0
290
     0
  0
SCALE
  5
142
102
{ACAD_REACTORS
330
B6
102
}
330
B6
100
AcDbScale
 70
     0
300
6" = 1'-0"
140
6.0
141
12.0
290
     0
  0
SCALE
  5
143
102
{ACAD_REACTORS
330
B6
102
}
330
B6
100
AcDbScale
 70
     0
300
1'-0" = 1'-0"
140
12.0
141
12.0
290
     0
  0
ACDBSECTIONVIEWSTYLE
  5
1AA
102
{ACAD_REACTORS
330
1A8
102
}
330
1A8
100
AcDbModelDocViewStyle
 70
     0
  3
Imperial24
290
     0
300
Imperial24
 90
        0
100
AcDbSectionViewStyle
 70
     0
 71
     0
 90
       78
 71
     1
340
11
 62
   256
 40
0.24
340
0
340
0
 62
   256
 40
0.24
300
I, O, Q, S, X, Z
 40
0.48
 90
        3
 40
0.18
 90
        1
 71
     2
340
16
 90
       25
 62
   256
340
16
 90
       50
 62
   256
 40
0.24
 40
0.0
 40
0.24
 71
     3
340
11
 62
   256
 40
0.24
 90
        1
 40
0.75
 90
        1
300
%<\AcVar ViewType \f "%tc1">% %<\AcVar ViewSectionStartId>%-%<\AcVar ViewSectionEndId>%\PSCALE %<\AcVar ViewScale \f "%sn">%
 71
     4
 62
   256
 62
   257
300
ANSI31
 40
1.0
 90
        0
290
     0
290
     0
 90
        6
 40
0.0
 40
1.570796326794897
 40
0.2617993877991494
 40
1.308996938995747
 40
-0.2617993877991494
 40
1.832595714594046
  0
ACDBSECTIONVIEWSTYLE
  5
4CA
102
{ACAD_REACTORS
330
1A8
102
}
330
1A8
100
AcDbModelDocViewStyle
 70
     0
  3
Metric50
290
     0
300
Metric50
 90
        0
100
AcDbSectionViewStyle
 70
     0
 71
     0
 90
      102
 71
     1
340
11
 62
   256
 40
5.0
340
0
340
0
 62
   256
 40
5.0
300
I, O, Q, S, X, Z
 40
10.0
 90
        0
 40
2.5
 90
        0
 71
     2
340
16
 90
       25
 62
   256
340
16
 90
       50
 62
   256
 40
5.0
 40
2.5
 40
5.0
 71
     3
340
11
 62
   256
 40
5.0
 90
        0
 40
15.0
 90
        1
300
%<\AcVar ViewSectionStartId>%-%<\AcVar ViewSectionEndId>% (%<\AcVar ViewScale \f "%sn">%)
 71
     4
 62
   256
 62
   257
300
ANSI31
 40
1.0
 90
        0
290
     0
290
     0
 90
        6
 40
0.0
 40
1.570796326794897
 40
0.2617993877991494
 40
1.308996938995747
 40
-0.2617993877991494
 40
1.832595714594046
  0
TABLESTYLE
  5
87
102
{ACAD_REACTORS
330
86
102
}
102
{ACAD_XDICTIONARY
360
66FC
102
}
330
86
100
AcDbTableStyle
  3
Standard
 70
     0
 71
     0
 40
0.06
 41
0.06
280
     0
281
     0
  7
Standard
140
0.18
170
     2
 62
     0
 63
   257
283
     0
 90
      512
 91
        0
  1

274
    -2
284
     1
 64
     0
275
    -2
285
     1
 65
     0
276
    -2
286
     1
 66
     0
277
    -2
287
     1
 67
     0
278
    -2
288
     1
 68
     0
279
    -2
289
     1
 69
     0
  7
Standard
140
0.25
170
     5
 62
     0
 63
   257
283
     0
 90
      512
 91
        0
  1

274
    -2
284
     1
 64
     0
275
    -2
285
     1
 65
     0
276
    -2
286
     1
 66
     0
277
    -2
287
     1
 67
     0
278
    -2
288
     1
 68
     0
279
    -2
289
     1
 69
     0
  7
Standard
140
0.18
170
     5
 62
     0
 63
   257
283
     0
 90
      512
 91
        0
  1

274
    -2
284
     1
 64
     0
275
    -2
285
     1
 65
     0
276
    -2
286
     1
 66
     0
277
    -2
287
     1
 67
     0
278
    -2
288
     1
 68
     0
279
    -2
289
     1
 69
     0
  0
VISUALSTYLE
  5
9F
102
{ACAD_REACTORS
330
99
102
}
330
99
100
AcDbVisualStyle
  2
2dWireframe
 70
     4
177
     3
291
     0
 70
    58
 90
        0
176
     1
 90
        2
176
     1
 90
        1
176
     1
 90
        0
176
     1
 40
0.6
176
     1
 40
30.0
176
     1
 62
     7
420
 16777215
176
     1
 90
        1
176
     1
 90
        4
176
     1
 62
     7
176
     1
 62
   257
176
     1
 90
        1
176
     1
 90
        1
176
     1
 40
1.0
176
     1
 90
        0
176
     1
 62
   257
176
     1
 40
1.0
176
     1
 90
        1
176
     1
 90
        6
176
     1
 90
        2
176
     1
 62
     7
176
     1
 90
        5
176
     1
 90
        0
176
     1
 90
        0
176
     1
290
     0
176
     1
 90
        1
176
     1
 40
0.0
176
     1
 90
        0
176
     1
290
     1
176
     1
290
     1
176
     1
290
     0
176
     1
290
     0
176
     1
290
     0
176
     1
290
     0
176
     1
290
     0
176
     1
290
     0
176
     1
290
     0
176
     1
 90
       50
176
     1
 40
0.0
176
     1
 40
1.0
176
     1
 90
        0
176
     1
 62
    18
420
        0
176
     1
 90
       50
176
     1
 90
        3
176
     1
 62
     5
420
      255
176
     1
290
     0
176
     1
 90
       50
176
     1
 90
       50
176
     1
 90
       50
176
     1
290
     0
176
     1
 90
       50
176
     1
 62
   256
176
     0
 40
1.0
176
     0
 90
        2
176
     1
  1
strokes_ogs.tif
176
     1
290
     0
176
     1
 40
1.0
176
     1
 40
1.0
176
     1
  0
VISUALSTYLE
  5
43B8
102
{ACAD_REACTORS
330
99
102
}
330
99
100
AcDbVisualStyle
  2
3dWireframe
 70
     5
177
     3
291
     0
 70
    58
 90
        0
176
     1
 90
        2
176
     1
 90
        0
176
     1
 90
        0
176
     1
 40
0.6
176
     1
 40
30.0
176
     1
 62
     7
176
     1
 90
        1
176
     1
 90
        4
176
     1
 62
     7
176
     1
 62
   257
176
     1
 90
        1
176
     1
 90
        1
176
     1
 40
1.0
176
     1
 90
        0
176
     1
 62
   257
176
     1
 40
1.0
176
     1
 90
        1
176
     1
 90
        6
176
     1
 90
        2
176
     1
 62
     7
176
     1
 90
        5
176
     1
 90
        0
176
     1
 90
        0
176
     1
290
     0
176
     1
 90
        1
176
     1
 40
0.0
176
     1
 90
        0
176
     1
290
     0
176
     1
290
     1
176
     1
290
     1
176
     1
290
     0
176
     1
290
     0
176
     1
290
     0
176
     1
290
     0
176
     1
290
     0
176
     1
290
     0
176
     1
 90
       50
176
     1
 40
0.0
176
     1
 40
1.0
176
     1
 90
        0
176
     1
 62
    18
420
        0
176
     1
 90
       50
176
     1
 90
        3
176
     1
 62
     5
420
      255
176
     1
290
     0
176
     1
 90
       50
176
     1
 90
       50
176
     1
 90
       50
176
     1
290
     0
176
     1
 90
       50
176
     1
 62
   256
176
     0
 40
1.0
176
     0
 90
        2
176
     1
  1
strokes_ogs.tif
176
     1
290
     0
176
     1
 40
1.0
176
     1
 40
1.0
176
     1
1001
ACAD
1000
AcRTDxfName
1000
VISUALSTYLE
1000
AcRTDxfName
1000
VISUALSTYLE
1000
AcRTDxfName
1000
VISUALSTYLE
1000
AcRTDxfName
1000
VISUALSTYLE
1000
AcRTDxfName
1000
VISUALSTYLE
1000
AcRTDxfName
1000
VISUALSTYLE
1000
AcRTDxfName
1000
VISUALSTYLE
1000
AcRTDxfName
1000
VISUALSTYLE
1000
AcRTDxfName
1000
VISUALSTYLE
1000
AcRTDxfName
1000
VISUALSTYLE
1000
AcRTDxfName
1000
VISUALSTYLE
1000
AcRTDxfName
1000
VISUALSTYLE
1000
AcRTDxfName
1000
VISUALSTYLE
1000
AcRTDxfName
1000
VISUALSTYLE
1000
AcRTDxfName
1000
VISUALSTYLE
1000
AcRTDxfName
1000
VISUALSTYLE
1000
AcRTDxfName
1000
VISUALSTYLE
1000
AcRTDxfName
1000
VISUALSTYLE
1000
AcRTDxfName
1000
VISUALSTYLE
1000
AcRTDxfName
1000
VISUALSTYLE
1000
AcRTDxfName
1000
VISUALSTYLE
1000
AcRTDxfName
1000
VISUALSTYLE
1000
AcRTDxfName
1000
VISUALSTYLE
1000
AcRTDxfName
1000
VISUALSTYLE
1000
AcRTDxfName
1000
VISUALSTYLE
1000
AcRTDxfName
1000
VISUALSTYLE
1000
AcRTDxfName
1000
VISUALSTYLE
1000
AcRTDxfName
1000
VISUALSTYLE
1000
AcRTDxfName
1000
VISUALSTYLE
1000
AcRTDxfName
1000
VISUALSTYLE
1000
AcRTDxfName
1000
VISUALSTYLE
1000
AcRTDxfName
1000
VISUALSTYLE
1000
AcRTDxfName
1000
VISUALSTYLE
1000
AcRTDxfName
1000
VISUALSTYLE
1000
AcRTDxfName
1000
VISUALSTYLE
1000
AcRTDxfName
1000
VISUALSTYLE
1000
AcRTDxfName
1000
VISUALSTYLE
1000
AcRTDxfName
1000
VISUALSTYLE
1000
AcRTDxfName
1000
VISUALSTYLE
1000
AcRTDxfName
1000
VISUALSTYLE
1000
AcRTDxfName
1000
VISUALSTYLE
1000
AcRTDxfName
1000
VISUALSTYLE
1000
AcRTDxfName
1000
VISUALSTYLE
1000
AcRTDxfName
1000
VISUALSTYLE
1000
AcRTDxfName
1000
VISUALSTYLE
1000
AcRTDxfName
1000
VISUALSTYLE
1000
AcRTDxfName
1000
VISUALSTYLE
1000
AcRTDxfName
1000
VISUALSTYLE
1000
AcRTDxfName
1000
VISUALSTYLE
1000
AcRTDxfName
1000
VISUALSTYLE
1000
AcRTDxfName
1000
VISUALSTYLE
1000
AcRTDxfName
1000
VISUALSTYLE
1000
AcRTDxfName
1000
VISUALSTYLE
1000
AcRTDxfName
1000
VISUALSTYLE
1000
AcRTDxfName
1000
VISUALSTYLE
1000
AcRTDxfName
1000
VISUALSTYLE
1000
AcRTDxfName
1000
VISUALSTYLE
1000
AcRTDxfName
1000
VISUALSTYLE
1000
AcRTDxfName
1000
VISUALSTYLE
1000
AcRTDxfName
1000
VISUALSTYLE
1000
AcRTDxfName
1000
VISUALSTYLE
1000
AcRTDxfName
1000
VISUALSTYLE
1000
AcRTDxfName
1000
VISUALSTYLE
1000
AcRTDxfName
1000
VISUALSTYLE
1000
AcRTDxfName
1000
VISUALSTYLE
1000
AcRTDxfName
1000
VISUALSTYLE
1000
AcRTDxfName
1000
VISUALSTYLE
1000
AcRTDxfName
1000
VISUALSTYLE
1000
AcRTDxfName
1000
VISUALSTYLE
1000
AcRTDxfName
1000
VISUALSTYLE
1000
AcRTDxfName
1000
VISUALSTYLE
1000
AcRTDxfName
1000
VISUALSTYLE
1000
AcRTDxfName
1000
VISUALSTYLE
1000
AcRTDxfName
1000
VISUALSTYLE
1000
AcRTDxfName
1000
VISUALSTYLE
1000
AcRTDxfName
1000
VISUALSTYLE
1000
AcRTDxfName
1000
VISUALSTYLE
1000
AcRTDxfName
1000
VISUALSTYLE
1000
AcRTDxfName
1000
VISUALSTYLE
1000
AcRTDxfName
1000
VISUALSTYLE
1000
AcRTDxfName
1000
VISUALSTYLE
1000
AcRTDxfName
1000
VISUALSTYLE
1000
AcRTDxfName
1000
VISUALSTYLE
1000
AcRTDxfName
1000
VISUALSTYLE
1000
AcRTDxfName
1000
VISUALSTYLE
1000
AcRTDxfName
1000
VISUALSTYLE
1000
AcRTDxfName
1000
VISUALSTYLE
1000
AcRTDxfName
1000
VISUALSTYLE
1000
AcRTDxfName
1000
VISUALSTYLE
1000
AcRTDxfName
1000
VISUALSTYLE
1000
AcRTDxfName
1000
VISUALSTYLE
1000
AcRTDxfName
1000
VISUALSTYLE
1000
AcRTDxfName
1000
VISUALSTYLE
1000
AcRTDxfName
1000
VISUALSTYLE
1000
AcRTDxfName
1000
VISUALSTYLE
1000
AcRTDxfName
1000
VISUALSTYLE
1000
AcRTDxfName
1000
VISUALSTYLE
1000
AcRTDxfName
1000
VISUALSTYLE
1000
AcRTDxfName
1000
VISUALSTYLE
1000
AcRTDxfName
1000
VISUALSTYLE
1000
AcRTDxfName
1000
VISUALSTYLE
1000
AcRTDxfName
1000
VISUALSTYLE
1000
AcRTDxfName
1000
VISUALSTYLE
1000
AcRTDxfName
1000
VISUALSTYLE
1000
AcRTDxfName
1000
VISUALSTYLE
1000
AcRTDxfName
1000
VISUALSTYLE
1000
AcRTDxfName
1000
VISUALSTYLE
1000
AcRTDxfName
1000
VISUALSTYLE
1000
AcRTDxfName
1000
VISUALSTYLE
1000
AcRTDxfName
1000
VISUALSTYLE
1000
AcRTDxfName
1000
VISUALSTYLE
1000
AcRTDxfName
1000
VISUALSTYLE
1000
AcRTDxfName
1000
VISUALSTYLE
1000
AcRTDxfName
1000
VISUALSTYLE
1000
AcRTDxfName
1000
VISUALSTYLE
1000
AcRTDxfName
1000
VISUALSTYLE
1000
AcRTDxfName
1000
VISUALSTYLE
1000
AcRTDxfName
1000
VISUALSTYLE
1000
AcRTDxfName
1000
VISUALSTYLE
1000
AcRTDxfName
1000
VISUALSTYLE
1000
AcRTDxfName
1000
VISUALSTYLE
1000
AcRTDxfName
1000
VISUALSTYLE
1000
AcRTDxfName
1000
VISUALSTYLE
1000
AcRTDxfName
1000
VISUALSTYLE
1000
AcRTDxfName
1000
VISUALSTYLE
1000
AcRTDxfName
1000
VISUALSTYLE
1000
AcRTDxfName
1000
VISUALSTYLE
1000
AcRTDxfName
1000
VISUALSTYLE
1000
AcRTDxfName
1000
VISUALSTYLE
1000
AcRTDxfName
1000
VISUALSTYLE
1000
AcRTDxfName
1000
VISUALSTYLE
1000
AcRTDxfName
1000
VISUALSTYLE
1000
AcRTDxfName
1000
VISUALSTYLE
1000
AcRTDxfName
1000
VISUALSTYLE
1000
AcRTDxfName
1000
VISUALSTYLE
1000
AcRTDxfName
1000
VISUALSTYLE
1000
AcRTDxfName
1000
VISUALSTYLE
1000
AcRTDxfName
1000
VISUALSTYLE
1000
AcRTDxfName
1000
VISUALSTYLE
1000
AcRTDxfName
1000
VISUALSTYLE
1000
AcRTDxfName
1000
VISUALSTYLE
1000
AcRTDxfName
1000
VISUALSTYLE
1000
AcRTDxfName
1000
VISUALSTYLE
1000
AcRTDxfName
1000
VISUALSTYLE
1000
AcRTDxfName
1000
VISUALSTYLE
1000
AcRTDxfName
1000
VISUALSTYLE
1000
AcRTDxfName
1000
VISUALSTYLE
1000
AcRTDxfName
1000
VISUALSTYLE
1000
AcRTDxfName
1000
VISUALSTYLE
1000
AcRTDxfName
1000
VISUALSTYLE
1000
AcRTDxfName
1000
VISUALSTYLE
1000
AcRTDxfName
1000
VISUALSTYLE
1000
AcRTDxfName
1000
VISUALSTYLE
1000
AcRTDxfName
1000
VISUALSTYLE
1000
AcRTDxfName
1000
VISUALSTYLE
1000
AcRTDxfName
1000
VISUALSTYLE
1000
AcRTDxfName
1000
VISUALSTYLE
1000
AcRTDxfName
1000
VISUALSTYLE
1000
AcRTDxfName
1000
VISUALSTYLE
1000
AcRTDxfName
1000
VISUALSTYLE
1000
AcRTDxfName
1000
VISUALSTYLE
1000
AcRTDxfName
1000
VISUALSTYLE
1000
AcRTDxfName
1000
VISUALSTYLE
1000
AcRTDxfName
1000
VISUALSTYLE
1000
AcRTDxfName
1000
VISUALSTYLE
1000
AcRTDxfName
1000
VISUALSTYLE
1000
AcRTDxfName
1000
VISUALSTYLE
1000
AcRTDxfName
1000
VISUALSTYLE
1000
AcRTDxfName
1000
VISUALSTYLE
1000
AcRTDxfName
1000
VISUALSTYLE
1000
AcRTDxfName
1000
VISUALSTYLE
1000
AcRTDxfName
1000
VISUALSTYLE
1000
AcRTDxfName
1000
VISUALSTYLE
1000
AcRTDxfName
1000
VISUALSTYLE
1000
AcRTDxfName
1000
VISUALSTYLE
1000
AcRTDxfName
1000
VISUALSTYLE
1000
AcRTDxfName
1000
VISUALSTYLE
1000
AcRTDxfName
1000
VISUALSTYLE
1000
AcRTDxfName
1000
VISUALSTYLE
1000
AcRTDxfName
1000
VISUALSTYLE
1000
AcRTDxfName
1000
VISUALSTYLE
1000
AcRTDxfName
1000
VISUALSTYLE
1000
AcRTDxfName
1000
VISUALSTYLE
1000
AcRTDxfName
1000
VISUALSTYLE
1000
AcRTDxfName
1000
VISUALSTYLE
1000
AcRTDxfName
1000
VISUALSTYLE
1000
AcRTDxfName
1000
VISUALSTYLE
1000
AcRTDxfName
1000
VISUALSTYLE
1000
AcRTDxfName
1000
VISUALSTYLE
1000
AcRTDxfName
1000
VISUALSTYLE
1000
AcRTDxfName
1000
VISUALSTYLE
1000
AcRTDxfName
1000
VISUALSTYLE
1000
AcRTDxfName
1000
VISUALSTYLE
1000
AcRTDxfName
1000
VISUALSTYLE
1000
AcRTDxfName
1000
VISUALSTYLE
1000
AcRTDxfName
1000
VISUALSTYLE
1000
AcRTDxfName
1000
VISUALSTYLE
1000
AcRTDxfName
1000
VISUALSTYLE
1000
AcRTDxfName
1000
VISUALSTYLE
1000
AcRTDxfName
1000
VISUALSTYLE
1000
AcRTDxfName
1000
VISUALSTYLE
1000
AcRTDxfName
1000
VISUALSTYLE
1000
AcRTDxfName
1000
VISUALSTYLE
1000
AcRTDxfName
1000
VISUALSTYLE
1000
AcRTDxfName
1000
VISUALSTYLE
1000
AcRTDxfName
1000
VISUALSTYLE
1000
AcRTDxfName
1000
VISUALSTYLE
1000
AcRTDxfName
1000
VISUALSTYLE
1000
AcRTDxfName
1000
VISUALSTYLE
1000
AcRTDxfName
1000
VISUALSTYLE
1000
AcRTDxfName
1000
VISUALSTYLE
1000
AcRTDxfName
1000
VISUALSTYLE
1000
AcRTDxfName
1000
VISUALSTYLE
1000
AcRTDxfName
1000
VISUALSTYLE
1000
AcRTDxfName
1000
VISUALSTYLE
1000
AcRTDxfName
1000
VISUALSTYLE
1000
AcRTDxfName
1000
VISUALSTYLE
1000
AcRTDxfName
1000
VISUALSTYLE
1000
AcRTDxfName
1000
VISUALSTYLE
1000
AcRTDxfName
1000
VISUALSTYLE
1000
AcRTDxfName
1000
VISUALSTYLE
1000
AcRTDxfName
1000
VISUALSTYLE
1000
AcRTDxfName
1000
VISUALSTYLE
1000
AcRTDxfName
1000
VISUALSTYLE
1000
AcRTDxfName
1000
VISUALSTYLE
1000
AcRTDxfName
1000
VISUALSTYLE
1000
AcRTDxfName
1000
VISUALSTYLE
1000
AcRTDxfName
1000
VISUALSTYLE
1000
AcRTDxfName
1000
VISUALSTYLE
1000
AcRTDxfName
1000
VISUALSTYLE
1000
AcRTDxfName
1000
VISUALSTYLE
1000
AcRTDxfName
1000
VISUALSTYLE
1000
AcRTDxfName
1000
VISUALSTYLE
1000
AcRTDxfName
1000
VISUALSTYLE
1000
AcRTDxfName
1000
VISUALSTYLE
1000
AcRTDxfName
1000
VISUALSTYLE
1000
AcRTDxfName
1000
VISUALSTYLE
1000
AcRTDxfName
1000
VISUALSTYLE
1000
AcRTDxfName
1000
VISUALSTYLE
1000
AcRTDxfName
1000
VISUALSTYLE
1000
AcRTDxfName
1000
VISUALSTYLE
1000
AcRTDxfName
1000
VISUALSTYLE
1000
AcRTDxfName
1000
VISUALSTYLE
1000
AcRTDxfName
1000
VISUALSTYLE
1000
AcRTDxfName
1000
VISUALSTYLE
1000
AcRTDxfName
1000
VISUALSTYLE
1000
AcRTDxfName
1000
VISUALSTYLE
1000
AcRTDxfName
1000
VISUALSTYLE
1000
AcRTDxfName
1000
VISUALSTYLE
1000
AcRTDxfName
1000
VISUALSTYLE
1000
AcRTDxfName
1000
VISUALSTYLE
1000
AcRTDxfName
1000
VISUALSTYLE
1000
AcRTDxfName
1000
VISUALSTYLE
1000
AcRTDxfName
1000
VISUALSTYLE
1000
AcRTDxfName
1000
VISUALSTYLE
1000
AcRTDxfName
1000
VISUALSTYLE
1000
AcRTDxfName
1000
VISUALSTYLE
1000
AcRTDxfName
1000
VISUALSTYLE
1000
AcRTDxfName
1000
VISUALSTYLE
1000
AcRTDxfName
1000
VISUALSTYLE
1000
AcRTDxfName
1000
VISUALSTYLE
1000
AcRTDxfName
1000
VISUALSTYLE
1000
AcRTDxfName
1000
VISUALSTYLE
1000
AcRTDxfName
1000
VISUALSTYLE
1000
AcRTDxfName
1000
VISUALSTYLE
1000
AcRTDxfName
1000
VISUALSTYLE
1000
AcRTDxfName
1000
VISUALSTYLE
1000
AcRTDxfName
1000
VISUALSTYLE
1000
AcRTDxfName
1000
VISUALSTYLE
1000
AcRTDxfName
1000
VISUALSTYLE
1000
AcRTDxfName
1000
VISUALSTYLE
1000
AcRTDxfName
1000
VISUALSTYLE
1000
AcRTDxfName
1000
VISUALSTYLE
1000
AcRTDxfName
1000
VISUALSTYLE
1000
AcRTDxfName
1000
VISUALSTYLE
1000
AcRTDxfName
1000
VISUALSTYLE
1000
AcRTDxfName
1000
VISUALSTYLE
1000
AcRTDxfName
1000
VISUALSTYLE
1000
AcRTDxfName
1000
VISUALSTYLE
1000
AcRTDxfName
1000
VISUALSTYLE
1000
AcRTDxfName
1000
VISUALSTYLE
1000
AcRTDxfName
1000
VISUALSTYLE
1000
AcRTDxfName
1000
VISUALSTYLE
1000
AcRTDxfName
1000
VISUALSTYLE
1000
AcRTDxfName
1000
VISUALSTYLE
1000
AcRTDxfName
1000
VISUALSTYLE
1000
AcRTDxfName
1000
VISUALSTYLE
1000
AcRTDxfName
1000
VISUALSTYLE
1000
AcRTDxfName
1000
VISUALSTYLE
1000
AcRTDxfName
1000
VISUALSTYLE
1000
AcRTDxfName
1000
VISUALSTYLE
1000
AcRTDxfName
1000
VISUALSTYLE
1000
AcRTDxfName
1000
VISUALSTYLE
  0
VISUALSTYLE
  5
9E
102
{ACAD_REACTORS
330
99
102
}
330
99
100
AcDbVisualStyle
  2
Basic
 70
     7
177
     3
291
     1
 70
    58
 90
        1
176
     1
 90
        0
176
     1
 90
        1
176
     1
 90
        0
176
     1
 40
0.6
176
     1
 40
30.0
176
     1
 62
     7
420
 16777215
176
     1
 90
        0
176
     1
 90
        4
176
     1
 62
     7
176
     1
 62
   257
176
     1
 90
        1
176
     1
 90
        1
176
     1
 40
1.0
176
     1
 90
        8
176
     1
 62
     7
176
     1
 40
1.0
176
     1
 90
        1
176
     1
 90
        6
176
     1
 90
        2
176
     1
 62
     7
176
     1
 90
        5
176
     1
 90
        0
176
     1
 90
        0
176
     1
290
     0
176
     1
 90
        1
176
     1
 40
0.0
176
     1
 90
        0
176
     1
290
     0
176
     1
290
     1
176
     1
290
     1
176
     1
290
     0
176
     1
290
     0
176
     1
290
     0
176
     1
290
     0
176
     1
290
     0
176
     1
290
     0
176
     1
 90
       50
176
     1
 40
0.0
176
     1
 40
1.0
176
     1
 90
        0
176
     1
 62
    18
420
        0
176
     1
 90
       50
176
     1
 90
        3
176
     1
 62
     5
420
      255
176
     1
290
     0
176
     1
 90
       50
176
     1
 90
       50
176
     1
 90
       50
176
     1
290
     0
176
     1
 90
       50
176
     1
 62
   256
176
     0
 40
1.0
176
     0
 90
        2
176
     1
  1
strokes_ogs.tif
176
     1
290
     0
176
     1
 40
1.0
176
     1
 40
1.0
176
     1
  0
VISUALSTYLE
  5
A5
102
{ACAD_REACTORS
330
99
102
}
330
99
100
AcDbVisualStyle
  2
Brighten
 70
    12
177
     3
291
     1
 70
    58
 90
        2
176
     1
 90
        2
176
     1
 90
        1
176
     1
 90
        0
176
     1
 40
0.6
176
     1
 40
30.0
176
     1
 62
     7
420
 16777215
176
     1
 90
        1
176
     1
 90
        4
176
     1
 62
     7
176
     1
 62
   257
176
     1
 90
        1
176
     1
 90
        1
176
     1
 40
1.0
176
     1
 90
        8
176
     1
 62
     7
176
     1
 40
1.0
176
     1
 90
        1
176
     1
 90
        6
176
     1
 90
        2
176
     1
 62
     7
176
     1
 90
        5
176
     1
 90
        0
176
     1
 90
        0
176
     1
290
     0
176
     1
 90
        1
176
     1
 40
50.0
176
     1
 90
        0
176
     1
290
     0
176
     1
290
     1
176
     1
290
     1
176
     1
290
     0
176
     1
290
     0
176
     1
290
     0
176
     1
290
     0
176
     1
290
     0
176
     1
290
     0
176
     1
 90
       50
176
     1
 40
0.0
176
     1
 40
1.0
176
     1
 90
        0
176
     1
 62
    18
420
        0
176
     1
 90
       50
176
     1
 90
        3
176
     1
 62
     5
420
      255
176
     1
290
     0
176
     1
 90
       50
176
     1
 90
       50
176
     1
 90
       50
176
     1
290
     0
176
     1
 90
       50
176
     1
 62
   256
176
     0
 40
1.0
176
     0
 90
        2
176
     1
  1
strokes_ogs.tif
176
     1
290
     0
176
     1
 40
1.0
176
     1
 40
1.0
176
     1
  0
VISUALSTYLE
  5
A9
102
{ACAD_REACTORS
330
99
102
}
330
99
100
AcDbVisualStyle
  2
ColorChange
 70
    16
177
     3
291
     1
 70
    58
 90
        2
176
     1
 90
        2
176
     1
 90
        3
176
     1
 90
        0
176
     1
 40
0.6
176
     1
 40
30.0
176
     1
 62
     8
420
  8421504
176
     1
 90
        1
176
     1
 90
        4
176
     1
 62
     7
176
     1
 62
   257
176
     1
 90
        1
176
     1
 90
        1
176
     1
 40
1.0
176
     1
 90
        8
176
     1
 62
     8
420
  8421504
176
     1
 40
1.0
176
     1
 90
        1
176
     1
 90
        6
176
     1
 90
        2
176
     1
 62
     7
176
     1
 90
        5
176
     1
 90
        0
176
     1
 90
        0
176
     1
290
     0
176
     1
 90
        1
176
     1
 40
0.0
176
     1
 90
        0
176
     1
290
     0
176
     1
290
     1
176
     1
290
     1
176
     1
290
     0
176
     1
290
     0
176
     1
290
     0
176
     1
290
     0
176
     1
290
     0
176
     1
290
     0
176
     1
 90
       50
176
     1
 40
0.0
176
     1
 40
1.0
176
     1
 90
        0
176
     1
 62
    18
420
        0
176
     1
 90
       50
176
     1
 90
        3
176
     1
 62
     5
420
      255
176
     1
290
     0
176
     1
 90
       50
176
     1
 90
       50
176
     1
 90
       50
176
     1
290
     0
176
     1
 90
       50
176
     1
 62
   256
176
     0
 40
1.0
176
     0
 90
        2
176
     1
  1
strokes_ogs.tif
176
     1
290
     0
176
     1
 40
1.0
176
     1
 40
1.0
176
     1
  0
VISUALSTYLE
  5
A2
102
{ACAD_REACTORS
330
99
102
}
330
99
100
AcDbVisualStyle
  2
Conceptual
 70
     9
177
     3
291
     0
 70
    58
 90
        3
176
     1
 90
        2
176
     1
 90
        1
176
     1
 90
        0
176
     1
 40
0.6
176
     1
 40
30.0
176
     1
 62
     7
420
 16777215
176
     1
 90
        2
176
     1
 90
        2
176
     1
 62
     7
176
     1
 62
   257
176
     1
 90
        1
176
     1
 90
        1
176
     1
 40
40.0
176
     1
 90
        8
176
     1
 62
     7
176
     1
 40
1.0
176
     1
 90
        1
176
     1
 90
        6
176
     1
 90
        2
176
     1
 62
     7
176
     1
 90
        3
176
     1
 90
        0
176
     1
 90
        0
176
     1
290
     0
176
     1
 90
        1
176
     1
 40
0.0
176
     1
 90
        0
176
     1
290
     0
176
     1
290
     1
176
     1
290
     1
176
     1
290
     0
176
     1
290
     0
176
     1
290
     0
176
     1
290
     0
176
     1
290
     0
176
     1
290
     0
176
     1
 90
       50
176
     1
 40
0.0
176
     1
 40
1.0
176
     1
 90
        0
176
     1
 62
    18
420
        0
176
     1
 90
       50
176
     1
 90
        3
176
     1
 62
     5
420
      255
176
     1
290
     0
176
     1
 90
       50
176
     1
 90
       50
176
     1
 90
       50
176
     1
290
     0
176
     1
 90
       50
176
     1
 62
   256
176
     0
 40
1.0
176
     0
 90
        2
176
     1
  1
strokes_ogs.tif
176
     1
290
     0
176
     1
 40
1.0
176
     1
 40
1.0
176
     1
  0
VISUALSTYLE
  5
A4
102
{ACAD_REACTORS
330
99
102
}
330
99
100
AcDbVisualStyle
  2
Dim
 70
    11
177
     3
291
     1
 70
    58
 90
        2
176
     1
 90
        2
176
     1
 90
        1
176
     1
 90
        0
176
     1
 40
0.6
176
     1
 40
30.0
176
     1
 62
     7
420
 16777215
176
     1
 90
        1
176
     1
 90
        4
176
     1
 62
     7
176
     1
 62
   257
176
     1
 90
        1
176
     1
 90
        1
176
     1
 40
1.0
176
     1
 90
        8
176
     1
 62
     7
176
     1
 40
1.0
176
     1
 90
        1
176
     1
 90
        6
176
     1
 90
        2
176
     1
 62
     7
176
     1
 90
        5
176
     1
 90
        0
176
     1
 90
        0
176
     1
290
     0
176
     1
 90
        1
176
     1
 40
-50.0
176
     1
 90
        0
176
     1
290
     0
176
     1
290
     1
176
     1
290
     1
176
     1
290
     0
176
     1
290
     0
176
     1
290
     0
176
     1
290
     0
176
     1
290
     0
176
     1
290
     0
176
     1
 90
       50
176
     1
 40
0.0
176
     1
 40
1.0
176
     1
 90
        0
176
     1
 62
    18
420
        0
176
     1
 90
       50
176
     1
 90
        3
176
     1
 62
     5
420
      255
176
     1
290
     0
176
     1
 90
       50
176
     1
 90
       50
176
     1
 90
       50
176
     1
290
     0
176
     1
 90
       50
176
     1
 62
   256
176
     0
 40
1.0
176
     0
 90
        2
176
     1
  1
strokes_ogs.tif
176
     1
290
     0
176
     1
 40
1.0
176
     1
 40
1.0
176
     1
  0
VISUALSTYLE
  5
175
102
{ACAD_REACTORS
330
99
102
}
330
99
100
AcDbVisualStyle
  2
EdgeColorOff
 70
    22
177
     3
291
     1
 70
    58
 90
        2
176
     0
 90
        2
176
     0
 90
        0
176
     0
 90
        0
176
     0
 40
0.6
176
     0
 40
30.0
176
     0
 62
     7
420
 16777215
176
     0
 90
        1
176
     0
 90
        4
176
     0
 62
     7
176
     0
 62
   257
176
     0
 90
        1
176
     0
 90
        1
176
     0
 40
1.0
176
     0
 90
        8
176
     2
 62
     7
176
     0
 40
1.0
176
     0
 90
        1
176
     0
 90
        6
176
     0
 90
        2
176
     0
 62
     7
176
     0
 90
        5
176
     0
 90
        0
176
     0
 90
        0
176
     0
290
     0
176
     0
 90
        1
176
     0
 40
0.0
176
     0
 90
        0
176
     0
290
     0
176
     1
290
     1
176
     1
290
     1
176
     1
290
     0
176
     1
290
     0
176
     1
290
     0
176
     1
290
     0
176
     1
290
     0
176
     1
290
     0
176
     1
 90
       50
176
     1
 40
0.0
176
     1
 40
1.0
176
     1
 90
        0
176
     1
 62
    18
420
        0
176
     1
 90
       50
176
     1
 90
        3
176
     1
 62
     5
420
      255
176
     1
290
     0
176
     1
 90
       50
176
     1
 90
       50
176
     1
 90
       50
176
     1
290
     0
176
     1
 90
       50
176
     1
 62
   256
176
     0
 40
1.0
176
     0
 90
        2
176
     1
  1
strokes_ogs.tif
176
     1
290
     0
176
     1
 40
1.0
176
     1
 40
1.0
176
     1
  0
VISUALSTYLE
  5
A8
102
{ACAD_REACTORS
330
99
102
}
330
99
100
AcDbVisualStyle
  2
Facepattern
 70
    15
177
     3
291
     1
 70
    58
 90
        2
176
     1
 90
        2
176
     1
 90
        1
176
     1
 90
        0
176
     1
 40
0.6
176
     1
 40
30.0
176
     1
 62
     7
420
 16777215
176
     1
 90
        1
176
     1
 90
        4
176
     1
 62
     7
176
     1
 62
   257
176
     1
 90
        1
176
     1
 90
        1
176
     1
 40
1.0
176
     1
 90
        8
176
     1
 62
     7
176
     1
 40
1.0
176
     1
 90
        1
176
     1
 90
        6
176
     1
 90
        2
176
     1
 62
     7
176
     1
 90
        5
176
     1
 90
        0
176
     1
 90
        0
176
     1
290
     0
176
     1
 90
        1
176
     1
 40
0.0
176
     1
 90
        0
176
     1
290
     0
176
     1
290
     1
176
     1
290
     1
176
     1
290
     0
176
     1
290
     0
176
     1
290
     0
176
     1
290
     0
176
     1
290
     0
176
     1
290
     0
176
     1
 90
       50
176
     1
 40
0.0
176
     1
 40
1.0
176
     1
 90
        0
176
     1
 62
    18
420
        0
176
     1
 90
       50
176
     1
 90
        3
176
     1
 62
     5
420
      255
176
     1
290
     0
176
     1
 90
       50
176
     1
 90
       50
176
     1
 90
       50
176
     1
290
     0
176
     1
 90
       50
176
     1
 62
   256
176
     0
 40
1.0
176
     0
 90
        2
176
     1
  1
strokes_ogs.tif
176
     1
290
     0
176
     1
 40
1.0
176
     1
 40
1.0
176
     1
  0
VISUALSTYLE
  5
9A
102
{ACAD_REACTORS
330
99
102
}
330
99
100
AcDbVisualStyle
  2
Flat
 70
     0
177
     3
291
     1
 70
    58
 90
        2
176
     1
 90
        1
176
     1
 90
        1
176
     1
 90
        2
176
     1
 40
0.6
176
     1
 40
30.0
176
     1
 62
     7
420
 16777215
176
     1
 90
        0
176
     1
 90
        0
176
     1
 62
     7
176
     1
 62
   257
176
     1
 90
        1
176
     1
 90
        1
176
     1
 40
1.0
176
     1
 90
        8
176
     1
 62
     7
176
     1
 40
1.0
176
     1
 90
        1
176
     1
 90
        6
176
     1
 90
        2
176
     1
 62
     7
176
     1
 90
        5
176
     1
 90
        0
176
     1
 90
        0
176
     1
290
     0
176
     1
 90
       13
176
     1
 40
0.0
176
     1
 90
        0
176
     1
290
     0
176
     1
290
     1
176
     1
290
     1
176
     1
290
     0
176
     1
290
     0
176
     1
290
     0
176
     1
290
     0
176
     1
290
     0
176
     1
290
     0
176
     1
 90
       50
176
     1
 40
0.0
176
     1
 40
1.0
176
     1
 90
        0
176
     1
 62
    18
420
        0
176
     1
 90
       50
176
     1
 90
        3
176
     1
 62
     5
420
      255
176
     1
290
     0
176
     1
 90
       50
176
     1
 90
       50
176
     1
 90
       50
176
     1
290
     0
176
     1
 90
       50
176
     1
 62
   256
176
     0
 40
1.0
176
     0
 90
        2
176
     1
  1
strokes_ogs.tif
176
     1
290
     0
176
     1
 40
1.0
176
     1
 40
1.0
176
     1
  0
VISUALSTYLE
  5
9B
102
{ACAD_REACTORS
330
99
102
}
330
99
100
AcDbVisualStyle
  2
FlatWithEdges
 70
     1
177
     3
291
     1
 70
    58
 90
        2
176
     1
 90
        1
176
     1
 90
        1
176
     1
 90
        2
176
     1
 40
0.6
176
     1
 40
30.0
176
     1
 62
     7
420
 16777215
176
     1
 90
        1
176
     1
 90
        0
176
     1
 62
     7
176
     1
 62
   257
176
     1
 90
        1
176
     1
 90
        1
176
     1
 40
1.0
176
     1
 90
        0
176
     1
 62
   257
176
     1
 40
1.0
176
     1
 90
        1
176
     1
 90
        6
176
     1
 90
        2
176
     1
 62
     7
176
     1
 90
        5
176
     1
 90
        0
176
     1
 90
        0
176
     1
290
     0
176
     1
 90
       13
176
     1
 40
0.0
176
     1
 90
        0
176
     1
290
     0
176
     1
290
     1
176
     1
290
     1
176
     1
290
     0
176
     1
290
     0
176
     1
290
     0
176
     1
290
     0
176
     1
290
     0
176
     1
290
     0
176
     1
 90
       50
176
     1
 40
0.0
176
     1
 40
1.0
176
     1
 90
        0
176
     1
 62
    18
420
        0
176
     1
 90
       50
176
     1
 90
        3
176
     1
 62
     5
420
      255
176
     1
290
     0
176
     1
 90
       50
176
     1
 90
       50
176
     1
 90
       50
176
     1
290
     0
176
     1
 90
       50
176
     1
 62
   256
176
     0
 40
1.0
176
     0
 90
        2
176
     1
  1
strokes_ogs.tif
176
     1
290
     0
176
     1
 40
1.0
176
     1
 40
1.0
176
     1
  0
VISUALSTYLE
  5
9C
102
{ACAD_REACTORS
330
99
102
}
330
99
100
AcDbVisualStyle
  2
Gouraud
 70
     2
177
     3
291
     1
 70
    58
 90
        2
176
     1
 90
        2
176
     1
 90
        1
176
     1
 90
        2
176
     1
 40
0.6
176
     1
 40
30.0
176
     1
 62
     7
420
 16777215
176
     1
 90
        0
176
     1
 90
        0
176
     1
 62
     7
176
     1
 62
   257
176
     1
 90
        1
176
     1
 90
        1
176
     1
 40
1.0
176
     1
 90
        0
176
     1
 62
     7
176
     1
 40
1.0
176
     1
 90
        1
176
     1
 90
        6
176
     1
 90
        2
176
     1
 62
     7
176
     1
 90
        5
176
     1
 90
        0
176
     1
 90
        0
176
     1
290
     0
176
     1
 90
       13
176
     1
 40
0.0
176
     1
 90
        0
176
     1
290
     0
176
     1
290
     1
176
     1
290
     1
176
     1
290
     0
176
     1
290
     0
176
     1
290
     0
176
     1
290
     0
176
     1
290
     0
176
     1
290
     0
176
     1
 90
       50
176
     1
 40
0.0
176
     1
 40
1.0
176
     1
 90
        0
176
     1
 62
    18
420
        0
176
     1
 90
       50
176
     1
 90
        3
176
     1
 62
     5
420
      255
176
     1
290
     0
176
     1
 90
       50
176
     1
 90
       50
176
     1
 90
       50
176
     1
290
     0
176
     1
 90
       50
176
     1
 62
   256
176
     0
 40
1.0
176
     0
 90
        2
176
     1
  1
strokes_ogs.tif
176
     1
290
     0
176
     1
 40
1.0
176
     1
 40
1.0
176
     1
  0
VISUALSTYLE
  5
9D
102
{ACAD_REACTORS
330
99
102
}
330
99
100
AcDbVisualStyle
  2
GouraudWithEdges
 70
     3
177
     3
291
     1
 70
    58
 90
        2
176
     1
 90
        2
176
     1
 90
        1
176
     1
 90
        2
176
     1
 40
0.6
176
     1
 40
30.0
176
     1
 62
     7
420
 16777215
176
     1
 90
        1
176
     1
 90
        0
176
     1
 62
     7
176
     1
 62
   257
176
     1
 90
        1
176
     1
 90
        1
176
     1
 40
1.0
176
     1
 90
        0
176
     1
 62
   257
176
     1
 40
1.0
176
     1
 90
        1
176
     1
 90
        6
176
     1
 90
        2
176
     1
 62
     7
176
     1
 90
        5
176
     1
 90
        0
176
     1
 90
        0
176
     1
290
     0
176
     1
 90
       13
176
     1
 40
0.0
176
     1
 90
        0
176
     1
290
     0
176
     1
290
     1
176
     1
290
     1
176
     1
290
     0
176
     1
290
     0
176
     1
290
     0
176
     1
290
     0
176
     1
290
     0
176
     1
290
     0
176
     1
 90
       50
176
     1
 40
0.0
176
     1
 40
1.0
176
     1
 90
        0
176
     1
 62
    18
420
        0
176
     1
 90
       50
176
     1
 90
        3
176
     1
 62
     5
420
      255
176
     1
290
     0
176
     1
 90
       50
176
     1
 90
       50
176
     1
 90
       50
176
     1
290
     0
176
     1
 90
       50
176
     1
 62
   256
176
     0
 40
1.0
176
     0
 90
        2
176
     1
  1
strokes_ogs.tif
176
     1
290
     0
176
     1
 40
1.0
176
     1
 40
1.0
176
     1
  0
VISUALSTYLE
  5
A1
102
{ACAD_REACTORS
330
99
102
}
330
99
100
AcDbVisualStyle
  2
Hidden
 70
     6
177
     3
291
     0
 70
    58
 90
        1
176
     1
 90
        2
176
     1
 90
        2
176
     1
 90
        0
176
     1
 40
0.6
176
     1
 40
30.0
176
     1
 62
     7
420
 16777215
176
     1
 90
        2
176
     1
 90
        2
176
     1
 62
     7
176
     1
 62
   257
176
     1
 90
        2
176
     1
 90
        1
176
     1
 40
40.0
176
     1
 90
        0
176
     1
 62
   257
176
     1
 40
1.0
176
     1
 90
        1
176
     1
 90
        6
176
     1
 90
        2
176
     1
 62
     7
176
     1
 90
        3
176
     1
 90
        0
176
     1
 90
        0
176
     1
290
     0
176
     1
 90
        1
176
     1
 40
0.0
176
     1
 90
        0
176
     1
290
     0
176
     1
290
     1
176
     1
290
     1
176
     1
290
     0
176
     1
290
     0
176
     1
290
     0
176
     1
290
     0
176
     1
290
     0
176
     1
290
     0
176
     1
 90
       50
176
     1
 40
0.0
176
     1
 40
1.0
176
     1
 90
        0
176
     1
 62
    18
420
        0
176
     1
 90
       50
176
     1
 90
        3
176
     1
 62
     5
420
      255
176
     1
290
     0
176
     1
 90
       50
176
     1
 90
       50
176
     1
 90
       50
176
     1
290
     0
176
     1
 90
       50
176
     1
 62
   256
176
     0
 40
1.0
176
     0
 90
        2
176
     1
  1
strokes_ogs.tif
176
     1
290
     0
176
     1
 40
1.0
176
     1
 40
1.0
176
     1
  0
VISUALSTYLE
  5
173
102
{ACAD_REACTORS
330
99
102
}
330
99
100
AcDbVisualStyle
  2
JitterOff
 70
    20
177
     3
291
     1
 70
    58
 90
        2
176
     0
 90
        2
176
     0
 90
        0
176
     0
 90
        0
176
     0
 40
0.6
176
     0
 40
30.0
176
     0
 62
     7
420
 16777215
176
     0
 90
        1
176
     0
 90
        4
176
     0
 62
     7
176
     0
 62
   257
176
     0
 90
        1
176
     0
 90
        1
176
     0
 40
1.0
176
     0
 90
       10
176
     2
 62
     7
176
     0
 40
1.0
176
     0
 90
        1
176
     0
 90
        6
176
     0
 90
        2
176
     0
 62
     7
176
     0
 90
        5
176
     0
 90
        0
176
     0
 90
        0
176
     0
290
     0
176
     0
 90
        1
176
     0
 40
0.0
176
     0
 90
        0
176
     0
290
     0
176
     1
290
     1
176
     1
290
     1
176
     1
290
     0
176
     1
290
     0
176
     1
290
     0
176
     1
290
     0
176
     1
290
     0
176
     1
290
     0
176
     1
 90
       50
176
     1
 40
0.0
176
     1
 40
1.0
176
     1
 90
        0
176
     1
 62
    18
420
        0
176
     1
 90
       50
176
     1
 90
        3
176
     1
 62
     5
420
      255
176
     1
290
     0
176
     1
 90
       50
176
     1
 90
       50
176
     1
 90
       50
176
     1
290
     0
176
     1
 90
       50
176
     1
 62
   256
176
     0
 40
1.0
176
     0
 90
        2
176
     1
  1
strokes_ogs.tif
176
     1
290
     0
176
     1
 40
1.0
176
     1
 40
1.0
176
     1
  0
VISUALSTYLE
  5
A7
102
{ACAD_REACTORS
330
99
102
}
330
99
100
AcDbVisualStyle
  2
Linepattern
 70
    14
177
     3
291
     1
 70
    58
 90
        2
176
     1
 90
        2
176
     1
 90
        1
176
     1
 90
        0
176
     1
 40
0.6
176
     1
 40
30.0
176
     1
 62
     7
420
 16777215
176
     1
 90
        1
176
     1
 90
        4
176
     1
 62
     7
176
     1
 62
   257
176
     1
 90
        7
176
     1
 90
        7
176
     1
 40
1.0
176
     1
 90
        8
176
     1
 62
     7
176
     1
 40
1.0
176
     1
 90
        1
176
     1
 90
        6
176
     1
 90
        2
176
     1
 62
     7
176
     1
 90
        5
176
     1
 90
        0
176
     1
 90
        0
176
     1
290
     0
176
     1
 90
        1
176
     1
 40
0.0
176
     1
 90
        0
176
     1
290
     0
176
     1
290
     1
176
     1
290
     1
176
     1
290
     0
176
     1
290
     0
176
     1
290
     0
176
     1
290
     0
176
     1
290
     0
176
     1
290
     0
176
     1
 90
       50
176
     1
 40
0.0
176
     1
 40
1.0
176
     1
 90
        0
176
     1
 62
    18
420
        0
176
     1
 90
       50
176
     1
 90
        3
176
     1
 62
     5
420
      255
176
     1
290
     0
176
     1
 90
       50
176
     1
 90
       50
176
     1
 90
       50
176
     1
290
     0
176
     1
 90
       50
176
     1
 62
   256
176
     0
 40
1.0
176
     0
 90
        2
176
     1
  1
strokes_ogs.tif
176
     1
290
     0
176
     1
 40
1.0
176
     1
 40
1.0
176
     1
  0
VISUALSTYLE
  5
174
102
{ACAD_REACTORS
330
99
102
}
330
99
100
AcDbVisualStyle
  2
OverhangOff
 70
    21
177
     3
291
     1
 70
    58
 90
        2
176
     0
 90
        2
176
     0
 90
        0
176
     0
 90
        0
176
     0
 40
0.6
176
     0
 40
30.0
176
     0
 62
     7
420
 16777215
176
     0
 90
        1
176
     0
 90
        4
176
     0
 62
     7
176
     0
 62
   257
176
     0
 90
        1
176
     0
 90
        1
176
     0
 40
1.0
176
     0
 90
        9
176
     2
 62
     7
176
     0
 40
1.0
176
     0
 90
        1
176
     0
 90
        6
176
     0
 90
        2
176
     0
 62
     7
176
     0
 90
        5
176
     0
 90
        0
176
     0
 90
        0
176
     0
290
     0
176
     0
 90
        1
176
     0
 40
0.0
176
     0
 90
        0
176
     0
290
     0
176
     1
290
     1
176
     1
290
     1
176
     1
290
     0
176
     1
290
     0
176
     1
290
     0
176
     1
290
     0
176
     1
290
     0
176
     1
290
     0
176
     1
 90
       50
176
     1
 40
0.0
176
     1
 40
1.0
176
     1
 90
        0
176
     1
 62
    18
420
        0
176
     1
 90
       50
176
     1
 90
        3
176
     1
 62
     5
420
      255
176
     1
290
     0
176
     1
 90
       50
176
     1
 90
       50
176
     1
 90
       50
176
     1
290
     0
176
     1
 90
       50
176
     1
 62
   256
176
     0
 40
1.0
176
     0
 90
        2
176
     1
  1
strokes_ogs.tif
176
     1
290
     0
176
     1
 40
1.0
176
     1
 40
1.0
176
     1
  0
VISUALSTYLE
  5
A3
102
{ACAD_REACTORS
330
99
102
}
330
99
100
AcDbVisualStyle
  2
Realistic
 70
     8
177
     3
291
     0
 70
    58
 90
        2
176
     1
 90
        2
176
     1
 90
        0
176
     1
 90
        2
176
     1
 40
0.6
176
     1
 40
30.0
176
     1
 62
     7
420
 16777215
176
     1
 90
        0
176
     1
 90
        0
176
     1
 62
     7
176
     1
 62
   257
176
     1
 90
        1
176
     1
 90
        1
176
     1
 40
1.0
176
     1
 90
        8
176
     1
 62
   257
176
     1
 40
1.0
176
     1
 90
        1
176
     1
 90
        6
176
     1
 90
        2
176
     1
 62
     7
176
     1
 90
        3
176
     1
 90
        0
176
     1
 90
        0
176
     1
290
     0
176
     1
 90
       13
176
     1
 40
0.0
176
     1
 90
        0
176
     1
290
     0
176
     1
290
     1
176
     1
290
     1
176
     1
290
     0
176
     1
290
     0
176
     1
290
     0
176
     1
290
     0
176
     1
290
     0
176
     1
290
     0
176
     1
 90
       50
176
     1
 40
0.0
176
     1
 40
1.0
176
     1
 90
        0
176
     1
 62
    18
420
        0
176
     1
 90
       50
176
     1
 90
        3
176
     1
 62
     5
420
      255
176
     1
290
     0
176
     1
 90
       50
176
     1
 90
       50
176
     1
 90
       50
176
     1
290
     0
176
     1
 90
       50
176
     1
 62
   256
176
     0
 40
1.0
176
     0
 90
        2
176
     1
  1
strokes_ogs.tif
176
     1
290
     0
176
     1
 40
1.0
176
     1
 40
1.0
176
     1
  0
VISUALSTYLE
  5
182
102
{ACAD_REACTORS
330
99
102
}
330
99
100
AcDbVisualStyle
  2
Shaded
 70
    27
177
     3
291
     0
 70
    58
 90
        2
176
     1
 90
        2
176
     1
 90
        1
176
     1
 90
        2
176
     1
 40
0.6
176
     1
 40
30.0
176
     1
 62
     7
420
 16777215
176
     1
 90
        0
176
     1
 90
        4
176
     1
 62
     7
176
     1
 62
   257
176
     1
 90
        1
176
     1
 90
        1
176
     1
 40
1.0
176
     1
 90
        8
176
     1
 62
   257
176
     1
 40
1.0
176
     1
 90
        1
176
     1
 90
        6
176
     1
 90
        2
176
     1
 62
     8
420
  7895160
176
     1
 90
        3
176
     1
 90
        0
176
     1
 90
        0
176
     1
290
     0
176
     1
 90
        5
176
     1
 40
0.0
176
     1
 90
        0
176
     1
290
     0
176
     1
290
     1
176
     1
290
     1
176
     1
290
     0
176
     1
290
     0
176
     1
290
     0
176
     1
290
     0
176
     1
290
     0
176
     1
290
     0
176
     1
 90
       50
176
     1
 40
0.0
176
     1
 40
1.0
176
     1
 90
        0
176
     1
 62
    18
420
        0
176
     1
 90
       50
176
     1
 90
        3
176
     1
 62
     5
420
      255
176
     1
290
     0
176
     1
 90
       50
176
     1
 90
       50
176
     1
 90
       50
176
     1
290
     0
176
     1
 90
       50
176
     1
 62
   256
176
     0
 40
1.0
176
     0
 90
        2
176
     1
  1
strokes_ogs.tif
176
     1
290
     0
176
     1
 40
1.0
176
     1
 40
1.0
176
     1
  0
VISUALSTYLE
  5
181
102
{ACAD_REACTORS
330
99
102
}
330
99
100
AcDbVisualStyle
  2
Shaded with edges
 70
    26
177
     3
291
     0
 70
    58
 90
        2
176
     1
 90
        2
176
     1
 90
        1
176
     1
 90
        2
176
     1
 40
0.6
176
     1
 40
30.0
176
     1
 62
     7
420
 16777215
176
     1
 90
        1
176
     1
 90
        2
176
     1
 62
     7
176
     1
 62
   257
176
     1
 90
        2
176
     1
 90
        1
176
     1
 40
1.0
176
     1
 90
        8
176
     1
 62
   257
176
     1
 40
1.0
176
     1
 90
        1
176
     1
 90
        6
176
     1
 90
        2
176
     1
 62
     7
176
     1
 90
        3
176
     1
 90
        0
176
     1
 90
        0
176
     1
290
     0
176
     1
 90
        5
176
     1
 40
0.0
176
     1
 90
        0
176
     1
290
     0
176
     1
290
     1
176
     1
290
     1
176
     1
290
     0
176
     1
290
     0
176
     1
290
     0
176
     1
290
     0
176
     1
290
     0
176
     1
290
     0
176
     1
 90
       50
176
     1
 40
0.0
176
     1
 40
1.0
176
     1
 90
        0
176
     1
 62
    18
420
        0
176
     1
 90
       50
176
     1
 90
        3
176
     1
 62
     5
420
      255
176
     1
290
     0
176
     1
 90
       50
176
     1
 90
       50
176
     1
 90
       50
176
     1
290
     0
176
     1
 90
       50
176
     1
 62
   256
176
     0
 40
1.0
176
     0
 90
        2
176
     1
  1
strokes_ogs.tif
176
     1
290
     0
176
     1
 40
1.0
176
     1
 40
1.0
176
     1
  0
VISUALSTYLE
  5
17E
102
{ACAD_REACTORS
330
99
102
}
330
99
100
AcDbVisualStyle
  2
Shades of Gray
 70
    23
177
     3
291
     0
 70
    58
 90
        2
176
     1
 90
        2
176
     1
 90
        3
176
     1
 90
        0
176
     1
 40
0.6
176
     1
 40
30.0
176
     1
 62
     7
420
 16777215
176
     1
 90
        2
176
     1
 90
        2
176
     1
 62
     7
176
     1
 62
     7
176
     1
 90
        1
176
     1
 90
        1
176
     1
 40
40.0
176
     1
 90
        8
176
     1
 62
     7
176
     1
 40
1.0
176
     1
 90
        1
176
     1
 90
        6
176
     1
 90
        2
176
     1
 62
     7
176
     1
 90
        3
176
     1
 90
        0
176
     1
 90
        0
176
     1
290
     0
176
     1
 90
        1
176
     1
 40
0.0
176
     1
 90
        0
176
     1
290
     0
176
     1
290
     1
176
     1
290
     1
176
     1
290
     0
176
     1
290
     0
176
     1
290
     0
176
     1
290
     0
176
     1
290
     0
176
     1
290
     0
176
     1
 90
       50
176
     1
 40
0.0
176
     1
 40
1.0
176
     1
 90
        0
176
     1
 62
    18
420
        0
176
     1
 90
       50
176
     1
 90
        3
176
     1
 62
     5
420
      255
176
     1
290
     0
176
     1
 90
       50
176
     1
 90
       50
176
     1
 90
       50
176
     1
290
     0
176
     1
 90
       50
176
     1
 62
   256
176
     0
 40
1.0
176
     0
 90
        2
176
     1
  1
strokes_ogs.tif
176
     1
290
     0
176
     1
 40
1.0
176
     1
 40
1.0
176
     1
  0
VISUALSTYLE
  5
17F
102
{ACAD_REACTORS
330
99
102
}
330
99
100
AcDbVisualStyle
  2
Sketchy
 70
    24
177
     3
291
     0
 70
    58
 90
        1
176
     1
 90
        2
176
     1
 90
        2
176
     1
 90
        0
176
     1
 40
0.6
176
     1
 40
30.0
176
     1
 62
     7
420
 16777215
176
     1
 90
        2
176
     1
 90
        2
176
     1
 62
     7
176
     1
 62
     7
176
     1
 90
        1
176
     1
 90
        1
176
     1
 40
40.0
176
     1
 90
       11
176
     1
 62
     7
176
     1
 40
1.0
176
     1
 90
        1
176
     1
 90
        6
176
     1
 90
        2
176
     1
 62
     7
176
     1
 90
        6
176
     1
 90
        0
176
     1
 90
        0
176
     1
290
     0
176
     1
 90
        1
176
     1
 40
0.0
176
     1
 90
        0
176
     1
290
     0
176
     1
290
     1
176
     1
290
     1
176
     1
290
     0
176
     1
290
     0
176
     1
290
     0
176
     1
290
     0
176
     1
290
     0
176
     1
290
     0
176
     1
 90
       50
176
     1
 40
0.0
176
     1
 40
1.0
176
     1
 90
        0
176
     1
 62
    18
420
        0
176
     1
 90
       50
176
     1
 90
        3
176
     1
 62
     5
420
      255
176
     1
290
     0
176
     1
 90
       50
176
     1
 90
       50
176
     1
 90
       50
176
     1
290
     0
176
     1
 90
       50
176
     1
 62
   256
176
     0
 40
1.0
176
     0
 90
        2
176
     1
  1
strokes_ogs.tif
176
     1
290
     0
176
     1
 40
1.0
176
     1
 40
1.0
176
     1
  0
VISUALSTYLE
  5
A6
102
{ACAD_REACTORS
330
99
102
}
330
99
100
AcDbVisualStyle
  2
Thicken
 70
    13
177
     3
291
     1
 70
    58
 90
        2
176
     1
 90
        2
176
     1
 90
        1
176
     1
 90
        0
176
     1
 40
0.6
176
     1
 40
30.0
176
     1
 62
     7
420
 16777215
176
     1
 90
        1
176
     1
 90
        4
176
     1
 62
     7
176
     1
 62
   257
176
     1
 90
        1
176
     1
 90
        1
176
     1
 40
1.0
176
     1
 90
       12
176
     1
 62
     7
176
     1
 40
1.0
176
     1
 90
        1
176
     1
 90
        6
176
     1
 90
        2
176
     1
 62
     7
176
     1
 90
        5
176
     1
 90
        0
176
     1
 90
        0
176
     1
290
     0
176
     1
 90
        1
176
     1
 40
0.0
176
     1
 90
        0
176
     1
290
     0
176
     1
290
     1
176
     1
290
     1
176
     1
290
     0
176
     1
290
     0
176
     1
290
     0
176
     1
290
     0
176
     1
290
     0
176
     1
290
     0
176
     1
 90
       50
176
     1
 40
0.0
176
     1
 40
1.0
176
     1
 90
        0
176
     1
 62
    18
420
        0
176
     1
 90
       50
176
     1
 90
        3
176
     1
 62
     5
420
      255
176
     1
290
     0
176
     1
 90
       50
176
     1
 90
       50
176
     1
 90
       50
176
     1
290
     0
176
     1
 90
       50
176
     1
 62
   256
176
     0
 40
1.0
176
     0
 90
        2
176
     1
  1
strokes_ogs.tif
176
     1
290
     0
176
     1
 40
1.0
176
     1
 40
1.0
176
     1
  0
VISUALSTYLE
  5
A0
102
{ACAD_REACTORS
330
99
102
}
330
99
100
AcDbVisualStyle
  2
Wireframe
 70
     5
177
     3
291
     0
 70
    58
 90
        0
176
     1
 90
        2
176
     1
 90
        0
176
     1
 90
        0
176
     1
 40
0.6
176
     1
 40
30.0
176
     1
 62
     7
420
 16777215
176
     1
 90
        1
176
     1
 90
        4
176
     1
 62
     7
176
     1
 62
   257
176
     1
 90
        1
176
     1
 90
        1
176
     1
 40
1.0
176
     1
 90
        0
176
     1
 62
   257
176
     1
 40
1.0
176
     1
 90
        1
176
     1
 90
        6
176
     1
 90
        2
176
     1
 62
     7
176
     1
 90
        3
176
     1
 90
        0
176
     1
 90
        0
176
     1
290
     0
176
     1
 90
        1
176
     1
 40
0.0
176
     1
 90
        0
176
     1
290
     0
176
     1
290
     1
176
     1
290
     1
176
     1
290
     0
176
     1
290
     0
176
     1
290
     0
176
     1
290
     0
176
     1
290
     0
176
     1
290
     0
176
     1
 90
       50
176
     1
 40
0.0
176
     1
 40
1.0
176
     1
 90
        0
176
     1
 62
    18
420
        0
176
     1
 90
       50
176
     1
 90
        3
176
     1
 62
     5
420
      255
176
     1
290
     0
176
     1
 90
       50
176
     1
 90
       50
176
     1
 90
       50
176
     1
290
     0
176
     1
 90
       50
176
     1
 62
   256
176
     0
 40
1.0
176
     0
 90
        2
176
     1
  1
strokes_ogs.tif
176
     1
290
     0
176
     1
 40
1.0
176
     1
 40
1.0
176
     1
  0
VISUALSTYLE
  5
180
102
{ACAD_REACTORS
330
99
102
}
330
99
100
AcDbVisualStyle
  2
X-Ray
 70
    25
177
     3
291
     0
 70
    58
 90
        2
176
     1
 90
        2
176
     1
 90
        1
176
     1
 90
        1
176
     1
 40
0.5
176
     1
 40
30.0
176
     1
 62
     7
420
 16777215
176
     1
 90
        1
176
     1
 90
        0
176
     1
 62
     7
176
     1
 62
   257
176
     1
 90
        1
176
     1
 90
        1
176
     1
 40
1.0
176
     1
 90
        8
176
     1
 62
     7
176
     1
 40
1.0
176
     1
 90
        1
176
     1
 90
        6
176
     1
 90
        2
176
     1
 62
     7
176
     1
 90
        3
176
     1
 90
        0
176
     1
 90
        0
176
     1
290
     0
176
     1
 90
       13
176
     1
 40
0.0
176
     1
 90
        0
176
     1
290
     0
176
     1
290
     1
176
     1
290
     1
176
     1
290
     0
176
     1
290
     0
176
     1
290
     0
176
     1
290
     0
176
     1
290
     0
176
     1
290
     0
176
     1
 90
       50
176
     1
 40
0.0
176
     1
 40
1.0
176
     1
 90
        0
176
     1
 62
    18
420
        0
176
     1
 90
       50
176
     1
 90
        3
176
     1
 62
     5
420
      255
176
     1
290
     0
176
     1
 90
       50
176
     1
 90
       50
176
     1
 90
       50
176
     1
290
     0
176
     1
 90
       50
176
     1
 62
   256
176
     0
 40
1.0
176
     0
 90
        2
176
     1
  1
strokes_ogs.tif
176
     1
290
     0
176
     1
 40
1.0
176
     1
 40
1.0
176
     1
  0
DICTIONARYVAR
  5
F0
102
{ACAD_REACTORS
330
66
102
}
330
66
100
DictionaryVariables
280
     0
  1
1:1
  0
DICTIONARYVAR
  5
EF
102
{ACAD_REACTORS
330
66
102
}
330
66
100
DictionaryVariables
280
     0
  1
Standard
  0
DICTIONARYVAR
  5
89
102
{ACAD_REACTORS
330
66
102
}
330
66
100
DictionaryVariables
280
     0
  1
Standard
  0
DICTIONARYVAR
  5
1B7
102
{ACAD_REACTORS
330
66
102
}
330
66
100
DictionaryVariables
280
     0
  1
Imperial24
  0
DICTIONARYVAR
  5
1B8
102
{ACAD_REACTORS
330
66
102
}
330
66
100
DictionaryVariables
280
     0
  1
Imperial24
  0
DICTIONARYVAR
  5
67
102
{ACAD_REACTORS
330
66
102
}
330
66
100
DictionaryVariables
280
     0
  1
2
  0
DICTIONARYVAR
  5
6B
102
{ACAD_REACTORS
330
66
102
}
330
66
100
DictionaryVariables
280
     0
  1
1
  0
DICTIONARYVAR
  5
1B7F
102
{ACAD_REACTORS
330
66
102
}
330
66
100
DictionaryVariables
280
     0
  1
RGB:255,255,255
  0
DICTIONARYVAR
  5
1B7E
102
{ACAD_REACTORS
330
66
102
}
330
66
100
DictionaryVariables
280
     0
  1
ByLayer
  0
DICTIONARYVAR
  5
14D
102
{ACAD_REACTORS
330
66
102
}
330
66
100
DictionaryVariables
280
     0
  1
0
  0
DICTIONARYVAR
  5
14E
102
{ACAD_REACTORS
330
66
102
}
330
66
100
DictionaryVariables
280
     0
  1
0
  0
DICTIONARYVAR
  5
659B
330
659A
100
DictionaryVariables
280
     0
  1
1.0.3 @ 2026-07-05T15:04:02.558296+00:00
  0
DICTIONARY
  5
43D0
102
{ACAD_REACTORS
330
43CF
102
}
330
43CF
100
AcDbDictionary
281
     1
  0
DICTIONARY
  5
43D4
102
{ACAD_REACTORS
330
43D3
102
}
330
43D3
100
AcDbDictionary
281
     1
  0
FIELD
  5
622C
102
{ACAD_REACTORS
330
622B
102
}
330
622B
100
AcDbField
  1
_text
  2
%<\_FldIdx 0>%
 90
        1
360
622D
 97
        0
 91
       63
 92
        0
 94
       41
 95
        2
 96
        0
300

 93
        1
  6
ACFD_FIELDTEXT_CHECKSUM
 93
        2
 90
        2
140
66292.0
 94
        0
300

302

304
ACVALUE_END
  7
ACFD_FIELD_VALUE
 93
        0
 90
        4
  1
PROJ_SG_MS_51_VPY-VLK_PER HUT_2026_005.dwg
 94
        0
300

302

304
ACVALUE_END
301
PROJ_SG_MS_51_VPY-VLK_PER HUT_2026_005.dwg
 98
       42
  0
DICTIONARY
  5
188
330
97
100
AcDbDictionary
280
     1
281
     1
  3
FBXASSET
360
189
  0
DICTIONARY
  5
186
330
96
100
AcDbDictionary
280
     1
281
     1
  3
FBXASSET
360
187
  0
DICTIONARY
  5
110
330
98
100
AcDbDictionary
280
     1
281
     1
  3
FBXASSET
360
18A
  0
DICTIONARY
  5
66FC
330
87
100
AcDbDictionary
280
     1
281
     1
  3
ACAD_ROUNDTRIP_2008_TABLESTYLE_CELLSTYLEMAP
360
66FD
  0
FIELD
  5
622D
330
622C
100
AcDbField
  1
AcVar
  2
\AcVar Filename \f "%fn6"
 90
        0
 97
        0
 91
       63
 92
        0
 94
       59
 95
        2
 96
        0
300

 93
        1
  6
Variable
 93
        2
 90
        4
  1
Filename
 94
        0
300

302

304
ACVALUE_END
  7
ACFD_FIELD_VALUE
 93
        0
 90
        4
  1
E:\PROJECTS\KABHIL\MSDAC\019- INDU-ST-25-26-XX2_ SR_VLK-VPY\06. Wip\MASTER\20260705\UPDATED\SIGNAL\PROJ_SG_MS_51_VPY-VLK_PER HUT_2026_005.dwg
 94
        0
300
%fn6
302

304
ACVALUE_END
301
PROJ_SG_MS_51_VPY-VLK_PER HUT_2026_005.dwg
 98
       42
  0
XRECORD
  5
189
102
{ACAD_REACTORS
330
188
102
}
330
188
100
AcDbXrecord
280
     1
 70
     1
 90
429727718
  1
508B35C9-AEE7-456F-BE74-D52651303AC6
310
504B03040A0000080000B670623B3DEE336E79000000790000001B0000006175746F6465736B2D64657369676E2D7061636B6167652E786D6C3C3F786D6C2076657273696F6E3D22312E302220656E636F64696E673D227574662D3822203F3E3C666F726D6174733E3C666F726D61743E687474703A2F2F736368656D612E
310
6175746F6465736B2E636F6D2F64657369676E2D7061636B6167652F323030393C2F666F726D61743E3C2F666F726D6174733E504B0304140006080800B670623BD486FD9CA0000000F4000000130000005B436F6E74656E745F54797065735D2E786D6C7D8EC10E82300C865F65E91D8A1E8C310C0EEA1BF002731658846E
310
D98AC1B77784ABF1D8FE5FBFBF75BBCE937A534CCEB38643598122B6FEE978D0B0485F9C41B54DDD7D022595594E1A469170414C76A4D9A4D207E29CF43ECE46F218070CC6BECC4078ACAA135ACF422C856C0E68EA1BF5669944DDD7BCDE7B1F8E415D77AECB980613C2E4AC91FC167A2B244592486606FC29C8FD7F045B9A
310
EF7053A7E60B504B0304140006080800B670623B28ED286BEB0000007C01000008000000636F72652E786D6C8D90416EC3201045AF82665B6183218D6D61A254764FD00B204C5C94182C03558F5F9C3852BBEB6A467FFE9B197D71FA9E6FE8CBACC17AD7012D0820E3B41FAD9B3A48F1826B40272956EFE32F1B20A766D3C1
310
268314D3EAD3B24BDABB685CCCAAF3A3D94515828980F42D371D04FD696655A814B3235C8B45E9AB9A4C419F5D8653B2237A1CB163DE672FD6AC209BF3C08E0D1B30EB19C3FC9D72FCC6EB231EFA33EDE96BDD341517E5064B11EDFCBCAF57A3A2194156843498524CAA0FCA5B7268F9E185D42D21A2DCEC7FA0B48CFF8492
310
759155FBBB0F2C80A4F991FB408A72CB22977B50B96EB9C91F504B0304140006080800B670623B55019EA25F0000007C00000007000000636E782E786D6C4DCB3B0E80201045D1AD90E915ED2CF8AC45050C11660C8261F98AB1B07AC9C97D42D718D865D3E909258CFD00CCE24AC6E326A164D74DC0B4128928FF32603847
310
2BA13128B1252AC747C6BAB984FC68F0B87FE8960A5C09FE86CFB69FBA01504B0304140006080800B670623B7BC41AC871010000D40300000C0000006662782F636F72652E786D6CC553ED6E8320147D15C2DF4501B56B6D90A64BBB27D80B50A5CE54C120983EFEAE1F4DD7A56BBA5FF3879273EEE59E7310BE393735EA95
310
ED2AA333CC428A91D2B9292A5D66D8BB63B0C26823B835C67D2BC348CB46657880B1E0A535BE9DA1DC68A7B403549B42CDA0EC3AE530CA6B5864B8CB3F552343E91D5474A7B095F949962A6421D0502778E72C0840D390E18DC5F170E664C205F7BE2A66B62A605A75AC94C522DDEEE3651AEF837817C741F2CE92E02D592D
310
83FD6ECB76EC7595A651C2C9D02CB8AB9A8BBADC2AE954814544691A3016D0E883256BBA58278B17BA5A53CAC9507ED3E4DBE2C9265F691747B3DCA9ADC382819091F8E1162272A8933DE82182932144F88C09DF060D8140C84E1EEA8B8F1340BDCA9DB1093085F157AA97B557309586747CD0EF0B4EA64E983A6E0EAEEFCE
310
889E9EF17847386AA94B30211D2C0FDE0D3AF9A4610EAD5536E8DD1969631B593F67E381C33F5157F17725E5A636F6BF1491F980C8FC7B90E13E8A2F504B0304140006080800B670623B70102A487D0000009D0000000B0000006662782F636E782E786D6C4DCCD10A83201886E15B91FFDC95A5C30335ACCDFB886521330D
310
A76397BF1A1DECE883878F57749FD5A3B74D2F17830472A901D9F088930B8B849267CC01754AA418F3DF0D5018572BE160506249B16C274D761E8BCFBB7A179E27F65CB39A0F14D396184C9921B81F34C3ACA1B4B99ABB6E6F062A25AA5F69DF23ACBE504B0304140006080800B670623B3610CA3329010000120200003100
310
00006662782F42384135303843342D343331462D343546312D424341352D3532343432364645413344462F636F72652E786D6C8D515B6EC32010BC0AE22B55850D0E446E848992B43E412FE000495162B07854397EA176A4F62F3F2C9A9D991D58BEBB8F37F0AD7D30CE76905418026DA553C65E3A98E219B510EC04F7CEC5
310
3F3408EC30EA0E16180A7EF12E4D0B249D8DDAC68C5AA7F4020E21E80881BCE54B0783FCD2E3500D296646B856D320AFC34557A4CAEDCC133C449F0380794839A138B47B86DB2345744D7A44594FD0E1B867883594369BFE63BF7EEF793D0B054FC9A8456E548E63CE46FB674D8A58F068C6477CE9F510B582A2C1F80D1182
310
70F349E816B32D65AFB8DD62CCEB42FF274A937A52948C8DEB66893BCB021484D7734370E5D2E9F608A3EF93F3119479ABA0E50B14B8C298119A43CCC4FCFCECB8A18B6388CEE7EF5D5D4F994BD86CBBA182D76543B9FCAE2FD7B24DF103504B0304140006080800B670623B1B8617914E0100003303000030000000666278
310
2F42384135303843342D343331462D343546312D424341352D3532343432364645413344462F636E782E786D6CD593C16EC32010447F0571AD6CE3D489D20813A9877E410FBD62D82434182CC055F3F75D1292E692438FBD206B7698593D61BEFD1E2DF982108D773D6D6B460938E5B571FB9ECE6957AD29D90A1EBC4F7736
310
4A9C1CA1A759A682EF839FA72269D8C9D92654AD71C72206887E0E0A22CAF926B15E498B01E0AA19451807D01A34B919F16B070157417138917400F2F6FA41FCF0092A45DEE414C19BDC21783E4BD39D891265658C3D8DEA00A3ACE59CBC8678ACB54CB26EEB6BD7839D7E9348BE70AD9C8321B9BCA7F9A4A26C542347DEE0
310
50F09802D22BA6749A800A394DD62899107273365E3C82CFC6A55557BC06C10774B7ABE7AEC3B0F34CF06446280E154026D0542C187BA9DAB6628BF7B6DBB0E5A65B3EB1F58631DE64BBE083F7B65CC218087E22CABB042E51D1F2268F1FE12B3EA24D40D63E9CFE00120194D60B9D5BC67FE6D39CDF37E20AF817881F504B
310
0304140006080800B670623BBFEF2E3B690500003C100000340000006662782F42384135303843342D343331462D343546312D424341352D3532343432364645413344462F6F626A656374732E786D6CAD575D739B3814FD2B0CFB0C98D84E931D4227B6938EA793B6534F3BFB90198F0099B001899144EAECAFDF231018B0
310
D37A3FFC609090EEE7B94757C1FB7D915B2F54C88CB31BDB7727B64559CC938CA53776A576CE956DBD0F03C1B9EA2DB32D460A7A63EB693B0C52C1ABD24C257447AA5C8D66EF177F5832A68CDA569C13296F6C193FD182B8A4523CA1F2D94D88226EBADBBBBEDB2C1C8A4D05299F46424B222853B014F30C52ACC6287F389C
310
D85E1878FA7B18E87FB36AFAF62AAFF667A83F635211161F291B8999FAB3D5DDC5FCDA99CF6653677679E13B8BFBC5CAF1DF4D27CBCBE5F2FAF6EE1A8AA51290642C117467871F101B91C581D77CEA2C36869F3229E68CD1B8F61F1ED6361B89092D294B90C78C4A68EB793D190E7D1D9BDEE7A91E1B95FDE9F3BCEAEFE809
310
6A6D6F9F7D4B79F4275C90E7A04248AA51D5C4C738DAE06F72885AC4796EBE65D22A88A22223B995679120E2D50EB1542F098381188D4EA111AE3DB043FF20AF6F2B4AE3D7D83D65E5AECA730D4D3BAC91BD05FEA992B565D95F549CD6069B90AB2A63EACA38A45E4B6A87D781574F86817E4C2FCCC72690D62E2729520E37
310
9BAF234797BAF6D62B3BFC781FED37BA1E4F2B2F052FA9501A3E80569BB8F6A9A364D4FA67654E6F803383981F82F21591FF84F23D9882BC896C3FDBCF8C162508933B2E0AE4C69DD43F6BD2BE38DDDBF10BF86CB4FA784D37F3AF16075E67EC9030DECA1FC0A55373F5DFF3378C591FA9BDF485C10B0A8C8BA909E5262639
310
A8E72163488806A595734C81CB77D1DE0ED7604A303B76913CEC0272F412782FF88EFF4636D8AA56DF7B322474C4B767303F625997056C7B032C473C592B36CEBD15F3F9FF5233B7ABCDC74D257624A60F8658567497B14CE1EC3C80B76FD02011038F9EE9EB0F2E12387A9C844D3F09855125116D1D731DF8B43D2CF4E0A0
310
79A020C6BE946BCE0B7EA1E1219331CD73C228AF5A2DDD31A4B1DA918CE91350854D40A71723140BFA92E94E62B0626016CEFA5864A50E5977E8753CEDBEE1CBB7F52780D20E17AF0BA0F5F9B02A3AD07DCC732EB6D1EBB661421BE0C39E21BABF0FE16D22EA6929407C8DE596724C88B749B6DB5512BC7B228ADFD7CB7EA6
310
3A22397E690BA8D5D8D4E40CEC8CDA23C2C0B7D5898640101CEC9C6D331CE328CB93CAFBBAC70A642DF70DF95155945B52F08AA973C23469FD69ADEF84F7BB18F983A8F8C90E37F5D35980B2139A1C523540813E824EF83448CF7C72B598CE97D7CEEDDDDD3B6736BFBC771677EF66CE6A7E7139F7A793E9EDF2B2B3A8B624
310
0CDA13AA5F8388264EC4A0129909F3B7F5A16CEDF08128E97D680ACA4B9BE7B7B58BB638F0B00700EF36AE8B32A705658A68F83EE897FC2B41573190D1CCAF0B92D233A47CFEB019D9809933F67DD1A5467F8CF69AD9A5AE859342D45355448C64F968A371DC2D596ADC6E43D93D1B466F877A64E2893E54F23C4B40388995
310
525E5005DA3983ED45412510D3EFCA13737B3863F74BD30F2A12E5B4B5E489A025CE25500DB855B11ACE5BBFA185D35DD48D8DC3CE7DC69F2944DB42AA6F6CF09BCA622ADD08C7A36E7C6AE18000BAB08E040135C2D21C9D75B3A91B77BB746C403F38018DFE6EC939DD92F16B40BC05294B9CDA035AAD6D330AE27FE4786B
310
8E45145EA34A75BE1C263A676A35A8ACC6297337400BF16C54EF515F3F77CB77EB3583889C754FFA29081AA98E2222ADEF05DA3E63D2EDEA8B8756C05A7FB6CABC4A91CBF325398202CC952E70A008A830324BA200D5E5EF8F5F04C75DB4B0EE3340E071C98B823333B83577596BF3849B69F2085AA0FAFA212F26BEFF5877
310
FDE622B28D88A42E49E43326DA82D31E8CB006401E1DA726059ECEC168F97A6599036306A135688F9AD2E61A6EA178F4CD51974A9F2CCB9F36FE5EBD14601068D9C3BF01504B0304140006080000B670623B000000000000000000000000350000006662782F42384135303843342D343331462D343546312D424341352D35
310
32343432364645413344462F76657274696365732E62696E504B0304140006080800B670623BF270F1330600000004000000360000006662782F42384135303843342D343331462D343546312D424341352D3532343432364645413344462F747269616E676C65732E62696E636660600000504B0304140006080000B67062
310
3B000000000000000000000000370000006662782F42384135303843342D343331462D343546312D424341352D3532343432364645413344462F617474726962757465732E62696E504B0304140006080800B670623B08DA0BD19000000041010000360000006662782F42384135303843342D343331462D343546312D4243
310
41352D3532343432364645413344462F6469726563746F72792E786D6C858F410AC3201045AF22B36F53E9A60B35CBEEBAE80D244E44489C6234F4F835464A48035D0DF398FF9F8AF63D0E6CC63039F212F8F9020C7D47C6792B21C5FE7403D62A1188E2E60C98D7234A5830286103A55745067B9D86B8A3CF9C7F90C11DE6
310
07FB144396D7B6A82D282E9A152AD114D5EF2CB866EEE831B8EEA07A7BB5A8D7D61A2BAAEB7FD5F70921FF497D00504B0304140006080800B670623B3B4606F3FE000000A00100003B0000006662782F42384135303843342D343331462D343546312D424341352D3532343432364645413344462F7265736F75726365732F
310
636F72652E786D6C8D504B6E833010BD0A9A6D65B08134808CA354A427E8052C332156828DFCA97AFC9A40A576D7CDCCE87D344F8F9FBEE647F689CE6B6B7A6039850C8DB2A336530F315C4903D94970676DF82583CCC8197B5861107C72362E3BA4AC096842428D1D7107A5F71820538F74F4E0D50D6799CB1892C2DFF345
310
AABB9C306779A2934E701F5C0A906D4FD609C2A1B7D129F4BCD858C163D4E3AED163FAA9AF1A1D88F67CA98E6D35906AA82A52BFB39ABCD5CD915C86331BD86BD3B665CD8BD52C78D0F34F46E550061C419494B6843142CB0F5677F4D0D58717DA7494F26295FF31C565FCA7296A13AA728FBBD93C0896823C09C18BB5AFB4
310
9E65A6BD762BBE01504B010214000A0000080000B670623B3DEE336E79000000790000001B00000000000000000000000000000000006175746F6465736B2D64657369676E2D7061636B6167652E786D6C504B01021400140006080800B670623BD486FD9CA0000000F40000001300000000000000000000000000B2000000
310
5B436F6E74656E745F54797065735D2E786D6C504B01021400140006080800B670623B28ED286BEB0000007C010000080000000000000000000000000083010000636F72652E786D6C504B01021400140006080800B670623B55019EA25F0000007C000000070000000000000000000000000094020000636E782E786D6C50
310
4B01021400140006080800B670623B7BC41AC871010000D40300000C00000000000000000000000000180300006662782F636F72652E786D6C504B01021400140006080800B670623B70102A487D0000009D0000000B00000000000000000000000000B30400006662782F636E782E786D6C504B01021400140006080800B6
310
70623B3610CA3329010000120200003100000000000000000000000000590500006662782F42384135303843342D343331462D343546312D424341352D3532343432364645413344462F636F72652E786D6C504B01021400140006080800B670623B1B8617914E010000330300003000000000000000000000000000D10600
310
006662782F42384135303843342D343331462D343546312D424341352D3532343432364645413344462F636E782E786D6C504B01021400140006080800B670623BBFEF2E3B690500003C10000034000000000000000000000000006D0800006662782F42384135303843342D343331462D343546312D424341352D35323434
310
32364645413344462F6F626A656374732E786D6C504B01021400140006080000B670623B0000000000000000000000003500000000000000000000000000280E00006662782F42384135303843342D343331462D343546312D424341352D3532343432364645413344462F76657274696365732E62696E504B010214001400
310
06080800B670623BF270F133060000000400000036000000000000000000000000007B0E00006662782F42384135303843342D343331462D343546312D424341352D3532343432364645413344462F747269616E676C65732E62696E504B01021400140006080000B670623B00000000000000000000000037000000000000
310
00000000000000D50E00006662782F42384135303843342D343331462D343546312D424341352D3532343432364645413344462F617474726962757465732E62696E504B01021400140006080800B670623B08DA0BD1900000004101000036000000000000000000000000002A0F00006662782F42384135303843342D3433
310
31462D343546312D424341352D3532343432364645413344462F6469726563746F72792E786D6C504B01021400140006080800B670623B3B4606F3FE000000A00100003B000000000000000000000000000E1000006662782F42384135303843342D343331462D343546312D424341352D3532343432364645413344462F72
310
65736F75726365732F636F72652E786D6C504B0506000000000E000E0080040000651100000000
  0
XRECORD
  5
187
102
{ACAD_REACTORS
330
186
102
}
330
186
100
AcDbXrecord
280
     1
 70
     1
 90
429727718
  1
887D55A9-D0DD-414E-B741-A7DCD4DA2B4C
310
504B03040A0000080000B670623B3DEE336E79000000790000001B0000006175746F6465736B2D64657369676E2D7061636B6167652E786D6C3C3F786D6C2076657273696F6E3D22312E302220656E636F64696E673D227574662D3822203F3E3C666F726D6174733E3C666F726D61743E687474703A2F2F736368656D612E
310
6175746F6465736B2E636F6D2F64657369676E2D7061636B6167652F323030393C2F666F726D61743E3C2F666F726D6174733E504B0304140006080800B670623BD486FD9CA0000000F4000000130000005B436F6E74656E745F54797065735D2E786D6C7D8EC10E82300C865F65E91D8A1E8C310C0EEA1BF002731658846E
310
D98AC1B77784ABF1D8FE5FBFBF75BBCE937A534CCEB38643598122B6FEE978D0B0485F9C41B54DDD7D022595594E1A469170414C76A4D9A4D207E29CF43ECE46F218070CC6BECC4078ACAA135ACF422C856C0E68EA1BF5669944DDD7BCDE7B1F8E415D77AECB980613C2E4AC91FC167A2B244592486606FC29C8FD7F045B9A
310
EF7053A7E60B504B0304140006080800B670623BBC1638F5EC0000007C01000008000000636F72652E786D6C8D90416EC3201045AF82665B61836BE2D8C24471DB9CA01740401C94182C03558F5F9C3852BBEB6A467FFE9B197D7EF89E6EE8CB2CC17AD7032D0820E394D7D68D3DA478C67B4007C117EFE32F1B202727D3C3
310
2A83E0E3E2D3BC49CABB685CCCAAF3DA6CA20CC14440EA969B1E82BA98491632C5EC08D76296EA2A4753D06797E194AC468F2356E77DF66CCD02825543D50CACC62D39ED70FDC68EB8FD68F6F8787A6784342D1DDA1D2F5758F068A7E77DB518198D065111D2624A31A93E69DD11D6D5EC85EC3B4278B9DAFF4069D6FF8492
310
75F1B5DADE7D600104CD8FDC0782976B16B9DC83CA75CD4DFC00504B0304140006080800B670623B55019EA25F0000007C00000007000000636E782E786D6C4DCB3B0E80201045D1AD90E915ED2CF8AC45050C11660C8261F98AB1B07AC9C97D42D718D865D3E909258CFD00CCE24AC6E326A164D74DC0B4128928FF326038
310
472BA13128B1252AC747C6BAB984FC68F0B87FE8960A5C09FE86CFB69FBA01504B0304140006080800B670623B3586FFB671010000D40300000C0000006662782F636F72652E786D6CC553ED6E8320147D15C2DF4541A76D6D90A6DDD627D80B50A4CE54C120983EFEAE1F4DD7A55BBA5FF3879273EEE59E7310B6393735EA
310
95ED2AA3731C851423A5A5292A5DE6D8BB63B0C268C39935C67D29C3488B46E578803167A535BE9D2169B453DA01AA4DA16650749D7218C91A1639EEE4876A4428BC838AEE14B6429E44A9C228041AEA38EB9C0501681A32BC313F1ECE8C4C3867DE57C5CC56054CAB8E95B298A7F12E5EEED224C8E87E11242FE936C8DE96
310
AB60BB7F4D295D66D12E5B30323473E6AAE6A24E5A259C2A308F29CD82280A68FC1E256B9AAE93F489AED694323294DF34F9B678B0C957DA3DC7B3DCA9ADC33C022123F1CD2D44E450277AD04338234388F01913BE0D1A0281909D38D4171F27807A259DB1093085F157AA17B557309586747CD0CF0B46A64E983A6E0EAEEF
310
CE881F9EF1FB8E70D44297604238581EBC1B74B249C31C5AAB6CD0BB33D2C636A27ECCC62F0EFF445DC5DF95244D6DEC7F2922F30191F9F720C37DE49F504B0304140006080800B670623B4220A0FF7D0000009D0000000B0000006662782F636E782E786D6C4DCCD10A83201886E15B91FFDCE542CB0335D0EC3E6259C84A
310
C3E9D8E5AF46073BFAE0E1E315DD675BD1DBA5978F41C2FD4600B9F088930F8B849267CC01754AA418F3DF0D50183727E164506249B1EC174D6E1ECB9A0F5D7D785E68DB8151CD286E5A5363CA6B8A39E90D36D40E96B086F55A43A544F52B1D7B86D517504B0304140006080800B670623B2FA3FEDE290100001202000031
310
0000006662782F45374635344235342D363743322D343832342D383044432D4334454645303536354442422F636F72652E786D6C8D515B6EC32010BC0AE22B55850D2E386E848994D7097A0117488A1283C5A3CAF10BB523B57FF961D1ECCCECC0F2ED7DBC816FED8371B687A4C210682B9D32F6D2C314CFA883602BB8772E
310
FEA141608751F7B0C050F08B77695A20E96CD43666D43AA5177008414708E42D5F7A18E4971E876A483133C2B59A06791D2EBA22556E679EE021FA1C00CC43CA09C5717D6274C7286AD7FB06D1AEA1A8C3873DDAD3E3E98859CB0EBB1DAF67A1E02919B5C88DCA71CCD968FFAC49110B1ECDF8882FBD1EA256503418BF2342
310
106E3E08DD60B6A1EC15771B8C795DE8FF4469524F8A92B1F1AD59E2CEB20005E1F5DC105CB9F4797B84D1F7C9F908CABC55D0F2050A5C61CC1AD2F27A26E6E767C7962E8E213A9FBF7775FDCC5CC266DB960A5E970DE5F2BBBE5CCB36C50F504B0304140006080800B670623B1B8617914E01000033030000300000006662
310
782F45374635344235342D363743322D343832342D383044432D4334454645303536354442422F636E782E786D6CD593C16EC32010447F0571AD6CE3D489D20813A9877E410FBD62D82434182CC055F3F75D1292E692438FBD206B7698593D61BEFD1E2DF982108D773D6D6B460938E5B571FB9ECE6957AD29D90A1EBC4F77
310
364A9C1CA1A759A682EF839FA72269D8C9D92654AD71C72206887E0E0A22CAF926B15E498B01E0AA19451807D01A34B919F16B070157417138917400F2F6FA41FCF0092A45DEE414C19BDC21783E4BD39D891265658C3D8DEA00A3ACE59CBC8678ACB54CB26EEB6BD7839D7E9348BE70AD9C8321B9BCA7F9A4A26C542347DE
310
E050F09802D22BA6749A800A394DD62899107273365E3C82CFC6A55557BC06C10774B7ABE7AEC3B0F34CF06446280E154026D0542C187BA9DAB6628BF7B6DBB0E5A65B3EB1F58631DE64BBE083F7B65CC218087E22CABB042E51D1F2268F1FE12B3EA24D40D63E9CFE00120194D60B9D5BC67FE6D39CDF37E20AF817881F50
310
4B0304140006080800B670623B29652116630500003C100000340000006662782F45374635344235342D363743322D343832342D383044432D4334454645303536354442422F6F626A656374732E786D6CAD575D739B3814FD2B0CFB0C989834C90EA1639B24E3E9A6EDD4D3CE3E64C623834CD8006224913AFDF57B040203
310
B65BEF871F0C12D2FD3CF7E8CA7FBFCB33E3957291B2E2D674ED8969D02262715A24B76625B7D6B569BC0F7CCE98EC2D338D82E4F4D654D366E0279C55A59E8AE99654991CCDDECFFF3444440B6A1A514684B83545F44C7362934AB2988A173B2692D8C97667BB76B3702836E1A47C1E092D09A78584A5982F20C5688C7287
310
C389E904BEA3BE07BEFAD7ABA6A75739B53F43FD69212429A20365233153D70BEF2E2E6FAC4BCF9B5ADEBB0BD79ADFCF43CBBD9A4E16EF168B9BD9DD0D140BC921495BC2E9D60C1E101B9E46BED37CEA2CD6861F3329624541A3DA7F7858DBAC25C6B4A4458C3CA654405BCFEBC970E8AAD8F43E4FD558ABEC4F9FE7557F47
310
4F506B7BFBEC5BCA367FC105710E2AB8A00A554D7CB4A30DFE26FBA86D18CBF4B75418399194A72433B274C3097F33032C554B027F2046A1932B842B0FCCC0DDCBEBDB8AD2F835768F59B9ADB24C41D30C6A64AF817F2A456D59FA83F2E3DA60137255A585BCD60EC9B7929AC18DEFD49381AF1ED30BFDB109A4B1CD488294
310
C3CDE6EBC8D185AABD6568061FEE37BB95AAC7E3CA4BCE4ACAA5820FA0D526AE7DAA2869B5EE5999531BE0CC20E6FBA07C41E43FA27CF7A6206F3CDD793B4F6B919C1462CB788EDCD893FA674CDA17AB7B3B7C019F8D561FAEE966FED562DFE98C1D12C6A9FC015C2A35D7FF3D7FC398F591DA4B5FE0BFA2C0189FEA50AE22
310
92817A1ED3020951A03432862970F976B33383259812CC8E5D240BBA801CBCF8CE2BBEE3BF910DB6AAD5F79E05123AE2DB33981FB1ACCB02B69D00CB014FD68AB573A7627EF9BFD4CC2C5C7D58557C4B22FAA88925A4DBB44825CECE3D78FB060D1231F0E885BE7D673C86A3874958F593906B5502D1563157814FDAC3420D
310
F69A070A22EC4B98E23CFF171A1E5311D12C23056555ABA53B8614563B92D17D02AAB009E8F46284624E5F53D5490C560CCCC2591FF1B45421EB0EBD8EA7ED13BE7C5D7E0428CD60FEF60779EB13E6664FF711CB185F6FDED60D139A001FF60CD1FD6D086F1D51474901E26B2CB794A343BC8ED3EDB612E0DD2351FCB65CF4
310
33D511C9E14B5B40ADC6A6263DB0336A8F700DDF56271A024E70B0B3629DE21847591E55DED73D56206AB927E46FAABC5C939C55853C274C93D69FD6FA4E78BF8B11DF898C9ECD60553FAD39283BA6F18984AA23E8884F83F45C5F5F859797B31B2B9C84A1E5B9DE9D35BFF25C6B76152E422F9C5DCC3D847F5801ED09D5AF
310
41441327A25FF15487F9EB725FB666F048A4701E9A827292E6F97569A32DF61DEC01C0BB8DCBBCCC684E0B49147C1FD54BF685A0AB18C868E6973949E819523E3DAC463660E68C7D9F55A9D1EFA3BD7A76A16AE1A810F95CE59B82A4D968A376DC2E8B44BBDD86B27B368CDE0ED548C7137DA860591A83706223A12CA712B4
310
7306DBF39C0A20A6DF95C7FAF670C6EED7A61F946493D1D6926782963813403548A78AE470DEF80D2D9CEAA26E4D1C76F60BFE74219A06527D6B82DF641A51616F703CAAC6A7160E08A00BEB4810A0274592A1B36E3675E36E978A0DE80727A0D6DF2D39A75BD27E0D8837276589537B40ABB56D5A41F48F1C6FCD3188C4EB
310
A6929D2FFB89CE995A4D00AE813BDD032DC48B56BD437DFDDC2DD7AED70C2272D63DE9A72068A45A92F0A4BE17A8A06B9366E16707AD80B1FC649459952097E74BB23805982B55E0401150A165964402AA8BDF9F3E7386BB686EDCA780C0D382E5392BF460A6EFB2C6EA1937D3F809B440D5F5435C4C5CF7A9EEFAF54564BD
310
2182DA24162F98680B4E7930C21A0079709CEAEB99A372305ABE0C0D7D6078105A83F6A0296DAEE1068A47DD1C55A9F4C9B2FC69E3EFD44B81028E963DF81B504B0304140006080000B670623B000000000000000000000000350000006662782F45374635344235342D363743322D343832342D383044432D433445464530
310
3536354442422F76657274696365732E62696E504B0304140006080800B670623BF270F1330600000004000000360000006662782F45374635344235342D363743322D343832342D383044432D4334454645303536354442422F747269616E676C65732E62696E636660600000504B0304140006080000B670623B00000000
310
0000000000000000370000006662782F45374635344235342D363743322D343832342D383044432D4334454645303536354442422F617474726962757465732E62696E504B0304140006080800B670623B08DA0BD19000000041010000360000006662782F45374635344235342D363743322D343832342D383044432D4334
310
454645303536354442422F6469726563746F72792E786D6C858F410AC3201045AF22B36F53E9A60B35CBEEBAE80D244E44489C6234F4F835464A48035D0DF398FF9F8AF63D0E6CC63039F212F8F9020C7D47C6792B21C5FE7403D62A1188E2E60C98D7234A5830286103A55745067B9D86B8A3CF9C7F90C11DE607FB144396
310
D7B6A82D282E9A152AD114D5EF2CB866EEE831B8EEA07A7BB5A8D7D61A2BAAEB7FD5F70921FF497D00504B0304140006080800B670623B6378F24DFF000000A00100003B0000006662782F45374635344235342D363743322D343832342D383044432D4334454645303536354442422F7265736F75726365732F636F72652E
310
786D6C8D504B6E833010BD0A9A6D65B0094E42641C85B639412F6099496225D8C89FAAC7AF09546A77DDCC8CDE47F3F4C4F16B7C149FE88371B603565228D06A37187BED20C50BD9437194C23B177FC9A0B06AC40E6618A4B87A97A615D2CE46B431A3D60DB8822A048C50E8473E3A08FA86A32A558A5911EEE5A4F45D5DB1
310
6465A6B34E8A107D0E502C4FE609D26370C96B0CA25A58295232C3AA3143FE692E063D485EF7F5AEE71BD2D2F39634AFFC44DAF7DD9E9CCE6F9CD25DCBFA762BAAD92C4534E34F46ED51451C40D694B6843142EB0FD61C283F34FC85EE0F948A6A96FF31A569F8A729191B37F51A77B105902C0779125254735F793DCBCC7B
310
EE567E03504B010214000A0000080000B670623B3DEE336E79000000790000001B00000000000000000000000000000000006175746F6465736B2D64657369676E2D7061636B6167652E786D6C504B01021400140006080800B670623BD486FD9CA0000000F40000001300000000000000000000000000B20000005B436F6E
310
74656E745F54797065735D2E786D6C504B01021400140006080800B670623BBC1638F5EC0000007C010000080000000000000000000000000083010000636F72652E786D6C504B01021400140006080800B670623B55019EA25F0000007C000000070000000000000000000000000095020000636E782E786D6C504B010214
310
00140006080800B670623B3586FFB671010000D40300000C00000000000000000000000000190300006662782F636F72652E786D6C504B01021400140006080800B670623B4220A0FF7D0000009D0000000B00000000000000000000000000B40400006662782F636E782E786D6C504B01021400140006080800B670623B2F
310
A3FEDE290100001202000031000000000000000000000000005A0500006662782F45374635344235342D363743322D343832342D383044432D4334454645303536354442422F636F72652E786D6C504B01021400140006080800B670623B1B8617914E010000330300003000000000000000000000000000D2060000666278
310
2F45374635344235342D363743322D343832342D383044432D4334454645303536354442422F636E782E786D6C504B01021400140006080800B670623B29652116630500003C10000034000000000000000000000000006E0800006662782F45374635344235342D363743322D343832342D383044432D4334454645303536
310
354442422F6F626A656374732E786D6C504B01021400140006080000B670623B0000000000000000000000003500000000000000000000000000230E00006662782F45374635344235342D363743322D343832342D383044432D4334454645303536354442422F76657274696365732E62696E504B01021400140006080800
310
B670623BF270F13306000000040000003600000000000000000000000000760E00006662782F45374635344235342D363743322D343832342D383044432D4334454645303536354442422F747269616E676C65732E62696E504B01021400140006080000B670623B0000000000000000000000003700000000000000000000
310
000000D00E00006662782F45374635344235342D363743322D343832342D383044432D4334454645303536354442422F617474726962757465732E62696E504B01021400140006080800B670623B08DA0BD190000000410100003600000000000000000000000000250F00006662782F45374635344235342D363743322D34
310
3832342D383044432D4334454645303536354442422F6469726563746F72792E786D6C504B01021400140006080800B670623B6378F24DFF000000A00100003B00000000000000000000000000091000006662782F45374635344235342D363743322D343832342D383044432D4334454645303536354442422F7265736F75
310
726365732F636F72652E786D6C504B0506000000000E000E0080040000611100000000
  0
XRECORD
  5
18A
102
{ACAD_REACTORS
330
110
102
}
330
110
100
AcDbXrecord
280
     1
 70
     0
 90
1778669749
  1
9BF507EE-FAF7-4A99-A33D-4EE51894BC40
310
504B03040A0000080000B670623B3DEE336E79000000790000001B0000006175746F6465736B2D64657369676E2D7061636B6167652E786D6C3C3F786D6C2076657273696F6E3D22312E302220656E636F64696E673D227574662D3822203F3E3C666F726D6174733E3C666F726D61743E687474703A2F2F736368656D612E
310
6175746F6465736B2E636F6D2F64657369676E2D7061636B6167652F323030393C2F666F726D61743E3C2F666F726D6174733E504B0304140006080800B670623BD486FD9CA0000000F4000000130000005B436F6E74656E745F54797065735D2E786D6C7D8EC10E82300C865F65E91D8A1E8C310C0EEA1BF002731658846E
310
D98AC1B77784ABF1D8FE5FBFBF75BBCE937A534CCEB38643598122B6FEE978D0B0485F9C41B54DDD7D022595594E1A469170414C76A4D9A4D207E29CF43ECE46F218070CC6BECC4078ACAA135ACF422C856C0E68EA1BF5669944DDD7BCDE7B1F8E415D77AECB980613C2E4AC91FC167A2B244592486606FC29C8FD7F045B9A
310
EF7053A7E60B504B0304140006080800B670623BCA089DFFEC0000007C01000008000000636F72652E786D6C8D90416E83301045AF62CDB632D8402020E32882F604BD80653BC44AB011B6AB1EBF262152BBEB6A467FFE9B197D76FA9EEFE84BAFDE38DB03CD08206DA553C64E3DC470C1474027CE56E7C22F1B202B66DDC3
310
260367D3EAE2B24BD2D9A06D48AA754AEFA2F05E0740F29E9A1EBCBCEA59642286E4F0B76C11F226269DD15797E0188D42CF2346A57DE662F40ABCAEC77628C6120F654571D50C04B7F5B9C1E3997CD4F550BE3745C3F20DE62C98F9755FAE5A04AD801784B498524C8A4F5A75E4D055873772EC0861F966FF03C545FD138A
310
C686B2D8DF7D621E384D8F3C069CE55B16A93C824A75CB8DFF00504B0304140006080800B670623B55019EA25F0000007C00000007000000636E782E786D6C4DCB3B0E80201045D1AD90E915ED2CF8AC45050C11660C8261F98AB1B07AC9C97D42D718D865D3E909258CFD00CCE24AC6E326A164D74DC0B4128928FF326038
310
472BA13128B1252AC747C6BAB984FC68F0B87FE8960A5C09FE86CFB69FBA01504B0304140006080800B670623B68FC0B7272010000D40300000C0000006662782F636F72652E786D6CC5535B6E833010BC8AE5DF0A6C1E8124328E22D29EA01770C0A128602363A31CBFCB234A53A555FA553EC09AD9F5CE8C31DB5DDA060D
310
D2F4B556190E7C8A9154852E6B5565D8D993B7C668C799D1DA7E29C3488956667884316795D1AE5BA0422B2B950554E9522EA0E87B69312A1A5864B82F3E642B7CE12C54F467BF13C55954D20F7CA0A18EB3DE1A1080E621E31BF3D3F1C2C88C73E65C5D2E6C5DC2B4FA544B8379921C36797888BC3C8A032F4E73EA6D927D
310
EA1DF6F42D49F2E8350D5346C666CE6CDD5ED515460A2B4BCC434A375E1078347C0FE22D5D6DE3D50B5D6F2965642CBF6B725DF96493AB958DC245EEDCD6631E809089F8E61622B2A81703E8219C913144F84C09DF070D8140C8561C9BAB8F3340832CAC363130A576376A108D933095FA747AD0CF0B46E64E983A6D0EAE1F
310
CE089F9EF1FB8E70D44255604258581E9D1D75B259C3125A278D37D80B52DAB4A279CEC62F0EFF44DDC43F9454E8469BFF5244960322CBEF41C6FBC83F01504B0304140006080800B670623B0F71DDB67E0000009D0000000B0000006662782F636E782E786D6C4DCCD10A83201886E15B91FFDCA54DB73F502386BB8F5816
310
32D3703976F9ABD1C18E3E78F87855FB990379BBFCF2296AE02706C4C5471A7C9C349475A408A4352AA7B4FEDD80C47E761A7606A3A69CCA72D0E0C6BE8475D3E0E3F3409428EA6B27A84079A782899AA2EC1A7AE3ECCC2FD858CB2D544655BFD2B67BD87C01504B0304140006080800B670623BE134B4FB28010000120200
310
00310000006662782F38353834323741342D343835462D343034322D383541392D4331303331363839454531452F636F72652E786D6C8D515B6EC32010BC0AE22B55850D0EA424C24451959EA0172086A42831583CAA1CBF503B52FB971F16CDCECC0EACD8DFC71BF836215AEF7A481A0C817183D7D65D7A98D3197108F652
310
04EFD31F1A044E8DA6871586525C82CFD3020DDE25E352419DD76601558C264130DCCAA58771F832A36A544E8511AFCDA486ABBA988634A55D7852C4144A00300FA927949C71DABD1D28A29C7D208A6987383B6CD13BC16BB2E1DBE3911C453B0BA5C8D9EA456E758963CFD684674DAA588A64C747FC2118958C86B2C3788B
310
0841B8FB247487D98EB257CC77188BB6D2FF89F2A49F1465EBD2BA5BE2CEB2082511EDDC9042FB7CBA3DC298FBE4430275DE2A9AE1054ADC60CC08E3A29D89E5F9C5714317C7987C28DFBBBA9E0A97B0D97643A568EB864AF95D5FA9759BF207504B0304140006080800B670623B1B8617914E010000330300003000000066
310
62782F38353834323741342D343835462D343034322D383541392D4331303331363839454531452F636E782E786D6CD593C16EC32010447F0571AD6CE3D489D20813A9877E410FBD62D82434182CC055F3F75D1292E692438FBD206B7698593D61BEFD1E2DF982108D773D6D6B460938E5B571FB9ECE6957AD29D90A1EBC4F
310
77364A9C1CA1A759A682EF839FA72269D8C9D92654AD71C72206887E0E0A22CAF926B15E498B01E0AA19451807D01A34B919F16B070157417138917400F2F6FA41FCF0092A45DEE414C19BDC21783E4BD39D891265658C3D8DEA00A3ACE59CBC8678ACB54CB26EEB6BD7839D7E9348BE70AD9C8321B9BCA7F9A4A26C542347
310
DEE050F09802D22BA6749A800A394DD62899107273365E3C82CFC6A55557BC06C10774B7ABE7AEC3B0F34CF06446280E154026D0542C187BA9DAB6628BF7B6DBB0E5A65B3EB1F58631DE64BBE083F7B65CC218087E22CABB042E51D1F2268F1FE12B3EA24D40D63E9CFE00120194D60B9D5BC67FE6D39CDF37E20AF817881F
310
504B0304140006080800B670623B5933D422630500003B100000340000006662782F38353834323741342D343835462D343034322D383541392D4331303331363839454531452F6F626A656374732E786D6CAD575B6FA33814FE2B887D0642934E9B156594264D158D3A534DD4D13E548A0C38942D60649B4EBABF7E3F8321
310
40924EF6928780CDF1B97EE762EFF32E4B8D37CA45C2F21BD3B547A641F39045491EDF98A5DC5AD7A6F1D9F73863B243661A39C9E88DA9B64DDF8B392B0BBD15D12D295339D85DDEFE618890E6D434C2940871638AF08566C426A5641115AF764424B1E3EDCE76ED9AB0CF36E6A47819302D08A7B984A6D8CFC1C5A89572FB
310
CB91E9F89EA3BEFB9EFAD754E3D3544E654F5F7E920B49F2F040D880CDD89D2CEE2E2EA7D6E56432B6269F2E5CEB7679BBB0DCABF168FE693E9FCEEEA6102C240727AD09A75BD3BF876F78127A4EFDA9D5582B7E4CA590E5390D2BFB6161A5B3E618D182E611E2985001691DAB47FDA5AB7CD3F93C566B2DB2BB7D9E55DD13
310
1D468DEECDB3AB290BFE8409E21C54704115AA6AFF68436BFC8DF65E0B184BF5B74418199194272435D224E084BF9B3E481589EFF5D828747285706581E9BB7B7E5D5D911ABFC6EE312DB7659A2A689A7E85EC0DF04FA5A8344BFEA2FCB834E8845895492EAFB541F2BDA0A63FF59C6AD3F7D4637CA13FD68E34B629891172
310
98597F1D183A57B9B75A98FE9765B05BAB7C3C2EBCE0ACA05C2AF8005A4DE09AA7F29216EB9E15397500C6F47CBE77CA7778FE2BD277AF0AE2C693DD6437D1522427B9D8329E2136F6A8FA19A3E6C56ADF0E5F50CF06D48734EDCEBF22F69C56D97EC138153F804B85E6FABFC7AFEFB32E523BE1F3BD372418E363EDCA7548
310
52949E8724474014288D94610BB57C1BEC4C7F854A89CA8E5324F55B871CBC78CE1BBEE3BFE68D6A5589EF3C730474506FCFA8FCF0659516D0ED04580EEA6425581B77CAE797FF4BCECC16EB2FEB926F49481F746159D06D922712BD730FDEAE42BD40F42C7AA5EF3F198F60E86110D6DD20645A9480B795CF95E3E3A659A8
310
C55E724F408873315335CFFB8584874484344D494E59D94869DB90C26A5B64F49C802CAC1D3ABE18A098D3B7444D123D8A9E5AE8F5214F0AE5B2B6E9B575DA3E61CBD3EA2B4009FA940524DD1305FB6A1FB294F14DF0BEA90BA109ECE1481FDC3FFAE8D60E75141700BE82725371B4873751B2DD960265F788137FACE6DD40
310
B575E4F0A5C99F46629D92131467A41EE11ABD8D4CCC039CA0AFB37C93A08B232B8F0AEFCA1E0A1015DF13FC83322B362463652ECF71D3A8B1A7D1BE65DE1D62C44F22C317D35F574FEB16153BA2D13E543D10A80E74C4A65E78A6B7CBCBD1D5DD9DB59C2DAFACC96C3AB566E3F1C29ADCDD5DBAD7D3C9ED7C822ED74F80A6
310
41755310DE4443F44A9E68373FADF6596BFA0F440AE7BECE2727AE9F4F2B1B53B1E7E00CF0DD1E5C65454A339A4BA2D0FBA05ED2EF0443458F47BDBFCA484CCFE0F2ED7E3DD0013B679C7B5499467F0ECEEADDB9CA85A34CE44B99053949D2C1416DB85DE4B136BB7165FBAC0B7AB3542BED4F8CA182A549847A1319316519
310
95A83A67147B9E5101C47487F2485F1ECE38FD568F839204296D3479219888530154036E6528FBFBC66F98E0D4107563A2D7D9AFF8D389681A08F58D89F22693900A3B407754734FC51C10C010D6D640809EE4718AC1BA3ED4AEDB53CA37283F68805A7E4B72CEB0A4EDEAD5DD8C14059A76AFAA56BA6901E13F32BC51C720
310
12AF41295B5BF61BAD3195181FB506E6B40F4C10AF5AF40EF9F5B159AE5DD1F43C72D635E94310D45C2D49785C5D0B94D3B54AB3C5A38349C0587D338AB48C11CBF339599C02CCA54A70A008A8D03C0B2201D5F9EFCF8F9CE12A9A19CB0410789EB32C63B95ECCF455D658BFE0621A3DA32C5075FB101723D77DAE867E7D0F
310
D90444509B44E2151B4DC2290B065803200FBAA9BE9D392A0603F2D5C2D00D6302A615680F66D2FA166E2079D4C551A54AB758161FCEFD4E450A14704CECFEDF504B0304140006080000B670623B000000000000000000000000350000006662782F38353834323741342D343835462D343034322D383541392D4331303331
310
363839454531452F76657274696365732E62696E504B0304140006080800B670623BF270F1330600000004000000360000006662782F38353834323741342D343835462D343034322D383541392D4331303331363839454531452F747269616E676C65732E62696E636660600000504B0304140006080000B670623B000000
310
000000000000000000370000006662782F38353834323741342D343835462D343034322D383541392D4331303331363839454531452F617474726962757465732E62696E504B0304140006080800B670623B08DA0BD19000000041010000360000006662782F38353834323741342D343835462D343034322D383541392D43
310
31303331363839454531452F6469726563746F72792E786D6C858F410AC3201045AF22B36F53E9A60B35CBEEBAE80D244E44489C6234F4F835464A48035D0DF398FF9F8AF63D0E6CC63039F212F8F9020C7D47C6792B21C5FE7403D62A1188E2E60C98D7234A5830286103A55745067B9D86B8A3CF9C7F90C11DE607FB1443
310
96D7B6A82D282E9A152AD114D5EF2CB866EEE831B8EEA07A7BB5A8D7D61A2BAAEB7FD5F70921FF497D00504B0304140006080800B670623BD9A3B367FE000000A00100003B0000006662782F38353834323741342D343835462D343034322D383541392D4331303331363839454531452F7265736F75726365732F636F7265
310
2E786D6C8D504B6E833010BD0A9A6D65B01D0201194711694FD00B586642AD043BF2A7EAF16B122AB5BB6E6646EFA3797AE2F8B5DC8A4FF4C1383B002B291468B59B8C9D0748F1420E501CA5F0CEC55F3228AC5A708015062966EFD27D83B4B3116DCCA875136EA00A012314FA968F0182FEC045952AC5AC08D7F2AEF455CD
310
58B232D3592745883E07289E4FD609D26370C96B0CA27AB252A464A64D63A6FCD35C0C7A904D73EE467EE664DCD58CD4ED4849D79C5A723ED1B7A61977AF2D6F45B59AA58866F9C9A83DAA8813484E6947182394BFB3BAA7FBBEDEBFD0434FA9A856F91F53BA4FFF342563E38E6F719FB60092E5200F428A6AED2BAF479979
310
AFDDCA6F504B010214000A0000080000B670623B3DEE336E79000000790000001B00000000000000000000000000000000006175746F6465736B2D64657369676E2D7061636B6167652E786D6C504B01021400140006080800B670623BD486FD9CA0000000F40000001300000000000000000000000000B20000005B436F6E
310
74656E745F54797065735D2E786D6C504B01021400140006080800B670623BCA089DFFEC0000007C010000080000000000000000000000000083010000636F72652E786D6C504B01021400140006080800B670623B55019EA25F0000007C000000070000000000000000000000000095020000636E782E786D6C504B010214
310
00140006080800B670623B68FC0B7272010000D40300000C00000000000000000000000000190300006662782F636F72652E786D6C504B01021400140006080800B670623B0F71DDB67E0000009D0000000B00000000000000000000000000B50400006662782F636E782E786D6C504B01021400140006080800B670623BE1
310
34B4FB280100001202000031000000000000000000000000005C0500006662782F38353834323741342D343835462D343034322D383541392D4331303331363839454531452F636F72652E786D6C504B01021400140006080800B670623B1B8617914E010000330300003000000000000000000000000000D3060000666278
310
2F38353834323741342D343835462D343034322D383541392D4331303331363839454531452F636E782E786D6C504B01021400140006080800B670623B5933D422630500003B10000034000000000000000000000000006F0800006662782F38353834323741342D343835462D343034322D383541392D4331303331363839
310
454531452F6F626A656374732E786D6C504B01021400140006080000B670623B0000000000000000000000003500000000000000000000000000240E00006662782F38353834323741342D343835462D343034322D383541392D4331303331363839454531452F76657274696365732E62696E504B01021400140006080800
310
B670623BF270F13306000000040000003600000000000000000000000000770E00006662782F38353834323741342D343835462D343034322D383541392D4331303331363839454531452F747269616E676C65732E62696E504B01021400140006080000B670623B0000000000000000000000003700000000000000000000
310
000000D10E00006662782F38353834323741342D343835462D343034322D383541392D4331303331363839454531452F617474726962757465732E62696E504B01021400140006080800B670623B08DA0BD190000000410100003600000000000000000000000000260F00006662782F38353834323741342D343835462D34
310
3034322D383541392D4331303331363839454531452F6469726563746F72792E786D6C504B01021400140006080800B670623BD9A3B367FE000000A00100003B000000000000000000000000000A1000006662782F38353834323741342D343835462D343034322D383541392D4331303331363839454531452F7265736F75
310
726365732F636F72652E786D6C504B0506000000000E000E0080040000611100000000
  0
CELLSTYLEMAP
  5
66FD
102
{ACAD_REACTORS
330
66FC
102
}
330
66FC
100
AcDbCellStyleMap
 90
        3
300
CELLSTYLE
  1
TABLEFORMAT_BEGIN
 90
        5
170
     1
 91
        0
 92
    32768
 62
   257
 93
        1
300
CONTENTFORMAT
  1
CONTENTFORMAT_BEGIN
 90
        0
 91
        0
 92
      512
 93
        0
300

 40
0.0
140
1.0
 94
        5
 62
     0
340
11
144
0.25
309
CONTENTFORMAT_END
171
     1
301
MARGIN
  1
CELLMARGIN_BEGIN
 40
0.06
 40
0.06
 40
0.06
 40
0.06
 40
0.18
 40
0.18
309
CELLMARGIN_END
 94
        6
 95
        1
302
GRIDFORMAT
  1
GRIDFORMAT_BEGIN
 90
        0
 91
        1
 62
     0
 92
       -2
340
0
 93
        0
 40
0.045
309
GRIDFORMAT_END
 95
        2
302
GRIDFORMAT
  1
GRIDFORMAT_BEGIN
 90
        0
 91
        1
 62
     0
 92
       -2
340
0
 93
        0
 40
0.045
309
GRIDFORMAT_END
 95
        4
302
GRIDFORMAT
  1
GRIDFORMAT_BEGIN
 90
        0
 91
        1
 62
     0
 92
       -2
340
0
 93
        0
 40
0.045
309
GRIDFORMAT_END
 95
        8
302
GRIDFORMAT
  1
GRIDFORMAT_BEGIN
 90
        0
 91
        1
 62
     0
 92
       -2
340
0
 93
        0
 40
0.045
309
GRIDFORMAT_END
 95
       16
302
GRIDFORMAT
  1
GRIDFORMAT_BEGIN
 90
        0
 91
        1
 62
     0
 92
       -2
340
0
 93
        0
 40
0.045
309
GRIDFORMAT_END
 95
       32
302
GRIDFORMAT
  1
GRIDFORMAT_BEGIN
 90
        0
 91
        1
 62
     0
 92
       -2
340
0
 93
        0
 40
0.045
309
GRIDFORMAT_END
309
TABLEFORMAT_END
  1
CELLSTYLE_BEGIN
 90
        1
 91
        1
300
_TITLE
309
CELLSTYLE_END
300
CELLSTYLE
  1
TABLEFORMAT_BEGIN
 90
        5
170
     1
 91
        0
 92
        0
 62
   257
 93
        1
300
CONTENTFORMAT
  1
CONTENTFORMAT_BEGIN
 90
        0
 91
        0
 92
      512
 93
        0
300

 40
0.0
140
1.0
 94
        5
 62
     0
340
11
144
0.18
309
CONTENTFORMAT_END
171
     1
301
MARGIN
  1
CELLMARGIN_BEGIN
 40
0.06
 40
0.06
 40
0.06
 40
0.06
 40
0.18
 40
0.18
309
CELLMARGIN_END
 94
        6
 95
        1
302
GRIDFORMAT
  1
GRIDFORMAT_BEGIN
 90
        0
 91
        1
 62
     0
 92
       -2
340
0
 93
        0
 40
0.045
309
GRIDFORMAT_END
 95
        2
302
GRIDFORMAT
  1
GRIDFORMAT_BEGIN
 90
        0
 91
        1
 62
     0
 92
       -2
340
0
 93
        0
 40
0.045
309
GRIDFORMAT_END
 95
        4
302
GRIDFORMAT
  1
GRIDFORMAT_BEGIN
 90
        0
 91
        1
 62
     0
 92
       -2
340
0
 93
        0
 40
0.045
309
GRIDFORMAT_END
 95
        8
302
GRIDFORMAT
  1
GRIDFORMAT_BEGIN
 90
        0
 91
        1
 62
     0
 92
       -2
340
0
 93
        0
 40
0.045
309
GRIDFORMAT_END
 95
       16
302
GRIDFORMAT
  1
GRIDFORMAT_BEGIN
 90
        0
 91
        1
 62
     0
 92
       -2
340
0
 93
        0
 40
0.045
309
GRIDFORMAT_END
 95
       32
302
GRIDFORMAT
  1
GRIDFORMAT_BEGIN
 90
        0
 91
        1
 62
     0
 92
       -2
340
0
 93
        0
 40
0.045
309
GRIDFORMAT_END
309
TABLEFORMAT_END
  1
CELLSTYLE_BEGIN
 90
        2
 91
        1
300
_HEADER
309
CELLSTYLE_END
300
CELLSTYLE
  1
TABLEFORMAT_BEGIN
 90
        5
170
     1
 91
        0
 92
        0
 62
   257
 93
        1
300
CONTENTFORMAT
  1
CONTENTFORMAT_BEGIN
 90
        0
 91
        0
 92
      512
 93
        0
300

 40
0.0
140
1.0
 94
        2
 62
     0
340
11
144
0.18
309
CONTENTFORMAT_END
171
     1
301
MARGIN
  1
CELLMARGIN_BEGIN
 40
0.06
 40
0.06
 40
0.06
 40
0.06
 40
0.18
 40
0.18
309
CELLMARGIN_END
 94
        6
 95
        1
302
GRIDFORMAT
  1
GRIDFORMAT_BEGIN
 90
        0
 91
        1
 62
     0
 92
       -2
340
0
 93
        0
 40
0.045
309
GRIDFORMAT_END
 95
        2
302
GRIDFORMAT
  1
GRIDFORMAT_BEGIN
 90
        0
 91
        1
 62
     0
 92
       -2
340
0
 93
        0
 40
0.045
309
GRIDFORMAT_END
 95
        4
302
GRIDFORMAT
  1
GRIDFORMAT_BEGIN
 90
        0
 91
        1
 62
     0
 92
       -2
340
0
 93
        0
 40
0.045
309
GRIDFORMAT_END
 95
        8
302
GRIDFORMAT
  1
GRIDFORMAT_BEGIN
 90
        0
 91
        1
 62
     0
 92
       -2
340
0
 93
        0
 40
0.045
309
GRIDFORMAT_END
 95
       16
302
GRIDFORMAT
  1
GRIDFORMAT_BEGIN
 90
        0
 91
        1
 62
     0
 92
       -2
340
0
 93
        0
 40
0.045
309
GRIDFORMAT_END
 95
       32
302
GRIDFORMAT
  1
GRIDFORMAT_BEGIN
 90
        0
 91
        1
 62
     0
 92
       -2
340
0
 93
        0
 40
0.045
309
GRIDFORMAT_END
309
TABLEFORMAT_END
  1
CELLSTYLE_BEGIN
 90
        3
 91
        2
300
_DATA
309
CELLSTYLE_END
  0
ENDSEC
  0
SECTION
  2
ACDSDATA
 70
     2
 71
     2
  0
ACDSSCHEMA
 90
        0
  1
AcDb_Thumbnail_Schema
  2
AcDbDs::ID
280
    10
 91
        8
  2
Thumbnail_Data
280
    15
 91
        0
101
ACDSRECORD
 95
        0
 90
        2
  2
AcDbDs::TreatedAsObjectData
280
     1
291
     1
101
ACDSRECORD
 95
        0
 90
        3
  2
AcDbDs::Legacy
280
     1
291
     1
101
ACDSRECORD
  1
AcDbDs::ID
 90
        4
  2
AcDs:Indexable
280
     1
291
     1
101
ACDSRECORD
  1
AcDbDs::ID
 90
        5
  2
AcDbDs::HandleAttribute
280
     7
282
     1
  0
ACDSSCHEMA
 90
        1
  1
AcDb3DSolid_ASM_Data
  2
AcDbDs::ID
280
    10
 91
        8
  2
ASM_Data
280
    15
 91
        0
101
ACDSRECORD
 95
        1
 90
        2
  2
AcDbDs::TreatedAsObjectData
280
     1
291
     1
101
ACDSRECORD
 95
        1
 90
        3
  2
AcDbDs::Legacy
280
     1
291
     1
101
ACDSRECORD
  1
AcDbDs::ID
 90
        4
  2
AcDs:Indexable
280
     1
291
     1
101
ACDSRECORD
  1
AcDbDs::ID
 90
        5
  2
AcDbDs::HandleAttribute
280
     7
282
     1
  0
ACDSSCHEMA
 90
        2
  1
AcDbDs::TreatedAsObjectDataSchema
  2
AcDbDs::TreatedAsObjectData
280
     1
 91
        0
  0
ACDSSCHEMA
 90
        3
  1
AcDbDs::LegacySchema
  2
AcDbDs::Legacy
280
     1
 91
        0
  0
ACDSSCHEMA
 90
        4
  1
AcDbDs::IndexedPropertySchema
  2
AcDs:Indexable
280
     1
 91
        0
  0
ACDSSCHEMA
 90
        5
  1
AcDbDs::HandleAttributeSchema
  2
AcDbDs::HandleAttribute
280
     7
 91
        1
284
     1
  0
ACDSRECORD
 90
        0
  2
AcDbDs::ID
280
    10
320
22
  2
Thumbnail_Data
280
    15
 94
     1848
310
89504E470D0A1A0A0000000D494844520000010000000084080300000048FA052E00000300504C5445212830FFFFFF2128300000000000000000000000000000000000000000000000000000330000660000990000CC0000FF0033000033330033660033990033CC0033FF0066000066330066660066990066CC0066FF0099
310
000099330099660099990099CC0099FF00CC0000CC3300CC6600CC9900CCCC00CCFF00FF0000FF3300FF6600FF9900FFCC00FFFF3300003300333300663300993300CC3300FF3333003333333333663333993333CC3333FF3366003366333366663366993366CC3366FF3399003399333399663399993399CC3399FF33CC00
310
33CC3333CC6633CC9933CCCC33CCFF33FF0033FF3333FF6633FF9933FFCC33FFFF6600006600336600666600996600CC6600FF6633006633336633666633996633CC6633FF6666006666336666666666996666CC6666FF6699006699336699666699996699CC6699FF66CC0066CC3366CC6666CC9966CCCC66CCFF66FF0066
310
FF3366FF6666FF9966FFCC66FFFF9900009900339900669900999900CC9900FF9933009933339933669933999933CC9933FF9966009966339966669966999966CC9966FF9999009999339999669999999999CC9999FF99CC0099CC3399CC6699CC9999CCCC99CCFF99FF0099FF3399FF6699FF9999FFCC99FFFFCC0000CC00
310
33CC0066CC0099CC00CCCC00FFCC3300CC3333CC3366CC3399CC33CCCC33FFCC6600CC6633CC6666CC6699CC66CCCC66FFCC9900CC9933CC9966CC9999CC99CCCC99FFCCCC00CCCC33CCCC66CCCC99CCCCCCCCCCFFCCFF00CCFF33CCFF66CCFF99CCFFCCCCFFFFFF0000FF0033FF0066FF0099FF00CCFF00FFFF3300FF3333
310
FF3366FF3399FF33CCFF33FFFF6600FF6633FF6666FF6699FF66CCFF66FFFF9900FF9933FF9966FF9999FF99CCFF99FFFFCC00FFCC33FFCC66FFCC99FFCCCCFFCCFFFFFF00FFFF33FFFF66FFFF99FFFFCCFFFFFF0000000D0D0D1A1A1A2828283535354343435050505D5D5D6B6B6B787878868686939393A1A1A1AEAEAEBB
310
BBBBC9C9C9D6D6D6E4E4E4F1F1F1FFFFFF0000000000000000000000000000000000000000000000000000000000002E4550F1000003F24944415478DAED9DCB96AC200C45F9FFBFBD8333EFB56E0906080F35209138E8D6EED2926D921390A873ED056A1727B3481D67FA6200A48EE3ED499B03C85A00869882B8BFD2D336
310
002B01889B485A0C0C8A32E301E0F2A52E6C8D0A81030154CDF68897C71AD7E419ED9F0200456BF7B2D101001E9630969100D64FDE26C400FE6CE163DAB1F2FBCC7F4D86DFF40672EC1FC506A71E40AA6D88DB05BA05461FB4CB207822A199085B189D63AF07207887DFFA3280E0202C0068B6803458FFAEA4FFCB5600A87C
310
7B93462AF44954C4D8FC7F0280BBC24ED61319541703720B7089EAF1C92E3229D40EE0CCFC4F31C7F9EDA81C4FBD0CE2C928D41764F02100EC6E01D8DC0254CBA00800DD32281104E53BBF0A55C064D064D064D064D064705B19D4DC1B34193419340BB03CC064D064D07A8316044D06CD024C064D064D06AD376841D064D0
310
2CC064D064D064D07A8316044D06CD02AECAA0DD1BACA8006E9EA40E00AEE902D57224FA3BB493D9636900ADDE206ADC92AA3B4F4017007707009D6D9D3171DF0390159F45D3CDF50100D22D74C4C9FBE566AB01602A47D19D2F1C3F7DC43B6BD07E876163E66200F2D2D9A6BF24C5670C00170A569602D05D397AA50629FF
310
34BC94AC05E09EDFA2E31C400A91A805A0D0D4D70064CECB568E469EDB1E1B011948F236E65075A61763C0B5CAD1DAF168ED550C8058C07A00F8940FA000C01F2F3CAC24310D786747D817AE5E73BD1A806AE528B2223CBA13D9278D2015357D1740BD703233DC9E78099A09060D781F8054E5284972938F16A0B7E3E65800
310
C8AE9D43114077E5685C8457683080D7015CD37A5F5B499F99807BA7D19D470EAE1EF7AD4157E5283A8600FA01600100D9D5C82A4719001003D055CC3F3108BA3C08B23D846703C1579FB732F829329706F3E0C4EE87866EE1DB41F0DA589628804E6F5AE9596282CF09EAF7A6B500D0DEE063175008E0DEA0E9C7003C95C1
310
ABDEB41A00B9FBA1E86BDB620044A705A197D3570138750026CD8B5A5A0667CC8B5A5C054464503300EC0D60EF20B8BD0ABC0200BBCB203ED91BBCF2A5FFBED81B546A01AFC820769741980A18801565103B0270D13DB43D019CB79377CC035E590C006000CC050C802C0065CB600BE899B63FE36542E557C1CD75013452C0
310
DB8322AD17CAA190658F0882BA5EB6374405F289CED5A9CFC8FA43F18CC1A209C1F5FD6B328067AF909A0B00AB5940F39590F700CC4E849EB84023706AB080A76F514BCFCD5C40C605F886AB90C168CAA90200F2162002C0B1966F7D8121A9F0722A501E6F1B6201A4DC85CBBC8A6BE52018654571A92CFD17BB717E814B0A
310
52F6ED0B8C0770BE51F70C64C90A6F0B51B42AFB455BC8990C3B54570DCA0394BE7C5DD802142E0640D605142E1D8DFB03B4CF1DB817E17EE30000000049454E44AE42608282
  0
ENDSEC
  0
EOF
