  0
SECTION
  2
HEADER
  9
$ACADVER
  1
AC1032
  9
$ACADMAINTVER
 90
       55
  9
$DWGCODEPAGE
  3
ANSI_1252
  9
$LASTSAVEDBY
  1
USTS-CP-L-44 - User
  9
$REQUIREDVERSIONS
160
                 0
  9
$INSBASE
 10
0.0
 20
0.0
 30
0.0
  9
$EXTMIN
 10
33.1602163847966
 20
61.28111003984236
 30
0.0
  9
$EXTMAX
 10
407.7134560772906
 20
275.482241347826
 30
0.8287124280195762
  9
$LIMMIN
 10
0.0
 20
0.0
  9
$LIMMAX
 10
12.0
 20
9.0
  9
$ORTHOMODE
 70
     1
  9
$REGENMODE
 70
     1
  9
$FILLMODE
 70
     1
  9
$QTEXTMODE
 70
     0
  9
$MIRRTEXT
 70
     0
  9
$LTSCALE
 40
1.0
  9
$ATTMODE
 70
     1
  9
$TEXTSIZE
 40
2.2
  9
$TRACEWID
 40
0.05
  9
$TEXTSTYLE
  7
ISOCP
  9
$CLAYER
  8
0
  9
$CELTYPE
  6
ByLayer
  9
$CECOLOR
 62
   256
  9
$CELTSCALE
 40
1.0
  9
$DISPSILH
 70
     0
  9
$DIMSCALE
 40
1.0
  9
$DIMASZ
 40
0.18
  9
$DIMEXO
 40
0.0625
  9
$DIMDLI
 40
0.38
  9
$DIMRND
 40
0.0
  9
$DIMDLE
 40
0.0
  9
$DIMEXE
 40
0.18
  9
$DIMTP
 40
0.0
  9
$DIMTM
 40
0.0
  9
$DIMTXT
 40
0.18
  9
$DIMCEN
 40
0.09
  9
$DIMTSZ
 40
0.0
  9
$DIMTOL
 70
     0
  9
$DIMLIM
 70
     0
  9
$DIMTIH
 70
     1
  9
$DIMTOH
 70
     1
  9
$DIMSE1
 70
     0
  9
$DIMSE2
 70
     0
  9
$DIMTAD
 70
     0
  9
$DIMZIN
 70
     0
  9
$DIMBLK
  1

  9
$DIMASO
 70
     1
  9
$DIMSHO
 70
     1
  9
$DIMPOST
  1

  9
$DIMAPOST
  1

  9
$DIMALT
 70
     0
  9
$DIMALTD
 70
     2
  9
$DIMALTF
 40
25.4
  9
$DIMLFAC
 40
1.0
  9
$DIMTOFL
 70
     0
  9
$DIMTVP
 40
0.0
  9
$DIMTIX
 70
     0
  9
$DIMSOXD
 70
     0
  9
$DIMSAH
 70
     0
  9
$DIMBLK1
  1

  9
$DIMBLK2
  1

  9
$DIMSTYLE
  2
Standard
  9
$DIMCLRD
 70
     0
  9
$DIMCLRE
 70
     0
  9
$DIMCLRT
 70
     0
  9
$DIMTFAC
 40
1.0
  9
$DIMGAP
 40
0.09
  9
$DIMJUST
 70
     0
  9
$DIMSD1
 70
     0
  9
$DIMSD2
 70
     0
  9
$DIMTOLJ
 70
     1
  9
$DIMTZIN
 70
     0
  9
$DIMALTZ
 70
     0
  9
$DIMALTTZ
 70
     0
  9
$DIMUPT
 70
     0
  9
$DIMDEC
 70
     4
  9
$DIMTDEC
 70
     4
  9
$DIMALTU
 70
     2
  9
$DIMALTTD
 70
     2
  9
$DIMTXSTY
  7
Standard
  9
$DIMAUNIT
 70
     0
  9
$DIMADEC
 70
     0
  9
$DIMALTRND
 40
0.0
  9
$DIMAZIN
 70
     0
  9
$DIMDSEP
 70
    46
  9
$DIMATFIT
 70
     3
  9
$DIMFRAC
 70
     0
  9
$DIMLDRBLK
  1

  9
$DIMLUNIT
 70
     2
  9
$DIMLWD
 70
    -2
  9
$DIMLWE
 70
    -2
  9
$DIMTMOVE
 70
     0
  9
$DIMFXL
 40
1.0
  9
$DIMFXLON
 70
     0
  9
$DIMJOGANG
 40
0.7853981633974483
  9
$DIMTFILL
 70
     0
  9
$DIMTFILLCLR
 70
     0
  9
$DIMARCSYM
 70
     0
  9
$DIMLTYPE
  6

  9
$DIMLTEX1
  6

  9
$DIMLTEX2
  6

  9
$DIMTXTDIRECTION
 70
     0
  9
$LUNITS
 70
     2
  9
$LUPREC
 70
     4
  9
$SKETCHINC
 40
0.1
  9
$FILLETRAD
 40
0.0
  9
$AUNITS
 70
     0
  9
$AUPREC
 70
     0
  9
$MENU
  1
.
  9
$ELEVATION
 40
0.0
  9
$PELEVATION
 40
0.0
  9
$THICKNESS
 40
0.0
  9
$LIMCHECK
 70
     0
  9
$CHAMFERA
 40
0.0
  9
$CHAMFERB
 40
0.0
  9
$CHAMFERC
 40
0.0
  9
$CHAMFERD
 40
0.0
  9
$SKPOLY
 70
     0
  9
$TDCREATE
 40
2460403.541990741
  9
$TDUCREATE
 40
2460403.312824074
  9
$TDUPDATE
 40
2461251.49031272
  9
$TDUUPDATE
 40
2461251.261146053
  9
$TDINDWG
 40
0.0
  9
$TDUSRTIMER
 40
0.0
  9
$USRTIMER
 70
     1
  9
$ANGBASE
 50
0.0
  9
$ANGDIR
 70
     0
  9
$PDMODE
 70
     0
  9
$PDSIZE
 40
0.0
  9
$PLINEWID
 40
0.0
  9
$SPLFRAME
 70
     0
  9
$SPLINETYPE
 70
     6
  9
$SPLINESEGS
 70
     8
  9
$HANDSEED
  5
8C52
  9
$SURFTAB1
 70
     6
  9
$SURFTAB2
 70
     6
  9
$SURFTYPE
 70
     6
  9
$SURFU
 70
     6
  9
$SURFV
 70
     6
  9
$UCSBASE
  2

  9
$UCSNAME
  2

  9
$UCSORG
 10
0.0
 20
0.0
 30
0.0
  9
$UCSXDIR
 10
1.0
 20
0.0
 30
0.0
  9
$UCSYDIR
 10
0.0
 20
1.0
 30
0.0
  9
$UCSORTHOREF
  2

  9
$UCSORTHOVIEW
 70
     0
  9
$UCSORGTOP
 10
0.0
 20
0.0
 30
0.0
  9
$UCSORGBOTTOM
 10
0.0
 20
0.0
 30
0.0
  9
$UCSORGLEFT
 10
0.0
 20
0.0
 30
0.0
  9
$UCSORGRIGHT
 10
0.0
 20
0.0
 30
0.0
  9
$UCSORGFRONT
 10
0.0
 20
0.0
 30
0.0
  9
$UCSORGBACK
 10
0.0
 20
0.0
 30
0.0
  9
$PUCSBASE
  2

  9
$PUCSNAME
  2

  9
$PUCSORG
 10
0.0
 20
0.0
 30
0.0
  9
$PUCSXDIR
 10
1.0
 20
0.0
 30
0.0
  9
$PUCSYDIR
 10
0.0
 20
1.0
 30
0.0
  9
$PUCSORTHOREF
  2

  9
$PUCSORTHOVIEW
 70
     0
  9
$PUCSORGTOP
 10
0.0
 20
0.0
 30
0.0
  9
$PUCSORGBOTTOM
 10
0.0
 20
0.0
 30
0.0
  9
$PUCSORGLEFT
 10
0.0
 20
0.0
 30
0.0
  9
$PUCSORGRIGHT
 10
0.0
 20
0.0
 30
0.0
  9
$PUCSORGFRONT
 10
0.0
 20
0.0
 30
0.0
  9
$PUCSORGBACK
 10
0.0
 20
0.0
 30
0.0
  9
$USERI1
 70
     0
  9
$USERI2
 70
     0
  9
$USERI3
 70
     0
  9
$USERI4
 70
     0
  9
$USERI5
 70
     0
  9
$USERR1
 40
0.0
  9
$USERR2
 40
0.0
  9
$USERR3
 40
0.0
  9
$USERR4
 40
0.0
  9
$USERR5
 40
0.0
  9
$WORLDVIEW
 70
     1
  9
$SHADEDGE
 70
     3
  9
$SHADEDIF
 70
    70
  9
$TILEMODE
 70
     1
  9
$MAXACTVP
 70
    64
  9
$PINSBASE
 10
0.0
 20
0.0
 30
0.0
  9
$PLIMCHECK
 70
     0
  9
$PEXTMIN
 10
1.049999952316284
 20
0.7999999523162842
 30
0.0
  9
$PEXTMAX
 10
9.44999957084656
 20
7.199999570846559
 30
0.0
  9
$PLIMMIN
 10
-0.2500002402958907
 20
-0.2499999962453767
  9
$PLIMMAX
 10
10.74999951940822
 20
8.249999763458733
  9
$UNITMODE
 70
     0
  9
$VISRETAIN
 70
     1
  9
$PLINEGEN
 70
     0
  9
$PSLTSCALE
 70
     1
  9
$TREEDEPTH
 70
  3020
  9
$CMLSTYLE
  2
Standard
  9
$CMLJUST
 70
     0
  9
$CMLSCALE
 40
1.0
  9
$PROXYGRAPHICS
 70
     1
  9
$MEASUREMENT
 70
     0
  9
$CELWEIGHT
370
    -1
  9
$ENDCAPS
280
     0
  9
$JOINSTYLE
280
     0
  9
$LWDISPLAY
290
     0
  9
$INSUNITS
 70
     4
  9
$HYPERLINKBASE
  1

  9
$STYLESHEET
  1
acadlt.ctb
  9
$XEDIT
290
     1
  9
$CEPSNTYPE
380
     0
  9
$PSTYLEMODE
290
     1
  9
$FINGERPRINTGUID
  2
{B3C17FDA-5D3E-0449-B746-50678B212CAE}
  9
$VERSIONGUID
  2
{1A59A356-BA20-455B-87A6-7DE3C0C0952D}
  9
$EXTNAMES
290
     1
  9
$PSVPSCALE
 40
0.0
  9
$OLESTARTUP
290
     0
  9
$SORTENTS
280
   127
  9
$INDEXCTL
280
     0
  9
$HIDETEXT
280
     1
  9
$XCLIPFRAME
280
     2
  9
$HALOGAP
280
     0
  9
$OBSCOLOR
 70
   257
  9
$OBSLTYPE
280
     0
  9
$INTERSECTIONDISPLAY
280
     0
  9
$INTERSECTIONCOLOR
 70
   257
  9
$DIMASSOC
280
     2
  9
$PROJECTNAME
  1

  9
$CAMERADISPLAY
290
     0
  9
$LENSLENGTH
 40
50.0
  9
$CAMERAHEIGHT
 40
0.0
  9
$STEPSPERSEC
 40
2.0
  9
$STEPSIZE
 40
6.0
  9
$3DDWFPREC
 40
2.0
  9
$PSOLWIDTH
 40
0.25
  9
$PSOLHEIGHT
 40
4.0
  9
$LOFTANG1
 40
1.570796326794897
  9
$LOFTANG2
 40
1.570796326794897
  9
$LOFTMAG1
 40
0.0
  9
$LOFTMAG2
 40
0.0
  9
$LOFTPARAM
 70
     7
  9
$LOFTNORMALS
280
     1
  9
$LATITUDE
 40
37.795
  9
$LONGITUDE
 40
-122.394
  9
$NORTHDIRECTION
 40
0.0
  9
$TIMEZONE
 70
 -8000
  9
$LIGHTGLYPHDISPLAY
280
     1
  9
$TILEMODELIGHTSYNCH
280
     1
  9
$CMATERIAL
347
96
  9
$SOLIDHIST
280
     0
  9
$SHOWHIST
280
     1
  9
$DWFFRAME
280
     2
  9
$DGNFRAME
280
     0
  9
$REALWORLDSCALE
290
     1
  9
$INTERFERECOLOR
 62
     1
  9
$CSHADOW
280
     0
  9
$SHADOWPLANELOCATION
 40
0.0
  0
ENDSEC
  0
SECTION
  2
CLASSES
  0
CLASS
  1
ACDBDICTIONARYWDFLT
  2
AcDbDictionaryWithDefault
  3
ObjectDBX Classes
 90
        0
 91
        3
280
     0
281
     0
  0
CLASS
  1
ACDBPLACEHOLDER
  2
AcDbPlaceHolder
  3
ObjectDBX Classes
 90
        0
 91
        1
280
     0
281
     0
  0
CLASS
  1
LAYOUT
  2
AcDbLayout
  3
ObjectDBX Classes
 90
        0
 91
        1
280
     0
281
     0
  0
CLASS
  1
DICTIONARYVAR
  2
AcDbDictionaryVar
  3
ObjectDBX Classes
 90
        0
 91
        3
280
     0
281
     0
  0
CLASS
  1
TABLESTYLE
  2
AcDbTableStyle
  3
ObjectDBX Classes
 90
     4095
 91
        3
280
     0
281
     0
  0
CLASS
  1
MATERIAL
  2
AcDbMaterial
  3
ObjectDBX Classes
 90
     1153
 91
        3
280
     0
281
     0
  0
CLASS
  1
VISUALSTYLE
  2
AcDbVisualStyle
  3
ObjectDBX Classes
 90
     4095
 91
        3
280
     0
281
     0
  0
CLASS
  1
SCALE
  2
AcDbScale
  3
ObjectDBX Classes
 90
     1153
 91
        3
280
     0
281
     0
  0
CLASS
  1
MLEADERSTYLE
  2
AcDbMLeaderStyle
  3
ACDB_MLEADERSTYLE_CLASS
 90
     4095
 91
        3
280
     0
281
     0
  0
CLASS
  1
CELLSTYLEMAP
  2
AcDbCellStyleMap
  3
ObjectDBX Classes
 90
     1152
 91
        3
280
     0
281
     0
  0
CLASS
  1
EXACXREFPANELOBJECT
  2
ExAcXREFPanelObject
  3
EXAC_ESW
 90
     1025
 91
        1
280
     1
281
     0
  0
CLASS
  1
NPOCOLLECTION
  2
AcDbImpNonPersistentObjectsCollection
  3
ObjectDBX Classes
 90
     1153
 91
        1
280
     1
281
     0
  0
CLASS
  1
LAYER_INDEX
  2
AcDbLayerIndex
  3
ObjectDBX Classes
 90
        0
 91
        3
280
     0
281
     0
  0
CLASS
  1
SPATIAL_INDEX
  2
AcDbSpatialIndex
  3
AutoCAD 2000
 90
        0
 91
        3
280
     0
281
     0
  0
CLASS
  1
IDBUFFER
  2
AcDbIdBuffer
  3
ObjectDBX Classes
 90
        0
 91
        3
280
     0
281
     0
  0
CLASS
  1
ACDBSECTIONVIEWSTYLE
  2
AcDbSectionViewStyle
  3
ObjectDBX Classes
 90
     1025
 91
        3
280
     0
281
     0
  0
CLASS
  1
ACDBDETAILVIEWSTYLE
  2
AcDbDetailViewStyle
  3
ObjectDBX Classes
 90
     1025
 91
        3
280
     0
281
     0
  0
CLASS
  1
ACAD_EVALUATION_GRAPH
  2
AcDbEvalGraph
  3
ObjectDBX Classes
 90
     1153
 91
        3
280
     0
281
     0
  0
CLASS
  1
ACAECUSTOBJ
  2
AcAeEditorObj
  3
AcAeEditorObj
 90
     1024
 91
        1
280
     1
281
     0
  0
CLASS
  1
ACDB_DYNAMICBLOCKPURGEPREVENTER_VERSION
  2
AcDbDynamicBlockPurgePreventer
  3
ObjectDBX Classes
 90
     1153
 91
        3
280
     0
281
     0
  0
CLASS
  1
SORTENTSTABLE
  2
AcDbSortentsTable
  3
ObjectDBX Classes
 90
        0
 91
        3
280
     0
281
     0
  0
CLASS
  1
SUN
  2
AcDbSun
  3
SCENEOE
 90
     1153
 91
        3
280
     0
281
     0
  0
CLASS
  1
RASTERVARIABLES
  2
AcDbRasterVariables
  3
ISM
 90
        0
 91
        3
280
     0
281
     0
  0
CLASS
  1
FIELD
  2
AcDbField
  3
ObjectDBX Classes
 90
     1152
 91
        3
280
     0
281
     0
  0
CLASS
  1
FIELDLIST
  2
AcDbFieldList
  3
ObjectDBX Classes
 90
     1152
 91
        3
280
     0
281
     0
  0
CLASS
  1
MENTALRAYRENDERSETTINGS
  2
AcDbMentalRayRenderSettings
  3
SCENEOE
 90
     1024
 91
        3
280
     0
281
     0
  0
ENDSEC
  0
SECTION
  2
TABLES
  0
TABLE
  2
VPORT
  5
8
330
0
100
AcDbSymbolTable
 70
     1
  0
VPORT
  5
8BA0
330
8
100
AcDbSymbolTableRecord
100
AcDbViewportTableRecord
  2
*Active
 70
     0
 10
0.0
 20
0.0
 11
1.0
 21
1.0
 12
10.43683623104374
 22
19.88167569383418
 13
0.0
 23
0.0
 14
0.5
 24
0.5
 15
0.5
 25
0.5
 16
0.0
 26
0.0
 36
1.0
 17
210.0
 27
148.5
 37
0.0
 40
218.4851539341433
 41
2.021186440677966
 42
50.0
 43
0.0
 44
0.0
 50
0.0
 51
0.0
 71
    16
 72
  1000
 73
     1
 74
     3
 75
     0
 76
     1
 77
     0
 78
     1
281
     0
 65
     1
110
0.0
120
0.0
130
0.0
111
1.0
121
0.0
131
0.0
112
0.0
122
1.0
132
0.0
 79
     0
146
0.0
348
9F
 60
     3
 61
     5
292
     1
282
     1
141
0.0
142
0.0
 63
   250
421
  3355443
361
8BA1
1001
ACAD_NAV_VCDISPLAY
1070
     3
  0
ENDTAB
  0
TABLE
  2
LTYPE
  5
5
330
0
100
AcDbSymbolTable
 70
     2
  0
LTYPE
  5
14
330
5
100
AcDbSymbolTableRecord
100
AcDbLinetypeTableRecord
  2
ByBlock
 70
     0
  3

 72
    65
 73
     0
 40
0.0
  0
LTYPE
  5
15
330
5
100
AcDbSymbolTableRecord
100
AcDbLinetypeTableRecord
  2
ByLayer
 70
     0
  3

 72
    65
 73
     0
 40
0.0
  0
LTYPE
  5
16
330
5
100
AcDbSymbolTableRecord
100
AcDbLinetypeTableRecord
  2
Continuous
 70
     0
  3
Solid line
 72
    65
 73
     0
 40
0.0
  0
LTYPE
  5
6A09
330
5
100
AcDbSymbolTableRecord
100
AcDbLinetypeTableRecord
  2
ACAD_ISO02W100
 70
     0
  3
ISO dash __ __ __ __ __ __ __ __ __ __ __ __ __
 72
    65
 73
     2
 40
15.0
 49
12.0
 74
     0
 49
-3.0
 74
     0
  0
ENDTAB
  0
TABLE
  2
LAYER
  5
2
102
{ACAD_XDICTIONARY
360
18E
102
}
330
0
100
AcDbSymbolTable
 70
     6
  0
LAYER
  5
10
330
2
100
AcDbSymbolTableRecord
100
AcDbLayerTableRecord
  2
0
 70
     0
 62
     7
  6
Continuous
370
    -3
390
F
347
98
348
0
  0
LAYER
  5
69FF
330
2
100
AcDbSymbolTableRecord
100
AcDbLayerTableRecord
  2
FUZEBLOCK.INSERT
 70
     0
 62
     7
  6
Continuous
370
    -3
390
F
347
98
348
0
  0
LAYER
  5
6A03
330
2
100
AcDbSymbolTableRecord
100
AcDbLayerTableRecord
  2
FUZEBLOCK.LAYER
 70
     0
 62
     7
  6
Continuous
370
    -3
390
F
347
98
348
0
  0
LAYER
  5
6A04
330
2
100
AcDbSymbolTableRecord
100
AcDbLayerTableRecord
  2
FUZEENDBLOCK.INSERT
 70
     0
 62
     7
  6
Continuous
370
    -3
390
F
347
98
348
0
  0
LAYER
  5
6A05
330
2
100
AcDbSymbolTableRecord
100
AcDbLayerTableRecord
  2
FUZEENDBLOCK.LAYER
 70
     0
 62
     7
  6
Continuous
370
    -3
390
F
347
98
348
0
  0
LAYER
  5
6A06
330
2
100
AcDbSymbolTableRecord
100
AcDbLayerTableRecord
  2
PPTC
 70
     0
 62
     7
  6
Continuous
370
    -3
390
F
347
98
348
0
1001
AcAecLayerStandard
1000

1000

1001
AcCmTransparency
1071
        0
  0
ENDTAB
  0
TABLE
  2
STYLE
  5
3
330
0
100
AcDbSymbolTable
 70
     3
  0
STYLE
  5
11
330
3
100
AcDbSymbolTableRecord
100
AcDbTextStyleTableRecord
  2
Standard
 70
     0
 40
0.0
 41
1.0
 50
0.0
 71
     0
 42
2.2
  3
arial.ttf
  4

1001
ACAD
1000
Arial
1071
       34
  0
STYLE
  5
398
330
3
100
AcDbSymbolTableRecord
100
AcDbTextStyleTableRecord
  2
ISOCP
 70
     0
 40
0.0
 41
1.0
 50
0.0
 71
     0
 42
2.2
  3
isocp.shx
  4

  0
STYLE
  5
6A10
330
3
100
AcDbSymbolTableRecord
100
AcDbTextStyleTableRecord
  2
isocp.shx
 70
     0
 40
0.0
 41
1.0
 50
0.0
 71
     0
 42
2.2
  3
isocp.shx
  4

  0
ENDTAB
  0
TABLE
  2
VIEW
  5
6
330
0
100
AcDbSymbolTable
 70
     0
  0
ENDTAB
  0
TABLE
  2
UCS
  5
7
330
0
100
AcDbSymbolTable
 70
     0
  0
ENDTAB
  0
TABLE
  2
APPID
  5
9
330
0
100
AcDbSymbolTable
 70
    27
  0
APPID
  5
12
330
9
100
AcDbSymbolTableRecord
100
AcDbRegAppTableRecord
  2
ACAD
 70
     0
  0
APPID
  5
DD
330
9
100
AcDbSymbolTableRecord
100
AcDbRegAppTableRecord
  2
AcadAnnoPO
 70
     0
  0
APPID
  5
DE
330
9
100
AcDbSymbolTableRecord
100
AcDbRegAppTableRecord
  2
AcadAnnotative
 70
     0
  0
APPID
  5
DF
330
9
100
AcDbSymbolTableRecord
100
AcDbRegAppTableRecord
  2
ACAD_DSTYLE_DIMJAG
 70
     0
  0
APPID
  5
E0
330
9
100
AcDbSymbolTableRecord
100
AcDbRegAppTableRecord
  2
ACAD_DSTYLE_DIMTALN
 70
     0
  0
APPID
  5
107
330
9
100
AcDbSymbolTableRecord
100
AcDbRegAppTableRecord
  2
ACAD_MLEADERVER
 70
     0
  0
APPID
  5
1A6
330
9
100
AcDbSymbolTableRecord
100
AcDbRegAppTableRecord
  2
ACAD_NAV_VCDISPLAY
 70
     0
  0
APPID
  5
284
330
9
100
AcDbSymbolTableRecord
100
AcDbRegAppTableRecord
  2
ACAD_EXEMPT_FROM_CAD_STANDARDS
 70
     0
  0
APPID
  5
29A
330
9
100
AcDbSymbolTableRecord
100
AcDbRegAppTableRecord
  2
AcDbDynamicBlockGUID
 70
     0
  0
APPID
  5
29B
330
9
100
AcDbSymbolTableRecord
100
AcDbRegAppTableRecord
  2
AcDbBlockRepETag
 70
     0
  0
APPID
  5
2D3
330
9
100
AcDbSymbolTableRecord
100
AcDbRegAppTableRecord
  2
ACAUTHENVIRON
 70
     0
  0
APPID
  5
2D6
330
9
100
AcDbSymbolTableRecord
100
AcDbRegAppTableRecord
  2
AcDbDynamicBlockTrueName
 70
     0
  0
APPID
  5
4C9
330
9
100
AcDbSymbolTableRecord
100
AcDbRegAppTableRecord
  2
ACAD_PSEXT
 70
     0
  0
APPID
  5
1940
330
9
100
AcDbSymbolTableRecord
100
AcDbRegAppTableRecord
  2
GradientColor2ACI
 70
     0
  0
APPID
  5
1FFC
330
9
100
AcDbSymbolTableRecord
100
AcDbRegAppTableRecord
  2
GradientColor1ACI
 70
     0
  0
APPID
  5
38D9
330
9
100
AcDbSymbolTableRecord
100
AcDbRegAppTableRecord
  2
AcAecLayerStandard
 70
     0
  0
APPID
  5
38DA
330
9
100
AcDbSymbolTableRecord
100
AcDbRegAppTableRecord
  2
GENIUS_GENODEF_13
 70
     0
  0
APPID
  5
38DB
330
9
100
AcDbSymbolTableRecord
100
AcDbRegAppTableRecord
  2
GENIUS_GENOBJ-N-CEN_13
 70
     0
  0
APPID
  5
38DC
330
9
100
AcDbSymbolTableRecord
100
AcDbRegAppTableRecord
  2
GENIUS_GENCEN_19
 70
     0
  0
APPID
  5
4593
330
9
100
AcDbSymbolTableRecord
100
AcDbRegAppTableRecord
  2
AcCmTransparency
 70
     0
  0
APPID
  5
6796
330
9
100
AcDbSymbolTableRecord
100
AcDbRegAppTableRecord
  2
Acad_TC
 70
     0
  0
APPID
  5
67AC
330
9
100
AcDbSymbolTableRecord
100
AcDbRegAppTableRecord
  2
AcDbDynamicBlockTrueName2
 70
     0
  0
APPID
  5
67AD
330
9
100
AcDbSymbolTableRecord
100
AcDbRegAppTableRecord
  2
AcDbBlockRepBTag
 70
     0
  0
APPID
  5
69F9
330
9
100
AcDbSymbolTableRecord
100
AcDbRegAppTableRecord
  2
HATCHBACKGROUNDCOLOR
 70
     0
  0
APPID
  5
69FA
330
9
100
AcDbSymbolTableRecord
100
AcDbRegAppTableRecord
  2
EZDXF
 70
     0
  0
APPID
  5
7AB4
330
9
100
AcDbSymbolTableRecord
100
AcDbRegAppTableRecord
  2
ACAD_SPLINE_DATA
 70
     0
  0
APPID
  5
7AB5
330
9
100
AcDbSymbolTableRecord
100
AcDbRegAppTableRecord
  2
ACAD_SPLINE_DATA2
 70
     0
  0
ENDTAB
  0
TABLE
  2
DIMSTYLE
  5
A
330
0
100
AcDbSymbolTable
 70
     1
100
AcDbDimStyleTable
  0
DIMSTYLE
105
27
330
A
100
AcDbSymbolTableRecord
100
AcDbDimStyleTableRecord
  2
Standard
 70
     0
 41
2.5
 42
0.625
 43
3.75
 44
1.25
 49
2.5
 73
     0
 74
     0
 77
     1
 78
     8
 79
     3
140
2.5
141
2.5
143
0.03937007874
147
0.625
171
     3
172
     1
178
     0
179
     2
271
     2
272
     2
274
     3
278
    44
283
     0
284
     8
340
11
  0
ENDTAB
  0
TABLE
  2
BLOCK_RECORD
  5
1
330
0
100
AcDbSymbolTable
 70
    12
  0
BLOCK_RECORD
  5
1F
102
{ACAD_XDICTIONARY
360
15D
102
}
330
1
100
AcDbSymbolTableRecord
100
AcDbBlockTableRecord
  2
*Model_Space
340
22
 70
     0
280
     1
281
     0
  0
BLOCK_RECORD
  5
58
330
1
100
AcDbSymbolTableRecord
100
AcDbBlockTableRecord
  2
*Paper_Space
340
59
 70
     0
280
     1
281
     0
  0
BLOCK_RECORD
  5
5D
330
1
100
AcDbSymbolTableRecord
100
AcDbBlockTableRecord
  2
*Paper_Space0
340
5E
 70
     0
280
     1
281
     0
  0
BLOCK_RECORD
  5
6A35
102
{ACAD_XDICTIONARY
360
6A36
102
}
330
1
100
AcDbSymbolTableRecord
100
AcDbBlockTableRecord
  2
FUZEENDBLOCK
340
0
102
{BLKREFS
331
8289
331
844C
331
8567
331
8571
331
8810
102
}
 70
     0
280
     1
281
     0
  0
BLOCK_RECORD
  5
6A48
102
{ACAD_XDICTIONARY
360
8974
102
}
330
1
100
AcDbSymbolTableRecord
100
AcDbBlockTableRecord
  2
Front_Contact
340
0
102
{BLKREFS
331
8450
331
8458
331
8461
331
8469
331
8486
331
848E
331
8496
331
849E
331
84B1
331
84B9
331
84C1
331
84C9
331
8815
331
881D
331
882C
331
8834
102
}
 70
     4
280
     1
281
     0
  0
BLOCK_RECORD
  5
6A77
330
1
100
AcDbSymbolTableRecord
100
AcDbBlockTableRecord
  2
CTR
340
0
102
{BLKREFS
331
8237
331
823C
331
8240
331
8245
331
8270
331
8275
331
8279
331
827E
331
8471
331
8476
331
84DD
331
84E2
331
84E6
331
84EB
331
84EF
331
84F4
331
84F8
331
84FD
331
8501
331
8506
102
}
 70
     4
280
     1
281
     0
1001
AcDbDynamicBlockGUID
1000
{D98DF382-C499-804D-8F9D-D42EB6DCC171}
  0
BLOCK_RECORD
  5
6B5D
330
1
100
AcDbSymbolTableRecord
100
AcDbBlockTableRecord
  2
FUZEBLOCK
340
0
102
{BLKREFS
331
856B
331
8575
331
884C
331
8B70
331
8C43
102
}
 70
     0
280
     1
281
     0
  0
BLOCK_RECORD
  5
6B72
102
{ACAD_XDICTIONARY
360
6B73
102
}
330
1
100
AcDbSymbolTableRecord
100
AcDbBlockTableRecord
  2
24PPTC
340
0
102
{BLKREFS
331
8570
331
857A
331
8851
331
8B75
331
8C48
102
}
 70
     4
280
     0
281
     0
1001
AcDbDynamicBlockGUID
1000
{90777C36-EEB0-9F49-AED9-E1BD26B6E866}
  0
BLOCK_RECORD
  5
840E
102
{ACAD_XDICTIONARY
360
89DE
102
}
330
1
100
AcDbSymbolTableRecord
100
AcDbBlockTableRecord
  2
Back_Contact
340
0
102
{BLKREFS
331
857E
331
858D
331
859C
102
}
 70
     4
280
     1
281
     0
  0
BLOCK_RECORD
  5
8758
102
{ACAD_XDICTIONARY
360
8B54
102
}
330
1
100
AcDbSymbolTableRecord
100
AcDbBlockTableRecord
  2
Relay_Coil
340
0
102
{BLKREFS
331
8825
331
883E
102
}
 70
     4
280
     1
281
     0
  0
BLOCK_RECORD
  5
88C1
330
1
100
AcDbSymbolTableRecord
100
AcDbBlockTableRecord
  2
FRONT_REPEATER
340
0
102
{BLKREFS
331
88CD
331
88D5
331
88DD
331
88E5
331
88ED
331
88F5
331
890D
331
8915
331
891D
331
8925
102
}
 70
     4
280
     1
281
     0
  0
BLOCK_RECORD
  5
8A1A
330
1
100
AcDbSymbolTableRecord
100
AcDbBlockTableRecord
  2
COIL_REPEATER
340
0
102
{BLKREFS
331
8A26
331
8A55
331
8AB3
331
8AE5
102
}
 70
     4
280
     1
281
     0
  0
BLOCK_RECORD
  5
8BD3
330
1
100
AcDbSymbolTableRecord
100
AcDbBlockTableRecord
  2
LCPR_FRONT
340
0
102
{BLKREFS
331
8BE1
331
8BEB
331
8BF5
331
8BFF
102
}
 70
     4
280
     1
281
     0
  0
BLOCK_RECORD
  5
8C2B
330
1
100
AcDbSymbolTableRecord
100
AcDbBlockTableRecord
  2
LCPR_BACK CONTACT
340
0
102
{BLKREFS
331
8C39
102
}
 70
     4
280
     1
281
     0
  0
ENDTAB
  0
ENDSEC
  0
SECTION
  2
BLOCKS
  0
BLOCK
  5
20
330
1F
100
AcDbEntity
  8
0
100
AcDbBlockBegin
  2
*Model_Space
 70
     0
 10
0.0
 20
0.0
 30
0.0
  3
*Model_Space
  1

  0
ENDBLK
  5
21
330
1F
100
AcDbEntity
  8
0
100
AcDbBlockEnd
  0
BLOCK
  5
5A
330
58
100
AcDbEntity
 67
     1
  8
0
100
AcDbBlockBegin
  2
*Paper_Space
 70
     0
 10
0.0
 20
0.0
 30
0.0
  3
*Paper_Space
  1

  0
ENDBLK
  5
5B
330
58
100
AcDbEntity
 67
     1
  8
0
100
AcDbBlockEnd
  0
BLOCK
  5
5F
330
5D
100
AcDbEntity
  8
0
100
AcDbBlockBegin
  2
*Paper_Space0
 70
     0
 10
0.0
 20
0.0
 30
0.0
  3
*Paper_Space0
  1

  0
VIEWPORT
  5
450A
102
{ACAD_XDICTIONARY
360
450B
102
}
330
5D
100
AcDbEntity
  8
0
100
AcDbViewport
 10
5.249999639556165
 20
3.999999883606678
 30
0.0
 40
21.46463496533181
 41
8.99299974576695
 68
     1
 69
     1
 12
5.249999639556165
 22
3.999999883606678
 13
0.0
 23
0.0
 14
10.0
 24
10.0
 15
10.0
 25
10.0
 16
0.0
 26
0.0
 36
1.0
 17
0.0
 27
0.0
 37
0.0
 42
50.0
 43
0.0
 44
0.0
 45
8.99299974576695
 50
0.0
 51
0.0
 72
  1000
 90
   557088
  1

281
     0
 71
     1
 74
     0
110
0.0
120
0.0
130
0.0
111
1.0
121
0.0
131
0.0
112
0.0
122
1.0
132
0.0
 79
     0
146
0.0
170
     0
 61
     5
348
9F
292
     1
282
     1
141
0.0
142
0.0
 63
   250
421
  3355443
  0
VIEWPORT
  5
450E
102
{ACAD_XDICTIONARY
360
450F
102
}
330
5D
100
AcDbEntity
  8
0
100
AcDbViewport
 10
5.249999761581422
 20
3.999999761581421
 30
0.0
 40
8.399999618530275
 41
6.399999618530274
 68
     2
 69
     2
 12
210.0
 22
148.5
 13
0.0
 23
0.0
 14
0.5
 24
0.5
 15
0.5
 25
0.5
 16
0.0
 26
0.0
 36
1.0
 17
0.0
 27
0.0
 37
0.0
 42
50.0
 43
0.0
 44
0.0
 45
322.5599954223631
 50
0.0
 51
0.0
 72
  1000
 90
   823904
  1

281
     0
 71
     1
 74
     0
110
0.0
120
0.0
130
0.0
111
1.0
121
0.0
131
0.0
112
0.0
122
1.0
132
0.0
 79
     0
146
0.0
170
     0
 61
     5
348
9F
292
     1
282
     1
141
0.0
142
0.0
 63
   250
421
  3355443
  0
ENDBLK
  5
60
330
5D
100
AcDbEntity
  8
0
100
AcDbBlockEnd
  0
BLOCK
  5
6A38
330
6A35
100
AcDbEntity
  8
FUZEENDBLOCK.LAYER
100
AcDbBlockBegin
  2
FUZEENDBLOCK
 70
     2
 10
0.0
 20
0.0
 30
0.0
  3
FUZEENDBLOCK
  1

  0
ATTDEF
  5
6A39
330
6A35
100
AcDbEntity
  8
0
100
AcDbText
 10
10.8500003814697
 20
2.249999999999943
 30
0.9999999999999999
 40
2.5
  1

  7
isocp.shx
 72
     1
 11
10.8500003814697
 21
3.499999999999943
 31
0.9999999999999999
100
AcDbAttributeDefinition
  3
Enter -ve Voltage
  2
VOLT
 70
     0
 74
     2
280
     0
 71
     1
 72
     0
 11
10.8500003814697
 21
3.499999999999943
 31
0.9999999999999999
  0
ATTDEF
  5
6A3A
330
6A35
100
AcDbEntity
  8
0
100
AcDbText
 10
10.8500003814697
 20
-5.25
 30
0.9999999999999999
 40
2.5
  1

  7
isocp.shx
 72
     1
 11
10.8500003814697
 21
-4.0
 31
0.9999999999999999
100
AcDbAttributeDefinition
  3
Enter Terminal Number
  2
FTOT
 70
     0
 74
     2
280
     0
 71
     1
 72
     0
 11
10.8500003814697
 21
-4.0
 31
0.9999999999999999
  0
POLYLINE
  5
6A3B
330
6A35
100
AcDbEntity
  8
0
100
AcDb3dPolyline
 66
     1
 10
0.0
 20
0.0
 30
0.0
 70
     8
  0
VERTEX
  5
6A3C
330
6A3B
100
AcDbEntity
  8
0
100
AcDbVertex
100
AcDb3dPolylineVertex
 10
3.0
 20
1.0
 30
0.0
 70
    32
  0
VERTEX
  5
6A3D
330
6A3B
100
AcDbEntity
  8
0
100
AcDbVertex
100
AcDb3dPolylineVertex
 10
0.0
 20
0.0
 30
0.0
 70
    32
  0
VERTEX
  5
6A3E
330
6A3B
100
AcDbEntity
  8
0
100
AcDbVertex
100
AcDb3dPolylineVertex
 10
3.0
 20
-1.0
 30
0.0
 70
    32
  0
SEQEND
  5
6A3F
330
6A3B
100
AcDbEntity
  8
0
  0
LINE
  5
6A40
330
6A35
100
AcDbEntity
  8
0
100
AcDbLine
 10
0.0
 20
0.0
 30
0.0
 11
21.75
 21
0.0
 31
0.0
  0
LWPOLYLINE
  5
6A41
330
6A35
100
AcDbEntity
  8
0
100
AcDbPolyline
 90
        2
 70
     1
 43
0.9999999999999999
 10
21.24999999999999
 20
0.0
 42
-1.0
 10
22.25
 20
0.0
 42
-1.0
  0
LWPOLYLINE
  5
6A42
330
6A35
100
AcDbEntity
  8
0
100
AcDbPolyline
 90
        2
 70
     1
 43
0.9999999999999999
 10
10.37499999999999
 20
0.0
 42
-1.0
 10
11.375
 20
0.0
 42
-1.0
  0
ENDBLK
  5
6A43
330
6A35
100
AcDbEntity
  8
FUZEENDBLOCK.LAYER
100
AcDbBlockEnd
  0
BLOCK
  5
8977
330
6A48
100
AcDbEntity
  8
0
100
AcDbBlockBegin
  2
Front_Contact
 70
     2
 10
0.0
 20
0.0
 30
0.0
  3
Front_Contact
  1

  4
Front contact for positive supply
  0
LWPOLYLINE
  5
8978
330
6A48
100
AcDbEntity
  8
0
 62
     0
100
AcDbPolyline
 90
        2
 70
     0
 43
0.0
 10
8.0
 20
0.0
 10
0.0
 20
0.0
  0
LWPOLYLINE
  5
8979
330
6A48
100
AcDbEntity
  8
0
 62
     0
100
AcDbPolyline
 90
        2
 70
     1
 43
0.75
 10
-0.375
 20
0.0
 42
1.0
 10
0.375
 20
0.0
 42
1.0
  0
LWPOLYLINE
  5
897A
330
6A48
100
AcDbEntity
  8
0
 62
     0
100
AcDbPolyline
 90
        3
 70
     0
 43
0.0
 10
8.75
 20
1.5
 10
8.0
 20
0.0
 10
7.250000000000114
 20
1.5
  0
ATTDEF
  5
897B
330
6A48
100
AcDbEntity
  8
0
100
AcDbText
 10
-1.717708333333333
 20
5.651014882706841
 30
0.0
 40
2.2
  1
S_NAME
  7
ISOCP
 72
     1
 11
4.0
 21
6.751014882706841
 31
0.0
100
AcDbAttributeDefinition
  3
Signal Name
  2
S_NAME
 70
     0
 74
     2
280
     0
 71
     1
 72
     0
 11
4.0
 21
6.751014882706841
 31
0.0
  0
ATTDEF
  5
897C
330
6A48
100
AcDbEntity
  8
0
100
AcDbText
 10
4.0
 20
1.969010017500659
 30
0.0
 40
2.2
  1

  7
ISOCP
 72
     1
 11
4.0
 21
3.069010017500659
 31
0.0
100
AcDbAttributeDefinition
  3
Relay Name
  2
R_NAME
 70
     0
 74
     2
280
     0
 71
     1
 72
     0
 11
4.0
 21
3.069010017500659
 31
0.0
  0
ATTDEF
  5
897D
330
6A48
100
AcDbEntity
  8
0
 62
     0
100
AcDbText
 10
0.0
 20
-3.7
 30
0.0
 40
2.2
  1

  7
ISOCP
 72
     1
 11
0.0
 21
-1.5
 31
0.0
100
AcDbAttributeDefinition
  3
ARM
  2
A
 70
     0
 74
     3
280
     0
 71
     1
 72
     0
 11
0.0
 21
-1.5
 31
0.0
  0
ATTDEF
  5
897E
330
6A48
100
AcDbEntity
  8
0
 62
     0
100
AcDbText
 10
8.0
 20
-3.7
 30
0.0
 40
2.2
  1

  7
ISOCP
 72
     1
 11
8.0
 21
-1.5
 31
0.0
100
AcDbAttributeDefinition
  3
FRONT
  2
F
 70
     0
 74
     3
280
     0
 71
     1
 72
     0
 11
8.0
 21
-1.5
 31
0.0
  0
ATTDEF
  5
897F
330
6A48
100
AcDbEntity
  8
0
100
AcDbText
 10
3.020974299058166
 20
-3.632201451073149
 30
0.0
 40
2.2
  1
C
  7
ISOCP
 72
     1
 11
3.788682632391499
 21
-2.532201451073149
 31
0.0
100
AcDbAttributeDefinition
  3
C
  2
C
 70
     0
 74
     2
280
     0
 71
     1
 72
     0
 11
3.788682632391499
 21
-2.532201451073149
 31
0.0
  0
ATTDEF
  5
8980
330
6A48
100
AcDbEntity
  8
0
100
AcDbText
 10
4.115690680427178
 20
8.577355645705177
 30
0.0
 40
2.2
  1

  7
ISOCP
 72
     1
 11
4.115690680427178
 21
9.677355645705177
 31
0.0
100
AcDbAttributeDefinition
  3
Relay Position
  2
R(POS)
 70
     0
 74
     2
280
     0
 71
     1
 72
     0
 11
4.115690680427178
 21
9.677355645705177
 31
0.0
  0
ATTDEF
  5
8981
330
6A48
100
AcDbEntity
  8
0
100
AcDbText
 10
4.146062317850868
 20
-6.12822649995802
 30
0.0
 40
2.0
  1

  7
ISOCP
 72
     1
 11
4.146062317850868
 21
-5.12822649995802
 31
0.0
100
AcDbAttributeDefinition
  3
WIRING_CNT
  2
WIRING
 70
     5
 74
     2
280
     1
 71
     1
 72
     0
 11
4.146062317850868
 21
-5.12822649995802
 31
0.0
  0
ATTDEF
  5
8982
330
6A48
100
AcDbEntity
  8
0
100
AcDbText
 10
4.448962317850867
 20
-9.861126499958022
 30
0.0
 40
2.0
  1

  7
ISOCP
 72
     1
 11
4.448962317850867
 21
-8.861126499958022
 31
0.0
100
AcDbAttributeDefinition
  3
DIRECTION OF CONTACT
  2
DOC
 70
     5
 74
     2
280
     1
 71
     1
 72
     0
 11
4.448962317850867
 21
-8.861126499958022
 31
0.0
  0
ENDBLK
  5
8983
330
6A48
100
AcDbEntity
  8
0
100
AcDbBlockEnd
  0
BLOCK
  5
6A78
330
6A77
100
AcDbEntity
  8
0
100
AcDbBlockBegin
  2
CTR
 70
     2
 10
0.0
 20
0.0
 30
0.0
  3
CTR
  1

  0
LWPOLYLINE
  5
6A79
330
6A77
100
AcDbEntity
  8
0
 62
     0
100
AcDbPolyline
 90
        2
 70
     1
 43
0.45
 10
-0.2250000000000227
 20
0.0
 42
1.0
 10
0.2250000000000227
 20
0.0
 42
1.0
  0
ARC
  5
6A7A
330
6A77
100
AcDbEntity
  8
0
 62
     0
100
AcDbCircle
 10
0.0000006207004047
 20
-0.0000000000001926
 30
0.0
 40
0.9999999999999999
100
AcDbArc
 50
89.99999999999999
 51
269.9999288729762
  0
ATTDEF
  5
6A7B
330
6A77
100
AcDbEntity
  8
0
100
AcDbText
 10
-2.520833333333333
 20
2.030550486234711
 30
0.0
 40
2.2
  1
CTR
  7
ISOCP
 72
     1
 11
0.0
 21
3.130550486234711
 31
0.0
100
AcDbAttributeDefinition
  3

  2
CTR
 70
     0
 74
     2
280
     0
 71
     1
 72
     0
 11
0.0
 21
3.130550486234711
 31
0.0
  0
ATTDEF
  5
6A7C
330
6A77
100
AcDbEntity
  8
0
 62
     0
100
AcDbText
 10
-1.537708333333333
 20
-4.2
 30
0.0
 40
2.2
  1
??
  7
ISOCP
 72
     1
 11
0.0
 21
-2.0
 31
0.0
100
AcDbAttributeDefinition
  3

  2
POS
 70
     0
 74
     3
280
     0
 71
     1
 72
     0
 11
0.0
 21
-2.0
 31
0.0
  0
ENDBLK
  5
6A7D
330
6A77
100
AcDbEntity
  8
0
100
AcDbBlockEnd
  0
BLOCK
  5
8B91
330
6B5D
100
AcDbEntity
  8
FUZEBLOCK.LAYER
100
AcDbBlockBegin
  2
FUZEBLOCK
 70
     2
 10
0.0
 20
0.0
 30
0.0
  3
FUZEBLOCK
  1

  0
ATTDEF
  5
8B92
330
6B5D
100
AcDbEntity
  8
0
100
AcDbText
 10
-12.91673290901051
 20
-1.150000000000002
 30
1.0
 40
2.5
  1

  7
isocp.shx
 72
     1
 11
-12.91673290901051
 21
0.0999999999999976
 31
1.0
100
AcDbAttributeDefinition
  3
Enter +ve Voltage
  2
VOLT
 70
     0
 74
     2
280
     0
 71
     1
 72
     0
 11
-12.91673290901051
 21
0.0999999999999976
 31
1.0
  0
ATTDEF
  5
8B93
330
6B5D
100
AcDbEntity
  8
0
100
AcDbText
 10
7.0
 20
-5.25
 30
1.0
 40
2.5
  1

  7
isocp.shx
 72
     1
 11
7.0
 21
-4.0
 31
1.0
100
AcDbAttributeDefinition
  3
Enter Terminal Number
  2
81
 70
     0
 74
     2
280
     0
 71
     1
 72
     0
 11
7.0
 21
-4.0
 31
1.0
  0
ATTDEF
  5
8B94
330
6B5D
100
AcDbEntity
  8
0
100
AcDbText
 10
16.68326709098946
 20
2.75
 30
1.0
 40
2.5
  1

  7
isocp.shx
 72
     1
 11
16.68326709098946
 21
4.0
 31
1.0
100
AcDbAttributeDefinition
  3
Enter Fuse Rating
  2
FUSEVALUE
 70
     0
 74
     2
280
     0
 71
     1
 72
     0
 11
16.68326709098946
 21
4.0
 31
1.0
  0
POLYLINE
  5
8B95
330
6B5D
100
AcDbEntity
  8
0
100
AcDb3dPolyline
 66
     1
 10
0.0
 20
0.0
 30
0.0
 70
     8
  0
VERTEX
  5
8B96
330
8B95
100
AcDbEntity
  8
0
100
AcDbVertex
100
AcDb3dPolylineVertex
 10
0.0
 20
1.0
 30
0.0
 70
    32
  0
VERTEX
  5
8B97
330
8B95
100
AcDbEntity
  8
0
100
AcDbVertex
100
AcDb3dPolylineVertex
 10
3.0
 20
0.0
 30
0.0
 70
    32
  0
VERTEX
  5
8B98
330
8B95
100
AcDbEntity
  8
0
100
AcDbVertex
100
AcDb3dPolylineVertex
 10
0.0
 20
-1.0
 30
0.0
 70
    32
  0
SEQEND
  5
8B99
330
8B95
100
AcDbEntity
  8
0
  0
LINE
  5
8B9A
330
6B5D
100
AcDbEntity
  8
0
100
AcDbLine
 10
3.0
 20
0.0
 30
0.0
 11
11.0
 21
0.0
 31
0.0
  0
LWPOLYLINE
  5
8B9B
330
6B5D
100
AcDbEntity
  8
0
100
AcDbPolyline
 90
        2
 70
     1
 43
1.0
 10
11.25
 20
0.0
 42
-1.0
 10
12.25
 20
0.0
 42
-1.0
  0
ARC
  5
8B9C
330
6B5D
100
AcDbEntity
  8
0
100
AcDbCircle
 10
14.25
 20
0.0
 30
0.0
 40
2.5
100
AcDbArc
 50
0.0
 51
180.0
  0
ARC
  5
8B9D
330
6B5D
100
AcDbEntity
  8
0
100
AcDbCircle
 10
19.25
 20
0.0
 30
0.0
 40
2.5
100
AcDbArc
 50
180.0
 51
0.0
  0
LWPOLYLINE
  5
8B9E
330
6B5D
100
AcDbEntity
  8
0
100
AcDbPolyline
 90
        2
 70
     1
 43
1.0
 10
21.25
 20
0.0
 42
-1.0
 10
22.25
 20
0.0
 42
-1.0
  0
ENDBLK
  5
8B9F
330
6B5D
100
AcDbEntity
  8
FUZEBLOCK.LAYER
100
AcDbBlockEnd
  0
BLOCK
  5
6B75
330
6B72
100
AcDbEntity
  8
0
100
AcDbBlockBegin
  2
24PPTC
 70
     0
 10
0.0
 20
0.0
 30
0.0
  3
24PPTC
  1

  0
LINE
  5
6B76
330
6B72
100
AcDbEntity
  8
PPTC
370
    -2
100
AcDbLine
 10
3.015016869894012
 20
0.452093368775877
 30
0.0
 11
0.5252073726708346
 21
-4.125706351198232
 31
0.0
  0
LINE
  5
6B77
330
6B72
100
AcDbEntity
  8
PPTC
100
AcDbLine
 10
3.525446120363327
 20
-3.210198491313122
 30
0.0
 11
2.720194406543001
 21
-0.6725097968314913
 31
0.0
  0
LINE
  5
6B78
330
6B72
100
AcDbEntity
  8
PPTC
100
AcDbLine
 10
2.720194406543001
 20
-0.6725097968314913
 30
0.0
 11
2.252276228592805
 21
-3.210198491313122
 31
0.0
  0
LINE
  5
6B79
330
6B72
100
AcDbEntity
  8
PPTC
100
AcDbLine
 10
2.252276228592805
 20
-3.210198491313122
 30
0.0
 11
1.490550888285057
 21
-0.6725097968310365
 31
0.0
  0
LINE
  5
6B7A
330
6B72
100
AcDbEntity
  8
PPTC
100
AcDbLine
 10
4.646751318859302
 20
-3.210198491313122
 30
0.0
 11
4.091300019096948
 21
-0.6725097968314913
 31
0.0
  0
LINE
  5
6B7B
330
6B72
100
AcDbEntity
  8
PPTC
100
AcDbLine
 10
5.992353457754248
 20
-1.971937971625266
 30
0.0
 11
5.704841574667647
 21
-2.921388571434733
 31
0.0
  0
LINE
  5
6B7C
330
6B72
100
AcDbEntity
  8
PPTC
100
AcDbLine
 10
4.091300019096948
 20
-0.6725097968314913
 30
0.0
 11
3.525446120363327
 21
-3.210198491313122
 31
0.0
  0
LINE
  5
6B7D
330
6B72
100
AcDbEntity
  8
PPTC
100
AcDbLine
 10
0.9246969895514354
 20
-3.210198491312667
 30
0.0
 11
0.1194452757311097
 21
-0.6725097968310365
 31
0.0
  0
LINE
  5
6B7E
330
6B72
100
AcDbEntity
  8
PPTC
100
AcDbLine
 10
1.490550888285057
 20
-0.6725097968310365
 30
0.0
 11
0.9246969895514354
 21
-3.210198491312667
 31
0.0
  0
LINE
  5
6B7F
330
6B72
100
AcDbEntity
  8
PPTC
100
AcDbLine
 10
-1.802875043217739
 20
-3.144546009324927
 30
0.0
 11
-2.768708211024361
 21
-1.971937971625266
 31
0.0
  0
LINE
  5
6B80
330
6B72
100
AcDbEntity
  8
PPTC
100
AcDbLine
 10
0.1194452757311097
 20
-0.6725097968310365
 30
0.0
 11
-0.4464086230025117
 21
-3.210198491312667
 31
0.0
  0
LINE
  5
6B81
330
6B72
100
AcDbEntity
  8
PPTC
100
AcDbLine
 10
3.015016869894012
 20
0.452093368775877
 30
0.0
 11
4.235352389184541
 21
0.452093368775877
 31
0.0
  0
LINE
  5
6B82
330
6B72
100
AcDbEntity
  8
0
100
AcDbLine
 10
5.992353457754248
 20
-1.971937971625266
 30
0.0
 11
8.805833049227573
 21
-1.971937971625266
 31
0.0
  0
LINE
  5
6B83
330
6B72
100
AcDbEntity
  8
0
100
AcDbLine
 10
8.805833049227573
 20
-1.971937971625266
 30
0.0
 11
8.805833049227573
 21
3.528062028374734
 31
0.0
  0
LINE
  5
6B84
330
6B72
100
AcDbEntity
  8
0
100
AcDbLine
 10
-5.582187802497685
 20
-1.971937971625266
 30
0.0
 11
-5.582187802497685
 21
3.528062028374734
 31
0.0
  0
LINE
  5
6B85
330
6B72
100
AcDbEntity
  8
0
100
AcDbLine
 10
5.577079173217271
 20
6.026980001766105
 30
0.0
 11
8.805833049227573
 21
3.528062028374734
 31
0.0
  0
LINE
  5
6B86
330
6B72
100
AcDbEntity
  8
0
100
AcDbLine
 10
-5.582187802497685
 20
3.528062028374734
 30
0.0
 11
-2.297049389605831
 21
6.028062028374734
 31
0.0
  0
LINE
  5
6B87
330
6B72
100
AcDbEntity
  8
0
100
AcDbLine
 10
-5.582187802497685
 20
-1.971937971625266
 30
0.0
 11
-2.768708211024361
 21
-1.971937971625266
 31
0.0
  0
LINE
  5
6B88
330
6B72
100
AcDbEntity
  8
PPTC
100
AcDbLine
 10
-0.4464086230025117
 20
-3.210198491312667
 30
0.0
 11
-1.251660336822837
 21
-0.6725097968310365
 31
0.0
  0
LINE
  5
6B89
330
6B72
100
AcDbEntity
  8
PPTC
100
AcDbLine
 10
-1.251660336822837
 20
-0.6725097968310365
 30
0.0
 11
-1.802875043217739
 21
-3.144546009324898
 31
0.0
  0
LINE
  5
6B8A
330
6B72
100
AcDbEntity
  8
PPTC
100
AcDbLine
 10
5.212605217592923
 20
-0.6725097968314913
 30
0.0
 11
4.646751318859302
 21
-3.210198491313122
 31
0.0
  0
LINE
  5
6B8B
330
6B72
100
AcDbEntity
  8
PPTC
100
AcDbLine
 10
5.704841574667647
 20
-2.921388571434733
 30
0.0
 11
5.212605217592923
 21
-0.6725097968314913
 31
0.0
  0
LINE
  5
6B8C
330
6B72
100
AcDbEntity
  8
PPTC
100
AcDbLine
 10
-0.6951281466196946
 20
-4.125706351198232
 30
0.0
 11
0.5252073726708346
 21
-4.125706351198232
 31
0.0
  0
ENDBLK
  5
6B8D
330
6B72
100
AcDbEntity
  8
0
100
AcDbBlockEnd
  0
BLOCK
  5
89E1
330
840E
100
AcDbEntity
  8
0
100
AcDbBlockBegin
  2
Back_Contact
 70
     2
 10
0.0
 20
0.0
 30
0.0
  3
Back_Contact
  1

  4
Back contact for positive supply
  0
LINE
  5
89E2
330
840E
100
AcDbEntity
  8
0
 62
     0
100
AcDbLine
 10
0.7500046098836037
 20
-1.499992178913061
 30
0.0
 11
0.0000046098836037
 21
0.0000078210868821
 31
0.0
  0
LINE
  5
89E3
330
840E
100
AcDbEntity
  8
0
 62
     0
100
AcDbLine
 10
0.0000046098836037
 20
0.0000078210868821
 30
0.0
 11
-0.7499953901162968
 21
-1.499992178913061
 31
0.0
  0
LWPOLYLINE
  5
89E4
330
840E
100
AcDbEntity
  8
0
 62
     0
100
AcDbPolyline
 90
        2
 70
     1
 43
0.7500000000000003
 10
7.625004609883618
 20
0.0000156421737927
 42
1.0
 10
8.375004609883618
 20
0.0000156421737927
 42
1.0
  0
LWPOLYLINE
  5
89E5
330
840E
100
AcDbEntity
  8
0
 62
     0
100
AcDbPolyline
 90
        2
 70
     0
 43
0.0
 10
8.000004609883959
 20
-0.0000000000000284
 10
0.0000046098838311
 20
-0.0000000000000284
  0
ATTDEF
  5
89E6
330
840E
100
AcDbEntity
  8
0
100
AcDbText
 10
-2.008735650481455
 20
4.950752625713708
 30
0.0
 40
2.311980220421041
  1
S_NAME
  7
ISOCP
 72
     1
 11
4.000004609883646
 21
6.106742735924229
 31
0.0
100
AcDbAttributeDefinition
  3
Signal Name
  2
S_NAME
 70
     0
 74
     2
280
     0
 71
     1
 72
     0
 11
4.000004609883646
 21
6.106742735924229
 31
0.0
  0
ATTDEF
  5
89E7
330
840E
100
AcDbEntity
  8
0
100
AcDbText
 10
4.00000460988359
 20
1.889514875424655
 30
0.0
 40
2.311980220421041
  1

  7
ISOCP
 72
     1
 11
4.00000460988359
 21
3.045504985635176
 31
0.0
100
AcDbAttributeDefinition
  3
Relay Name
  2
R_NAME
 70
     0
 74
     2
280
     0
 71
     1
 72
     0
 11
4.00000460988359
 21
3.045504985635176
 31
0.0
  0
ATTDEF
  5
89E8
330
840E
100
AcDbEntity
  8
0
 62
     0
100
AcDbText
 10
0.0000046098839448
 20
-4.068029883895881
 30
0.0
 40
2.311980220421041
  1

  7
ISOCP
 72
     1
 11
0.0000046098839448
 21
-1.75604966347484
 31
0.0
100
AcDbAttributeDefinition
  3
ARM
  2
A
 70
     0
 74
     3
280
     0
 71
     1
 72
     0
 11
0.0000046098839448
 21
-1.75604966347484
 31
0.0
  0
ATTDEF
  5
89E9
330
840E
100
AcDbEntity
  8
0
 62
     0
100
AcDbText
 10
8.000004609883959
 20
-4.068029883895881
 30
0.0
 40
2.311980220421041
  1

  7
ISOCP
 72
     1
 11
8.000004609883959
 21
-1.75604966347484
 31
0.0
100
AcDbAttributeDefinition
  3
BACK
  2
B
 70
     0
 74
     3
280
     0
 71
     1
 72
     0
 11
8.000004609883959
 21
-1.75604966347484
 31
0.0
  0
ATTDEF
  5
89EA
330
840E
100
AcDbEntity
  8
0
100
AcDbText
 10
3.113493534292883
 20
-3.893422972032536
 30
0.0
 40
2.311980220421041
  1
C
  7
ISOCP
 72
     1
 11
3.920278298710642
 21
-2.737432861822015
 31
0.0
100
AcDbAttributeDefinition
  3
C
  2
C
 70
     0
 74
     2
280
     0
 71
     1
 72
     0
 11
3.920278298710642
 21
-2.737432861822015
 31
0.0
  0
ATTDEF
  5
89EB
330
840E
100
AcDbEntity
  8
0
100
AcDbText
 10
3.992258694013771
 20
7.82410665251118
 30
0.0
 40
2.311980220421041
  1

  7
ISOCP
 72
     1
 11
3.992258694013771
 21
8.9800967627217
 31
0.0
100
AcDbAttributeDefinition
  3
Relay position
  2
R(POS)
 70
     0
 74
     2
280
     0
 71
     1
 72
     0
 11
3.992258694013771
 21
8.9800967627217
 31
0.0
  0
ATTDEF
  5
89EC
330
840E
100
AcDbEntity
  8
0
100
AcDbText
 10
4.403686260764418
 20
-6.867580629924745
 30
0.0
 40
2.0
  1

  7
ISOCP
 72
     1
 11
4.403686260764418
 21
-5.867580629924745
 31
0.0
100
AcDbAttributeDefinition
  3
WIRING_CNT
  2
WIRING
 70
     5
 74
     2
280
     1
 71
     1
 72
     0
 11
4.403686260764418
 21
-5.867580629924745
 31
0.0
  0
ATTDEF
  5
89ED
330
840E
100
AcDbEntity
  8
0
100
AcDbText
 10
4.706586260764418
 20
-10.60048062992475
 30
0.0
 40
2.0
  1

  7
ISOCP
 72
     1
 11
4.706586260764418
 21
-9.600480629924746
 31
0.0
100
AcDbAttributeDefinition
  3
DIRECTION OF CONTACT
  2
DOC
 70
     5
 74
     2
280
     1
 71
     1
 72
     0
 11
4.706586260764418
 21
-9.600480629924746
 31
0.0
  0
ENDBLK
  5
89EE
330
840E
100
AcDbEntity
  8
0
100
AcDbBlockEnd
  0
BLOCK
  5
8B57
330
8758
100
AcDbEntity
  8
0
100
AcDbBlockBegin
  2
Relay_Coil
 70
     2
 10
0.0
 20
0.0
 30
0.0
  3
Relay_Coil
  1

  4
Relay coil
  0
LWPOLYLINE
  5
8B58
330
8758
100
AcDbEntity
  8
0
 62
     0
100
AcDbPolyline
 90
        4
 70
     1
 43
0.0
 10
-21.66095397862534
 20
-0.0000000000000284
 10
-0.0000000000001137
 20
-0.0000000000000284
 10
-0.0000000000001137
 20
-5.000000000000028
 10
-21.66095397862534
 20
-5.000000000000028
  0
ATTDEF
  5
8B59
330
8758
100
AcDbEntity
  8
0
 62
     0
100
AcDbText
 10
-16.72096194250204
 20
1.272339247232773
 30
0.0
 40
2.223824894598334
  1
S_NAME
  7
ISOCP
 72
     1
 11
-10.94133370081158
 21
2.38425169453194
 31
0.0
100
AcDbAttributeDefinition
  3
Signal Name
  2
S_NAME
 70
     0
 74
     2
280
     0
 71
     1
 72
     0
 11
-10.94133370081158
 21
2.38425169453194
 31
0.0
  0
ATTDEF
  5
8B5A
330
8758
100
AcDbEntity
  8
0
 62
     0
100
AcDbText
 10
-10.91256473594666
 20
-3.611912447299167
 30
0.0
 40
2.223824894598334
  1

  7
ISOCP
 72
     1
 11
-10.91256473594666
 21
-2.5
 31
0.0
100
AcDbAttributeDefinition
  3
Relay Name
  2
R_NAME
 70
     0
 74
     2
280
     0
 71
     1
 72
     0
 11
-10.91256473594666
 21
-2.5
 31
0.0
  0
ATTDEF
  5
8B5B
330
8758
100
AcDbEntity
  8
0
 62
     0
100
AcDbText
 10
-21.62903400060861
 20
0.888087552700833
 30
0.0
 40
2.223824894598334
  1

  7
ISOCP
 72
     1
 11
-21.62903400060861
 21
2.0
 31
0.0
100
AcDbAttributeDefinition
  3
COIL1
  2
L+
 70
     0
 74
     2
280
     0
 71
     1
 72
     0
 11
-21.62903400060861
 21
2.0
 31
0.0
  0
ATTDEF
  5
8B5C
330
8758
100
AcDbEntity
  8
0
 62
     0
100
AcDbText
 10
0.8390460213745996
 20
0.888087552700833
 30
0.0
 40
2.223824894598334
  1

  7
ISOCP
 72
     1
 11
0.8390460213745996
 21
2.0
 31
0.0
100
AcDbAttributeDefinition
  3
COIL2
  2
L-
 70
     0
 74
     2
280
     0
 71
     1
 72
     0
 11
0.8390460213745996
 21
2.0
 31
0.0
  0
ATTDEF
  5
8B5D
330
8758
100
AcDbEntity
  8
0
100
AcDbText
 10
-11.0342835441719
 20
4.156186153575314
 30
0.0
 40
2.223824894598334
  1

  7
ISOCP
 72
     1
 11
-11.0342835441719
 21
5.268098600874481
 31
0.0
100
AcDbAttributeDefinition
  3
Relay Position
  2
R(POS)
 70
     0
 74
     2
280
     0
 71
     1
 72
     0
 11
-11.0342835441719
 21
5.268098600874481
 31
0.0
  0
ATTDEF
  5
8B5E
330
8758
100
AcDbEntity
  8
0
100
AcDbText
 10
-12.39129878342648
 20
-7.497462298898973
 30
0.0
 40
2.0
  1

  7
ISOCP
 72
     1
 11
-12.39129878342648
 21
-6.497462298898973
 31
0.0
100
AcDbAttributeDefinition
  3
WIRING_CNT
  2
WIRING
 70
     5
 74
     2
280
     1
 71
     1
 72
     0
 11
-12.39129878342648
 21
-6.497462298898973
 31
0.0
  0
ATTDEF
  5
8B5F
330
8758
100
AcDbEntity
  8
0
100
AcDbText
 10
-12.08839878342648
 20
-11.23036229889897
 30
0.0
 40
2.0
  1

  7
ISOCP
 72
     1
 11
-12.08839878342648
 21
-10.23036229889897
 31
0.0
100
AcDbAttributeDefinition
  3
DIRECTION OF CONTACT
  2
DOC
 70
     5
 74
     2
280
     1
 71
     1
 72
     0
 11
-12.08839878342648
 21
-10.23036229889897
 31
0.0
  0
ENDBLK
  5
8B60
330
8758
100
AcDbEntity
  8
0
100
AcDbBlockEnd
  0
BLOCK
  5
88CB
330
88C1
100
AcDbEntity
  8
0
100
AcDbBlockBegin
  2
FRONT_REPEATER
 70
     2
 10
0.0
 20
0.0
 30
0.0
  3
FRONT_REPEATER
  1

  0
LWPOLYLINE
  5
88C2
330
88C1
100
AcDbEntity
  8
0
 62
     0
100
AcDbPolyline
 90
        2
 70
     0
 43
0.0
 10
171.7966433084694
 20
201.8070570068078
 10
163.8823511163322
 20
201.8070570068078
  0
LWPOLYLINE
  5
88C3
330
88C1
100
AcDbEntity
  8
0
 62
     0
100
AcDbPolyline
 90
        2
 70
     1
 43
0.7419648930128658
 10
163.5113686698257
 20
201.8070570068078
 42
1.0
 10
164.2533335628386
 20
201.8070570068078
 42
1.0
  0
LWPOLYLINE
  5
88C4
330
88C1
100
AcDbEntity
  8
0
 62
     0
100
AcDbPolyline
 90
        3
 70
     0
 43
0.0
 10
172.5386082014823
 20
203.2909867928335
 10
171.7966433084694
 20
201.8070570068078
 10
171.0546784154567
 20
203.2909867928335
  0
ATTDEF
  5
88C5
330
88C1
100
AcDbEntity
  8
0
100
AcDbText
 10
162.1830454099735
 20
207.3975298772901
 30
0.0
 40
2.17643035283774
  1
S_NAME
  7
ISOCP
 72
     1
 11
167.8394972124008
 21
208.4857450537089
 31
0.0
100
AcDbAttributeDefinition
  3
Signal Name
  2
S_NAME
 70
     0
 74
     2
280
     0
 71
     1
 72
     0
 11
167.8394972124008
 21
208.4857450537089
 31
0.0
  0
ATTDEF
  5
88C6
330
88C1
100
AcDbEntity
  8
0
100
AcDbText
 10
167.8394972124008
 20
203.7549720827759
 30
0.0
 40
2.17643035283774
  1

  7
ISOCP
 72
     1
 11
167.8394972124008
 21
204.8431872591948
 31
0.0
100
AcDbAttributeDefinition
  3
Relay Name
  2
R_NAME
 70
     0
 74
     2
280
     0
 71
     1
 72
     0
 11
167.8394972124008
 21
204.8431872591948
 31
0.0
  0
ATTDEF
  5
88C7
330
88C1
100
AcDbEntity
  8
0
 62
     0
100
AcDbText
 10
163.8823511163322
 20
198.1466968679444
 30
0.0
 40
2.17643035283774
  1

  7
ISOCP
 72
     1
 11
163.8823511163322
 21
200.3231272207821
 31
0.0
100
AcDbAttributeDefinition
  3
ARM
  2
A
 70
     0
 74
     3
280
     0
 71
     1
 72
     0
 11
163.8823511163322
 21
200.3231272207821
 31
0.0
  0
ATTDEF
  5
88C8
330
88C1
100
AcDbEntity
  8
0
 62
     0
100
AcDbText
 10
171.7966433084694
 20
198.1466968679444
 30
0.0
 40
2.17643035283774
  1

  7
ISOCP
 72
     1
 11
171.7966433084694
 21
200.3231272207821
 31
0.0
100
AcDbAttributeDefinition
  3
FRONT
  2
F
 70
     0
 74
     3
280
     0
 71
     1
 72
     0
 11
171.7966433084694
 21
200.3231272207821
 31
0.0
  0
ATTDEF
  5
88C9
330
88C1
100
AcDbEntity
  8
0
100
AcDbText
 10
166.8709602797926
 20
198.2137690587456
 30
0.0
 40
2.17643035283774
  1
C
  7
ISOCP
 72
     1
 11
167.6304437883349
 21
199.3019842351645
 31
0.0
100
AcDbAttributeDefinition
  3
C
  2
C
 70
     0
 74
     2
280
     0
 71
     1
 72
     0
 11
167.6304437883349
 21
199.3019842351645
 31
0.0
  0
ATTDEF
  5
88CA
330
88C1
100
AcDbEntity
  8
0
100
AcDbText
 10
167.9539484435018
 20
210.2925193588064
 30
0.0
 40
2.17643035283774
  1

  7
ISOCP
 72
     1
 11
167.9539484435018
 21
211.3807345352253
 31
0.0
100
AcDbAttributeDefinition
  3
Relay Position
  2
R(POS)
 70
     0
 74
     2
280
     0
 71
     1
 72
     0
 11
167.9539484435018
 21
211.3807345352253
 31
0.0
  0
ENDBLK
  5
88CC
330
88C1
100
AcDbEntity
  8
0
100
AcDbBlockEnd
  0
BLOCK
  5
8A24
330
8A1A
100
AcDbEntity
  8
0
100
AcDbBlockBegin
  2
COIL_REPEATER
 70
     2
 10
0.0
 20
0.0
 30
0.0
  3
COIL_REPEATER
  1

  0
LWPOLYLINE
  5
8A1B
330
8A1A
100
AcDbEntity
  8
0
100
AcDbPolyline
 90
        4
 70
     1
 43
0.0
 10
209.1485373870138
 20
255.9999191400504
 10
205.6899154512396
 20
255.9999191400504
 10
205.6899154512396
 20
250.9999191400504
 10
209.1485373870138
 20
250.9999191400504
  0
LWPOLYLINE
  5
8A1C
330
8A1A
100
AcDbEntity
  8
0
100
AcDbPolyline
 90
        3
 70
     0
 43
0.1
 10
206.1500668440643
 20
253.2458375500064
 42
-1.180671751720236
 10
207.4496733310845
 20
253.4321035604702
 42
1.180671751720108
 10
208.7492798181048
 20
253.6183695709339
 42
0.9999999999999997
  0
LWPOLYLINE
  5
8A1D
330
8A1A
100
AcDbEntity
  8
0
100
AcDbPolyline
 90
        2
 70
     0
 43
0.1
 10
207.4496733310845
 20
254.7037840867352
 10
207.4496733310845
 20
252.3346919032312
  0
LINE
  5
8A1E
330
8A1A
100
AcDbEntity
  8
0
100
AcDbLine
 10
207.4496733310845
 20
252.3346919032312
 30
0.0
 11
207.4496733310845
 21
254.7037840867352
 31
0.0
  0
LWPOLYLINE
  5
8A1F
330
8A1A
100
AcDbEntity
  8
0
 62
     0
100
AcDbPolyline
 90
        4
 70
     1
 43
0.0
 10
184.0289614726142
 20
255.9999191400504
 10
205.6899154512396
 20
255.9999191400504
 10
205.6899154512396
 20
250.9999191400504
 10
184.0289614726142
 20
250.9999191400504
  0
ATTDEF
  5
8A20
330
8A1A
100
AcDbEntity
  8
0
 62
     0
100
AcDbText
 10
192.6878871899109
 20
256.8597472624713
 30
0.0
 40
2.2
  1
S_NAME
  7
ISOCP
 72
     1
 11
198.4055955232442
 21
257.9597472624713
 31
0.0
100
AcDbAttributeDefinition
  3
Signal Name
  2
S_NAME
 70
     0
 74
     2
280
     0
 71
     1
 72
     0
 11
198.4055955232442
 21
257.9597472624713
 31
0.0
  0
ATTDEF
  5
8A21
330
8A1A
100
AcDbEntity
  8
0
 62
     0
100
AcDbText
 10
194.8594384619269
 20
252.3999191400504
 30
0.0
 40
2.2
  1

  7
ISOCP
 72
     1
 11
194.8594384619269
 21
253.4999191400504
 31
0.0
100
AcDbAttributeDefinition
  3
Relay Name
  2
R_NAME
 70
     0
 74
     2
280
     0
 71
     1
 72
     0
 11
194.8594384619269
 21
253.4999191400504
 31
0.0
  0
ATTDEF
  5
8A22
330
8A1A
100
AcDbEntity
  8
0
 62
     0
100
AcDbText
 10
185.6564965981573
 20
256.8999191400503
 30
0.0
 40
2.2
  1

  7
ISOCP
 72
     1
 11
185.6564965981573
 21
257.9999191400503
 31
0.0
100
AcDbAttributeDefinition
  3
COIL1
  2
L+
 70
     0
 74
     2
280
     0
 71
     1
 72
     0
 11
185.6564965981573
 21
257.9999191400503
 31
0.0
  0
ATTDEF
  5
8A23
330
8A1A
100
AcDbEntity
  8
0
 62
     0
100
AcDbText
 10
207.6599097372606
 20
256.8999191400503
 30
0.0
 40
2.2
  1

  7
ISOCP
 72
     1
 11
207.6599097372606
 21
257.9999191400503
 31
0.0
100
AcDbAttributeDefinition
  3
COIL2
  2
L-
 70
     0
 74
     2
280
     0
 71
     1
 72
     0
 11
207.6599097372606
 21
257.9999191400503
 31
0.0
  0
ENDBLK
  5
8A25
330
8A1A
100
AcDbEntity
  8
0
100
AcDbBlockEnd
  0
BLOCK
  5
8BDF
330
8BD3
100
AcDbEntity
  8
0
100
AcDbBlockBegin
  2
LCPR_FRONT
 70
     2
 10
0.0
 20
0.0
 30
0.0
  3
LCPR_FRONT
  1

  0
LWPOLYLINE
  5
8BD4
330
8BD3
100
AcDbEntity
  8
0
 62
     0
100
AcDbPolyline
 90
        2
 70
     0
 43
0.0
 10
304.1546006063072
 20
126.8422949266477
 10
296.24030841417
 20
126.8422949266477
  0
LWPOLYLINE
  5
8BD5
330
8BD3
100
AcDbEntity
  8
0
 62
     0
100
AcDbPolyline
 90
        2
 70
     1
 43
0.7419648930128658
 10
295.8693259676635
 20
126.8422949266477
 42
1.0
 10
296.6112908606764
 20
126.8422949266477
 42
1.0
  0
LWPOLYLINE
  5
8BD6
330
8BD3
100
AcDbEntity
  8
0
 62
     0
100
AcDbPolyline
 90
        3
 70
     0
 43
0.0
 10
304.8965654993201
 20
128.3262247126734
 10
304.1546006063072
 20
126.8422949266477
 10
303.4126357132945
 20
128.3262247126734
  0
ATTDEF
  5
8BD7
330
8BD3
100
AcDbEntity
  8
0
100
AcDbText
 10
294.5410027078113
 20
132.4327677971299
 30
0.0
 40
2.17643035283774
  1
S_NAME
  7
ISOCP
 72
     1
 11
300.1974545102386
 21
133.5209829735488
 31
0.0
100
AcDbAttributeDefinition
  3
Signal Name
  2
S_NAME
 70
     0
 74
     2
280
     0
 71
     1
 72
     0
 11
300.1974545102386
 21
133.5209829735488
 31
0.0
  0
ATTDEF
  5
8BD8
330
8BD3
100
AcDbEntity
  8
0
100
AcDbText
 10
300.0974545102386
 20
128.7902100026159
 30
0.0
 40
2.17643035283774
  1

  7
ISOCP
 72
     1
 11
300.0974545102386
 21
129.8784251790348
 31
0.0
100
AcDbAttributeDefinition
  3
Relay Name
  2
R_NAME
 70
     0
 74
     2
280
     0
 71
     1
 72
     0
 11
300.0974545102386
 21
129.8784251790348
 31
0.0
  0
ATTDEF
  5
8BD9
330
8BD3
100
AcDbEntity
  8
0
 62
     0
100
AcDbText
 10
296.24030841417
 20
123.1819347877843
 30
0.0
 40
2.17643035283774
  1

  7
ISOCP
 72
     1
 11
296.24030841417
 21
125.358365140622
 31
0.0
100
AcDbAttributeDefinition
  3
ARM
  2
A
 70
     0
 74
     3
280
     0
 71
     1
 72
     0
 11
296.24030841417
 21
125.358365140622
 31
0.0
  0
ATTDEF
  5
8BDA
330
8BD3
100
AcDbEntity
  8
0
 62
     0
100
AcDbText
 10
304.1546006063072
 20
123.1819347877843
 30
0.0
 40
2.17643035283774
  1

  7
ISOCP
 72
     1
 11
304.1546006063072
 21
125.358365140622
 31
0.0
100
AcDbAttributeDefinition
  3
FRONT
  2
F
 70
     0
 74
     3
280
     0
 71
     1
 72
     0
 11
304.1546006063072
 21
125.358365140622
 31
0.0
  0
ATTDEF
  5
8BDB
330
8BD3
100
AcDbEntity
  8
0
100
AcDbText
 10
299.2289175776305
 20
123.2490069785854
 30
0.0
 40
2.17643035283774
  1
C
  7
ISOCP
 72
     1
 11
299.9884010861728
 21
124.3372221550043
 31
0.0
100
AcDbAttributeDefinition
  3
C
  2
C
 70
     0
 74
     2
280
     0
 71
     1
 72
     0
 11
299.9884010861728
 21
124.3372221550043
 31
0.0
  0
ATTDEF
  5
8BDC
330
8BD3
100
AcDbEntity
  8
0
100
AcDbText
 10
300.2119057413396
 20
135.3277572786462
 30
0.0
 40
2.17643035283774
  1

  7
ISOCP
 72
     1
 11
300.2119057413396
 21
136.4159724550651
 31
0.0
100
AcDbAttributeDefinition
  3
Relay Position
  2
R(POS)
 70
     0
 74
     2
280
     0
 71
     1
 72
     0
 11
300.2119057413396
 21
136.4159724550651
 31
0.0
  0
ATTDEF
  5
8BDD
330
8BD3
100
AcDbEntity
  8
0
100
AcDbText
 10
300.2419519929551
 20
120.7797230341144
 30
0.0
 40
1.978573048034309
  1

  7
ISOCP
 72
     1
 11
300.2419519929551
 21
121.7690095581316
 31
0.0
100
AcDbAttributeDefinition
  3
WIRING_CNT
  2
WIRING
 70
     5
 74
     2
280
     1
 71
     1
 72
     0
 11
300.2419519929551
 21
121.7690095581316
 31
0.0
  0
ATTDEF
  5
8BDE
330
8BD3
100
AcDbEntity
  8
0
100
AcDbText
 10
300.5416068810799
 20
117.0868153686107
 30
0.0
 40
1.978573048034309
  1

  7
ISOCP
 72
     1
 11
300.5416068810799
 21
118.0761018926279
 31
0.0
100
AcDbAttributeDefinition
  3
DIRECTION OF CONTACT
  2
DOC
 70
     5
 74
     2
280
     1
 71
     1
 72
     0
 11
300.5416068810799
 21
118.0761018926279
 31
0.0
  0
ENDBLK
  5
8BE0
330
8BD3
100
AcDbEntity
  8
0
100
AcDbBlockEnd
  0
BLOCK
  5
8C37
330
8C2B
100
AcDbEntity
  8
0
100
AcDbBlockBegin
  2
LCPR_BACK CONTACT
 70
     2
 10
0.0
 20
0.0
 30
0.0
  3
LCPR_BACK CONTACT
  1

  0
LINE
  5
8C2C
330
8C2B
100
AcDbEntity
  8
0
 62
     0
100
AcDbLine
 10
332.7300115176315
 20
110.8997879617745
 30
0.0
 11
331.9614395976695
 21
112.4369318016984
 31
0.0
  0
LINE
  5
8C2D
330
8C2B
100
AcDbEntity
  8
0
 62
     0
100
AcDbLine
 10
331.9614395976695
 20
112.4369318016984
 30
0.0
 11
331.1928676777076
 21
110.8997879617745
 31
0.0
  0
LWPOLYLINE
  5
8C2E
330
8C2B
100
AcDbEntity
  8
0
 62
     0
100
AcDbPolyline
 90
        2
 70
     0
 43
0.0
 10
340.1595400772641
 20
112.4369237869414
 10
331.9614395976697
 20
112.4369237869414
  0
ATTDEF
  5
8C2F
330
8C2B
100
AcDbEntity
  8
0
100
AcDbText
 10
329.9029577861847
 20
117.5102697213434
 30
0.0
 40
2.369230769230771
  1
S_NAME
  7
ISOCP
 72
     1
 11
336.0604898374667
 21
118.6948851059588
 31
0.0
100
AcDbAttributeDefinition
  3
Signal Name
  2
S_NAME
 70
     0
 74
     2
280
     0
 71
     1
 72
     0
 11
336.0604898374667
 21
118.6948851059588
 31
0.0
  0
ATTDEF
  5
8C30
330
8C2B
100
AcDbEntity
  8
0
100
AcDbText
 10
336.0604898374666
 20
114.3732278877438
 30
0.0
 40
2.369230769230771
  1

  7
ISOCP
 72
     1
 11
336.0604898374666
 21
115.5578432723592
 31
0.0
100
AcDbAttributeDefinition
  3
Relay Name
  2
R_NAME
 70
     0
 74
     2
280
     0
 71
     1
 72
     0
 11
336.0604898374666
 21
115.5578432723592
 31
0.0
  0
ATTDEF
  5
8C31
330
8C2B
100
AcDbEntity
  8
0
 62
     0
100
AcDbText
 10
331.9614395976699
 20
108.26815906917
 30
0.0
 40
2.369230769230771
  1

  7
ISOCP
 72
     1
 11
331.9614395976699
 21
110.6373898384008
 31
0.0
100
AcDbAttributeDefinition
  3
ARM
  2
A
 70
     0
 74
     3
280
     0
 71
     1
 72
     0
 11
331.9614395976699
 21
110.6373898384008
 31
0.0
  0
ATTDEF
  5
8C32
330
8C2B
100
AcDbEntity
  8
0
 62
     0
100
AcDbText
 10
340.1595400772641
 20
108.26815906917
 30
0.0
 40
2.369230769230771
  1

  7
ISOCP
 72
     1
 11
340.1595400772641
 21
110.6373898384008
 31
0.0
100
AcDbAttributeDefinition
  3
BACK
  2
B
 70
     0
 74
     3
280
     0
 71
     1
 72
     0
 11
340.1595400772641
 21
110.6373898384008
 31
0.0
  0
ATTDEF
  5
8C33
330
8C2B
100
AcDbEntity
  8
0
100
AcDbText
 10
335.1520264782209
 20
108.447089695156
 30
0.0
 40
2.369230769230771
  1
C
  7
ISOCP
 72
     1
 11
335.9787892987337
 21
109.6317050797714
 31
0.0
100
AcDbAttributeDefinition
  3
C
  2
C
 70
     0
 74
     2
280
     0
 71
     1
 72
     0
 11
335.9787892987337
 21
109.6317050797714
 31
0.0
  0
ATTDEF
  5
8C34
330
8C2B
100
AcDbEntity
  8
0
100
AcDbText
 10
336.0525521128907
 20
120.454775349485
 30
0.0
 40
2.369230769230771
  1

  7
ISOCP
 72
     1
 11
336.0525521128907
 21
121.6393907341004
 31
0.0
100
AcDbAttributeDefinition
  3
Relay position
  2
R(POS)
 70
     0
 74
     2
280
     0
 71
     1
 72
     0
 11
336.0525521128907
 21
121.6393907341004
 31
0.0
  0
ATTDEF
  5
8C35
330
8C2B
100
AcDbEntity
  8
0
100
AcDbText
 10
336.4741676794278
 20
105.3992842799616
 30
0.0
 40
2.049525119898564
  1

  7
ISOCP
 72
     1
 11
336.4741676794278
 21
106.4240468399109
 31
0.0
100
AcDbAttributeDefinition
  3
WIRING_CNT
  2
WIRING
 70
     5
 74
     2
280
     1
 71
     1
 72
     0
 11
336.4741676794278
 21
106.4240468399109
 31
0.0
  0
ATTDEF
  5
8C36
330
8C2B
100
AcDbEntity
  8
0
100
AcDbText
 10
336.7845682588364
 20
101.5739481199269
 30
0.0
 40
2.049525119898564
  1

  7
ISOCP
 72
     1
 11
336.7845682588364
 21
102.5987106798762
 31
0.0
100
AcDbAttributeDefinition
  3
DIRECTION OF CONTACT
  2
DOC
 70
     5
 74
     2
280
     1
 71
     1
 72
     0
 11
336.7845682588364
 21
102.5987106798762
 31
0.0
  0
ENDBLK
  5
8C38
330
8C2B
100
AcDbEntity
  8
0
100
AcDbBlockEnd
  0
ENDSEC
  0
SECTION
  2
ENTITIES
  0
LINE
  5
8229
330
1F
100
AcDbEntity
  8
0
100
AcDbLine
 10
304.1546006063071
 20
126.8422949266477
 30
0.0
 11
334.5486594084508
 21
126.8422949266477
 31
0.0
  0
LINE
  5
822A
330
1F
100
AcDbEntity
  8
0
100
AcDbLine
 10
354.2771386945504
 20
126.8422949266477
 30
0.0
 11
370.9039236036546
 21
126.8422949266477
 31
0.0
  0
LINE
  5
822D
330
1F
100
AcDbEntity
  8
0
100
AcDbLine
 10
348.7064101425364
 20
126.8422949266477
 30
0.0
 11
375.9797475609249
 21
126.8422949266477
 31
0.0
  0
LINE
  5
822E
330
1F
100
AcDbEntity
  8
0
100
AcDbLine
 10
304.1546006063071
 20
96.01224425144048
 30
0.0
 11
326.248909106014
 21
96.01224425144048
 31
0.0
  0
LINE
  5
8230
330
1F
100
AcDbEntity
  8
0
100
AcDbLine
 10
401.0993234753245
 20
126.8422949266477
 30
0.0
 11
407.7134560772907
 21
126.8422949266477
 31
0.0
  0
LINE
  5
8231
330
1F
100
AcDbEntity
  8
0
100
AcDbLine
 10
348.7064101425364
 20
96.01224425144048
 30
0.0
 11
407.7134560772907
 21
96.01224425144048
 31
0.0
  0
LWPOLYLINE
  5
8232
330
1F
100
AcDbEntity
  8
0
100
AcDbPolyline
 90
        6
 70
     0
 43
0.0
 10
296.24030841417
 20
126.8422949266477
 10
290.3429699532091
 20
125.0562801793077
 10
290.3429699532091
 20
112.4351221044936
 10
310.8221722700443
 20
112.4351221044936
 10
310.8221722700443
 20
125.0562801793077
 10
304.1546006063071
 20
126.8422949266477
  0
LWPOLYLINE
  5
8233
330
1F
100
AcDbEntity
  8
0
100
AcDbPolyline
 90
        6
 70
     0
 43
0.0
 10
296.24030841417
 20
96.01224425144048
 10
290.3429699532091
 20
94.22622950410036
 10
290.3429699532091
 20
81.60507142928577
 10
310.8221722700443
 20
81.60507142928577
 10
310.8221722700443
 20
94.22622950410036
 10
304.1546006063071
 20
96.01224425144048
  0
LINE
  5
8234
330
1F
100
AcDbEntity
  8
0
100
AcDbLine
 10
407.7134560772907
 20
126.8422949266477
 30
0.0
 11
407.7134560772907
 21
96.01224425144048
 31
0.0
  0
LINE
  5
8235
330
1F
100
AcDbEntity
  8
0
100
AcDbLine
 10
296.24030841417
 20
126.8422949266477
 30
0.0
 11
287.1538891333499
 21
126.8422949266477
 31
0.0
  0
LINE
  5
8236
330
1F
100
AcDbEntity
  8
0
100
AcDbLine
 10
296.24030841417
 20
96.01224425144048
 30
0.0
 11
271.0748329750533
 21
96.01224425144048
 31
0.0
  0
INSERT
  5
8237
330
1F
100
AcDbEntity
  8
0
100
AcDbBlockReference
 66
     1
  2
CTR
 10
356.7025988145522
 20
126.8422949266477
 30
0.0
 41
-0.9892865240171544
 42
0.9892865240171544
 43
0.9892865240171544
  0
ATTRIB
  5
8238
330
8237
100
AcDbEntity
  8
0
100
AcDbText
 10
354.2087723685923
 20
128.8510911590163
 30
0.0
 40
2.17643035283774
  1
CTR
  7
ISOCP
 72
     1
 11
356.7025988145522
 21
129.9393063354352
 31
0.0
100
AcDbAttribute
  2
CTR
 70
     0
 74
     2
280
     0
 71
     1
 72
     0
 11
356.7025988145522
 21
129.9393063354352
 31
0.0
  0
ATTRIB
  5
8239
330
8237
100
AcDbEntity
  8
0
 62
     0
100
AcDbText
 10
356.7025988145522
 20
122.6872915257758
 30
0.0
 40
2.17643035283774
  1

  7
ISOCP
 72
     1
 11
356.7025988145522
 21
124.8637218786135
 31
0.0
100
AcDbAttribute
  2
POS
 70
     0
 74
     3
280
     0
 71
     1
 72
     0
 11
356.7025988145522
 21
124.8637218786135
 31
0.0
  0
SEQEND
  5
823A
330
8237
100
AcDbEntity
  8
0
  0
LINE
  5
823B
330
1F
100
AcDbEntity
  8
0
100
AcDbLine
 10
356.7025988145522
 20
126.8422949266477
 30
0.0
 11
367.4800045607877
 21
126.8422949266477
 31
0.0
  0
INSERT
  5
823C
330
1F
100
AcDbEntity
  8
0
100
AcDbBlockReference
 66
     1
  2
CTR
 10
367.4800045607877
 20
126.8422949266477
 30
0.0
 41
0.9892865240171544
 42
0.9892865240171544
 43
0.9892865240171544
  0
ATTRIB
  5
823D
330
823C
100
AcDbEntity
  8
0
100
AcDbText
 10
364.9861781148278
 20
128.8510911590163
 30
0.0
 40
2.17643035283774
  1
CTR
  7
ISOCP
 72
     1
 11
367.4800045607877
 21
129.9393063354352
 31
0.0
100
AcDbAttribute
  2
CTR
 70
     0
 74
     2
280
     0
 71
     1
 72
     0
 11
367.4800045607877
 21
129.9393063354352
 31
0.0
  0
ATTRIB
  5
823E
330
823C
100
AcDbEntity
  8
0
 62
     0
100
AcDbText
 10
367.4800045607877
 20
122.6872915257758
 30
0.0
 40
2.17643035283774
  1

  7
ISOCP
 72
     1
 11
367.4800045607877
 21
124.8637218786135
 31
0.0
100
AcDbAttribute
  2
POS
 70
     0
 74
     3
280
     0
 71
     1
 72
     0
 11
367.4800045607877
 21
124.8637218786135
 31
0.0
  0
SEQEND
  5
823F
330
823C
100
AcDbEntity
  8
0
  0
INSERT
  5
8240
330
1F
100
AcDbEntity
  8
0
100
AcDbBlockReference
 66
     1
  2
CTR
 10
356.7025988145522
 20
96.01224425144048
 30
0.0
 41
-0.9892865240171544
 42
0.9892865240171544
 43
0.9892865240171544
  0
ATTRIB
  5
8241
330
8240
100
AcDbEntity
  8
0
100
AcDbText
 10
354.2087723685923
 20
98.02104048380914
 30
0.0
 40
2.17643035283774
  1
CTR
  7
ISOCP
 72
     1
 11
356.7025988145522
 21
99.10925566022802
 31
0.0
100
AcDbAttribute
  2
CTR
 70
     0
 74
     2
280
     0
 71
     1
 72
     0
 11
356.7025988145522
 21
99.10925566022802
 31
0.0
  0
ATTRIB
  5
8242
330
8240
100
AcDbEntity
  8
0
 62
     0
100
AcDbText
 10
356.7025988145522
 20
91.85724085056842
 30
0.0
 40
2.17643035283774
  1

  7
ISOCP
 72
     1
 11
356.7025988145522
 21
94.03367120340616
 31
0.0
100
AcDbAttribute
  2
POS
 70
     0
 74
     3
280
     0
 71
     1
 72
     0
 11
356.7025988145522
 21
94.03367120340616
 31
0.0
  0
SEQEND
  5
8243
330
8240
100
AcDbEntity
  8
0
  0
LINE
  5
8244
330
1F
100
AcDbEntity
  8
0
100
AcDbLine
 10
356.7025988145522
 20
96.01224425144048
 30
0.0
 11
367.4800045607877
 21
96.01224425144048
 31
0.0
  0
INSERT
  5
8245
330
1F
100
AcDbEntity
  8
0
100
AcDbBlockReference
 66
     1
  2
CTR
 10
367.4800045607877
 20
96.01224425144048
 30
0.0
 41
0.9892865240171544
 42
0.9892865240171544
 43
0.9892865240171544
  0
ATTRIB
  5
8246
330
8245
100
AcDbEntity
  8
0
100
AcDbText
 10
364.9861781148278
 20
98.02104048380914
 30
0.0
 40
2.17643035283774
  1
CTR
  7
ISOCP
 72
     1
 11
367.4800045607877
 21
99.10925566022802
 31
0.0
100
AcDbAttribute
  2
CTR
 70
     0
 74
     2
280
     0
 71
     1
 72
     0
 11
367.4800045607877
 21
99.10925566022802
 31
0.0
  0
ATTRIB
  5
8247
330
8245
100
AcDbEntity
  8
0
 62
     0
100
AcDbText
 10
367.4800045607877
 20
91.85724085056842
 30
0.0
 40
2.17643035283774
  1

  7
ISOCP
 72
     1
 11
367.4800045607877
 21
94.03367120340616
 31
0.0
100
AcDbAttribute
  2
POS
 70
     0
 74
     3
280
     0
 71
     1
 72
     0
 11
367.4800045607877
 21
94.03367120340616
 31
0.0
  0
SEQEND
  5
8248
330
8245
100
AcDbEntity
  8
0
  0
LINE
  5
8261
330
1F
100
AcDbEntity
  8
0
100
AcDbLine
 10
304.1546006063071
 20
126.8422949266477
 30
0.0
 11
341.6416824441001
 21
126.8422949266477
 31
0.0
  0
LINE
  5
8262
330
1F
100
AcDbEntity
  8
0
100
AcDbLine
 10
354.2771386945504
 20
126.8422949266477
 30
0.0
 11
370.9039236036546
 21
126.8422949266477
 31
0.0
  0
LINE
  5
8265
330
1F
100
AcDbEntity
  8
0
100
AcDbLine
 10
348.7064101425364
 20
126.8422949266477
 30
0.0
 11
377.6765486009409
 21
126.8422949266477
 31
0.0
  0
LINE
  5
8266
330
1F
100
AcDbEntity
  8
0
100
AcDbLine
 10
304.1546006063071
 20
96.01224425144048
 30
0.0
 11
326.248909106014
 21
96.01224425144048
 31
0.0
  0
LINE
  5
8268
330
1F
100
AcDbEntity
  8
0
100
AcDbLine
 10
401.0993234753245
 20
126.8422949266477
 30
0.0
 11
407.7134560772907
 21
126.8422949266477
 31
0.0
  0
LINE
  5
8269
330
1F
100
AcDbEntity
  8
0
100
AcDbLine
 10
296.6112908606766
 20
96.01224425144048
 30
0.0
 11
326.248909106014
 21
96.01224425144048
 31
0.0
  0
LWPOLYLINE
  5
826B
330
1F
100
AcDbEntity
  8
0
100
AcDbPolyline
 90
        6
 70
     0
 43
0.0
 10
296.24030841417
 20
126.8422949266477
 10
290.3429699532091
 20
125.0562801793077
 10
290.3429699532091
 20
112.4351221044936
 10
310.8221722700443
 20
112.4351221044936
 10
310.8221722700443
 20
125.0562801793077
 10
304.1546006063071
 20
126.8422949266477
  0
LWPOLYLINE
  5
826C
330
1F
100
AcDbEntity
  8
0
100
AcDbPolyline
 90
        6
 70
     0
 43
0.0
 10
296.24030841417
 20
96.01224425144048
 10
290.3429699532091
 20
94.22622950410036
 10
290.3429699532091
 20
81.60507142928577
 10
310.8221722700443
 20
81.60507142928577
 10
310.8221722700443
 20
94.22622950410036
 10
304.1546006063071
 20
96.01224425144048
  0
LINE
  5
826D
330
1F
100
AcDbEntity
  8
0
100
AcDbLine
 10
407.7134560772907
 20
126.8422949266477
 30
0.0
 11
407.7134560772907
 21
96.01224425144048
 31
0.0
  0
LINE
  5
826E
330
1F
100
AcDbEntity
  8
0
100
AcDbLine
 10
296.24030841417
 20
126.8422949266477
 30
0.0
 11
270.3042213069156
 21
126.8422949266477
 31
0.0
  0
LINE
  5
826F
330
1F
100
AcDbEntity
  8
0
100
AcDbLine
 10
296.24030841417
 20
96.01224425144048
 30
0.0
 11
271.0748329750533
 21
96.01224425144048
 31
0.0
  0
INSERT
  5
8270
330
1F
100
AcDbEntity
  8
0
100
AcDbBlockReference
 66
     1
  2
CTR
 10
356.7025988145522
 20
126.8422949266477
 30
0.0
 41
-0.9892865240171544
 42
0.9892865240171544
 43
0.9892865240171544
  0
ATTRIB
  5
8271
330
8270
100
AcDbEntity
  8
0
100
AcDbText
 10
354.2087723685923
 20
128.8510911590163
 30
0.0
 40
2.17643035283774
  1
CTR
  7
ISOCP
 72
     1
 11
356.7025988145522
 21
129.9393063354352
 31
0.0
100
AcDbAttribute
  2
CTR
 70
     0
 74
     2
280
     0
 71
     1
 72
     0
 11
356.7025988145522
 21
129.9393063354352
 31
0.0
  0
ATTRIB
  5
8272
330
8270
100
AcDbEntity
  8
0
 62
     0
100
AcDbText
 10
356.7025988145522
 20
122.6872915257758
 30
0.0
 40
2.17643035283774
  1

  7
ISOCP
 72
     1
 11
356.7025988145522
 21
124.8637218786135
 31
0.0
100
AcDbAttribute
  2
POS
 70
     0
 74
     3
280
     0
 71
     1
 72
     0
 11
356.7025988145522
 21
124.8637218786135
 31
0.0
  0
SEQEND
  5
8273
330
8270
100
AcDbEntity
  8
0
  0
LINE
  5
8274
330
1F
100
AcDbEntity
  8
0
100
AcDbLine
 10
356.7025988145522
 20
126.8422949266477
 30
0.0
 11
367.4800045607877
 21
126.8422949266477
 31
0.0
  0
INSERT
  5
8275
330
1F
100
AcDbEntity
  8
0
100
AcDbBlockReference
 66
     1
  2
CTR
 10
367.4800045607877
 20
126.8422949266477
 30
0.0
 41
0.9892865240171544
 42
0.9892865240171544
 43
0.9892865240171544
  0
ATTRIB
  5
8276
330
8275
100
AcDbEntity
  8
0
100
AcDbText
 10
364.9861781148278
 20
128.8510911590163
 30
0.0
 40
2.17643035283774
  1
CTR
  7
ISOCP
 72
     1
 11
367.4800045607877
 21
129.9393063354352
 31
0.0
100
AcDbAttribute
  2
CTR
 70
     0
 74
     2
280
     0
 71
     1
 72
     0
 11
367.4800045607877
 21
129.9393063354352
 31
0.0
  0
ATTRIB
  5
8277
330
8275
100
AcDbEntity
  8
0
 62
     0
100
AcDbText
 10
367.4800045607877
 20
122.6872915257758
 30
0.0
 40
2.17643035283774
  1

  7
ISOCP
 72
     1
 11
367.4800045607877
 21
124.8637218786135
 31
0.0
100
AcDbAttribute
  2
POS
 70
     0
 74
     3
280
     0
 71
     1
 72
     0
 11
367.4800045607877
 21
124.8637218786135
 31
0.0
  0
SEQEND
  5
8278
330
8275
100
AcDbEntity
  8
0
  0
INSERT
  5
8279
330
1F
100
AcDbEntity
  8
0
100
AcDbBlockReference
 66
     1
  2
CTR
 10
356.7025988145522
 20
96.01224425144048
 30
0.0
 41
-0.9892865240171544
 42
0.9892865240171544
 43
0.9892865240171544
  0
ATTRIB
  5
827A
330
8279
100
AcDbEntity
  8
0
100
AcDbText
 10
354.2087723685923
 20
98.02104048380914
 30
0.0
 40
2.17643035283774
  1
CTR
  7
ISOCP
 72
     1
 11
356.7025988145522
 21
99.10925566022802
 31
0.0
100
AcDbAttribute
  2
CTR
 70
     0
 74
     2
280
     0
 71
     1
 72
     0
 11
356.7025988145522
 21
99.10925566022802
 31
0.0
  0
ATTRIB
  5
827B
330
8279
100
AcDbEntity
  8
0
 62
     0
100
AcDbText
 10
356.7025988145522
 20
91.85724085056842
 30
0.0
 40
2.17643035283774
  1

  7
ISOCP
 72
     1
 11
356.7025988145522
 21
94.03367120340616
 31
0.0
100
AcDbAttribute
  2
POS
 70
     0
 74
     3
280
     0
 71
     1
 72
     0
 11
356.7025988145522
 21
94.03367120340616
 31
0.0
  0
SEQEND
  5
827C
330
8279
100
AcDbEntity
  8
0
  0
LINE
  5
827D
330
1F
100
AcDbEntity
  8
0
100
AcDbLine
 10
356.7025988145522
 20
96.01224425144048
 30
0.0
 11
367.4800045607877
 21
96.01224425144048
 31
0.0
  0
INSERT
  5
827E
330
1F
100
AcDbEntity
  8
0
100
AcDbBlockReference
 66
     1
  2
CTR
 10
367.4800045607877
 20
96.01224425144048
 30
0.0
 41
0.9892865240171544
 42
0.9892865240171544
 43
0.9892865240171544
  0
ATTRIB
  5
827F
330
827E
100
AcDbEntity
  8
0
100
AcDbText
 10
364.9861781148278
 20
98.02104048380914
 30
0.0
 40
2.17643035283774
  1
CTR
  7
ISOCP
 72
     1
 11
367.4800045607877
 21
99.10925566022802
 31
0.0
100
AcDbAttribute
  2
CTR
 70
     0
 74
     2
280
     0
 71
     1
 72
     0
 11
367.4800045607877
 21
99.10925566022802
 31
0.0
  0
ATTRIB
  5
8280
330
827E
100
AcDbEntity
  8
0
 62
     0
100
AcDbText
 10
367.4800045607877
 20
91.85724085056842
 30
0.0
 40
2.17643035283774
  1

  7
ISOCP
 72
     1
 11
367.4800045607877
 21
94.03367120340616
 31
0.0
100
AcDbAttribute
  2
POS
 70
     0
 74
     3
280
     0
 71
     1
 72
     0
 11
367.4800045607877
 21
94.03367120340616
 31
0.0
  0
SEQEND
  5
8281
330
827E
100
AcDbEntity
  8
0
  0
INSERT
  5
8289
330
1F
100
AcDbEntity
  8
FUZEENDBLOCK.INSERT
 62
     0
100
AcDbBlockReference
 66
     1
  2
FUZEENDBLOCK
 10
253.243442663228
 20
96.01224425144048
 30
0.0
 41
0.8198340373253029
 42
0.8198340373253029
 43
0.8198340373253029
  0
ATTRIB
  5
828A
330
8289
100
AcDbEntity
  8
0
100
AcDbText
 10
255.3467831994431
 20
97.81974404685991
 30
0.8198340373253029
 40
2.123838670438406
  1
N24(EXT)#
  7
isocp.shx
 72
     1
 11
262.1386422809493
 21
98.88166338207911
 31
0.8198340373253029
100
AcDbAttribute
  2
VOLT
 70
     0
 74
     2
280
     0
 71
     1
 72
     0
 11
262.1386422809493
 21
98.88166338207911
 31
0.8198340373253029
  0
ATTRIB
  5
828B
330
8289
100
AcDbEntity
  8
0
100
AcDbText
 10
259.2758847397542
 20
91.67098876692008
 30
0.8198340373253029
 40
2.123838670438406
  1
XXX
  7
isocp.shx
 72
     1
 11
262.1386422809493
 21
92.73290810213928
 31
0.8198340373253029
100
AcDbAttribute
  2
FTOT
 70
     0
 74
     2
280
     0
 71
     1
 72
     0
 11
262.1386422809493
 21
92.73290810213928
 31
0.8198340373253029
  0
SEQEND
  5
828C
330
8289
100
AcDbEntity
  8
FUZEENDBLOCK.INSERT
 62
     0
  0
LINE
  5
828D
330
1F
100
AcDbEntity
  8
0
  6
ACAD_ISO02W100
 48
0.5
370
    25
100
AcDbLine
 10
362.1187865731772
 20
140.7459636415403
 30
0.0
 11
362.1187865731772
 21
88.65470027497395
 31
0.0
  0
MTEXT
  5
828E
330
1F
100
AcDbEntity
  8
0
100
AcDbMText
 10
317.9042852244035
 20
138.3287177854607
 30
0.0
 40
2.473216310042886
 41
26.16561075005774
 46
2.473216310042886
 71
     5
 72
     5
  1
{\LHUT NAME}
  7
ISOCP
 73
     1
 44
1.0
1001
AcadAnnotative
1000
AnnotativeData
1002
{
1070
     1
1070
     0
1002
}
  0
MTEXT
  5
828F
330
1F
100
AcDbEntity
  8
0
100
AcDbMText
 10
388.6260263790928
 20
136.5388631497098
 30
0.0
 40
2.473216310042886
 41
32.40974599723489
 46
2.473216310042886
 71
     5
 72
     5
  1
{\LLOCATION}
  7
ISOCP
 73
     1
 44
1.0
1001
AcadAnnotative
1000
AnnotativeData
1002
{
1070
     1
1070
     0
1002
}
  0
INSERT
  5
844C
330
1F
100
AcDbEntity
  8
FUZEENDBLOCK.INSERT
 62
     0
100
AcDbBlockReference
 66
     1
  2
FUZEENDBLOCK
 10
50.22420082142131
 20
226.0930689681982
 30
0.0
 41
0.8198340373253029
 42
0.8198340373253029
 43
0.8198340373253029
  0
ATTRIB
  5
844D
330
844C
100
AcDbEntity
  8
0
100
AcDbText
 10
52.32754135763656
 20
227.9005687636174
 30
0.8198340373253029
 40
2.123838670438406
  1
N24(EXT)#
  7
isocp.shx
 72
     1
 11
59.11940043914271
 21
228.9624880988366
 31
0.8198340373253029
100
AcDbAttribute
  2
VOLT
 70
     0
 74
     2
280
     0
 71
     1
 72
     0
 11
59.11940043914271
 21
228.9624880988366
 31
0.8198340373253029
  0
ATTRIB
  5
844E
330
844C
100
AcDbEntity
  8
0
100
AcDbText
 10
56.25664289794761
 20
221.7518134836777
 30
0.8198340373253029
 40
2.123838670438406
  1
XXX
  7
isocp.shx
 72
     1
 11
59.11940043914271
 21
222.8137328188969
 31
0.8198340373253029
100
AcDbAttribute
  2
FTOT
 70
     0
 74
     2
280
     0
 71
     1
 72
     0
 11
59.11940043914271
 21
222.8137328188969
 31
0.8198340373253029
  0
SEQEND
  5
844F
330
844C
100
AcDbEntity
  8
FUZEENDBLOCK.INSERT
 62
     0
  0
INSERT
  5
8450
330
1F
100
AcDbEntity
  8
0
100
AcDbBlockReference
 66
     1
  2
Front_Contact
 10
87.80052353216954
 20
255.9999191400503
 30
0.0
 41
0.9892865240171544
 42
0.9892865240171544
 43
0.9892865240171544
  0
ATTRIB
  5
8451
330
8450
100
AcDbEntity
  8
0
100
AcDbText
 10
90.99818611969582
 20
261.5903920105325
 30
0.0
 40
2.17643035283774
  1
*
  7
ISOCP
 72
     1
 11
91.75766962823815
 21
262.6786071869514
 31
0.0
100
AcDbAttribute
  2
S_NAME
 70
     0
 74
     2
280
     0
 71
     1
 72
     0
 11
91.75766962823815
 21
262.6786071869514
 31
0.0
  0
ATTRIB
  5
8452
330
8450
100
AcDbEntity
  8
0
100
AcDbText
 10
88.38646969629052
 20
257.9478342160184
 30
0.0
 40
2.17643035283774
  1
HRP2
  7
ISOCP
 72
     1
 11
91.75766962823815
 21
259.0360493924373
 31
0.0
100
AcDbAttribute
  2
R_NAME
 70
     0
 74
     2
280
     0
 71
     1
 72
     0
 11
91.75766962823815
 21
259.0360493924373
 31
0.0
  0
ATTRIB
  5
8453
330
8450
100
AcDbEntity
  8
0
 62
     0
100
AcDbText
 10
87.0410400236272
 20
252.3395590011869
 30
0.0
 40
2.17643035283774
  1
2
  7
ISOCP
 72
     1
 11
87.80052353216954
 21
254.5159893540246
 31
0.0
100
AcDbAttribute
  2
A
 70
     0
 74
     3
280
     0
 71
     1
 72
     0
 11
87.80052353216954
 21
254.5159893540246
 31
0.0
  0
ATTRIB
  5
8454
330
8450
100
AcDbEntity
  8
0
 62
     0
100
AcDbText
 10
95.1820437108517
 20
252.3395590011869
 30
0.0
 40
2.17643035283774
  1
1
  7
ISOCP
 72
     1
 11
95.71481572430677
 21
254.5159893540246
 31
0.0
100
AcDbAttribute
  2
F
 70
     0
 74
     3
280
     0
 71
     1
 72
     0
 11
95.71481572430677
 21
254.5159893540246
 31
0.0
  0
ATTRIB
  5
8455
330
8450
100
AcDbEntity
  8
0
100
AcDbText
 10
90.78913269562995
 20
252.4066311919881
 30
0.0
 40
2.17643035283774
  1
C
  7
ISOCP
 72
     1
 11
91.54861620417228
 21
253.494846368407
 31
0.0
100
AcDbAttribute
  2
C
 70
     0
 74
     2
280
     0
 71
     1
 72
     0
 11
91.54861620417228
 21
253.494846368407
 31
0.0
  0
ATTRIB
  5
8456
330
8450
100
AcDbEntity
  8
0
100
AcDbText
 10
86.97968679535595
 20
263.4209570801006
 30
0.0
 40
2.17643035283774
  1
XXXXX
  7
ISOCP
 72
     1
 11
91.87212085933912
 21
264.5091722565195
 31
0.0
100
AcDbAttribute
  2
R(POS)
 70
     0
 74
     2
280
     0
 71
     1
 72
     0
 11
91.87212085933912
 21
264.5091722565195
 31
0.0
  0
ATTRIB
  5
898E
330
8450
100
AcDbEntity
  8
0
100
AcDbText
 10
90.7199532266455
 20
246.2444395820133
 30
0.0
 40
1.978573048034309
  1
RF
  7
ISOCP
 72
     1
 11
92.20182199907953
 21
247.2337261060305
 31
0.0
100
AcDbAttribute
  2
DOC
 70
     5
 74
     2
280
     1
 71
     1
 72
     0
 11
92.20182199907953
 21
247.2337261060305
 31
0.0
  0
ATTRIB
  5
898F
330
8450
100
AcDbEntity
  8
0
100
AcDbText
 10
91.21172755773442
 20
249.937347247517
 30
0.0
 40
1.978573048034309
  1
2
  7
ISOCP
 72
     1
 11
91.90216711095472
 21
250.9266337715342
 31
0.0
100
AcDbAttribute
  2
WIRING
 70
     5
 74
     2
280
     1
 71
     1
 72
     0
 11
91.90216711095472
 21
250.9266337715342
 31
0.0
  0
SEQEND
  5
8457
330
8450
100
AcDbEntity
  8
0
  0
INSERT
  5
8458
330
1F
100
AcDbEntity
  8
0
100
AcDbBlockReference
 66
     1
  2
Front_Contact
 10
87.80052353216954
 20
241.5506021382266
 30
0.0
 41
0.9892865240171544
 42
0.9892865240171544
 43
0.9892865240171544
  0
ATTRIB
  5
8459
330
8458
100
AcDbEntity
  8
0
100
AcDbText
 10
90.99818611969582
 20
247.1410750087088
 30
0.0
 40
2.17643035283774
  1
*
  7
ISOCP
 72
     1
 11
91.75766962823815
 21
248.2292901851277
 31
0.0
100
AcDbAttribute
  2
S_NAME
 70
     0
 74
     2
280
     0
 71
     1
 72
     0
 11
91.75766962823815
 21
248.2292901851277
 31
0.0
  0
ATTRIB
  5
845A
330
8458
100
AcDbEntity
  8
0
100
AcDbText
 10
88.38646969629052
 20
243.4985172141947
 30
0.0
 40
2.17643035283774
  1
HRP2
  7
ISOCP
 72
     1
 11
91.75766962823815
 21
244.5867323906136
 31
0.0
100
AcDbAttribute
  2
R_NAME
 70
     0
 74
     2
280
     0
 71
     1
 72
     0
 11
91.75766962823815
 21
244.5867323906136
 31
0.0
  0
ATTRIB
  5
845B
330
8458
100
AcDbEntity
  8
0
 62
     0
100
AcDbText
 10
86.93901985083794
 20
237.8902419993632
 30
0.0
 40
2.17643035283774
  1
4
  7
ISOCP
 72
     1
 11
87.80052353216954
 21
240.0666723522009
 31
0.0
100
AcDbAttribute
  2
A
 70
     0
 74
     3
280
     0
 71
     1
 72
     0
 11
87.80052353216954
 21
240.0666723522009
 31
0.0
  0
ATTRIB
  5
845C
330
8458
100
AcDbEntity
  8
0
 62
     0
100
AcDbText
 10
94.95533221576444
 20
237.8902419993632
 30
0.0
 40
2.17643035283774
  1
3
  7
ISOCP
 72
     1
 11
95.71481572430677
 21
240.0666723522009
 31
0.0
100
AcDbAttribute
  2
F
 70
     0
 74
     3
280
     0
 71
     1
 72
     0
 11
95.71481572430677
 21
240.0666723522009
 31
0.0
  0
ATTRIB
  5
845D
330
8458
100
AcDbEntity
  8
0
100
AcDbText
 10
90.78913269562995
 20
237.9573141901645
 30
0.0
 40
2.17643035283774
  1
C
  7
ISOCP
 72
     1
 11
91.54861620417228
 21
239.0455293665833
 31
0.0
100
AcDbAttribute
  2
C
 70
     0
 74
     2
280
     0
 71
     1
 72
     0
 11
91.54861620417228
 21
239.0455293665833
 31
0.0
  0
ATTRIB
  5
845E
330
8458
100
AcDbEntity
  8
0
100
AcDbText
 10
86.97968679535596
 20
249.0663538168996
 30
0.0
 40
2.17643035283774
  1
XXXXX
  7
ISOCP
 72
     1
 11
91.87212085933913
 21
250.1545689933185
 31
0.0
100
AcDbAttribute
  2
R(POS)
 70
     0
 74
     2
280
     0
 71
     1
 72
     0
 11
91.87212085933913
 21
250.1545689933185
 31
0.0
  0
ATTRIB
  5
8990
330
8458
100
AcDbEntity
  8
0
100
AcDbText
 10
90.7199532266455
 20
231.7951225801896
 30
0.0
 40
1.978573048034309
  1
RF
  7
ISOCP
 72
     1
 11
92.20182199907953
 21
232.7844091042068
 31
0.0
100
AcDbAttribute
  2
DOC
 70
     5
 74
     2
280
     1
 71
     1
 72
     0
 11
92.20182199907953
 21
232.7844091042068
 31
0.0
  0
ATTRIB
  5
8991
330
8458
100
AcDbEntity
  8
0
100
AcDbText
 10
91.41782891690465
 20
235.4880302456934
 30
0.0
 40
1.978573048034309
  1
1
  7
ISOCP
 72
     1
 11
91.90216711095472
 21
236.4773167697105
 31
0.0
100
AcDbAttribute
  2
WIRING
 70
     5
 74
     2
280
     1
 71
     1
 72
     0
 11
91.90216711095472
 21
236.4773167697105
 31
0.0
  0
SEQEND
  5
845F
330
8458
100
AcDbEntity
  8
0
  0
LINE
  5
8460
330
1F
100
AcDbEntity
  8
0
100
AcDbLine
 10
67.28497946510905
 20
255.9999191400503
 30
0.0
 11
87.80052353216954
 21
255.9999191400503
 31
0.0
  0
INSERT
  5
8461
330
1F
100
AcDbEntity
  8
0
100
AcDbBlockReference
 66
     1
  2
Front_Contact
 10
87.80052353216954
 20
226.0930689681982
 30
0.0
 41
0.9892865240171544
 42
0.9892865240171544
 43
0.9892865240171544
  0
ATTRIB
  5
8462
330
8461
100
AcDbEntity
  8
0
100
AcDbText
 10
90.99818611969582
 20
231.2112599086185
 30
0.0
 40
2.17643035283774
  1
*
  7
ISOCP
 72
     1
 11
91.75766962823815
 21
232.2994750850374
 31
0.0
100
AcDbAttribute
  2
S_NAME
 70
     0
 74
     2
280
     0
 71
     1
 72
     0
 11
91.75766962823815
 21
232.2994750850374
 31
0.0
  0
ATTRIB
  5
8463
330
8461
100
AcDbEntity
  8
0
100
AcDbText
 10
88.38646969629052
 20
228.0409840441664
 30
0.0
 40
2.17643035283774
  1
HRP2
  7
ISOCP
 72
     1
 11
91.75766962823815
 21
229.1291992205852
 31
0.0
100
AcDbAttribute
  2
R_NAME
 70
     0
 74
     2
280
     0
 71
     1
 72
     0
 11
91.75766962823815
 21
229.1291992205852
 31
0.0
  0
ATTRIB
  5
8464
330
8461
100
AcDbEntity
  8
0
 62
     0
100
AcDbText
 10
86.93901985083794
 20
222.4327088293348
 30
0.0
 40
2.17643035283774
  1
4
  7
ISOCP
 72
     1
 11
87.80052353216954
 21
224.6091391821725
 31
0.0
100
AcDbAttribute
  2
A
 70
     0
 74
     3
280
     0
 71
     1
 72
     0
 11
87.80052353216954
 21
224.6091391821725
 31
0.0
  0
ATTRIB
  5
8465
330
8461
100
AcDbEntity
  8
0
 62
     0
100
AcDbText
 10
94.95533221576444
 20
222.4327088293348
 30
0.0
 40
2.17643035283774
  1
3
  7
ISOCP
 72
     1
 11
95.71481572430677
 21
224.6091391821725
 31
0.0
100
AcDbAttribute
  2
F
 70
     0
 74
     3
280
     0
 71
     1
 72
     0
 11
95.71481572430677
 21
224.6091391821725
 31
0.0
  0
ATTRIB
  5
8466
330
8461
100
AcDbEntity
  8
0
100
AcDbText
 10
90.57375677529704
 20
222.4997810201361
 30
0.0
 40
2.17643035283774
  1
A
  7
ISOCP
 72
     1
 11
91.54861620417228
 21
223.5879961965549
 31
0.0
100
AcDbAttribute
  2
C
 70
     0
 74
     2
280
     0
 71
     1
 72
     0
 11
91.54861620417228
 21
223.5879961965549
 31
0.0
  0
ATTRIB
  5
8467
330
8461
100
AcDbEntity
  8
0
100
AcDbText
 10
86.97968679535597
 20
233.1959387712757
 30
0.0
 40
2.17643035283774
  1
XXXXX
  7
ISOCP
 72
     1
 11
91.87212085933915
 21
234.2841539476946
 31
0.0
100
AcDbAttribute
  2
R(POS)
 70
     0
 74
     2
280
     0
 71
     1
 72
     0
 11
91.87212085933915
 21
234.2841539476946
 31
0.0
  0
ATTRIB
  5
8992
330
8461
100
AcDbEntity
  8
0
100
AcDbText
 10
90.7199532266455
 20
216.3375894101612
 30
0.0
 40
1.978573048034309
  1
RF
  7
ISOCP
 72
     1
 11
92.20182199907953
 21
217.3268759341784
 31
0.0
100
AcDbAttribute
  2
DOC
 70
     5
 74
     2
280
     1
 71
     1
 72
     0
 11
92.20182199907953
 21
217.3268759341784
 31
0.0
  0
ATTRIB
  5
8993
330
8461
100
AcDbEntity
  8
0
100
AcDbText
 10
91.21172755773442
 20
220.030497075665
 30
0.0
 40
1.978573048034309
  1
2
  7
ISOCP
 72
     1
 11
91.90216711095472
 21
221.0197835996821
 31
0.0
100
AcDbAttribute
  2
WIRING
 70
     5
 74
     2
280
     1
 71
     1
 72
     0
 11
91.90216711095472
 21
221.0197835996821
 31
0.0
  0
SEQEND
  5
8468
330
8461
100
AcDbEntity
  8
0
  0
INSERT
  5
8469
330
1F
100
AcDbEntity
  8
0
100
AcDbBlockReference
 66
     1
  2
Front_Contact
 10
87.80052353216954
 20
211.6858961460433
 30
0.0
 41
0.9892865240171544
 42
0.9892865240171544
 43
0.9892865240171544
  0
ATTRIB
  5
846A
330
8469
100
AcDbEntity
  8
0
100
AcDbText
 10
90.9981861196958
 20
216.7517588079205
 30
0.0
 40
2.17643035283774
  1
*
  7
ISOCP
 72
     1
 11
91.75766962823813
 21
217.8399739843394
 31
0.0
100
AcDbAttribute
  2
S_NAME
 70
     0
 74
     2
280
     0
 71
     1
 72
     0
 11
91.75766962823813
 21
217.8399739843394
 31
0.0
  0
ATTRIB
  5
846B
330
8469
100
AcDbEntity
  8
0
100
AcDbText
 10
88.38646969629052
 20
213.6338112220114
 30
0.0
 40
2.17643035283774
  1
HRP2
  7
ISOCP
 72
     1
 11
91.75766962823815
 21
214.7220263984303
 31
0.0
100
AcDbAttribute
  2
R_NAME
 70
     0
 74
     2
280
     0
 71
     1
 72
     0
 11
91.75766962823815
 21
214.7220263984303
 31
0.0
  0
ATTRIB
  5
846C
330
8469
100
AcDbEntity
  8
0
 62
     0
100
AcDbText
 10
86.93901985083794
 20
208.0255360071799
 30
0.0
 40
2.17643035283774
  1
4
  7
ISOCP
 72
     1
 11
87.80052353216954
 21
210.2019663600176
 31
0.0
100
AcDbAttribute
  2
A
 70
     0
 74
     3
280
     0
 71
     1
 72
     0
 11
87.80052353216954
 21
210.2019663600176
 31
0.0
  0
ATTRIB
  5
846D
330
8469
100
AcDbEntity
  8
0
 62
     0
100
AcDbText
 10
94.95533221576444
 20
208.0255360071799
 30
0.0
 40
2.17643035283774
  1
3
  7
ISOCP
 72
     1
 11
95.71481572430677
 21
210.2019663600176
 31
0.0
100
AcDbAttribute
  2
F
 70
     0
 74
     3
280
     0
 71
     1
 72
     0
 11
95.71481572430677
 21
210.2019663600176
 31
0.0
  0
ATTRIB
  5
846E
330
8469
100
AcDbEntity
  8
0
100
AcDbText
 10
90.68711252284068
 20
208.092608197981
 30
0.0
 40
2.17643035283774
  1
D
  7
ISOCP
 72
     1
 11
91.54861620417228
 21
209.1808233743999
 31
0.0
100
AcDbAttribute
  2
C
 70
     0
 74
     2
280
     0
 71
     1
 72
     0
 11
91.54861620417228
 21
209.1808233743999
 31
0.0
  0
ATTRIB
  5
846F
330
8469
100
AcDbEntity
  8
0
100
AcDbText
 10
86.97968679535596
 20
219.4283063299245
 30
0.0
 40
2.17643035283774
  1
XXXXX
  7
ISOCP
 72
     1
 11
91.87212085933913
 21
220.5165215063433
 31
0.0
100
AcDbAttribute
  2
R(POS)
 70
     0
 74
     2
280
     0
 71
     1
 72
     0
 11
91.87212085933913
 21
220.5165215063433
 31
0.0
  0
ATTRIB
  5
8994
330
8469
100
AcDbEntity
  8
0
100
AcDbText
 10
90.7199532266455
 20
201.9304165880064
 30
0.0
 40
1.978573048034309
  1
RF
  7
ISOCP
 72
     1
 11
92.20182199907953
 21
202.9197031120235
 31
0.0
100
AcDbAttribute
  2
DOC
 70
     5
 74
     2
280
     1
 71
     1
 72
     0
 11
92.20182199907953
 21
202.9197031120235
 31
0.0
  0
ATTRIB
  5
8995
330
8469
100
AcDbEntity
  8
0
100
AcDbText
 10
91.41782891690465
 20
205.62332425351
 30
0.0
 40
1.978573048034309
  1
1
  7
ISOCP
 72
     1
 11
91.90216711095472
 21
206.6126107775272
 31
0.0
100
AcDbAttribute
  2
WIRING
 70
     5
 74
     2
280
     1
 71
     1
 72
     0
 11
91.90216711095472
 21
206.6126107775272
 31
0.0
  0
SEQEND
  5
8470
330
8469
100
AcDbEntity
  8
0
  0
INSERT
  5
8471
330
1F
100
AcDbEntity
  8
0
100
AcDbBlockReference
 66
     1
  2
CTR
 10
144.6056870241451
 20
255.9999191400503
 30
0.0
 41
-0.9892865240171544
 42
0.9892865240171544
 43
0.9892865240171544
  0
ATTRIB
  5
8472
330
8471
100
AcDbEntity
  8
0
100
AcDbText
 10
142.1118605781852
 20
258.0087153724188
 30
0.0
 40
2.17643035283774
  1
CTR
  7
ISOCP
 72
     1
 11
144.6056870241451
 21
259.0969305488377
 31
0.0
100
AcDbAttribute
  2
CTR
 70
     0
 74
     2
280
     0
 71
     1
 72
     0
 11
144.6056870241451
 21
259.0969305488377
 31
0.0
  0
ATTRIB
  5
8473
330
8471
100
AcDbEntity
  8
0
 62
     0
100
AcDbText
 10
144.6056870241451
 20
251.8449157391784
 30
0.0
 40
2.17643035283774
  1

  7
ISOCP
 72
     1
 11
144.6056870241451
 21
254.0213460920161
 31
0.0
100
AcDbAttribute
  2
POS
 70
     0
 74
     3
280
     0
 71
     1
 72
     0
 11
144.6056870241451
 21
254.0213460920161
 31
0.0
  0
SEQEND
  5
8474
330
8471
100
AcDbEntity
  8
0
  0
LINE
  5
8475
330
1F
100
AcDbEntity
  8
0
100
AcDbLine
 10
144.6056870241451
 20
255.9999191400503
 30
0.0
 11
155.3830927703807
 21
255.9999191400503
 31
0.0
  0
INSERT
  5
8476
330
1F
100
AcDbEntity
  8
0
100
AcDbBlockReference
 66
     1
  2
CTR
 10
155.3830927703807
 20
255.9999191400503
 30
0.0
 41
0.9892865240171544
 42
0.9892865240171544
 43
0.9892865240171544
  0
ATTRIB
  5
8477
330
8476
100
AcDbEntity
  8
0
100
AcDbText
 10
152.8892663244208
 20
258.0087153724188
 30
0.0
 40
2.17643035283774
  1
CTR
  7
ISOCP
 72
     1
 11
155.3830927703807
 21
259.0969305488377
 31
0.0
100
AcDbAttribute
  2
CTR
 70
     0
 74
     2
280
     0
 71
     1
 72
     0
 11
155.3830927703807
 21
259.0969305488377
 31
0.0
  0
ATTRIB
  5
8478
330
8476
100
AcDbEntity
  8
0
 62
     0
100
AcDbText
 10
155.3830927703807
 20
251.8449157391784
 30
0.0
 40
2.17643035283774
  1

  7
ISOCP
 72
     1
 11
155.3830927703807
 21
254.0213460920161
 31
0.0
100
AcDbAttribute
  2
POS
 70
     0
 74
     3
280
     0
 71
     1
 72
     0
 11
155.3830927703807
 21
254.0213460920161
 31
0.0
  0
SEQEND
  5
8479
330
8476
100
AcDbEntity
  8
0
  0
LINE
  5
847A
330
1F
100
AcDbEntity
  8
0
100
AcDbLine
 10
95.71481572430665
 20
255.9999191400503
 30
0.0
 11
126.1088745264504
 21
255.9999191400503
 31
0.0
  0
LINE
  5
847B
330
1F
100
AcDbEntity
  8
0
100
AcDbLine
 10
129.6967858381006
 20
255.9999191400503
 30
0.0
 11
144.3830975562412
 21
255.9999191400503
 31
0.0
  0
LINE
  5
847C
330
1F
100
AcDbEntity
  8
0
100
AcDbLine
 10
95.71481572430665
 20
226.0930689681982
 30
0.0
 11
110.7161011883643
 21
226.0930689681982
 31
0.0
  0
LINE
  5
847D
330
1F
100
AcDbEntity
  8
0
100
AcDbLine
 10
155.3830927703807
 20
255.9999191400503
 30
0.0
 11
184.0289614726142
 21
255.9999191400503
 31
0.0
  0
LINE
  5
847E
330
1F
100
AcDbEntity
  8
0
100
AcDbLine
 10
107.0129407315023
 20
226.0930689681982
 30
0.0
 11
110.7161011883643
 21
226.0930689681982
 31
0.0
  0
LINE
  5
847F
330
1F
100
AcDbEntity
  8
0
100
AcDbLine
 10
114.2910776479745
 20
226.0930689681982
 30
0.0
 11
144.3830975562412
 21
226.0930689681982
 31
0.0
  0
LINE
  5
8480
330
1F
100
AcDbEntity
  8
0
100
AcDbLine
 10
209.1485373870137
 20
255.9999191400503
 30
0.0
 11
214.065868948964
 21
255.9999191400503
 31
0.0
  0
LINE
  5
8481
330
1F
100
AcDbEntity
  8
0
100
AcDbLine
 10
155.3830927703807
 20
226.0930689681982
 30
0.0
 11
214.0658689489638
 21
226.0930689681977
 31
0.0
  0
LWPOLYLINE
  5
8482
330
1F
100
AcDbEntity
  8
0
100
AcDbPolyline
 90
        6
 70
     0
 43
0.0
 10
87.80052353216954
 20
255.9999191400503
 10
81.9031850712087
 20
254.2139043927103
 10
81.9031850712087
 20
241.5927463178957
 10
102.3823873880439
 20
241.5927463178957
 10
102.3823873880439
 20
254.2139043927103
 10
95.71481572430665
 20
255.9999191400503
  0
LINE
  5
8483
330
1F
100
AcDbEntity
  8
0
100
AcDbLine
 10
68.05559113324674
 20
226.0930689681982
 30
0.0
 11
87.80052353216954
 21
226.0930689681982
 31
0.0
  0
LWPOLYLINE
  5
8484
330
1F
100
AcDbEntity
  8
0
100
AcDbPolyline
 90
        6
 70
     0
 43
0.0
 10
87.80052353216954
 20
226.0930689681982
 10
81.9031850712087
 20
224.307054220858
 10
81.9031850712087
 20
211.6858961460433
 10
102.3823873880439
 20
211.6858961460433
 10
102.3823873880439
 20
224.307054220858
 10
95.71481572430665
 20
226.0930689681982
  0
LINE
  5
8485
330
1F
100
AcDbEntity
  8
0
100
AcDbLine
 10
214.065868948964
 20
255.9999191400503
 30
0.0
 11
214.0658689489638
 21
226.0930689681982
 31
0.0
  0
INSERT
  5
8486
330
1F
100
AcDbEntity
  8
0
100
AcDbBlockReference
 66
     1
  2
Front_Contact
 10
87.80052353216954
 20
187.4420283643221
 30
0.0
 41
0.9892865240171544
 42
0.9892865240171544
 43
0.9892865240171544
  0
ATTRIB
  5
8487
330
8486
100
AcDbEntity
  8
0
100
AcDbText
 10
90.99818611969582
 20
193.0325012348044
 30
0.0
 40
2.17643035283774
  1
*
  7
ISOCP
 72
     1
 11
91.75766962823815
 21
194.1207164112232
 31
0.0
100
AcDbAttribute
  2
S_NAME
 70
     0
 74
     2
280
     0
 71
     1
 72
     0
 11
91.75766962823815
 21
194.1207164112232
 31
0.0
  0
ATTRIB
  5
8488
330
8486
100
AcDbEntity
  8
0
100
AcDbText
 10
87.74260905024269
 20
189.3899434402904
 30
0.0
 40
2.17643035283774
  1
HHRP1
  7
ISOCP
 72
     1
 11
91.75766962823815
 21
190.4781586167092
 31
0.0
100
AcDbAttribute
  2
R_NAME
 70
     0
 74
     2
280
     0
 71
     1
 72
     0
 11
91.75766962823815
 21
190.4781586167092
 31
0.0
  0
ATTRIB
  5
8489
330
8486
100
AcDbEntity
  8
0
 62
     0
100
AcDbText
 10
87.0410400236272
 20
183.7816682254586
 30
0.0
 40
2.17643035283774
  1
2
  7
ISOCP
 72
     1
 11
87.80052353216954
 21
185.9580985782964
 31
0.0
100
AcDbAttribute
  2
A
 70
     0
 74
     3
280
     0
 71
     1
 72
     0
 11
87.80052353216954
 21
185.9580985782964
 31
0.0
  0
ATTRIB
  5
848A
330
8486
100
AcDbEntity
  8
0
 62
     0
100
AcDbText
 10
95.1820437108517
 20
183.7816682254586
 30
0.0
 40
2.17643035283774
  1
1
  7
ISOCP
 72
     1
 11
95.71481572430677
 21
185.9580985782964
 31
0.0
100
AcDbAttribute
  2
F
 70
     0
 74
     3
280
     0
 71
     1
 72
     0
 11
95.71481572430677
 21
185.9580985782964
 31
0.0
  0
ATTRIB
  5
848B
330
8486
100
AcDbEntity
  8
0
100
AcDbText
 10
90.78913269562995
 20
183.8487404162599
 30
0.0
 40
2.17643035283774
  1
C
  7
ISOCP
 72
     1
 11
91.54861620417228
 21
184.9369555926788
 31
0.0
100
AcDbAttribute
  2
C
 70
     0
 74
     2
280
     0
 71
     1
 72
     0
 11
91.54861620417228
 21
184.9369555926788
 31
0.0
  0
ATTRIB
  5
848C
330
8486
100
AcDbEntity
  8
0
100
AcDbText
 10
86.97968679535597
 20
194.7966074201184
 30
0.0
 40
2.17643035283774
  1
XXXXX
  7
ISOCP
 72
     1
 11
91.87212085933915
 21
195.8848225965373
 31
0.0
100
AcDbAttribute
  2
R(POS)
 70
     0
 74
     2
280
     0
 71
     1
 72
     0
 11
91.87212085933915
 21
195.8848225965373
 31
0.0
  0
ATTRIB
  5
8996
330
8486
100
AcDbEntity
  8
0
100
AcDbText
 10
90.7199532266455
 20
177.6865488062851
 30
0.0
 40
1.978573048034309
  1
RF
  7
ISOCP
 72
     1
 11
92.20182199907953
 21
178.6758353303023
 31
0.0
100
AcDbAttribute
  2
DOC
 70
     5
 74
     2
280
     1
 71
     1
 72
     0
 11
92.20182199907953
 21
178.6758353303023
 31
0.0
  0
ATTRIB
  5
8997
330
8486
100
AcDbEntity
  8
0
100
AcDbText
 10
91.21172755773442
 20
181.3794564717888
 30
0.0
 40
1.978573048034309
  1
2
  7
ISOCP
 72
     1
 11
91.90216711095472
 21
182.368742995806
 31
0.0
100
AcDbAttribute
  2
WIRING
 70
     5
 74
     2
280
     1
 71
     1
 72
     0
 11
91.90216711095472
 21
182.368742995806
 31
0.0
  0
SEQEND
  5
848D
330
8486
100
AcDbEntity
  8
0
  0
INSERT
  5
848E
330
1F
100
AcDbEntity
  8
0
100
AcDbBlockReference
 66
     1
  2
Front_Contact
 10
87.80052353216954
 20
172.9927113624982
 30
0.0
 41
0.9892865240171544
 42
0.9892865240171544
 43
0.9892865240171544
  0
ATTRIB
  5
848F
330
848E
100
AcDbEntity
  8
0
100
AcDbText
 10
90.99818611969582
 20
178.5831842329804
 30
0.0
 40
2.17643035283774
  1
*
  7
ISOCP
 72
     1
 11
91.75766962823815
 21
179.6713994093993
 31
0.0
100
AcDbAttribute
  2
S_NAME
 70
     0
 74
     2
280
     0
 71
     1
 72
     0
 11
91.75766962823815
 21
179.6713994093993
 31
0.0
  0
ATTRIB
  5
8490
330
848E
100
AcDbEntity
  8
0
100
AcDbText
 10
87.74260905024269
 20
174.9406264384664
 30
0.0
 40
2.17643035283774
  1
HHRP1
  7
ISOCP
 72
     1
 11
91.75766962823815
 21
176.0288416148853
 31
0.0
100
AcDbAttribute
  2
R_NAME
 70
     0
 74
     2
280
     0
 71
     1
 72
     0
 11
91.75766962823815
 21
176.0288416148853
 31
0.0
  0
ATTRIB
  5
8491
330
848E
100
AcDbEntity
  8
0
 62
     0
100
AcDbText
 10
86.93901985083794
 20
169.3323512236348
 30
0.0
 40
2.17643035283774
  1
4
  7
ISOCP
 72
     1
 11
87.80052353216954
 21
171.5087815764725
 31
0.0
100
AcDbAttribute
  2
A
 70
     0
 74
     3
280
     0
 71
     1
 72
     0
 11
87.80052353216954
 21
171.5087815764725
 31
0.0
  0
ATTRIB
  5
8492
330
848E
100
AcDbEntity
  8
0
 62
     0
100
AcDbText
 10
94.95533221576444
 20
169.3323512236348
 30
0.0
 40
2.17643035283774
  1
3
  7
ISOCP
 72
     1
 11
95.71481572430677
 21
171.5087815764725
 31
0.0
100
AcDbAttribute
  2
F
 70
     0
 74
     3
280
     0
 71
     1
 72
     0
 11
95.71481572430677
 21
171.5087815764725
 31
0.0
  0
ATTRIB
  5
8493
330
848E
100
AcDbEntity
  8
0
100
AcDbText
 10
90.78913269562995
 20
169.3994234144361
 30
0.0
 40
2.17643035283774
  1
C
  7
ISOCP
 72
     1
 11
91.54861620417228
 21
170.4876385908549
 31
0.0
100
AcDbAttribute
  2
C
 70
     0
 74
     2
280
     0
 71
     1
 72
     0
 11
91.54861620417228
 21
170.4876385908549
 31
0.0
  0
ATTRIB
  5
8494
330
848E
100
AcDbEntity
  8
0
100
AcDbText
 10
86.97968679535596
 20
180.8369954010751
 30
0.0
 40
2.17643035283774
  1
XXXXX
  7
ISOCP
 72
     1
 11
91.87212085933913
 21
181.925210577494
 31
0.0
100
AcDbAttribute
  2
R(POS)
 70
     0
 74
     2
280
     0
 71
     1
 72
     0
 11
91.87212085933913
 21
181.925210577494
 31
0.0
  0
ATTRIB
  5
8998
330
848E
100
AcDbEntity
  8
0
100
AcDbText
 10
90.7199532266455
 20
163.2372318044612
 30
0.0
 40
1.978573048034309
  1
RF
  7
ISOCP
 72
     1
 11
92.20182199907953
 21
164.2265183284784
 31
0.0
100
AcDbAttribute
  2
DOC
 70
     5
 74
     2
280
     1
 71
     1
 72
     0
 11
92.20182199907953
 21
164.2265183284784
 31
0.0
  0
ATTRIB
  5
8999
330
848E
100
AcDbEntity
  8
0
100
AcDbText
 10
91.41782891690465
 20
166.9301394699649
 30
0.0
 40
1.978573048034309
  1
1
  7
ISOCP
 72
     1
 11
91.90216711095472
 21
167.9194259939821
 31
0.0
100
AcDbAttribute
  2
WIRING
 70
     5
 74
     2
280
     1
 71
     1
 72
     0
 11
91.90216711095472
 21
167.9194259939821
 31
0.0
  0
SEQEND
  5
8495
330
848E
100
AcDbEntity
  8
0
  0
INSERT
  5
8496
330
1F
100
AcDbEntity
  8
0
100
AcDbBlockReference
 66
     1
  2
Front_Contact
 10
87.80052353216954
 20
158.5951781924697
 30
0.0
 41
0.9892865240171544
 42
0.9892865240171544
 43
0.9892865240171544
  0
ATTRIB
  5
8497
330
8496
100
AcDbEntity
  8
0
100
AcDbText
 10
90.99818611969582
 20
164.1856510629519
 30
0.0
 40
2.17643035283774
  1
*
  7
ISOCP
 72
     1
 11
91.75766962823815
 21
165.2738662393708
 31
0.0
100
AcDbAttribute
  2
S_NAME
 70
     0
 74
     2
280
     0
 71
     1
 72
     0
 11
91.75766962823815
 21
165.2738662393708
 31
0.0
  0
ATTRIB
  5
8498
330
8496
100
AcDbEntity
  8
0
100
AcDbText
 10
87.74260905024269
 20
160.543093268438
 30
0.0
 40
2.17643035283774
  1
HHRP1
  7
ISOCP
 72
     1
 11
91.75766962823815
 21
161.6313084448568
 31
0.0
100
AcDbAttribute
  2
R_NAME
 70
     0
 74
     2
280
     0
 71
     1
 72
     0
 11
91.75766962823815
 21
161.6313084448568
 31
0.0
  0
ATTRIB
  5
8499
330
8496
100
AcDbEntity
  8
0
 62
     0
100
AcDbText
 10
87.0410400236272
 20
154.9348180536063
 30
0.0
 40
2.17643035283774
  1
2
  7
ISOCP
 72
     1
 11
87.80052353216954
 21
157.111248406444
 31
0.0
100
AcDbAttribute
  2
A
 70
     0
 74
     3
280
     0
 71
     1
 72
     0
 11
87.80052353216954
 21
157.111248406444
 31
0.0
  0
ATTRIB
  5
849A
330
8496
100
AcDbEntity
  8
0
 62
     0
100
AcDbText
 10
95.1820437108517
 20
154.9348180536063
 30
0.0
 40
2.17643035283774
  1
1
  7
ISOCP
 72
     1
 11
95.71481572430677
 21
157.111248406444
 31
0.0
100
AcDbAttribute
  2
F
 70
     0
 74
     3
280
     0
 71
     1
 72
     0
 11
95.71481572430677
 21
157.111248406444
 31
0.0
  0
ATTRIB
  5
849B
330
8496
100
AcDbEntity
  8
0
100
AcDbText
 10
90.68711252284068
 20
155.0018902444074
 30
0.0
 40
2.17643035283774
  1
D
  7
ISOCP
 72
     1
 11
91.54861620417228
 21
156.0901054208263
 31
0.0
100
AcDbAttribute
  2
C
 70
     0
 74
     2
280
     0
 71
     1
 72
     0
 11
91.54861620417228
 21
156.0901054208263
 31
0.0
  0
ATTRIB
  5
849C
330
8496
100
AcDbEntity
  8
0
100
AcDbText
 10
86.97968679535596
 20
165.7783891867717
 30
0.0
 40
2.17643035283774
  1
XXXXX
  7
ISOCP
 72
     1
 11
91.87212085933913
 21
166.8666043631906
 31
0.0
100
AcDbAttribute
  2
R(POS)
 70
     0
 74
     2
280
     0
 71
     1
 72
     0
 11
91.87212085933913
 21
166.8666043631906
 31
0.0
  0
ATTRIB
  5
899A
330
8496
100
AcDbEntity
  8
0
100
AcDbText
 10
90.7199532266455
 20
148.8396986344328
 30
0.0
 40
1.978573048034309
  1
RF
  7
ISOCP
 72
     1
 11
92.20182199907953
 21
149.8289851584499
 31
0.0
100
AcDbAttribute
  2
DOC
 70
     5
 74
     2
280
     1
 71
     1
 72
     0
 11
92.20182199907953
 21
149.8289851584499
 31
0.0
  0
ATTRIB
  5
899B
330
8496
100
AcDbEntity
  8
0
100
AcDbText
 10
91.21172755773442
 20
152.5326062999364
 30
0.0
 40
1.978573048034309
  1
2
  7
ISOCP
 72
     1
 11
91.90216711095472
 21
153.5218928239536
 31
0.0
100
AcDbAttribute
  2
WIRING
 70
     5
 74
     2
280
     1
 71
     1
 72
     0
 11
91.90216711095472
 21
153.5218928239536
 31
0.0
  0
SEQEND
  5
849D
330
8496
100
AcDbEntity
  8
0
  0
INSERT
  5
849E
330
1F
100
AcDbEntity
  8
0
100
AcDbBlockReference
 66
     1
  2
Front_Contact
 10
87.80052353216954
 20
143.6880053703151
 30
0.0
 41
0.9892865240171544
 42
0.9892865240171544
 43
0.9892865240171544
  0
ATTRIB
  5
849F
330
849E
100
AcDbEntity
  8
0
100
AcDbText
 10
90.99818611969582
 20
149.2784782407973
 30
0.0
 40
2.17643035283774
  1
*
  7
ISOCP
 72
     1
 11
91.75766962823815
 21
150.3666934172162
 31
0.0
100
AcDbAttribute
  2
S_NAME
 70
     0
 74
     2
280
     0
 71
     1
 72
     0
 11
91.75766962823815
 21
150.3666934172162
 31
0.0
  0
ATTRIB
  5
84A0
330
849E
100
AcDbEntity
  8
0
100
AcDbText
 10
87.74260905024269
 20
145.6359204462833
 30
0.0
 40
2.17643035283774
  1
HHRP1
  7
ISOCP
 72
     1
 11
91.75766962823815
 21
146.7241356227021
 31
0.0
100
AcDbAttribute
  2
R_NAME
 70
     0
 74
     2
280
     0
 71
     1
 72
     0
 11
91.75766962823815
 21
146.7241356227021
 31
0.0
  0
ATTRIB
  5
84A1
330
849E
100
AcDbEntity
  8
0
 62
     0
100
AcDbText
 10
86.93901985083794
 20
140.0276452314517
 30
0.0
 40
2.17643035283774
  1
4
  7
ISOCP
 72
     1
 11
87.80052353216954
 21
142.2040755842894
 31
0.0
100
AcDbAttribute
  2
A
 70
     0
 74
     3
280
     0
 71
     1
 72
     0
 11
87.80052353216954
 21
142.2040755842894
 31
0.0
  0
ATTRIB
  5
84A2
330
849E
100
AcDbEntity
  8
0
 62
     0
100
AcDbText
 10
94.95533221576444
 20
140.0276452314517
 30
0.0
 40
2.17643035283774
  1
3
  7
ISOCP
 72
     1
 11
95.71481572430677
 21
142.2040755842894
 31
0.0
100
AcDbAttribute
  2
F
 70
     0
 74
     3
280
     0
 71
     1
 72
     0
 11
95.71481572430677
 21
142.2040755842894
 31
0.0
  0
ATTRIB
  5
84A3
330
849E
100
AcDbEntity
  8
0
100
AcDbText
 10
90.68711252284068
 20
140.094717422253
 30
0.0
 40
2.17643035283774
  1
D
  7
ISOCP
 72
     1
 11
91.54861620417228
 21
141.1829325986718
 31
0.0
100
AcDbAttribute
  2
C
 70
     0
 74
     2
280
     0
 71
     1
 72
     0
 11
91.54861620417228
 21
141.1829325986718
 31
0.0
  0
ATTRIB
  5
84A4
330
849E
100
AcDbEntity
  8
0
100
AcDbText
 10
86.97968679535596
 20
151.8349007368294
 30
0.0
 40
2.17643035283774
  1
XXXXX
  7
ISOCP
 72
     1
 11
91.87212085933913
 21
152.9231159132482
 31
0.0
100
AcDbAttribute
  2
R(POS)
 70
     0
 74
     2
280
     0
 71
     1
 72
     0
 11
91.87212085933913
 21
152.9231159132482
 31
0.0
  0
ATTRIB
  5
899C
330
849E
100
AcDbEntity
  8
0
100
AcDbText
 10
90.7199532266455
 20
133.9325258122781
 30
0.0
 40
1.978573048034309
  1
RF
  7
ISOCP
 72
     1
 11
92.20182199907953
 21
134.9218123362953
 31
0.0
100
AcDbAttribute
  2
DOC
 70
     5
 74
     2
280
     1
 71
     1
 72
     0
 11
92.20182199907953
 21
134.9218123362953
 31
0.0
  0
ATTRIB
  5
899D
330
849E
100
AcDbEntity
  8
0
100
AcDbText
 10
91.41782891690465
 20
137.6254334777818
 30
0.0
 40
1.978573048034309
  1
1
  7
ISOCP
 72
     1
 11
91.90216711095472
 21
138.614720001799
 31
0.0
100
AcDbAttribute
  2
WIRING
 70
     5
 74
     2
280
     1
 71
     1
 72
     0
 11
91.90216711095472
 21
138.614720001799
 31
0.0
  0
SEQEND
  5
84A5
330
849E
100
AcDbEntity
  8
0
  0
LINE
  5
84A6
330
1F
100
AcDbEntity
  8
0
100
AcDbLine
 10
95.71481572430665
 20
187.4420283643221
 30
0.0
 11
126.1088745264504
 21
187.4420283643221
 31
0.0
  0
LINE
  5
84A7
330
1F
100
AcDbEntity
  8
0
100
AcDbLine
 10
129.6967858381006
 20
187.4420283643221
 30
0.0
 11
144.3830975562412
 21
187.4420283643221
 31
0.0
  0
LINE
  5
84A8
330
1F
100
AcDbEntity
  8
0
100
AcDbLine
 10
95.71481572430665
 20
158.5951781924697
 30
0.0
 11
110.7161011883643
 21
158.5951781924697
 31
0.0
  0
LINE
  5
84A9
330
1F
100
AcDbEntity
  8
0
100
AcDbLine
 10
155.3830927703807
 20
187.4420283643221
 30
0.0
 11
184.028961472614
 21
187.4420283643221
 31
0.0
  0
LINE
  5
84AA
330
1F
100
AcDbEntity
  8
0
100
AcDbLine
 10
107.0129407315023
 20
158.5951781924697
 30
0.0
 11
110.7161011883643
 21
158.5951781924697
 31
0.0
  0
LINE
  5
84AB
330
1F
100
AcDbEntity
  8
0
100
AcDbLine
 10
114.2910776479745
 20
158.5951781924697
 30
0.0
 11
144.3830975562412
 21
158.5951781924697
 31
0.0
  0
LINE
  5
84AC
330
1F
100
AcDbEntity
  8
0
100
AcDbLine
 10
155.3830927703807
 20
158.5951781924697
 30
0.0
 11
214.0658689489634
 21
158.5951781924693
 31
0.0
  0
LWPOLYLINE
  5
84AD
330
1F
100
AcDbEntity
  8
0
100
AcDbPolyline
 90
        6
 70
     0
 43
0.0
 10
87.80052353216954
 20
187.4420283643221
 10
81.9031850712087
 20
185.6560136169819
 10
81.9031850712087
 20
173.0348555421673
 10
102.3823873880439
 20
173.0348555421673
 10
102.3823873880439
 20
185.6560136169819
 10
95.71481572430665
 20
187.4420283643221
  0
LWPOLYLINE
  5
84AE
330
1F
100
AcDbEntity
  8
0
100
AcDbPolyline
 90
        6
 70
     0
 43
0.0
 10
87.80052353216954
 20
158.5951781924697
 10
81.9031850712087
 20
156.8091634451295
 10
81.9031850712087
 20
143.6880053703151
 10
102.3823873880439
 20
143.6880053703151
 10
102.3823873880439
 20
156.8091634451295
 10
95.71481572430665
 20
158.5951781924697
  0
LINE
  5
84AF
330
1F
100
AcDbEntity
  8
0
100
AcDbLine
 10
87.80052353216954
 20
187.4420283643221
 30
0.0
 11
67.2849794651091
 21
187.4420283643222
 31
0.0
  0
LINE
  5
84B0
330
1F
100
AcDbEntity
  8
0
100
AcDbLine
 10
87.80052353216954
 20
158.5951781924697
 30
0.0
 11
68.05559113324679
 21
158.5951781924697
 31
0.0
  0
INSERT
  5
84B1
330
1F
100
AcDbEntity
  8
0
100
AcDbBlockReference
 66
     1
  2
Front_Contact
 10
87.80052353216954
 20
108.0821374251691
 30
0.0
 41
0.9892865240171544
 42
0.9892865240171544
 43
0.9892865240171544
  0
ATTRIB
  5
84B2
330
84B1
100
AcDbEntity
  8
0
100
AcDbText
 10
90.99818611969582
 20
113.6726102956513
 30
0.0
 40
2.17643035283774
  1
*
  7
ISOCP
 72
     1
 11
91.75766962823815
 21
114.7608254720702
 31
0.0
100
AcDbAttribute
  2
S_NAME
 70
     0
 74
     2
280
     0
 71
     1
 72
     0
 11
91.75766962823815
 21
114.7608254720702
 31
0.0
  0
ATTRIB
  5
84B3
330
84B1
100
AcDbEntity
  8
0
100
AcDbText
 10
88.61318119137779
 20
110.0300525011372
 30
0.0
 40
2.17643035283774
  1
DRP1
  7
ISOCP
 72
     1
 11
91.75766962823815
 21
111.1182676775561
 31
0.0
100
AcDbAttribute
  2
R_NAME
 70
     0
 74
     2
280
     0
 71
     1
 72
     0
 11
91.75766962823815
 21
111.1182676775561
 31
0.0
  0
ATTRIB
  5
84B4
330
84B1
100
AcDbEntity
  8
0
 62
     0
100
AcDbText
 10
87.0410400236272
 20
104.4217772863057
 30
0.0
 40
2.17643035283774
  1
2
  7
ISOCP
 72
     1
 11
87.80052353216954
 21
106.5982076391434
 31
0.0
100
AcDbAttribute
  2
A
 70
     0
 74
     3
280
     0
 71
     1
 72
     0
 11
87.80052353216954
 21
106.5982076391434
 31
0.0
  0
ATTRIB
  5
84B5
330
84B1
100
AcDbEntity
  8
0
 62
     0
100
AcDbText
 10
95.1820437108517
 20
104.4217772863057
 30
0.0
 40
2.17643035283774
  1
1
  7
ISOCP
 72
     1
 11
95.71481572430677
 21
106.5982076391434
 31
0.0
100
AcDbAttribute
  2
F
 70
     0
 74
     3
280
     0
 71
     1
 72
     0
 11
95.71481572430677
 21
106.5982076391434
 31
0.0
  0
ATTRIB
  5
84B6
330
84B1
100
AcDbEntity
  8
0
100
AcDbText
 10
90.78913269562995
 20
104.4888494771068
 30
0.0
 40
2.17643035283774
  1
C
  7
ISOCP
 72
     1
 11
91.54861620417228
 21
105.5770646535257
 31
0.0
100
AcDbAttribute
  2
C
 70
     0
 74
     2
280
     0
 71
     1
 72
     0
 11
91.54861620417228
 21
105.5770646535257
 31
0.0
  0
ATTRIB
  5
84B7
330
84B1
100
AcDbEntity
  8
0
100
AcDbText
 10
86.97968679535597
 20
116.6290677216236
 30
0.0
 40
2.17643035283774
  1
XXXXX
  7
ISOCP
 72
     1
 11
91.87212085933915
 21
117.7172828980425
 31
0.0
100
AcDbAttribute
  2
R(POS)
 70
     0
 74
     2
280
     0
 71
     1
 72
     0
 11
91.87212085933915
 21
117.7172828980425
 31
0.0
  0
ATTRIB
  5
899E
330
84B1
100
AcDbEntity
  8
0
100
AcDbText
 10
90.7199532266455
 20
98.32665786713217
 30
0.0
 40
1.978573048034309
  1
RF
  7
ISOCP
 72
     1
 11
92.20182199907953
 21
99.31594439114933
 31
0.0
100
AcDbAttribute
  2
DOC
 70
     5
 74
     2
280
     1
 71
     1
 72
     0
 11
92.20182199907953
 21
99.31594439114933
 31
0.0
  0
ATTRIB
  5
899F
330
84B1
100
AcDbEntity
  8
0
100
AcDbText
 10
91.21172755773442
 20
102.0195655326358
 30
0.0
 40
1.978573048034309
  1
2
  7
ISOCP
 72
     1
 11
91.90216711095472
 21
103.008852056653
 31
0.0
100
AcDbAttribute
  2
WIRING
 70
     5
 74
     2
280
     1
 71
     1
 72
     0
 11
91.90216711095472
 21
103.008852056653
 31
0.0
  0
SEQEND
  5
84B8
330
84B1
100
AcDbEntity
  8
0
  0
INSERT
  5
84B9
330
1F
100
AcDbEntity
  8
0
100
AcDbBlockReference
 66
     1
  2
Front_Contact
 10
87.80052353216954
 20
93.63282042334521
 30
0.0
 41
0.9892865240171544
 42
0.9892865240171544
 43
0.9892865240171544
  0
ATTRIB
  5
84BA
330
84B9
100
AcDbEntity
  8
0
100
AcDbText
 10
90.99818611969582
 20
99.22329329382742
 30
0.0
 40
2.17643035283774
  1
*
  7
ISOCP
 72
     1
 11
91.75766962823815
 21
100.3115084702463
 31
0.0
100
AcDbAttribute
  2
S_NAME
 70
     0
 74
     2
280
     0
 71
     1
 72
     0
 11
91.75766962823815
 21
100.3115084702463
 31
0.0
  0
ATTRIB
  5
84BB
330
84B9
100
AcDbEntity
  8
0
100
AcDbText
 10
88.61318119137779
 20
95.58073549931339
 30
0.0
 40
2.17643035283774
  1
DRP1
  7
ISOCP
 72
     1
 11
91.75766962823815
 21
96.66895067573226
 31
0.0
100
AcDbAttribute
  2
R_NAME
 70
     0
 74
     2
280
     0
 71
     1
 72
     0
 11
91.75766962823815
 21
96.66895067573226
 31
0.0
  0
ATTRIB
  5
84BC
330
84B9
100
AcDbEntity
  8
0
 62
     0
100
AcDbText
 10
87.0410400236272
 20
89.97246028448174
 30
0.0
 40
2.17643035283774
  1
2
  7
ISOCP
 72
     1
 11
87.80052353216954
 21
92.14889063731948
 31
0.0
100
AcDbAttribute
  2
A
 70
     0
 74
     3
280
     0
 71
     1
 72
     0
 11
87.80052353216954
 21
92.14889063731948
 31
0.0
  0
ATTRIB
  5
84BD
330
84B9
100
AcDbEntity
  8
0
 62
     0
100
AcDbText
 10
95.1820437108517
 20
89.97246028448174
 30
0.0
 40
2.17643035283774
  1
1
  7
ISOCP
 72
     1
 11
95.71481572430677
 21
92.14889063731948
 31
0.0
100
AcDbAttribute
  2
F
 70
     0
 74
     3
280
     0
 71
     1
 72
     0
 11
95.71481572430677
 21
92.14889063731948
 31
0.0
  0
ATTRIB
  5
84BE
330
84B9
100
AcDbEntity
  8
0
100
AcDbText
 10
90.68711252284068
 20
90.03953247528298
 30
0.0
 40
2.17643035283774
  1
D
  7
ISOCP
 72
     1
 11
91.54861620417228
 21
91.12774765170185
 31
0.0
100
AcDbAttribute
  2
C
 70
     0
 74
     2
280
     0
 71
     1
 72
     0
 11
91.54861620417228
 21
91.12774765170185
 31
0.0
  0
ATTRIB
  5
84BF
330
84B9
100
AcDbEntity
  8
0
100
AcDbText
 10
86.97968679535596
 20
102.1182827753438
 30
0.0
 40
2.17643035283774
  1
XXXXX
  7
ISOCP
 72
     1
 11
91.87212085933913
 21
103.2064979517627
 31
0.0
100
AcDbAttribute
  2
R(POS)
 70
     0
 74
     2
280
     0
 71
     1
 72
     0
 11
91.87212085933913
 21
103.2064979517627
 31
0.0
  0
ATTRIB
  5
89A0
330
84B9
100
AcDbEntity
  8
0
100
AcDbText
 10
92.20182199907953
 20
83.87734086530828
 30
0.0
 40
1.978573048034309
  1

  7
ISOCP
 72
     1
 11
92.20182199907953
 21
84.86662738932544
 31
0.0
100
AcDbAttribute
  2
DOC
 70
     5
 74
     2
280
     1
 71
     1
 72
     0
 11
92.20182199907953
 21
84.86662738932544
 31
0.0
  0
ATTRIB
  5
89A1
330
84B9
100
AcDbEntity
  8
0
100
AcDbText
 10
91.90216711095472
 20
87.57024853081192
 30
0.0
 40
1.978573048034309
  1

  7
ISOCP
 72
     1
 11
91.90216711095472
 21
88.55953505482908
 31
0.0
100
AcDbAttribute
  2
WIRING
 70
     5
 74
     2
280
     1
 71
     1
 72
     0
 11
91.90216711095472
 21
88.55953505482908
 31
0.0
  0
SEQEND
  5
84C0
330
84B9
100
AcDbEntity
  8
0
  0
INSERT
  5
84C1
330
1F
100
AcDbEntity
  8
0
100
AcDbBlockReference
 66
     1
  2
Front_Contact
 10
87.80052353216954
 20
79.23528725331687
 30
0.0
 41
0.9892865240171544
 42
0.9892865240171544
 43
0.9892865240171544
  0
ATTRIB
  5
84C2
330
84C1
100
AcDbEntity
  8
0
100
AcDbText
 10
90.99818611969582
 20
84.82576012379913
 30
0.0
 40
2.17643035283774
  1
*
  7
ISOCP
 72
     1
 11
91.75766962823815
 21
85.913975300218
 31
0.0
100
AcDbAttribute
  2
S_NAME
 70
     0
 74
     2
280
     0
 71
     1
 72
     0
 11
91.75766962823815
 21
85.913975300218
 31
0.0
  0
ATTRIB
  5
84C3
330
84C1
100
AcDbEntity
  8
0
100
AcDbText
 10
88.61318119137779
 20
81.18320232928505
 30
0.0
 40
2.17643035283774
  1
DRP1
  7
ISOCP
 72
     1
 11
91.75766962823815
 21
82.27141750570392
 31
0.0
100
AcDbAttribute
  2
R_NAME
 70
     0
 74
     2
280
     0
 71
     1
 72
     0
 11
91.75766962823815
 21
82.27141750570392
 31
0.0
  0
ATTRIB
  5
84C4
330
84C1
100
AcDbEntity
  8
0
 62
     0
100
AcDbText
 10
87.0410400236272
 20
75.5749271144534
 30
0.0
 40
2.17643035283774
  1
2
  7
ISOCP
 72
     1
 11
87.80052353216954
 21
77.75135746729114
 31
0.0
100
AcDbAttribute
  2
A
 70
     0
 74
     3
280
     0
 71
     1
 72
     0
 11
87.80052353216954
 21
77.75135746729114
 31
0.0
  0
ATTRIB
  5
84C5
330
84C1
100
AcDbEntity
  8
0
 62
     0
100
AcDbText
 10
95.1820437108517
 20
75.5749271144534
 30
0.0
 40
2.17643035283774
  1
1
  7
ISOCP
 72
     1
 11
95.71481572430677
 21
77.75135746729114
 31
0.0
100
AcDbAttribute
  2
F
 70
     0
 74
     3
280
     0
 71
     1
 72
     0
 11
95.71481572430677
 21
77.75135746729114
 31
0.0
  0
ATTRIB
  5
84C6
330
84C1
100
AcDbEntity
  8
0
100
AcDbText
 10
90.57375677529704
 20
75.64199930525464
 30
0.0
 40
2.17643035283774
  1
A
  7
ISOCP
 72
     1
 11
91.54861620417228
 21
76.73021448167351
 31
0.0
100
AcDbAttribute
  2
C
 70
     0
 74
     2
280
     0
 71
     1
 72
     0
 11
91.54861620417228
 21
76.73021448167351
 31
0.0
  0
ATTRIB
  5
84C7
330
84C1
100
AcDbEntity
  8
0
100
AcDbText
 10
86.97968679535596
 20
87.72074960531546
 30
0.0
 40
2.17643035283774
  1
XXXXX
  7
ISOCP
 72
     1
 11
91.87212085933913
 21
88.80896478173433
 31
0.0
100
AcDbAttribute
  2
R(POS)
 70
     0
 74
     2
280
     0
 71
     1
 72
     0
 11
91.87212085933913
 21
88.80896478173433
 31
0.0
  0
ATTRIB
  5
89A2
330
84C1
100
AcDbEntity
  8
0
100
AcDbText
 10
90.7199532266455
 20
69.47980769527994
 30
0.0
 40
1.978573048034309
  1
RF
  7
ISOCP
 72
     1
 11
92.20182199907953
 21
70.4690942192971
 31
0.0
100
AcDbAttribute
  2
DOC
 70
     5
 74
     2
280
     1
 71
     1
 72
     0
 11
92.20182199907953
 21
70.4690942192971
 31
0.0
  0
ATTRIB
  5
89A3
330
84C1
100
AcDbEntity
  8
0
100
AcDbText
 10
91.21172755773442
 20
73.17271536078358
 30
0.0
 40
1.978573048034309
  1
2
  7
ISOCP
 72
     1
 11
91.90216711095472
 21
74.16200188480074
 31
0.0
100
AcDbAttribute
  2
WIRING
 70
     5
 74
     2
280
     1
 71
     1
 72
     0
 11
91.90216711095472
 21
74.16200188480074
 31
0.0
  0
SEQEND
  5
84C8
330
84C1
100
AcDbEntity
  8
0
  0
INSERT
  5
84C9
330
1F
100
AcDbEntity
  8
0
100
AcDbBlockReference
 66
     1
  2
Front_Contact
 10
87.80052353216954
 20
64.82811443116219
 30
0.0
 41
0.9892865240171544
 42
0.9892865240171544
 43
0.9892865240171544
  0
ATTRIB
  5
84CA
330
84C9
100
AcDbEntity
  8
0
100
AcDbText
 10
90.99818611969582
 20
70.41858730164445
 30
0.0
 40
2.17643035283774
  1
*
  7
ISOCP
 72
     1
 11
91.75766962823815
 21
71.50680247806332
 31
0.0
100
AcDbAttribute
  2
S_NAME
 70
     0
 74
     2
280
     0
 71
     1
 72
     0
 11
91.75766962823815
 21
71.50680247806332
 31
0.0
  0
ATTRIB
  5
84CB
330
84C9
100
AcDbEntity
  8
0
100
AcDbText
 10
88.61318119137779
 20
66.77602950713037
 30
0.0
 40
2.17643035283774
  1
DRP1
  7
ISOCP
 72
     1
 11
91.75766962823815
 21
67.86424468354924
 31
0.0
100
AcDbAttribute
  2
R_NAME
 70
     0
 74
     2
280
     0
 71
     1
 72
     0
 11
91.75766962823815
 21
67.86424468354924
 31
0.0
  0
ATTRIB
  5
84CC
330
84C9
100
AcDbEntity
  8
0
 62
     0
100
AcDbText
 10
86.93901985083794
 20
61.16775429229872
 30
0.0
 40
2.17643035283774
  1
4
  7
ISOCP
 72
     1
 11
87.80052353216954
 21
63.34418464513646
 31
0.0
100
AcDbAttribute
  2
A
 70
     0
 74
     3
280
     0
 71
     1
 72
     0
 11
87.80052353216954
 21
63.34418464513646
 31
0.0
  0
ATTRIB
  5
84CD
330
84C9
100
AcDbEntity
  8
0
 62
     0
100
AcDbText
 10
94.95533221576444
 20
61.16775429229872
 30
0.0
 40
2.17643035283774
  1
3
  7
ISOCP
 72
     1
 11
95.71481572430677
 21
63.34418464513646
 31
0.0
100
AcDbAttribute
  2
F
 70
     0
 74
     3
280
     0
 71
     1
 72
     0
 11
95.71481572430677
 21
63.34418464513646
 31
0.0
  0
ATTRIB
  5
84CE
330
84C9
100
AcDbEntity
  8
0
100
AcDbText
 10
90.68711252284068
 20
61.23482648309997
 30
0.0
 40
2.17643035283774
  1
D
  7
ISOCP
 72
     1
 11
91.54861620417228
 21
62.32304165951884
 31
0.0
100
AcDbAttribute
  2
C
 70
     0
 74
     2
280
     0
 71
     1
 72
     0
 11
91.54861620417228
 21
62.32304165951884
 31
0.0
  0
ATTRIB
  5
84CF
330
84C9
100
AcDbEntity
  8
0
100
AcDbText
 10
86.97968679535596
 20
73.31357678316078
 30
0.0
 40
2.17643035283774
  1
XXXXX
  7
ISOCP
 72
     1
 11
91.87212085933913
 21
74.40179195957965
 31
0.0
100
AcDbAttribute
  2
R(POS)
 70
     0
 74
     2
280
     0
 71
     1
 72
     0
 11
91.87212085933913
 21
74.40179195957965
 31
0.0
  0
ATTRIB
  5
89A4
330
84C9
100
AcDbEntity
  8
0
100
AcDbText
 10
92.20182199907953
 20
55.07263487312527
 30
0.0
 40
1.978573048034309
  1

  7
ISOCP
 72
     1
 11
92.20182199907953
 21
56.06192139714243
 31
0.0
100
AcDbAttribute
  2
DOC
 70
     5
 74
     2
280
     1
 71
     1
 72
     0
 11
92.20182199907953
 21
56.06192139714243
 31
0.0
  0
ATTRIB
  5
89A5
330
84C9
100
AcDbEntity
  8
0
100
AcDbText
 10
91.90216711095472
 20
58.76554253862891
 30
0.0
 40
1.978573048034309
  1

  7
ISOCP
 72
     1
 11
91.90216711095472
 21
59.75482906264607
 31
0.0
100
AcDbAttribute
  2
WIRING
 70
     5
 74
     2
280
     1
 71
     1
 72
     0
 11
91.90216711095472
 21
59.75482906264607
 31
0.0
  0
SEQEND
  5
84D0
330
84C9
100
AcDbEntity
  8
0
  0
LINE
  5
84D1
330
1F
100
AcDbEntity
  8
0
100
AcDbLine
 10
95.71481572430665
 20
108.0821374251691
 30
0.0
 11
126.1088745264504
 21
108.0821374251691
 31
0.0
  0
LINE
  5
84D2
330
1F
100
AcDbEntity
  8
0
100
AcDbLine
 10
129.6967858381006
 20
108.0821374251691
 30
0.0
 11
144.3830975562412
 21
108.0821374251691
 31
0.0
  0
LINE
  5
84D3
330
1F
100
AcDbEntity
  8
0
100
AcDbLine
 10
95.71481572430665
 20
79.23528725331687
 30
0.0
 11
110.7161011883643
 21
79.23528725331687
 31
0.0
  0
LINE
  5
84D4
330
1F
100
AcDbEntity
  8
0
100
AcDbLine
 10
155.3830927703807
 20
108.0821374251691
 30
0.0
 11
184.028961472614
 21
108.0821374251691
 31
0.0
  0
LINE
  5
84D5
330
1F
100
AcDbEntity
  8
0
100
AcDbLine
 10
107.0129407315023
 20
79.23528725331687
 30
0.0
 11
110.7161011883643
 21
79.23528725331687
 31
0.0
  0
LINE
  5
84D6
330
1F
100
AcDbEntity
  8
0
100
AcDbLine
 10
114.2910776479745
 20
79.23528725331687
 30
0.0
 11
144.3830975562412
 21
79.23528725331687
 31
0.0
  0
LINE
  5
84D7
330
1F
100
AcDbEntity
  8
0
100
AcDbLine
 10
155.3830927703807
 20
79.23528725331681
 30
0.0
 11
214.0658689489634
 21
79.23528725331636
 31
0.0
  0
LWPOLYLINE
  5
84D8
330
1F
100
AcDbEntity
  8
0
100
AcDbPolyline
 90
        6
 70
     0
 43
0.0
 10
87.80052353216954
 20
108.0821374251691
 10
81.9031850712087
 20
106.296122677829
 10
81.9031850712087
 20
93.67496460301436
 10
102.3823873880439
 20
93.67496460301436
 10
102.3823873880439
 20
106.296122677829
 10
95.71481572430665
 20
108.0821374251691
  0
LWPOLYLINE
  5
84D9
330
1F
100
AcDbEntity
  8
0
100
AcDbPolyline
 90
        6
 70
     0
 43
0.0
 10
87.80052353216954
 20
79.23528725331687
 10
81.9031850712087
 20
77.4492725059767
 10
81.9031850712087
 20
64.82811443116219
 10
102.3823873880439
 20
64.82811443116219
 10
102.3823873880439
 20
77.4492725059767
 10
95.71481572430665
 20
79.23528725331687
  0
LINE
  5
84DA
330
1F
100
AcDbEntity
  8
0
100
AcDbLine
 10
87.80052353216954
 20
108.0821374251691
 30
0.0
 11
67.28497946510893
 21
108.0821372467812
 31
0.0
  0
LINE
  5
84DB
330
1F
100
AcDbEntity
  8
0
100
AcDbLine
 10
87.80052353216954
 20
79.23528725331687
 30
0.0
 11
68.05559113324674
 21
79.23528725331687
 31
0.0
  0
LINE
  5
84DC
330
1F
100
AcDbEntity
  8
0
  6
ACAD_ISO02W100
 48
0.5
370
    25
100
AcDbLine
 10
149.9943898972629
 20
265.755497638827
 30
0.0
 11
149.9943898972628
 21
74.20357998197983
 31
0.0
  0
INSERT
  5
84DD
330
1F
100
AcDbEntity
  8
0
100
AcDbBlockReference
 66
     1
  2
CTR
 10
144.6056870241451
 20
226.0930689681982
 30
0.0
 41
-0.9892865240171544
 42
0.9892865240171544
 43
0.9892865240171544
  0
ATTRIB
  5
84DE
330
84DD
100
AcDbEntity
  8
0
100
AcDbText
 10
142.1118605781852
 20
228.1018652005666
 30
0.0
 40
2.17643035283774
  1
CTR
  7
ISOCP
 72
     1
 11
144.6056870241451
 21
229.1900803769855
 31
0.0
100
AcDbAttribute
  2
CTR
 70
     0
 74
     2
280
     0
 71
     1
 72
     0
 11
144.6056870241451
 21
229.1900803769855
 31
0.0
  0
ATTRIB
  5
84DF
330
84DD
100
AcDbEntity
  8
0
 62
     0
100
AcDbText
 10
144.6056870241451
 20
221.938065567326
 30
0.0
 40
2.17643035283774
  1

  7
ISOCP
 72
     1
 11
144.6056870241451
 21
224.1144959201638
 31
0.0
100
AcDbAttribute
  2
POS
 70
     0
 74
     3
280
     0
 71
     1
 72
     0
 11
144.6056870241451
 21
224.1144959201638
 31
0.0
  0
SEQEND
  5
84E0
330
84DD
100
AcDbEntity
  8
0
  0
LINE
  5
84E1
330
1F
100
AcDbEntity
  8
0
100
AcDbLine
 10
144.6056870241451
 20
226.0930689681982
 30
0.0
 11
155.3830927703807
 21
226.0930689681982
 31
0.0
  0
INSERT
  5
84E2
330
1F
100
AcDbEntity
  8
0
100
AcDbBlockReference
 66
     1
  2
CTR
 10
155.3830927703807
 20
226.0930689681982
 30
0.0
 41
0.9892865240171544
 42
0.9892865240171544
 43
0.9892865240171544
  0
ATTRIB
  5
84E3
330
84E2
100
AcDbEntity
  8
0
100
AcDbText
 10
152.8892663244208
 20
228.1018652005666
 30
0.0
 40
2.17643035283774
  1
CTR
  7
ISOCP
 72
     1
 11
155.3830927703807
 21
229.1900803769855
 31
0.0
100
AcDbAttribute
  2
CTR
 70
     0
 74
     2
280
     0
 71
     1
 72
     0
 11
155.3830927703807
 21
229.1900803769855
 31
0.0
  0
ATTRIB
  5
84E4
330
84E2
100
AcDbEntity
  8
0
 62
     0
100
AcDbText
 10
155.3830927703807
 20
221.938065567326
 30
0.0
 40
2.17643035283774
  1

  7
ISOCP
 72
     1
 11
155.3830927703807
 21
224.1144959201638
 31
0.0
100
AcDbAttribute
  2
POS
 70
     0
 74
     3
280
     0
 71
     1
 72
     0
 11
155.3830927703807
 21
224.1144959201638
 31
0.0
  0
SEQEND
  5
84E5
330
84E2
100
AcDbEntity
  8
0
  0
INSERT
  5
84E6
330
1F
100
AcDbEntity
  8
0
100
AcDbBlockReference
 66
     1
  2
CTR
 10
144.6056870241451
 20
187.4420283643221
 30
0.0
 41
-0.9892865240171544
 42
0.9892865240171544
 43
0.9892865240171544
  0
ATTRIB
  5
84E7
330
84E6
100
AcDbEntity
  8
0
100
AcDbText
 10
142.1118605781852
 20
189.4508245966908
 30
0.0
 40
2.17643035283774
  1
CTR
  7
ISOCP
 72
     1
 11
144.6056870241451
 21
190.5390397731096
 31
0.0
100
AcDbAttribute
  2
CTR
 70
     0
 74
     2
280
     0
 71
     1
 72
     0
 11
144.6056870241451
 21
190.5390397731096
 31
0.0
  0
ATTRIB
  5
84E8
330
84E6
100
AcDbEntity
  8
0
 62
     0
100
AcDbText
 10
144.6056870241451
 20
183.2870249634501
 30
0.0
 40
2.17643035283774
  1

  7
ISOCP
 72
     1
 11
144.6056870241451
 21
185.4634553162878
 31
0.0
100
AcDbAttribute
  2
POS
 70
     0
 74
     3
280
     0
 71
     1
 72
     0
 11
144.6056870241451
 21
185.4634553162878
 31
0.0
  0
SEQEND
  5
84E9
330
84E6
100
AcDbEntity
  8
0
  0
LINE
  5
84EA
330
1F
100
AcDbEntity
  8
0
100
AcDbLine
 10
144.6056870241451
 20
187.4420283643221
 30
0.0
 11
155.3830927703807
 21
187.4420283643221
 31
0.0
  0
INSERT
  5
84EB
330
1F
100
AcDbEntity
  8
0
100
AcDbBlockReference
 66
     1
  2
CTR
 10
155.3830927703807
 20
187.4420283643221
 30
0.0
 41
0.9892865240171544
 42
0.9892865240171544
 43
0.9892865240171544
  0
ATTRIB
  5
84EC
330
84EB
100
AcDbEntity
  8
0
100
AcDbText
 10
152.8892663244208
 20
189.4508245966908
 30
0.0
 40
2.17643035283774
  1
CTR
  7
ISOCP
 72
     1
 11
155.3830927703807
 21
190.5390397731096
 31
0.0
100
AcDbAttribute
  2
CTR
 70
     0
 74
     2
280
     0
 71
     1
 72
     0
 11
155.3830927703807
 21
190.5390397731096
 31
0.0
  0
ATTRIB
  5
84ED
330
84EB
100
AcDbEntity
  8
0
 62
     0
100
AcDbText
 10
155.3830927703807
 20
183.2870249634501
 30
0.0
 40
2.17643035283774
  1

  7
ISOCP
 72
     1
 11
155.3830927703807
 21
185.4634553162878
 31
0.0
100
AcDbAttribute
  2
POS
 70
     0
 74
     3
280
     0
 71
     1
 72
     0
 11
155.3830927703807
 21
185.4634553162878
 31
0.0
  0
SEQEND
  5
84EE
330
84EB
100
AcDbEntity
  8
0
  0
INSERT
  5
84EF
330
1F
100
AcDbEntity
  8
0
100
AcDbBlockReference
 66
     1
  2
CTR
 10
144.6056870241451
 20
158.5951781924697
 30
0.0
 41
-0.9892865240171544
 42
0.9892865240171544
 43
0.9892865240171544
  0
ATTRIB
  5
84F0
330
84EF
100
AcDbEntity
  8
0
100
AcDbText
 10
142.1118605781852
 20
160.6039744248384
 30
0.0
 40
2.17643035283774
  1
CTR
  7
ISOCP
 72
     1
 11
144.6056870241451
 21
161.6921896012573
 31
0.0
100
AcDbAttribute
  2
CTR
 70
     0
 74
     2
280
     0
 71
     1
 72
     0
 11
144.6056870241451
 21
161.6921896012573
 31
0.0
  0
ATTRIB
  5
84F1
330
84EF
100
AcDbEntity
  8
0
 62
     0
100
AcDbText
 10
144.6056870241451
 20
154.4401747915978
 30
0.0
 40
2.17643035283774
  1

  7
ISOCP
 72
     1
 11
144.6056870241451
 21
156.6166051444355
 31
0.0
100
AcDbAttribute
  2
POS
 70
     0
 74
     3
280
     0
 71
     1
 72
     0
 11
144.6056870241451
 21
156.6166051444355
 31
0.0
  0
SEQEND
  5
84F2
330
84EF
100
AcDbEntity
  8
0
  0
LINE
  5
84F3
330
1F
100
AcDbEntity
  8
0
100
AcDbLine
 10
144.6056870241451
 20
158.5951781924697
 30
0.0
 11
155.3830927703807
 21
158.5951781924697
 31
0.0
  0
INSERT
  5
84F4
330
1F
100
AcDbEntity
  8
0
100
AcDbBlockReference
 66
     1
  2
CTR
 10
155.3830927703807
 20
158.5951781924697
 30
0.0
 41
0.9892865240171544
 42
0.9892865240171544
 43
0.9892865240171544
  0
ATTRIB
  5
84F5
330
84F4
100
AcDbEntity
  8
0
100
AcDbText
 10
152.8892663244208
 20
160.6039744248384
 30
0.0
 40
2.17643035283774
  1
CTR
  7
ISOCP
 72
     1
 11
155.3830927703807
 21
161.6921896012573
 31
0.0
100
AcDbAttribute
  2
CTR
 70
     0
 74
     2
280
     0
 71
     1
 72
     0
 11
155.3830927703807
 21
161.6921896012573
 31
0.0
  0
ATTRIB
  5
84F6
330
84F4
100
AcDbEntity
  8
0
 62
     0
100
AcDbText
 10
155.3830927703807
 20
154.4401747915978
 30
0.0
 40
2.17643035283774
  1

  7
ISOCP
 72
     1
 11
155.3830927703807
 21
156.6166051444355
 31
0.0
100
AcDbAttribute
  2
POS
 70
     0
 74
     3
280
     0
 71
     1
 72
     0
 11
155.3830927703807
 21
156.6166051444355
 31
0.0
  0
SEQEND
  5
84F7
330
84F4
100
AcDbEntity
  8
0
  0
INSERT
  5
84F8
330
1F
100
AcDbEntity
  8
0
100
AcDbBlockReference
 66
     1
  2
CTR
 10
144.6056870241451
 20
108.0821374251691
 30
0.0
 41
-0.9892865240171544
 42
0.9892865240171544
 43
0.9892865240171544
  0
ATTRIB
  5
84F9
330
84F8
100
AcDbEntity
  8
0
100
AcDbText
 10
142.1118605781852
 20
110.0909336575377
 30
0.0
 40
2.17643035283774
  1
CTR
  7
ISOCP
 72
     1
 11
144.6056870241451
 21
111.1791488339566
 31
0.0
100
AcDbAttribute
  2
CTR
 70
     0
 74
     2
280
     0
 71
     1
 72
     0
 11
144.6056870241451
 21
111.1791488339566
 31
0.0
  0
ATTRIB
  5
84FA
330
84F8
100
AcDbEntity
  8
0
 62
     0
100
AcDbText
 10
144.6056870241451
 20
103.9271340242972
 30
0.0
 40
2.17643035283774
  1

  7
ISOCP
 72
     1
 11
144.6056870241451
 21
106.1035643771349
 31
0.0
100
AcDbAttribute
  2
POS
 70
     0
 74
     3
280
     0
 71
     1
 72
     0
 11
144.6056870241451
 21
106.1035643771349
 31
0.0
  0
SEQEND
  5
84FB
330
84F8
100
AcDbEntity
  8
0
  0
LINE
  5
84FC
330
1F
100
AcDbEntity
  8
0
100
AcDbLine
 10
144.6056870241451
 20
108.0821374251691
 30
0.0
 11
155.3830927703807
 21
108.0821374251691
 31
0.0
  0
INSERT
  5
84FD
330
1F
100
AcDbEntity
  8
0
100
AcDbBlockReference
 66
     1
  2
CTR
 10
155.3830927703807
 20
108.0821374251691
 30
0.0
 41
0.9892865240171544
 42
0.9892865240171544
 43
0.9892865240171544
  0
ATTRIB
  5
84FE
330
84FD
100
AcDbEntity
  8
0
100
AcDbText
 10
152.8892663244208
 20
110.0909336575377
 30
0.0
 40
2.17643035283774
  1
CTR
  7
ISOCP
 72
     1
 11
155.3830927703807
 21
111.1791488339566
 31
0.0
100
AcDbAttribute
  2
CTR
 70
     0
 74
     2
280
     0
 71
     1
 72
     0
 11
155.3830927703807
 21
111.1791488339566
 31
0.0
  0
ATTRIB
  5
84FF
330
84FD
100
AcDbEntity
  8
0
 62
     0
100
AcDbText
 10
155.3830927703807
 20
103.9271340242972
 30
0.0
 40
2.17643035283774
  1

  7
ISOCP
 72
     1
 11
155.3830927703807
 21
106.1035643771349
 31
0.0
100
AcDbAttribute
  2
POS
 70
     0
 74
     3
280
     0
 71
     1
 72
     0
 11
155.3830927703807
 21
106.1035643771349
 31
0.0
  0
SEQEND
  5
8500
330
84FD
100
AcDbEntity
  8
0
  0
INSERT
  5
8501
330
1F
100
AcDbEntity
  8
0
100
AcDbBlockReference
 66
     1
  2
CTR
 10
144.6056870241451
 20
79.23528725331681
 30
0.0
 41
-0.9892865240171544
 42
0.9892865240171544
 43
0.9892865240171544
  0
ATTRIB
  5
8502
330
8501
100
AcDbEntity
  8
0
100
AcDbText
 10
142.1118605781852
 20
81.24408348568541
 30
0.0
 40
2.17643035283774
  1
CTR
  7
ISOCP
 72
     1
 11
144.6056870241451
 21
82.33229866210428
 31
0.0
100
AcDbAttribute
  2
CTR
 70
     0
 74
     2
280
     0
 71
     1
 72
     0
 11
144.6056870241451
 21
82.33229866210428
 31
0.0
  0
ATTRIB
  5
8503
330
8501
100
AcDbEntity
  8
0
 62
     0
100
AcDbText
 10
144.6056870241451
 20
75.08028385244481
 30
0.0
 40
2.17643035283774
  1

  7
ISOCP
 72
     1
 11
144.6056870241451
 21
77.25671420528255
 31
0.0
100
AcDbAttribute
  2
POS
 70
     0
 74
     3
280
     0
 71
     1
 72
     0
 11
144.6056870241451
 21
77.25671420528255
 31
0.0
  0
SEQEND
  5
8504
330
8501
100
AcDbEntity
  8
0
  0
LINE
  5
8505
330
1F
100
AcDbEntity
  8
0
100
AcDbLine
 10
144.6056870241451
 20
79.23528725331681
 30
0.0
 11
155.3830927703807
 21
79.23528725331681
 31
0.0
  0
INSERT
  5
8506
330
1F
100
AcDbEntity
  8
0
100
AcDbBlockReference
 66
     1
  2
CTR
 10
155.3830927703807
 20
79.23528725331681
 30
0.0
 41
0.9892865240171544
 42
0.9892865240171544
 43
0.9892865240171544
  0
ATTRIB
  5
8507
330
8506
100
AcDbEntity
  8
0
100
AcDbText
 10
152.8892663244208
 20
81.24408348568541
 30
0.0
 40
2.17643035283774
  1
CTR
  7
ISOCP
 72
     1
 11
155.3830927703807
 21
82.33229866210428
 31
0.0
100
AcDbAttribute
  2
CTR
 70
     0
 74
     2
280
     0
 71
     1
 72
     0
 11
155.3830927703807
 21
82.33229866210428
 31
0.0
  0
ATTRIB
  5
8508
330
8506
100
AcDbEntity
  8
0
 62
     0
100
AcDbText
 10
155.3830927703807
 20
75.08028385244481
 30
0.0
 40
2.17643035283774
  1

  7
ISOCP
 72
     1
 11
155.3830927703807
 21
77.25671420528255
 31
0.0
100
AcDbAttribute
  2
POS
 70
     0
 74
     3
280
     0
 71
     1
 72
     0
 11
155.3830927703807
 21
77.25671420528255
 31
0.0
  0
SEQEND
  5
8509
330
8506
100
AcDbEntity
  8
0
  0
LWPOLYLINE
  5
853A
330
1F
100
AcDbEntity
  8
0
100
AcDbPolyline
 90
        6
 70
     0
 43
0.0
 10
163.8823511163322
 20
187.4420283643221
 10
159.7560720831733
 20
189.2280431116623
 10
159.7560720831733
 20
201.8492011864768
 10
175.31693520179
 20
201.8492011864768
 10
175.31693520179
 20
189.2280431116623
 10
171.7966433084692
 20
187.4420283643221
  0
LWPOLYLINE
  5
854B
330
1F
100
AcDbEntity
  8
0
100
AcDbPolyline
 90
        6
 70
     0
 43
0.0
 10
171.798963850236
 20
158.6277493778325
 10
175.9252428833949
 20
156.8417346304924
 10
175.9252428833949
 20
144.2205765556778
 10
159.8628051316751
 20
144.2205765556778
 10
159.8628051316751
 20
156.8417346304924
 10
163.8846716580989
 20
158.6277493778325
  0
LWPOLYLINE
  5
854C
330
1F
100
AcDbEntity
  8
0
100
AcDbPolyline
 90
        6
 70
     0
 43
0.0
 10
163.8194483503985
 20
108.0571994630279
 10
159.6931693172396
 20
109.8432142103681
 10
159.6931693172396
 20
122.4643722851827
 10
176.2387304438786
 20
122.4643722851827
 10
176.2387304438786
 20
109.8432142103681
 10
171.7337405425355
 20
108.0571994630279
  0
LWPOLYLINE
  5
854D
330
1F
100
AcDbEntity
  8
0
100
AcDbPolyline
 90
        6
 70
     0
 43
0.0
 10
171.7360610843023
 20
79.24292047653836
 10
175.8623401174612
 20
77.45690572919818
 10
175.8623401174612
 20
64.83574765438368
 10
159.3167789908221
 20
64.83574765438368
 10
159.3167789908221
 20
77.45690572919818
 10
163.8217688921652
 20
79.24292047653836
  0
LINE
  5
8563
330
1F
100
AcDbEntity
  8
0
100
AcDbLine
 10
209.1485373870135
 20
187.4420283643221
 30
0.0
 11
214.0658689489638
 21
187.4420283643221
 31
0.0
  0
LINE
  5
8564
330
1F
100
AcDbEntity
  8
0
100
AcDbLine
 10
214.0658689489638
 20
187.4420283643221
 30
0.0
 11
214.0658689489634
 21
158.5951781924693
 31
0.0
  0
LINE
  5
8565
330
1F
100
AcDbEntity
  8
0
100
AcDbLine
 10
209.1485373870135
 20
108.0821374251692
 30
0.0
 11
214.0658689489638
 21
108.0821374251692
 31
0.0
  0
LINE
  5
8566
330
1F
100
AcDbEntity
  8
0
100
AcDbLine
 10
214.0658689489638
 20
108.0821374251692
 30
0.0
 11
214.0658689489634
 21
79.23528725331647
 31
0.0
  0
INSERT
  5
8567
330
1F
100
AcDbEntity
  8
FUZEENDBLOCK.INSERT
 62
     0
100
AcDbBlockReference
 66
     1
  2
FUZEENDBLOCK
 10
50.22420082142142
 20
158.5951781924697
 30
0.0
 41
0.8198340373253029
 42
0.8198340373253029
 43
0.8198340373253029
  0
ATTRIB
  5
8568
330
8567
100
AcDbEntity
  8
0
100
AcDbText
 10
52.32754135763668
 20
160.4026779878892
 30
0.8198340373253029
 40
2.123838670438406
  1
N24(EXT)#
  7
isocp.shx
 72
     1
 11
59.11940043914282
 21
161.4645973231084
 31
0.8198340373253029
100
AcDbAttribute
  2
VOLT
 70
     0
 74
     2
280
     0
 71
     1
 72
     0
 11
59.11940043914282
 21
161.4645973231084
 31
0.8198340373253029
  0
ATTRIB
  5
8569
330
8567
100
AcDbEntity
  8
0
100
AcDbText
 10
56.25664289794772
 20
154.2539227079493
 30
0.8198340373253029
 40
2.123838670438406
  1
XXX
  7
isocp.shx
 72
     1
 11
59.11940043914282
 21
155.3158420431685
 31
0.8198340373253029
100
AcDbAttribute
  2
FTOT
 70
     0
 74
     2
280
     0
 71
     1
 72
     0
 11
59.11940043914282
 21
155.3158420431685
 31
0.8198340373253029
  0
SEQEND
  5
856A
330
8567
100
AcDbEntity
  8
FUZEENDBLOCK.INSERT
 62
     0
  0
INSERT
  5
856B
330
1F
100
AcDbEntity
  8
FUZEBLOCK.INSERT
 62
     0
100
AcDbBlockReference
 66
     1
  2
FUZEBLOCK
 10
49.73728984036251
 20
187.4420283643222
 30
0.0
 41
0.8067903275745545
 42
0.8067903275745545
 43
0.8067903275745545
  0
ATTRIB
  5
856C
330
856B
100
AcDbEntity
  8
0
100
AcDbText
 10
32.86607407786857
 20
186.5142194876114
 30
0.8067903275745545
 40
2.016975818936386
  1
B24(EXT)#
  7
isocp.shx
 72
     1
 11
39.31619466550889
 21
187.5227073970796
 31
0.8067903275745545
100
AcDbAttribute
  2
VOLT
 70
     0
 74
     2
280
     0
 71
     1
 72
     0
 11
39.31619466550889
 21
187.5227073970796
 31
0.8067903275745545
  0
ATTRIB
  5
856E
330
856B
100
AcDbEntity
  8
0
100
AcDbText
 10
63.19718836171567
 20
189.6607017651522
 30
0.8067903275745545
 40
2.016975818936386
  1

  7
isocp.shx
 72
     1
 11
63.19718836171567
 21
190.6691896746204
 31
0.8067903275745545
100
AcDbAttribute
  2
FUSEVALUE
 70
     0
 74
     2
280
     0
 71
     1
 72
     0
 11
63.19718836171567
 21
190.6691896746204
 31
0.8067903275745545
  0
ATTRIB
  5
8B77
330
856B
100
AcDbEntity
  8
0
100
AcDbText
 10
51.75846769225501
 20
183.2063791445558
 30
0.8067903275745545
 40
2.016975818936386
  1
XXXX
  7
isocp.shx
 72
     1
 11
55.38482213338439
 21
184.214867054024
 31
0.8067903275745545
100
AcDbAttribute
  2
81
 70
     0
 74
     2
280
     0
 71
     1
 72
     0
 11
55.38482213338439
 21
184.214867054024
 31
0.8067903275745545
  0
SEQEND
  5
856F
330
856B
100
AcDbEntity
  8
FUZEBLOCK.INSERT
 62
     0
  0
INSERT
  5
8570
330
1F
100
AcDbEntity
  8
0
100
AcDbBlockReference
  2
24PPTC
 10
61.70790029189183
 20
180.9150483625561
 30
0.0
  0
INSERT
  5
8571
330
1F
100
AcDbEntity
  8
FUZEENDBLOCK.INSERT
 62
     0
100
AcDbBlockReference
 66
     1
  2
FUZEENDBLOCK
 10
50.22420082142131
 20
79.23528725331687
 30
0.0
 41
0.8198340373253029
 42
0.8198340373253029
 43
0.8198340373253029
  0
ATTRIB
  5
8572
330
8571
100
AcDbEntity
  8
0
100
AcDbText
 10
52.32754135763656
 20
81.04278704873623
 30
0.8198340373253029
 40
2.123838670438406
  1
N24(EXT)#
  7
isocp.shx
 72
     1
 11
59.11940043914271
 21
82.10470638395543
 31
0.8198340373253029
100
AcDbAttribute
  2
VOLT
 70
     0
 74
     2
280
     0
 71
     1
 72
     0
 11
59.11940043914271
 21
82.10470638395543
 31
0.8198340373253029
  0
ATTRIB
  5
8573
330
8571
100
AcDbEntity
  8
0
100
AcDbText
 10
56.25664289794761
 20
74.89403176879644
 30
0.8198340373253029
 40
2.123838670438406
  1
XXX
  7
isocp.shx
 72
     1
 11
59.11940043914271
 21
75.95595110401564
 31
0.8198340373253029
100
AcDbAttribute
  2
FTOT
 70
     0
 74
     2
280
     0
 71
     1
 72
     0
 11
59.11940043914271
 21
75.95595110401564
 31
0.8198340373253029
  0
SEQEND
  5
8574
330
8571
100
AcDbEntity
  8
FUZEENDBLOCK.INSERT
 62
     0
  0
INSERT
  5
8575
330
1F
100
AcDbEntity
  8
FUZEBLOCK.INSERT
 62
     0
100
AcDbBlockReference
 66
     1
  2
FUZEBLOCK
 10
49.73728984036231
 20
108.0821371755112
 30
0.0
 41
0.8067903275745545
 42
0.8067903275745545
 43
0.8067903275745545
  0
ATTRIB
  5
8576
330
8575
100
AcDbEntity
  8
0
100
AcDbText
 10
32.86607407786838
 20
107.1543282988005
 30
0.8067903275745545
 40
2.016975818936386
  1
B24(EXT)#
  7
isocp.shx
 72
     1
 11
39.31619466550869
 21
108.1628162082687
 31
0.8067903275745545
100
AcDbAttribute
  2
VOLT
 70
     0
 74
     2
280
     0
 71
     1
 72
     0
 11
39.31619466550869
 21
108.1628162082687
 31
0.8067903275745545
  0
ATTRIB
  5
8578
330
8575
100
AcDbEntity
  8
0
100
AcDbText
 10
63.19718836171548
 20
110.3008105763412
 30
0.8067903275745545
 40
2.016975818936386
  1

  7
isocp.shx
 72
     1
 11
63.19718836171548
 21
111.3092984858094
 31
0.8067903275745545
100
AcDbAttribute
  2
FUSEVALUE
 70
     0
 74
     2
280
     0
 71
     1
 72
     0
 11
63.19718836171548
 21
111.3092984858094
 31
0.8067903275745545
  0
ATTRIB
  5
8B78
330
8575
100
AcDbEntity
  8
0
100
AcDbText
 10
51.75846769225481
 20
103.8464879557448
 30
0.8067903275745545
 40
2.016975818936386
  1
XXXX
  7
isocp.shx
 72
     1
 11
55.38482213338419
 21
104.854975865213
 31
0.8067903275745545
100
AcDbAttribute
  2
81
 70
     0
 74
     2
280
     0
 71
     1
 72
     0
 11
55.38482213338419
 21
104.854975865213
 31
0.8067903275745545
  0
SEQEND
  5
8579
330
8575
100
AcDbEntity
  8
FUZEBLOCK.INSERT
 62
     0
  0
INSERT
  5
857A
330
1F
100
AcDbEntity
  8
0
100
AcDbBlockReference
  2
24PPTC
 10
61.70790029189172
 20
101.5551571737453
 30
0.0
  0
LINE
  5
857B
330
1F
100
AcDbEntity
  8
0
100
AcDbLine
 10
110.7161011883643
 20
226.0930689681982
 30
0.0
 11
110.7161011883643
 21
241.5927463178957
 31
0.0
  0
LINE
  5
857C
330
1F
100
AcDbEntity
  8
0
100
AcDbLine
 10
110.7161011883643
 20
241.5927463178957
 30
0.0
 11
129.6967858381006
 21
241.5927463178957
 31
0.0
  0
LINE
  5
857D
330
1F
100
AcDbEntity
  8
0
100
AcDbLine
 10
129.6967858381006
 20
241.5927463178957
 30
0.0
 11
129.6967858381006
 21
255.9999191400503
 31
0.0
  0
INSERT
  5
857E
330
1F
100
AcDbEntity
  8
0
100
AcDbBlockReference
 66
     1
  2
Back_Contact
 10
116.4286269559837
 20
241.594548000344
 30
0.0
 41
1.024762559949282
 42
1.024762559949282
 43
1.024762559949282
  0
ATTRIB
  5
857F
330
857E
100
AcDbEntity
  8
0
100
AcDbText
 10
119.7009190993042
 20
246.667893934746
 30
0.0
 40
2.369230769230771
  1
*
  7
ISOCP
 72
     1
 11
120.527681919817
 21
247.8525093193614
 31
0.0
100
AcDbAttribute
  2
S_NAME
 70
     0
 74
     2
280
     0
 71
     1
 72
     0
 11
120.527681919817
 21
247.8525093193614
 31
0.0
  0
ATTRIB
  5
8580
330
857E
100
AcDbEntity
  8
0
100
AcDbText
 10
116.8578421762272
 20
243.5308521011464
 30
0.0
 40
2.369230769230771
  1
HRP2
  7
ISOCP
 72
     1
 11
120.5276819198169
 21
244.7154674857618
 31
0.0
100
AcDbAttribute
  2
R_NAME
 70
     0
 74
     2
280
     0
 71
     1
 72
     0
 11
120.5276819198169
 21
244.7154674857618
 31
0.0
  0
ATTRIB
  5
8581
330
857E
100
AcDbEntity
  8
0
 62
     0
100
AcDbText
 10
115.6018688595074
 20
237.4257832825726
 30
0.0
 40
2.369230769230771
  1
8
  7
ISOCP
 72
     1
 11
116.4286316800202
 21
239.7950140518034
 31
0.0
100
AcDbAttribute
  2
A
 70
     0
 74
     3
280
     0
 71
     1
 72
     0
 11
116.4286316800202
 21
239.7950140518034
 31
0.0
  0
ATTRIB
  5
8582
330
857E
100
AcDbEntity
  8
0
 62
     0
100
AcDbText
 10
123.7999693391016
 20
237.4257832825726
 30
0.0
 40
2.369230769230771
  1
7
  7
ISOCP
 72
     1
 11
124.6267321596144
 21
239.7950140518034
 31
0.0
100
AcDbAttribute
  2
B
 70
     0
 74
     3
280
     0
 71
     1
 72
     0
 11
124.6267321596144
 21
239.7950140518034
 31
0.0
  0
ATTRIB
  5
8583
330
857E
100
AcDbEntity
  8
0
100
AcDbText
 10
119.5081608682635
 20
237.6047139085586
 30
0.0
 40
2.369230769230771
  1
D
  7
ISOCP
 72
     1
 11
120.445981381084
 21
238.789329293174
 31
0.0
100
AcDbAttribute
  2
C
 70
     0
 74
     2
280
     0
 71
     1
 72
     0
 11
120.445981381084
 21
238.789329293174
 31
0.0
  0
ATTRIB
  5
8584
330
857E
100
AcDbEntity
  8
0
100
AcDbText
 10
115.1939108619077
 20
249.6123995628875
 30
0.0
 40
2.369230769230771
  1
XXXXX
  7
ISOCP
 72
     1
 11
120.519744195241
 21
250.7970149475029
 31
0.0
100
AcDbAttribute
  2
R(POS)
 70
     0
 74
     2
280
     0
 71
     1
 72
     0
 11
120.519744195241
 21
250.7970149475029
 31
0.0
  0
ATTRIB
  5
89F1
330
857E
100
AcDbEntity
  8
0
100
AcDbText
 10
119.7231561892625
 20
230.7315723333295
 30
0.0
 40
2.049525119898564
  1
LB
  7
ISOCP
 72
     1
 11
121.2517603411868
 21
231.7563348932788
 31
0.0
100
AcDbAttribute
  2
DOC
 70
     5
 74
     2
280
     1
 71
     1
 72
     0
 11
121.2517603411868
 21
231.7563348932788
 31
0.0
  0
ATTRIB
  5
89F2
330
857E
100
AcDbEntity
  8
0
100
AcDbText
 10
120.2261608918135
 20
234.5569084933642
 30
0.0
 40
2.049525119898564
  1
2
  7
ISOCP
 72
     1
 11
120.9413597617781
 21
235.5816710533135
 31
0.0
100
AcDbAttribute
  2
WIRING
 70
     5
 74
     2
280
     1
 71
     1
 72
     0
 11
120.9413597617781
 21
235.5816710533135
 31
0.0
  0
SEQEND
  5
8585
330
857E
100
AcDbEntity
  8
0
  0
LINE
  5
8586
330
1F
100
AcDbEntity
  8
0
100
AcDbLine
 10
124.6267321596141
 20
241.594564029858
 30
0.0
 11
126.1088745264504
 21
243.3958628184459
 31
0.0
  0
LINE
  5
8587
330
1F
100
AcDbEntity
  8
0
100
AcDbLine
 10
126.1088745264504
 20
243.3958628184459
 30
0.0
 11
126.1088745264504
 21
255.9999191400503
 31
0.0
  0
LINE
  5
8588
330
1F
100
AcDbEntity
  8
0
100
AcDbLine
 10
116.4286316800198
 20
241.5945560151011
 30
0.0
 11
114.2910776479745
 21
240.3655373106241
 31
0.0
  0
LINE
  5
8589
330
1F
100
AcDbEntity
  8
0
100
AcDbLine
 10
114.2910776479745
 20
240.3655373106241
 30
0.0
 11
114.2910776479745
 21
226.0930689681982
 31
0.0
  0
LINE
  5
858A
330
1F
100
AcDbEntity
  8
0
100
AcDbLine
 10
110.7161011883643
 20
158.5951781924697
 30
0.0
 11
110.7161011883643
 21
173.0348555421673
 31
0.0
  0
LINE
  5
858B
330
1F
100
AcDbEntity
  8
0
100
AcDbLine
 10
110.7161011883643
 20
173.0348555421673
 30
0.0
 11
129.6967858381006
 21
173.0348555421673
 31
0.0
  0
LINE
  5
858C
330
1F
100
AcDbEntity
  8
0
100
AcDbLine
 10
129.6967858381006
 20
173.0348555421673
 30
0.0
 11
129.6967858381006
 21
187.4420283643221
 31
0.0
  0
INSERT
  5
858D
330
1F
100
AcDbEntity
  8
0
100
AcDbBlockReference
 66
     1
  2
Back_Contact
 10
116.4286269559837
 20
173.0366572246157
 30
0.0
 41
1.024762559949282
 42
1.024762559949282
 43
1.024762559949282
  0
ATTRIB
  5
858E
330
858D
100
AcDbEntity
  8
0
100
AcDbText
 10
119.7009190993042
 20
178.1100031590177
 30
0.0
 40
2.369230769230771
  1
*
  7
ISOCP
 72
     1
 11
120.527681919817
 21
179.2946185436331
 31
0.0
100
AcDbAttribute
  2
S_NAME
 70
     0
 74
     2
280
     0
 71
     1
 72
     0
 11
120.527681919817
 21
179.2946185436331
 31
0.0
  0
ATTRIB
  5
858F
330
858D
100
AcDbEntity
  8
0
100
AcDbText
 10
116.1569447403297
 20
174.9729613254181
 30
0.0
 40
2.369230769230771
  1
HHRP1
  7
ISOCP
 72
     1
 11
120.5276819198169
 21
176.1575767100335
 31
0.0
100
AcDbAttribute
  2
R_NAME
 70
     0
 74
     2
280
     0
 71
     1
 72
     0
 11
120.5276819198169
 21
176.1575767100335
 31
0.0
  0
ATTRIB
  5
8590
330
858D
100
AcDbEntity
  8
0
 62
     0
100
AcDbText
 10
115.6018688595074
 20
168.8678925068444
 30
0.0
 40
2.369230769230771
  1
8
  7
ISOCP
 72
     1
 11
116.4286316800202
 21
171.2371232760752
 31
0.0
100
AcDbAttribute
  2
A
 70
     0
 74
     3
280
     0
 71
     1
 72
     0
 11
116.4286316800202
 21
171.2371232760752
 31
0.0
  0
ATTRIB
  5
8591
330
858D
100
AcDbEntity
  8
0
 62
     0
100
AcDbText
 10
123.7999693391016
 20
168.8678925068444
 30
0.0
 40
2.369230769230771
  1
7
  7
ISOCP
 72
     1
 11
124.6267321596144
 21
171.2371232760752
 31
0.0
100
AcDbAttribute
  2
B
 70
     0
 74
     3
280
     0
 71
     1
 72
     0
 11
124.6267321596144
 21
171.2371232760752
 31
0.0
  0
ATTRIB
  5
8592
330
858D
100
AcDbEntity
  8
0
100
AcDbText
 10
119.5081608682635
 20
169.0468231328303
 30
0.0
 40
2.369230769230771
  1
D
  7
ISOCP
 72
     1
 11
120.445981381084
 21
170.2314385174457
 31
0.0
100
AcDbAttribute
  2
C
 70
     0
 74
     2
280
     0
 71
     1
 72
     0
 11
120.445981381084
 21
170.2314385174457
 31
0.0
  0
ATTRIB
  5
8593
330
858D
100
AcDbEntity
  8
0
100
AcDbText
 10
115.1939108619077
 20
181.0545087871592
 30
0.0
 40
2.369230769230771
  1
XXXXX
  7
ISOCP
 72
     1
 11
120.519744195241
 21
182.2391241717746
 31
0.0
100
AcDbAttribute
  2
R(POS)
 70
     0
 74
     2
280
     0
 71
     1
 72
     0
 11
120.519744195241
 21
182.2391241717746
 31
0.0
  0
ATTRIB
  5
89F3
330
858D
100
AcDbEntity
  8
0
100
AcDbText
 10
119.7231561892625
 20
162.1736815576012
 30
0.0
 40
2.049525119898564
  1
LB
  7
ISOCP
 72
     1
 11
121.2517603411868
 21
163.1984441175505
 31
0.0
100
AcDbAttribute
  2
DOC
 70
     5
 74
     2
280
     1
 71
     1
 72
     0
 11
121.2517603411868
 21
163.1984441175505
 31
0.0
  0
ATTRIB
  5
89F4
330
858D
100
AcDbEntity
  8
0
100
AcDbText
 10
120.2261608918135
 20
165.9990177176359
 30
0.0
 40
2.049525119898564
  1
2
  7
ISOCP
 72
     1
 11
120.9413597617781
 21
167.0237802775852
 31
0.0
100
AcDbAttribute
  2
WIRING
 70
     5
 74
     2
280
     1
 71
     1
 72
     0
 11
120.9413597617781
 21
167.0237802775852
 31
0.0
  0
SEQEND
  5
8594
330
858D
100
AcDbEntity
  8
0
  0
LINE
  5
8595
330
1F
100
AcDbEntity
  8
0
100
AcDbLine
 10
124.6267321596141
 20
173.0366732541298
 30
0.0
 11
126.1088745264504
 21
174.8379720427176
 31
0.0
  0
LINE
  5
8596
330
1F
100
AcDbEntity
  8
0
100
AcDbLine
 10
126.1088745264504
 20
174.8379720427176
 30
0.0
 11
126.1088745264504
 21
187.4420283643221
 31
0.0
  0
LINE
  5
8597
330
1F
100
AcDbEntity
  8
0
100
AcDbLine
 10
116.4286316800198
 20
173.0366652393728
 30
0.0
 11
114.2910776479745
 21
171.8076465348959
 31
0.0
  0
LINE
  5
8598
330
1F
100
AcDbEntity
  8
0
100
AcDbLine
 10
114.2910776479745
 20
171.8076465348959
 30
0.0
 11
114.2910776479745
 21
158.5951781924697
 31
0.0
  0
LINE
  5
8599
330
1F
100
AcDbEntity
  8
0
100
AcDbLine
 10
110.7161011883643
 20
79.23528725331687
 30
0.0
 11
110.7161011883643
 21
93.67496460301442
 31
0.0
  0
LINE
  5
859A
330
1F
100
AcDbEntity
  8
0
100
AcDbLine
 10
110.7161011883643
 20
93.67496460301442
 30
0.0
 11
129.6967858381006
 21
93.67496460301442
 31
0.0
  0
LINE
  5
859B
330
1F
100
AcDbEntity
  8
0
100
AcDbLine
 10
129.6967858381006
 20
93.67496460301442
 30
0.0
 11
129.6967858381006
 21
108.0821374251691
 31
0.0
  0
INSERT
  5
859C
330
1F
100
AcDbEntity
  8
0
100
AcDbBlockReference
 66
     1
  2
Back_Contact
 10
116.4286269559837
 20
93.67676628546275
 30
0.0
 41
1.024762559949282
 42
1.024762559949282
 43
1.024762559949282
  0
ATTRIB
  5
859D
330
859C
100
AcDbEntity
  8
0
100
AcDbText
 10
119.7009190993042
 20
98.75011221986476
 30
0.0
 40
2.369230769230771
  1
*
  7
ISOCP
 72
     1
 11
120.527681919817
 21
99.93472760448014
 31
0.0
100
AcDbAttribute
  2
S_NAME
 70
     0
 74
     2
280
     0
 71
     1
 72
     0
 11
120.527681919817
 21
99.93472760448014
 31
0.0
  0
ATTRIB
  5
859E
330
859C
100
AcDbEntity
  8
0
100
AcDbText
 10
117.104637048022
 20
95.61307038626516
 30
0.0
 40
2.369230769230771
  1
DRP1
  7
ISOCP
 72
     1
 11
120.5276819198169
 21
96.79768577088055
 31
0.0
100
AcDbAttribute
  2
R_NAME
 70
     0
 74
     2
280
     0
 71
     1
 72
     0
 11
120.5276819198169
 21
96.79768577088055
 31
0.0
1001
AcadAnnotative
1000
AnnotativeData
1002
{
1070
     1
1070
     0
1002
}
  0
ATTRIB
  5
859F
330
859C
100
AcDbEntity
  8
0
 62
     0
100
AcDbText
 10
115.6018688595074
 20
89.50800156769142
 30
0.0
 40
2.369230769230771
  1
8
  7
ISOCP
 72
     1
 11
116.4286316800202
 21
91.87723233692219
 31
0.0
100
AcDbAttribute
  2
A
 70
     0
 74
     3
280
     0
 71
     1
 72
     0
 11
116.4286316800202
 21
91.87723233692219
 31
0.0
  0
ATTRIB
  5
85A0
330
859C
100
AcDbEntity
  8
0
 62
     0
100
AcDbText
 10
123.7999693391016
 20
89.50800156769142
 30
0.0
 40
2.369230769230771
  1
7
  7
ISOCP
 72
     1
 11
124.6267321596144
 21
91.87723233692219
 31
0.0
100
AcDbAttribute
  2
B
 70
     0
 74
     3
280
     0
 71
     1
 72
     0
 11
124.6267321596144
 21
91.87723233692219
 31
0.0
  0
ATTRIB
  5
85A1
330
859C
100
AcDbEntity
  8
0
100
AcDbText
 10
119.5081608682635
 20
89.68693219367735
 30
0.0
 40
2.369230769230771
  1
D
  7
ISOCP
 72
     1
 11
120.445981381084
 21
90.87154757829273
 31
0.0
100
AcDbAttribute
  2
C
 70
     0
 74
     2
280
     0
 71
     1
 72
     0
 11
120.445981381084
 21
90.87154757829273
 31
0.0
  0
ATTRIB
  5
85A2
330
859C
100
AcDbEntity
  8
0
100
AcDbText
 10
115.1939108619077
 20
101.6946178480063
 30
0.0
 40
2.369230769230771
  1
XXXXX
  7
ISOCP
 72
     1
 11
120.519744195241
 21
102.8792332326217
 31
0.0
100
AcDbAttribute
  2
R(POS)
 70
     0
 74
     2
280
     0
 71
     1
 72
     0
 11
120.519744195241
 21
102.8792332326217
 31
0.0
  0
ATTRIB
  5
89F5
330
859C
100
AcDbEntity
  8
0
100
AcDbText
 10
119.7231561892625
 20
82.8137906184483
 30
0.0
 40
2.049525119898564
  1
LB
  7
ISOCP
 72
     1
 11
121.2517603411868
 21
83.83855317839758
 31
0.0
100
AcDbAttribute
  2
DOC
 70
     5
 74
     2
280
     1
 71
     1
 72
     0
 11
121.2517603411868
 21
83.83855317839758
 31
0.0
  0
ATTRIB
  5
89F6
330
859C
100
AcDbEntity
  8
0
100
AcDbText
 10
120.2261608918135
 20
86.63912677848296
 30
0.0
 40
2.049525119898564
  1
2
  7
ISOCP
 72
     1
 11
120.9413597617781
 21
87.66388933843224
 31
0.0
100
AcDbAttribute
  2
WIRING
 70
     5
 74
     2
280
     1
 71
     1
 72
     0
 11
120.9413597617781
 21
87.66388933843224
 31
0.0
  0
SEQEND
  5
85A3
330
859C
100
AcDbEntity
  8
0
  0
LINE
  5
85A4
330
1F
100
AcDbEntity
  8
0
100
AcDbLine
 10
124.6267321596141
 20
93.67678231497678
 30
0.0
 11
126.1088745264504
 21
95.47808110356459
 31
0.0
  0
LINE
  5
85A5
330
1F
100
AcDbEntity
  8
0
100
AcDbLine
 10
126.1088745264504
 20
95.47808110356459
 30
0.0
 11
126.1088745264504
 21
108.0821374251691
 31
0.0
  0
LINE
  5
85A6
330
1F
100
AcDbEntity
  8
0
100
AcDbLine
 10
116.4286316800198
 20
93.67677430021973
 30
0.0
 11
114.2910776479745
 21
92.44775559574288
 31
0.0
  0
LINE
  5
85A7
330
1F
100
AcDbEntity
  8
0
100
AcDbLine
 10
114.2910776479745
 20
92.44775559574288
 30
0.0
 11
114.2910776479745
 21
79.23528725331687
 31
0.0
  0
MTEXT
  5
85A9
330
1F
100
AcDbEntity
  8
0
100
AcDbMText
 10
118.7644563057227
 20
274.1321746811593
 30
0.0
 40
2.464
 41
24.02088855743004
 46
2.464
 71
     5
 72
     5
  1
{\LHUT NAME}
  7
ISOCP
 73
     1
 44
1.0
1001
AcadAnnotative
1000
AnnotativeData
1002
{
1070
     1
1070
     0
1002
}
  0
MTEXT
  5
85AA
330
1F
100
AcDbEntity
  8
0
100
AcDbMText
 10
172.1728824696713
 20
273.9431028953343
 30
0.0
 40
2.5
 41
36.05179217734646
 46
0.0
 71
     5
 72
     5
  1
{\LSIGNAL LOCATION }
  7
ISOCP
 73
     1
 44
1.0
101
Embedded Object
 70
     1
 10
1.0
 20
0.0
 30
0.0
 11
172.1728824696713
 21
273.9431028953343
 31
0.0
 40
36.05179217734646
 41
0.0
 42
25.5
 43
3.0
 71
     2
 72
     1
 44
36.05179217734646
 45
9.990172111386347
 73
     0
 74
     0
 46
-3.004441738241592
  0
LINE
  5
880E
330
1F
100
AcDbEntity
  8
0
100
AcDbLine
 10
279.2416305179584
 20
253.1507816705263
 30
0.0
 11
298.2193986044458
 21
253.1507816705263
 31
0.0
  0
LINE
  5
880F
330
1F
100
AcDbEntity
  8
0
100
AcDbLine
 10
306.2193986044458
 20
253.1507816705263
 30
0.0
 11
339.8677976523686
 21
253.1507816705263
 31
0.0
  0
INSERT
  5
8810
330
1F
100
AcDbEntity
  8
FUZEENDBLOCK.INSERT
 62
     0
100
AcDbBlockReference
 66
     1
  2
FUZEENDBLOCK
 10
394.012124396134
 20
253.1507816705263
 30
0.0
 41
-0.8287124280195762
 42
0.8287124280195762
 43
0.8287124280195762
  0
ATTRIB
  5
8811
330
8810
100
AcDbEntity
  8
0
100
AcDbText
 10
377.6700876478818
 20
255.0153846335704
 30
0.8287124280195762
 40
2.071781070048941
  1
N24 (INT)(#)
  7
isocp.shx
 72
     1
 11
385.0205942359929
 21
256.0512751685948
 31
0.8287124280195762
100
AcDbAttribute
  2
VOLT
 70
     0
 74
     2
280
     0
 71
     1
 72
     0
 11
385.0205942359929
 21
256.0512751685948
 31
0.8287124280195762
  0
ATTRIB
  5
8812
330
8810
100
AcDbEntity
  8
0
100
AcDbText
 10
382.2280060019895
 20
248.8000414234235
 30
0.8287124280195762
 40
2.071781070048941
  1
XXX
  7
isocp.shx
 72
     1
 11
385.0205942359929
 21
249.835931958448
 31
0.8287124280195762
100
AcDbAttribute
  2
FTOT
 70
     0
 74
     2
280
     0
 71
     1
 72
     0
 11
385.0205942359929
 21
249.835931958448
 31
0.8287124280195762
  0
SEQEND
  5
8813
330
8810
100
AcDbEntity
  8
FUZEENDBLOCK.INSERT
 62
     0
  0
LINE
  5
8814
330
1F
100
AcDbEntity
  8
0
100
AcDbLine
 10
361.5287516309941
 20
253.1507816705263
 30
0.0
 11
375.9876290867082
 21
253.1507816705263
 31
0.0
  0
INSERT
  5
8815
330
1F
100
AcDbEntity
  8
0
100
AcDbBlockReference
 66
     1
  2
Front_Contact
 10
298.2193986044458
 20
253.1507816705263
 30
0.0
  0
ATTRIB
  5
8816
330
8815
100
AcDbEntity
  8
0
100
AcDbText
 10
297.3896726182063
 20
260.8548434855171
 30
0.0
 40
2.2
  1
XXXXX
  7
ISOCP
 72
     1
 11
302.335089284873
 21
261.9548434855171
 31
0.0
100
AcDbAttribute
  2
R(POS)
 70
     0
 74
     2
280
     0
 71
     1
 72
     0
 11
302.335089284873
 21
261.9548434855171
 31
0.0
  0
ATTRIB
  5
8817
330
8815
100
AcDbEntity
  8
0
100
AcDbText
 10
298.1608569377792
 20
255.1197916880269
 30
0.0
 40
2.2
  1
HHRP1
  7
ISOCP
 72
     1
 11
302.2193986044458
 21
256.2197916880269
 31
0.0
100
AcDbAttribute
  2
R_NAME
 70
     0
 74
     2
280
     0
 71
     1
 72
     0
 11
302.2193986044458
 21
256.2197916880269
 31
0.0
  0
ATTRIB
  5
8818
330
8815
100
AcDbEntity
  8
0
 62
     0
100
AcDbText
 10
297.4516902711125
 20
249.4507816705263
 30
0.0
 40
2.2
  1
2
  7
ISOCP
 72
     1
 11
298.2193986044458
 21
251.6507816705263
 31
0.0
100
AcDbAttribute
  2
A
 70
     0
 74
     3
280
     0
 71
     1
 72
     0
 11
298.2193986044458
 21
251.6507816705263
 31
0.0
  0
ATTRIB
  5
8819
330
8815
100
AcDbEntity
  8
0
 62
     0
100
AcDbText
 10
305.6808569377791
 20
249.4507816705263
 30
0.0
 40
2.2
  1
1
  7
ISOCP
 72
     1
 11
306.2193986044458
 21
251.6507816705263
 31
0.0
100
AcDbAttribute
  2
F
 70
     0
 74
     3
280
     0
 71
     1
 72
     0
 11
306.2193986044458
 21
251.6507816705263
 31
0.0
  0
ATTRIB
  5
881A
330
8815
100
AcDbEntity
  8
0
100
AcDbText
 10
301.137247903504
 20
249.5185802194532
 30
0.0
 40
2.2
  1
B
  7
ISOCP
 72
     1
 11
302.0080812368373
 21
250.6185802194532
 31
0.0
100
AcDbAttribute
  2
C
 70
     0
 74
     2
280
     0
 71
     1
 72
     0
 11
302.0080812368373
 21
250.6185802194532
 31
0.0
  0
ATTRIB
  5
881B
330
8815
100
AcDbEntity
  8
0
100
AcDbText
 10
301.4516902711125
 20
258.8017965532331
 30
0.0
 40
2.2
  1
*
  7
ISOCP
 72
     1
 11
302.2193986044458
 21
259.9017965532331
 31
0.0
100
AcDbAttribute
  2
S_NAME
 70
     0
 74
     2
280
     0
 71
     1
 72
     0
 11
302.2193986044458
 21
259.9017965532331
 31
0.0
  0
ATTRIB
  5
89A6
330
8815
100
AcDbEntity
  8
0
100
AcDbText
 10
301.1704442556301
 20
243.2896551705683
 30
0.0
 40
2.0
  1
RF
  7
ISOCP
 72
     1
 11
302.6683609222967
 21
244.2896551705683
 31
0.0
100
AcDbAttribute
  2
DOC
 70
     5
 74
     2
280
     1
 71
     1
 72
     0
 11
302.6683609222967
 21
244.2896551705683
 31
0.0
  0
ATTRIB
  5
89A7
330
8815
100
AcDbEntity
  8
0
100
AcDbText
 10
301.66754425563
 20
247.0225551705683
 30
0.0
 40
2.0
  1
2
  7
ISOCP
 72
     1
 11
302.3654609222967
 21
248.0225551705683
 31
0.0
100
AcDbAttribute
  2
WIRING
 70
     5
 74
     2
280
     1
 71
     1
 72
     0
 11
302.3654609222967
 21
248.0225551705683
 31
0.0
  0
SEQEND
  5
881C
330
8815
100
AcDbEntity
  8
0
  0
INSERT
  5
881D
330
1F
100
AcDbEntity
  8
0
100
AcDbBlockReference
 66
     1
  2
Front_Contact
 10
298.2193986044458
 20
238.7358739117377
 30
0.0
  0
ATTRIB
  5
881E
330
881D
100
AcDbEntity
  8
0
100
AcDbText
 10
297.3896726182063
 20
246.3836323019836
 30
0.0
 40
2.2
  1
XXXXX
  7
ISOCP
 72
     1
 11
302.335089284873
 21
247.4836323019836
 31
0.0
100
AcDbAttribute
  2
R(POS)
 70
     0
 74
     2
280
     0
 71
     1
 72
     0
 11
302.335089284873
 21
247.4836323019836
 31
0.0
  0
ATTRIB
  5
881F
330
881D
100
AcDbEntity
  8
0
100
AcDbText
 10
298.1608569377792
 20
240.7048839292384
 30
0.0
 40
2.2
  1
HHRP1
  7
ISOCP
 72
     1
 11
302.2193986044458
 21
241.8048839292384
 31
0.0
100
AcDbAttribute
  2
R_NAME
 70
     0
 74
     2
280
     0
 71
     1
 72
     0
 11
302.2193986044458
 21
241.8048839292384
 31
0.0
  0
ATTRIB
  5
8820
330
881D
100
AcDbEntity
  8
0
 62
     0
100
AcDbText
 10
297.3485652711125
 20
235.0358739117377
 30
0.0
 40
2.2
  1
4
  7
ISOCP
 72
     1
 11
298.2193986044458
 21
237.2358739117377
 31
0.0
100
AcDbAttribute
  2
A
 70
     0
 74
     3
280
     0
 71
     1
 72
     0
 11
298.2193986044458
 21
237.2358739117377
 31
0.0
  0
ATTRIB
  5
8821
330
881D
100
AcDbEntity
  8
0
 62
     0
100
AcDbText
 10
305.4516902711125
 20
235.0358739117377
 30
0.0
 40
2.2
  1
3
  7
ISOCP
 72
     1
 11
306.2193986044458
 21
237.2358739117377
 31
0.0
100
AcDbAttribute
  2
F
 70
     0
 74
     3
280
     0
 71
     1
 72
     0
 11
306.2193986044458
 21
237.2358739117377
 31
0.0
  0
ATTRIB
  5
8822
330
881D
100
AcDbEntity
  8
0
100
AcDbText
 10
301.137247903504
 20
235.1036724606646
 30
0.0
 40
2.2
  1
B
  7
ISOCP
 72
     1
 11
302.0080812368373
 21
236.2036724606646
 31
0.0
100
AcDbAttribute
  2
C
 70
     0
 74
     2
280
     0
 71
     1
 72
     0
 11
302.0080812368373
 21
236.2036724606646
 31
0.0
  0
ATTRIB
  5
8823
330
881D
100
AcDbEntity
  8
0
100
AcDbText
 10
301.4516902711125
 20
243.6906813486569
 30
0.0
 40
2.2
  1
*
  7
ISOCP
 72
     1
 11
302.2193986044458
 21
244.7906813486569
 31
0.0
100
AcDbAttribute
  2
S_NAME
 70
     0
 74
     2
280
     0
 71
     1
 72
     0
 11
302.2193986044458
 21
244.7906813486569
 31
0.0
  0
ATTRIB
  5
89A8
330
881D
100
AcDbEntity
  8
0
100
AcDbText
 10
301.1704442556301
 20
228.8747474117797
 30
0.0
 40
2.0
  1
RF
  7
ISOCP
 72
     1
 11
302.6683609222967
 21
229.8747474117797
 31
0.0
100
AcDbAttribute
  2
DOC
 70
     5
 74
     2
280
     1
 71
     1
 72
     0
 11
302.6683609222967
 21
229.8747474117797
 31
0.0
  0
ATTRIB
  5
89A9
330
881D
100
AcDbEntity
  8
0
100
AcDbText
 10
301.1758775889633
 20
232.6076474117797
 30
0.0
 40
2.0
  1
21
  7
ISOCP
 72
     1
 11
302.3654609222967
 21
233.6076474117797
 31
0.0
100
AcDbAttribute
  2
WIRING
 70
     5
 74
     2
280
     1
 71
     1
 72
     0
 11
302.3654609222967
 21
233.6076474117797
 31
0.0
  0
SEQEND
  5
8824
330
881D
100
AcDbEntity
  8
0
  0
INSERT
  5
8825
330
1F
100
AcDbEntity
  8
0
100
AcDbBlockReference
 66
     1
  2
Relay_Coil
 10
361.5287516309941
 20
253.1507816705263
 30
0.0
  0
ATTRIB
  5
8826
330
8825
100
AcDbEntity
  8
0
 62
     0
100
AcDbText
 10
349.8113957013383
 20
254.423120917759
 30
0.0
 40
2.223824894598334
  1
*
  7
ISOCP
 72
     1
 11
350.5874179301825
 21
255.5350333650582
 31
0.0
100
AcDbAttribute
  2
S_NAME
 70
     0
 74
     2
280
     0
 71
     1
 72
     0
 11
350.5874179301825
 21
255.5350333650582
 31
0.0
  0
ATTRIB
  5
8827
330
8825
100
AcDbEntity
  8
0
 62
     0
100
AcDbText
 10
346.282044834846
 20
249.5388692232271
 30
0.0
 40
2.223824894598334
  1
HHRP2
  7
ISOCP
 72
     1
 11
350.6161868950475
 21
250.6507816705263
 31
0.0
100
AcDbAttribute
  2
R_NAME
 70
     0
 74
     2
280
     0
 71
     1
 72
     0
 11
350.6161868950475
 21
250.6507816705263
 31
0.0
  0
ATTRIB
  5
8828
330
8825
100
AcDbEntity
  8
0
 62
     0
100
AcDbText
 10
338.4658138702226
 20
254.0388692232271
 30
0.0
 40
2.223824894598334
  1
R1
  7
ISOCP
 72
     1
 11
339.8997176303855
 21
255.1507816705263
 31
0.0
100
AcDbAttribute
  2
L+
 70
     0
 74
     2
280
     0
 71
     1
 72
     0
 11
339.8997176303855
 21
255.1507816705263
 31
0.0
  0
ATTRIB
  5
8829
330
8825
100
AcDbEntity
  8
0
 62
     0
100
AcDbText
 10
360.7022454656852
 20
254.0388692232271
 30
0.0
 40
2.223824894598334
  1
R2
  7
ISOCP
 72
     1
 11
362.3677976523687
 21
255.1507816705263
 31
0.0
100
AcDbAttribute
  2
L-
 70
     0
 74
     2
280
     0
 71
     1
 72
     0
 11
362.3677976523687
 21
255.1507816705263
 31
0.0
  0
ATTRIB
  5
882A
330
8825
100
AcDbEntity
  8
0
100
AcDbText
 10
345.4954950425064
 20
257.3069678241016
 30
0.0
 40
2.223824894598334
  1
XXXXX
  7
ISOCP
 72
     1
 11
350.4944680868222
 21
258.4188802714008
 31
0.0
100
AcDbAttribute
  2
R(POS)
 70
     0
 74
     2
280
     0
 71
     1
 72
     0
 11
350.4944680868222
 21
258.4188802714008
 31
0.0
  0
ATTRIB
  5
8B63
330
8825
100
AcDbEntity
  8
0
100
AcDbText
 10
347.939536180901
 20
245.6533193716273
 30
0.0
 40
2.0
  1
12
  7
ISOCP
 72
     1
 11
349.1374528475677
 21
246.6533193716273
 31
0.0
100
AcDbAttribute
  2
WIRING
 70
     5
 74
     2
280
     1
 71
     1
 72
     0
 11
349.1374528475677
 21
246.6533193716273
 31
0.0
  0
ATTRIB
  5
8B64
330
8825
100
AcDbEntity
  8
0
100
AcDbText
 10
347.4507695142343
 20
241.9204193716273
 30
0.0
 40
2.0
  1
LR1
  7
ISOCP
 72
     1
 11
349.4403528475676
 21
242.9204193716273
 31
0.0
100
AcDbAttribute
  2
DOC
 70
     5
 74
     2
280
     1
 71
     1
 72
     0
 11
349.4403528475676
 21
242.9204193716273
 31
0.0
  0
SEQEND
  5
882B
330
8825
100
AcDbEntity
  8
0
  0
INSERT
  5
882C
330
1F
100
AcDbEntity
  8
0
100
AcDbBlockReference
 66
     1
  2
Front_Contact
 10
298.2193986044458
 20
224.3209661529491
 30
0.0
  0
ATTRIB
  5
882D
330
882C
100
AcDbEntity
  8
0
100
AcDbText
 10
297.3896726182063
 20
231.8699867397916
 30
0.0
 40
2.2
  1
XXXXX
  7
ISOCP
 72
     1
 11
302.335089284873
 21
232.9699867397916
 31
0.0
100
AcDbAttribute
  2
R(POS)
 70
     0
 74
     2
280
     0
 71
     1
 72
     0
 11
302.335089284873
 21
232.9699867397916
 31
0.0
  0
ATTRIB
  5
882E
330
882C
100
AcDbEntity
  8
0
100
AcDbText
 10
299.0408569377792
 20
226.2899761704498
 30
0.0
 40
2.2
  1
HRP1
  7
ISOCP
 72
     1
 11
302.2193986044458
 21
227.3899761704498
 31
0.0
100
AcDbAttribute
  2
R_NAME
 70
     0
 74
     2
280
     0
 71
     1
 72
     0
 11
302.2193986044458
 21
227.3899761704498
 31
0.0
  0
ATTRIB
  5
882F
330
882C
100
AcDbEntity
  8
0
 62
     0
100
AcDbText
 10
297.4516902711125
 20
220.6209661529491
 30
0.0
 40
2.2
  1
2
  7
ISOCP
 72
     1
 11
298.2193986044458
 21
222.8209661529491
 31
0.0
100
AcDbAttribute
  2
A
 70
     0
 74
     3
280
     0
 71
     1
 72
     0
 11
298.2193986044458
 21
222.8209661529491
 31
0.0
  0
ATTRIB
  5
8830
330
882C
100
AcDbEntity
  8
0
 62
     0
100
AcDbText
 10
305.6808569377791
 20
220.6209661529491
 30
0.0
 40
2.2
  1
1
  7
ISOCP
 72
     1
 11
306.2193986044458
 21
222.8209661529491
 31
0.0
100
AcDbAttribute
  2
F
 70
     0
 74
     3
280
     0
 71
     1
 72
     0
 11
306.2193986044458
 21
222.8209661529491
 31
0.0
  0
ATTRIB
  5
8831
330
882C
100
AcDbEntity
  8
0
100
AcDbText
 10
301.137247903504
 20
220.6887647018759
 30
0.0
 40
2.2
  1
B
  7
ISOCP
 72
     1
 11
302.0080812368373
 21
221.7887647018759
 31
0.0
100
AcDbAttribute
  2
C
 70
     0
 74
     2
280
     0
 71
     1
 72
     0
 11
302.0080812368373
 21
221.7887647018759
 31
0.0
  0
ATTRIB
  5
8832
330
882C
100
AcDbEntity
  8
0
100
AcDbText
 10
301.4516902711125
 20
229.9719810356559
 30
0.0
 40
2.2
  1
*
  7
ISOCP
 72
     1
 11
302.2193986044458
 21
231.0719810356559
 31
0.0
100
AcDbAttribute
  2
S_NAME
 70
     0
 74
     2
280
     0
 71
     1
 72
     0
 11
302.2193986044458
 21
231.0719810356559
 31
0.0
  0
ATTRIB
  5
89AA
330
882C
100
AcDbEntity
  8
0
100
AcDbText
 10
301.1704442556301
 20
214.4598396529911
 30
0.0
 40
2.0
  1
RF
  7
ISOCP
 72
     1
 11
302.6683609222967
 21
215.4598396529911
 31
0.0
100
AcDbAttribute
  2
DOC
 70
     5
 74
     2
280
     1
 71
     1
 72
     0
 11
302.6683609222967
 21
215.4598396529911
 31
0.0
  0
ATTRIB
  5
89AB
330
882C
100
AcDbEntity
  8
0
100
AcDbText
 10
301.66754425563
 20
218.1927396529911
 30
0.0
 40
2.0
  1
2
  7
ISOCP
 72
     1
 11
302.3654609222967
 21
219.1927396529911
 31
0.0
100
AcDbAttribute
  2
WIRING
 70
     5
 74
     2
280
     1
 71
     1
 72
     0
 11
302.3654609222967
 21
219.1927396529911
 31
0.0
  0
SEQEND
  5
8833
330
882C
100
AcDbEntity
  8
0
  0
INSERT
  5
8834
330
1F
100
AcDbEntity
  8
0
100
AcDbBlockReference
 66
     1
  2
Front_Contact
 10
298.2193986044458
 20
209.9060583941606
 30
0.0
  0
ATTRIB
  5
8835
330
8834
100
AcDbEntity
  8
0
100
AcDbText
 10
297.3896726182063
 20
217.5619847049444
 30
0.0
 40
2.2
  1
XXXXX
  7
ISOCP
 72
     1
 11
302.335089284873
 21
218.6619847049444
 31
0.0
100
AcDbAttribute
  2
R(POS)
 70
     0
 74
     2
280
     0
 71
     1
 72
     0
 11
302.335089284873
 21
218.6619847049444
 31
0.0
  0
ATTRIB
  5
8836
330
8834
100
AcDbEntity
  8
0
100
AcDbText
 10
299.0408569377792
 20
211.8750684116613
 30
0.0
 40
2.2
  1
HRP1
  7
ISOCP
 72
     1
 11
302.2193986044458
 21
212.9750684116613
 31
0.0
100
AcDbAttribute
  2
R_NAME
 70
     0
 74
     2
280
     0
 71
     1
 72
     0
 11
302.2193986044458
 21
212.9750684116613
 31
0.0
  0
ATTRIB
  5
8837
330
8834
100
AcDbEntity
  8
0
 62
     0
100
AcDbText
 10
297.3485652711125
 20
206.2060583941606
 30
0.0
 40
2.2
  1
4
  7
ISOCP
 72
     1
 11
298.2193986044458
 21
208.4060583941606
 31
0.0
100
AcDbAttribute
  2
A
 70
     0
 74
     3
280
     0
 71
     1
 72
     0
 11
298.2193986044458
 21
208.4060583941606
 31
0.0
  0
ATTRIB
  5
8838
330
8834
100
AcDbEntity
  8
0
 62
     0
100
AcDbText
 10
305.4516902711125
 20
206.2060583941606
 30
0.0
 40
2.2
  1
3
  7
ISOCP
 72
     1
 11
306.2193986044458
 21
208.4060583941606
 31
0.0
100
AcDbAttribute
  2
F
 70
     0
 74
     3
280
     0
 71
     1
 72
     0
 11
306.2193986044458
 21
208.4060583941606
 31
0.0
  0
ATTRIB
  5
8839
330
8834
100
AcDbEntity
  8
0
100
AcDbText
 10
301.137247903504
 20
206.2738569430874
 30
0.0
 40
2.2
  1
B
  7
ISOCP
 72
     1
 11
302.0080812368373
 21
207.3738569430874
 31
0.0
100
AcDbAttribute
  2
C
 70
     0
 74
     2
280
     0
 71
     1
 72
     0
 11
302.0080812368373
 21
207.3738569430874
 31
0.0
  0
ATTRIB
  5
883A
330
8834
100
AcDbEntity
  8
0
100
AcDbText
 10
301.4516902711125
 20
215.5570732768674
 30
0.0
 40
2.2
  1
*
  7
ISOCP
 72
     1
 11
302.2193986044458
 21
216.6570732768674
 31
0.0
100
AcDbAttribute
  2
S_NAME
 70
     0
 74
     2
280
     0
 71
     1
 72
     0
 11
302.2193986044458
 21
216.6570732768674
 31
0.0
  0
ATTRIB
  5
89AC
330
8834
100
AcDbEntity
  8
0
100
AcDbText
 10
301.1704442556301
 20
200.0449318942026
 30
0.0
 40
2.0
  1
RF
  7
ISOCP
 72
     1
 11
302.6683609222967
 21
201.0449318942026
 31
0.0
100
AcDbAttribute
  2
DOC
 70
     5
 74
     2
280
     1
 71
     1
 72
     0
 11
302.6683609222967
 21
201.0449318942026
 31
0.0
  0
ATTRIB
  5
89AD
330
8834
100
AcDbEntity
  8
0
100
AcDbText
 10
301.8758775889634
 20
203.7778318942026
 30
0.0
 40
2.0
  1
1
  7
ISOCP
 72
     1
 11
302.3654609222967
 21
204.7778318942026
 31
0.0
100
AcDbAttribute
  2
WIRING
 70
     5
 74
     2
280
     1
 71
     1
 72
     0
 11
302.3654609222967
 21
204.7778318942026
 31
0.0
  0
SEQEND
  5
883B
330
8834
100
AcDbEntity
  8
0
  0
LINE
  5
883C
330
1F
100
AcDbEntity
  8
0
100
AcDbLine
 10
375.2718453822745
 20
224.3209661529491
 30
0.0
 11
375.2718453822745
 21
245.2281407200502
 31
0.0
  0
LINE
  5
883D
330
1F
100
AcDbEntity
  8
0
100
AcDbLine
 10
375.2718453822745
 20
245.2281407200502
 30
0.0
 11
361.5287516309941
 21
253.1507816705263
 31
0.0
  0
INSERT
  5
883E
330
1F
100
AcDbEntity
  8
0
100
AcDbBlockReference
 66
     1
  2
Relay_Coil
 10
361.5287516309941
 20
224.3209661529491
 30
0.0
  0
ATTRIB
  5
883F
330
883E
100
AcDbEntity
  8
0
 62
     0
100
AcDbText
 10
349.8113957013383
 20
225.5933054001818
 30
0.0
 40
2.223824894598334
  1
*
  7
ISOCP
 72
     1
 11
350.5874179301825
 21
226.705217847481
 31
0.0
100
AcDbAttribute
  2
S_NAME
 70
     0
 74
     2
280
     0
 71
     1
 72
     0
 11
350.5874179301825
 21
226.705217847481
 31
0.0
  0
ATTRIB
  5
8840
330
883E
100
AcDbEntity
  8
0
 62
     0
100
AcDbText
 10
347.1715747926853
 20
220.7090537056499
 30
0.0
 40
2.223824894598334
  1
HRP2
  7
ISOCP
 72
     1
 11
350.6161868950475
 21
221.8209661529491
 31
0.0
100
AcDbAttribute
  2
R_NAME
 70
     0
 74
     2
280
     0
 71
     1
 72
     0
 11
350.6161868950475
 21
221.8209661529491
 31
0.0
  0
ATTRIB
  5
8841
330
883E
100
AcDbEntity
  8
0
 62
     0
100
AcDbText
 10
338.4658138702226
 20
225.2090537056499
 30
0.0
 40
2.223824894598334
  1
R1
  7
ISOCP
 72
     1
 11
339.8997176303855
 21
226.3209661529491
 31
0.0
100
AcDbAttribute
  2
L+
 70
     0
 74
     2
280
     0
 71
     1
 72
     0
 11
339.8997176303855
 21
226.3209661529491
 31
0.0
  0
ATTRIB
  5
8842
330
883E
100
AcDbEntity
  8
0
 62
     0
100
AcDbText
 10
360.7022454656852
 20
225.2090537056499
 30
0.0
 40
2.223824894598334
  1
R2
  7
ISOCP
 72
     1
 11
362.3677976523687
 21
226.3209661529491
 31
0.0
100
AcDbAttribute
  2
L-
 70
     0
 74
     2
280
     0
 71
     1
 72
     0
 11
362.3677976523687
 21
226.3209661529491
 31
0.0
  0
ATTRIB
  5
8843
330
883E
100
AcDbEntity
  8
0
100
AcDbText
 10
345.4954950425064
 20
228.4771523065244
 30
0.0
 40
2.223824894598334
  1
XXXXX
  7
ISOCP
 72
     1
 11
350.4944680868222
 21
229.5890647538236
 31
0.0
100
AcDbAttribute
  2
R(POS)
 70
     0
 74
     2
280
     0
 71
     1
 72
     0
 11
350.4944680868222
 21
229.5890647538236
 31
0.0
  0
ATTRIB
  5
8B65
330
883E
100
AcDbEntity
  8
0
100
AcDbText
 10
348.6478695142344
 20
216.8235038540501
 30
0.0
 40
2.0
  1
1
  7
ISOCP
 72
     1
 11
349.1374528475677
 21
217.8235038540501
 31
0.0
100
AcDbAttribute
  2
WIRING
 70
     5
 74
     2
280
     1
 71
     1
 72
     0
 11
349.1374528475677
 21
217.8235038540501
 31
0.0
  0
ATTRIB
  5
8B66
330
883E
100
AcDbEntity
  8
0
100
AcDbText
 10
347.4507695142343
 20
213.0906038540501
 30
0.0
 40
2.0
  1
LR1
  7
ISOCP
 72
     1
 11
349.4403528475676
 21
214.0906038540501
 31
0.0
100
AcDbAttribute
  2
DOC
 70
     5
 74
     2
280
     1
 71
     1
 72
     0
 11
349.4403528475676
 21
214.0906038540501
 31
0.0
  0
SEQEND
  5
8844
330
883E
100
AcDbEntity
  8
0
  0
LWPOLYLINE
  5
8845
330
1F
100
AcDbEntity
  8
0
100
AcDbPolyline
 90
        6
 70
     0
 43
0.0
 10
298.2193986044458
 20
253.1507816705263
 10
291.2193986044458
 20
251.1507816705263
 10
291.2193986044458
 20
238.7358739117377
 10
313.2193986044458
 20
238.7358739117377
 10
313.2193986044458
 20
251.1507816705263
 10
306.2193986044458
 20
253.1507816705263
  0
LINE
  5
8846
330
1F
100
AcDbEntity
  8
0
100
AcDbLine
 10
298.2193986044458
 20
238.7358739117377
 30
0.0
 11
291.2193986044458
 21
236.7358739117377
 31
0.0
  0
LINE
  5
8847
330
1F
100
AcDbEntity
  8
0
100
AcDbLine
 10
291.2193986044458
 20
236.7358739117377
 30
0.0
 11
291.2193986044458
 21
224.3209661529491
 31
0.0
  0
LINE
  5
8848
330
1F
100
AcDbEntity
  8
0
100
AcDbLine
 10
291.2193986044458
 20
224.3209661529491
 30
0.0
 11
298.2193986044458
 21
224.3209661529491
 31
0.0
  0
LINE
  5
8849
330
1F
100
AcDbEntity
  8
0
100
AcDbLine
 10
306.2193986044458
 20
224.3209661529491
 30
0.0
 11
339.8677976523686
 21
224.3209661529491
 31
0.0
  0
LINE
  5
884A
330
1F
100
AcDbEntity
  8
0
100
AcDbLine
 10
361.5287516309941
 20
224.3209661529491
 30
0.0
 11
375.2718453822745
 21
224.3209661529491
 31
0.0
  0
LWPOLYLINE
  5
884B
330
1F
100
AcDbEntity
  8
0
100
AcDbPolyline
 90
        6
 70
     0
 43
0.0
 10
298.2193986044458
 20
224.3209661529491
 10
291.2193986044458
 20
222.3209661529491
 10
291.2193986044458
 20
209.9060583941606
 10
313.2193986044458
 20
209.9060583941606
 10
313.2193986044458
 20
222.3209661529491
 10
306.2193986044458
 20
224.3209661529491
  0
INSERT
  5
884C
330
1F
100
AcDbEntity
  8
FUZEBLOCK.INSERT
 62
     0
100
AcDbBlockReference
 66
     1
  2
FUZEBLOCK
 10
262.117966646383
 20
253.1507816705263
 30
0.0
 41
0.7872948906471413
 42
0.7872948906471413
 43
0.7872948906471413
  0
ATTRIB
  5
884D
330
884C
100
AcDbEntity
  8
0
100
AcDbText
 10
244.965547162994
 20
252.2453925462821
 30
0.7872948906471413
 40
1.968237226617853
  1
B24 (INT)(#)
  7
isocp.shx
 72
     1
 11
251.9486888232653
 21
253.229511159591
 31
0.7872948906471413
100
AcDbAttribute
  2
VOLT
 70
     0
 74
     2
280
     0
 71
     1
 72
     0
 11
251.9486888232653
 21
253.229511159591
 31
0.7872948906471413
  0
ATTRIB
  5
884F
330
884C
100
AcDbEntity
  8
0
100
AcDbText
 10
275.2526175864206
 20
255.315842619806
 30
0.7872948906471413
 40
1.968237226617853
  1

  7
isocp.shx
 72
     1
 11
275.2526175864206
 21
256.2999612331149
 31
0.7872948906471413
100
AcDbAttribute
  2
FUSEVALUE
 70
     0
 74
     2
280
     0
 71
     1
 72
     0
 11
275.2526175864206
 21
256.2999612331149
 31
0.7872948906471413
  0
ATTRIB
  5
8B79
330
884C
100
AcDbEntity
  8
0
100
AcDbText
 10
264.090304367223
 20
249.0174834946288
 30
0.7872948906471413
 40
1.968237226617853
  1
XXXX
  7
isocp.shx
 72
     1
 11
267.629030880913
 21
250.0016021079377
 31
0.7872948906471413
100
AcDbAttribute
  2
81
 70
     0
 74
     2
280
     0
 71
     1
 72
     0
 11
267.629030880913
 21
250.0016021079377
 31
0.7872948906471413
  0
SEQEND
  5
8850
330
884C
100
AcDbEntity
  8
FUZEBLOCK.INSERT
 62
     0
  0
INSERT
  5
8851
330
1F
100
AcDbEntity
  8
0
100
AcDbBlockReference
  2
24PPTC
 10
273.6657310010928
 20
247.1227196421516
 30
0.0
  0
MTEXT
  5
8852
330
1F
100
AcDbEntity
  8
0
100
AcDbMText
 10
327.4602513949924
 20
273.4047776459273
 30
0.0
 40
2.464
 41
24.02088855743006
 46
2.464
 71
     5
 72
     5
  1
{\LHUT NAME}
  7
ISOCP
 73
     1
 44
1.0
1001
AcadAnnotative
1000
AnnotativeData
1002
{
1070
     1
1070
     0
1002
}
  0
LINE
  5
8855
330
1F
100
AcDbEntity
  8
0
100
AcDbLine
 10
326.248909106014
 20
96.01224425144048
 30
0.0
 11
326.248909106014
 21
112.4351221044931
 31
0.0
  0
LINE
  5
8856
330
1F
100
AcDbEntity
  8
0
100
AcDbLine
 10
326.248909106014
 20
112.4351221044931
 30
0.0
 11
345.2295937557503
 21
112.4351221044931
 31
0.0
  0
LINE
  5
8857
330
1F
100
AcDbEntity
  8
0
100
AcDbLine
 10
345.2295937557503
 20
112.4351221044931
 30
0.0
 11
345.2295937557503
 21
126.8422949266477
 31
0.0
  0
LINE
  5
8860
330
1F
100
AcDbEntity
  8
0
100
AcDbLine
 10
340.1595400772638
 20
112.4369398164554
 30
0.0
 11
341.6416824441001
 21
114.2382386050433
 31
0.0
  0
LINE
  5
8861
330
1F
100
AcDbEntity
  8
0
100
AcDbLine
 10
341.6416824441001
 20
114.2382386050433
 30
0.0
 11
341.6416824441001
 21
126.8422949266477
 31
0.0
  0
LINE
  5
8862
330
1F
100
AcDbEntity
  8
0
100
AcDbLine
 10
331.9614395976695
 20
112.4369318016984
 30
0.0
 11
329.8238855656242
 21
111.2079130972215
 31
0.0
  0
LINE
  5
8863
330
1F
100
AcDbEntity
  8
0
100
AcDbLine
 10
329.8238855656242
 20
111.2079130972215
 30
0.0
 11
329.8238855656242
 21
96.01224425144048
 31
0.0
  0
LINE
  5
8864
330
1F
100
AcDbEntity
  8
0
100
AcDbLine
 10
329.8238855656242
 20
96.01224425144048
 30
0.0
 11
407.7134560772907
 21
96.01224425144048
 31
0.0
  0
LINE
  5
8865
330
1F
100
AcDbEntity
  8
0
100
AcDbLine
 10
329.8238855656242
 20
96.01224425144048
 30
0.0
 11
354.7633556292052
 21
96.01224425144048
 31
0.0
  0
LINE
  5
8866
330
1F
100
AcDbEntity
  8
0
100
AcDbLine
 10
329.8238855656242
 20
96.01224425144048
 30
0.0
 11
354.7633556292052
 21
96.01224425144048
 31
0.0
  0
LINE
  5
8867
330
1F
100
AcDbEntity
  8
0
100
AcDbLine
 10
329.8238855656242
 20
96.01224425144048
 30
0.0
 11
354.7633556292052
 21
96.01224425144048
 31
0.0
  0
LINE
  5
8868
330
1F
100
AcDbEntity
  8
0
100
AcDbLine
 10
329.8238855656242
 20
96.01224425144048
 30
0.0
 11
354.7633556292052
 21
96.01224425144048
 31
0.0
  0
LINE
  5
8869
330
1F
100
AcDbEntity
  8
0
100
AcDbLine
 10
329.8238855656242
 20
96.01224425144048
 30
0.0
 11
354.7633556292052
 21
96.01224425144048
 31
0.0
  0
LINE
  5
886A
330
1F
100
AcDbEntity
  8
0
100
AcDbLine
 10
329.8238855656242
 20
96.01224425144048
 30
0.0
 11
354.7633556292052
 21
96.01224425144048
 31
0.0
  0
LINE
  5
886B
330
1F
100
AcDbEntity
  8
0
100
AcDbLine
 10
329.8238855656242
 20
96.01224425144048
 30
0.0
 11
354.7633556292052
 21
96.01224425144048
 31
0.0
  0
LINE
  5
886C
330
1F
100
AcDbEntity
  8
0
100
AcDbLine
 10
345.2295937557503
 20
126.8422949266477
 30
0.0
 11
354.7633556292052
 21
126.8422949266477
 31
0.0
  0
INSERT
  5
88CD
330
1F
100
AcDbEntity
  8
0
100
AcDbBlockReference
 66
     1
  2
FRONT_REPEATER
 10
0.0
 20
0.0
 30
0.0
  0
ATTRIB
  5
88CE
330
88CD
100
AcDbEntity
  8
0
100
AcDbText
 10
167.0800137038585
 20
207.3975298772901
 30
0.0
 40
2.17643035283774
  1
*
  7
ISOCP
 72
     1
 11
167.8394972124008
 21
208.4857450537089
 31
0.0
100
AcDbAttribute
  2
S_NAME
 70
     0
 74
     2
280
     0
 71
     1
 72
     0
 11
167.8394972124008
 21
208.4857450537089
 31
0.0
  0
ATTRIB
  5
88CF
330
88CD
100
AcDbEntity
  8
0
100
AcDbText
 10
165.236849248799
 20
203.7549720827759
 30
0.0
 40
2.17643035283774
  1
HPR
  7
ISOCP
 72
     1
 11
167.8394972124008
 21
204.8431872591948
 31
0.0
100
AcDbAttribute
  2
R_NAME
 70
     0
 74
     2
280
     0
 71
     1
 72
     0
 11
167.8394972124008
 21
204.8431872591948
 31
0.0
  0
ATTRIB
  5
88D0
330
88CD
100
AcDbEntity
  8
0
 62
     0
100
AcDbText
 10
163.8823511163322
 20
198.1466968679444
 30
0.0
 40
2.17643035283774
  1

  7
ISOCP
 72
     1
 11
163.8823511163322
 21
200.3231272207821
 31
0.0
100
AcDbAttribute
  2
A
 70
     0
 74
     3
280
     0
 71
     1
 72
     0
 11
163.8823511163322
 21
200.3231272207821
 31
0.0
  0
ATTRIB
  5
88D1
330
88CD
100
AcDbEntity
  8
0
 62
     0
100
AcDbText
 10
171.7966433084694
 20
198.1466968679444
 30
0.0
 40
2.17643035283774
  1

  7
ISOCP
 72
     1
 11
171.7966433084694
 21
200.3231272207821
 31
0.0
100
AcDbAttribute
  2
F
 70
     0
 74
     3
280
     0
 71
     1
 72
     0
 11
171.7966433084694
 21
200.3231272207821
 31
0.0
  0
ATTRIB
  5
88D2
330
88CD
100
AcDbEntity
  8
0
100
AcDbText
 10
167.6304437883349
 20
198.2137690587456
 30
0.0
 40
2.17643035283774
  1

  7
ISOCP
 72
     1
 11
167.6304437883349
 21
199.3019842351645
 31
0.0
100
AcDbAttribute
  2
C
 70
     0
 74
     2
280
     0
 71
     1
 72
     0
 11
167.6304437883349
 21
199.3019842351645
 31
0.0
  0
ATTRIB
  5
88D3
330
88CD
100
AcDbEntity
  8
0
100
AcDbText
 10
167.9539484435018
 20
210.2925193588064
 30
0.0
 40
2.17643035283774
  1

  7
ISOCP
 72
     1
 11
167.9539484435018
 21
211.3807345352253
 31
0.0
100
AcDbAttribute
  2
R(POS)
 70
     0
 74
     2
280
     0
 71
     1
 72
     0
 11
167.9539484435018
 21
211.3807345352253
 31
0.0
  0
SEQEND
  5
88D4
330
88CD
100
AcDbEntity
  8
0
  0
INSERT
  5
88D5
330
1F
100
AcDbEntity
  8
0
100
AcDbBlockReference
 66
     1
  2
FRONT_REPEATER
 10
-0.000000000000199
 20
-14.3650286424857
 30
0.0
  0
ATTRIB
  5
88D6
330
88D5
100
AcDbEntity
  8
0
100
AcDbText
 10
167.0800137038583
 20
193.0325012348044
 30
0.0
 40
2.17643035283774
  1
*
  7
ISOCP
 72
     1
 11
167.8394972124006
 21
194.1207164112232
 31
0.0
100
AcDbAttribute
  2
S_NAME
 70
     0
 74
     2
280
     0
 71
     1
 72
     0
 11
167.8394972124006
 21
194.1207164112232
 31
0.0
  0
ATTRIB
  5
88D7
330
88D5
100
AcDbEntity
  8
0
100
AcDbText
 10
165.2368492487988
 20
189.3899434402904
 30
0.0
 40
2.17643035283774
  1
HPR
  7
ISOCP
 72
     1
 11
167.8394972124006
 21
190.4781586167092
 31
0.0
100
AcDbAttribute
  2
R_NAME
 70
     0
 74
     2
280
     0
 71
     1
 72
     0
 11
167.8394972124006
 21
190.4781586167092
 31
0.0
  0
ATTRIB
  5
88D8
330
88D5
100
AcDbEntity
  8
0
 62
     0
100
AcDbText
 10
163.882351116332
 20
183.7816682254586
 30
0.0
 40
2.17643035283774
  1

  7
ISOCP
 72
     1
 11
163.882351116332
 21
185.9580985782964
 31
0.0
100
AcDbAttribute
  2
A
 70
     0
 74
     3
280
     0
 71
     1
 72
     0
 11
163.882351116332
 21
185.9580985782964
 31
0.0
  0
ATTRIB
  5
88D9
330
88D5
100
AcDbEntity
  8
0
 62
     0
100
AcDbText
 10
171.7966433084692
 20
183.7816682254586
 30
0.0
 40
2.17643035283774
  1

  7
ISOCP
 72
     1
 11
171.7966433084692
 21
185.9580985782964
 31
0.0
100
AcDbAttribute
  2
F
 70
     0
 74
     3
280
     0
 71
     1
 72
     0
 11
171.7966433084692
 21
185.9580985782964
 31
0.0
  0
ATTRIB
  5
88DA
330
88D5
100
AcDbEntity
  8
0
100
AcDbText
 10
167.6304437883347
 20
183.8487404162599
 30
0.0
 40
2.17643035283774
  1

  7
ISOCP
 72
     1
 11
167.6304437883347
 21
184.9369555926788
 31
0.0
100
AcDbAttribute
  2
C
 70
     0
 74
     2
280
     0
 71
     1
 72
     0
 11
167.6304437883347
 21
184.9369555926788
 31
0.0
  0
ATTRIB
  5
88DB
330
88D5
100
AcDbEntity
  8
0
100
AcDbText
 10
167.9539484435016
 20
195.9274907163207
 30
0.0
 40
2.17643035283774
  1

  7
ISOCP
 72
     1
 11
167.9539484435016
 21
197.0157058927396
 31
0.0
100
AcDbAttribute
  2
R(POS)
 70
     0
 74
     2
280
     0
 71
     1
 72
     0
 11
167.9539484435016
 21
197.0157058927396
 31
0.0
  0
SEQEND
  5
88DC
330
88D5
100
AcDbEntity
  8
0
  0
INSERT
  5
88DD
330
1F
100
AcDbEntity
  8
0
100
AcDbBlockReference
 66
     1
  2
FRONT_REPEATER
 10
0.0023205417663803
 20
-57.54433627146102
 30
0.0
  0
ATTRIB
  5
88DE
330
88DD
100
AcDbEntity
  8
0
100
AcDbText
 10
167.0823342456249
 20
149.853193605829
 30
0.0
 40
2.17643035283774
  1
*
  7
ISOCP
 72
     1
 11
167.8418177541672
 21
150.9414087822479
 31
0.0
100
AcDbAttribute
  2
S_NAME
 70
     0
 74
     2
280
     0
 71
     1
 72
     0
 11
167.8418177541672
 21
150.9414087822479
 31
0.0
  0
ATTRIB
  5
88DF
330
88DD
100
AcDbEntity
  8
0
100
AcDbText
 10
165.2391697905654
 20
146.2106358113149
 30
0.0
 40
2.17643035283774
  1
HPR
  7
ISOCP
 72
     1
 11
167.8418177541672
 21
147.2988509877338
 31
0.0
100
AcDbAttribute
  2
R_NAME
 70
     0
 74
     2
280
     0
 71
     1
 72
     0
 11
167.8418177541672
 21
147.2988509877338
 31
0.0
  0
ATTRIB
  5
88E0
330
88DD
100
AcDbEntity
  8
0
 62
     0
100
AcDbText
 10
163.8846716580986
 20
140.6023605964834
 30
0.0
 40
2.17643035283774
  1

  7
ISOCP
 72
     1
 11
163.8846716580986
 21
142.7787909493211
 31
0.0
100
AcDbAttribute
  2
A
 70
     0
 74
     3
280
     0
 71
     1
 72
     0
 11
163.8846716580986
 21
142.7787909493211
 31
0.0
  0
ATTRIB
  5
88E1
330
88DD
100
AcDbEntity
  8
0
 62
     0
100
AcDbText
 10
171.7989638502358
 20
140.6023605964834
 30
0.0
 40
2.17643035283774
  1

  7
ISOCP
 72
     1
 11
171.7989638502358
 21
142.7787909493211
 31
0.0
100
AcDbAttribute
  2
F
 70
     0
 74
     3
280
     0
 71
     1
 72
     0
 11
171.7989638502358
 21
142.7787909493211
 31
0.0
  0
ATTRIB
  5
88E2
330
88DD
100
AcDbEntity
  8
0
100
AcDbText
 10
167.6327643301013
 20
140.6694327872845
 30
0.0
 40
2.17643035283774
  1

  7
ISOCP
 72
     1
 11
167.6327643301013
 21
141.7576479637034
 31
0.0
100
AcDbAttribute
  2
C
 70
     0
 74
     2
280
     0
 71
     1
 72
     0
 11
167.6327643301013
 21
141.7576479637034
 31
0.0
  0
ATTRIB
  5
88E3
330
88DD
100
AcDbEntity
  8
0
100
AcDbText
 10
167.9562689852682
 20
152.7481830873454
 30
0.0
 40
2.17643035283774
  1

  7
ISOCP
 72
     1
 11
167.9562689852682
 21
153.8363982637642
 31
0.0
100
AcDbAttribute
  2
R(POS)
 70
     0
 74
     2
280
     0
 71
     1
 72
     0
 11
167.9562689852682
 21
153.8363982637642
 31
0.0
  0
SEQEND
  5
88E4
330
88DD
100
AcDbEntity
  8
0
  0
INSERT
  5
88E5
330
1F
100
AcDbEntity
  8
0
100
AcDbBlockReference
 66
     1
  2
FRONT_REPEATER
 10
0.0023205417665793
 20
-43.17930762897532
 30
0.0
  0
ATTRIB
  5
88E6
330
88E5
100
AcDbEntity
  8
0
100
AcDbText
 10
167.0823342456251
 20
164.2182222483147
 30
0.0
 40
2.17643035283774
  1
*
  7
ISOCP
 72
     1
 11
167.8418177541674
 21
165.3064374247336
 31
0.0
100
AcDbAttribute
  2
S_NAME
 70
     0
 74
     2
280
     0
 71
     1
 72
     0
 11
167.8418177541674
 21
165.3064374247336
 31
0.0
  0
ATTRIB
  5
88E7
330
88E5
100
AcDbEntity
  8
0
100
AcDbText
 10
165.2391697905656
 20
160.5756644538006
 30
0.0
 40
2.17643035283774
  1
HPR
  7
ISOCP
 72
     1
 11
167.8418177541674
 21
161.6638796302195
 31
0.0
100
AcDbAttribute
  2
R_NAME
 70
     0
 74
     2
280
     0
 71
     1
 72
     0
 11
167.8418177541674
 21
161.6638796302195
 31
0.0
  0
ATTRIB
  5
88E8
330
88E5
100
AcDbEntity
  8
0
 62
     0
100
AcDbText
 10
163.8846716580988
 20
154.967389238969
 30
0.0
 40
2.17643035283774
  1

  7
ISOCP
 72
     1
 11
163.8846716580988
 21
157.1438195918068
 31
0.0
100
AcDbAttribute
  2
A
 70
     0
 74
     3
280
     0
 71
     1
 72
     0
 11
163.8846716580988
 21
157.1438195918068
 31
0.0
  0
ATTRIB
  5
88E9
330
88E5
100
AcDbEntity
  8
0
 62
     0
100
AcDbText
 10
171.798963850236
 20
154.967389238969
 30
0.0
 40
2.17643035283774
  1

  7
ISOCP
 72
     1
 11
171.798963850236
 21
157.1438195918068
 31
0.0
100
AcDbAttribute
  2
F
 70
     0
 74
     3
280
     0
 71
     1
 72
     0
 11
171.798963850236
 21
157.1438195918068
 31
0.0
  0
ATTRIB
  5
88EA
330
88E5
100
AcDbEntity
  8
0
100
AcDbText
 10
167.6327643301015
 20
155.0344614297702
 30
0.0
 40
2.17643035283774
  1

  7
ISOCP
 72
     1
 11
167.6327643301015
 21
156.1226766061891
 31
0.0
100
AcDbAttribute
  2
C
 70
     0
 74
     2
280
     0
 71
     1
 72
     0
 11
167.6327643301015
 21
156.1226766061891
 31
0.0
  0
ATTRIB
  5
88EB
330
88E5
100
AcDbEntity
  8
0
100
AcDbText
 10
167.9562689852684
 20
167.1132117298311
 30
0.0
 40
2.17643035283774
  1

  7
ISOCP
 72
     1
 11
167.9562689852684
 21
168.2014269062499
 31
0.0
100
AcDbAttribute
  2
R(POS)
 70
     0
 74
     2
280
     0
 71
     1
 72
     0
 11
167.9562689852684
 21
168.2014269062499
 31
0.0
  0
SEQEND
  5
88EC
330
88E5
100
AcDbEntity
  8
0
  0
INSERT
  5
88ED
330
1F
100
AcDbEntity
  8
0
100
AcDbBlockReference
 66
     1
  2
FRONT_REPEATER
 10
0.0023205417663803
 20
-57.54433627146102
 30
0.0
  0
ATTRIB
  5
88EE
330
88ED
100
AcDbEntity
  8
0
100
AcDbText
 10
167.0823342456249
 20
149.853193605829
 30
0.0
 40
2.17643035283774
  1
*
  7
ISOCP
 72
     1
 11
167.8418177541672
 21
150.9414087822479
 31
0.0
100
AcDbAttribute
  2
S_NAME
 70
     0
 74
     2
280
     0
 71
     1
 72
     0
 11
167.8418177541672
 21
150.9414087822479
 31
0.0
  0
ATTRIB
  5
88EF
330
88ED
100
AcDbEntity
  8
0
100
AcDbText
 10
165.2391697905654
 20
146.2106358113149
 30
0.0
 40
2.17643035283774
  1
HPR
  7
ISOCP
 72
     1
 11
167.8418177541672
 21
147.2988509877338
 31
0.0
100
AcDbAttribute
  2
R_NAME
 70
     0
 74
     2
280
     0
 71
     1
 72
     0
 11
167.8418177541672
 21
147.2988509877338
 31
0.0
  0
ATTRIB
  5
88F0
330
88ED
100
AcDbEntity
  8
0
 62
     0
100
AcDbText
 10
163.8846716580986
 20
140.6023605964834
 30
0.0
 40
2.17643035283774
  1

  7
ISOCP
 72
     1
 11
163.8846716580986
 21
142.7787909493211
 31
0.0
100
AcDbAttribute
  2
A
 70
     0
 74
     3
280
     0
 71
     1
 72
     0
 11
163.8846716580986
 21
142.7787909493211
 31
0.0
  0
ATTRIB
  5
88F1
330
88ED
100
AcDbEntity
  8
0
 62
     0
100
AcDbText
 10
171.7989638502358
 20
140.6023605964834
 30
0.0
 40
2.17643035283774
  1

  7
ISOCP
 72
     1
 11
171.7989638502358
 21
142.7787909493211
 31
0.0
100
AcDbAttribute
  2
F
 70
     0
 74
     3
280
     0
 71
     1
 72
     0
 11
171.7989638502358
 21
142.7787909493211
 31
0.0
  0
ATTRIB
  5
88F2
330
88ED
100
AcDbEntity
  8
0
100
AcDbText
 10
167.6327643301013
 20
140.6694327872845
 30
0.0
 40
2.17643035283774
  1

  7
ISOCP
 72
     1
 11
167.6327643301013
 21
141.7576479637034
 31
0.0
100
AcDbAttribute
  2
C
 70
     0
 74
     2
280
     0
 71
     1
 72
     0
 11
167.6327643301013
 21
141.7576479637034
 31
0.0
  0
ATTRIB
  5
88F3
330
88ED
100
AcDbEntity
  8
0
100
AcDbText
 10
167.9562689852682
 20
152.7481830873454
 30
0.0
 40
2.17643035283774
  1

  7
ISOCP
 72
     1
 11
167.9562689852682
 21
153.8363982637642
 31
0.0
100
AcDbAttribute
  2
R(POS)
 70
     0
 74
     2
280
     0
 71
     1
 72
     0
 11
167.9562689852682
 21
153.8363982637642
 31
0.0
  0
SEQEND
  5
88F4
330
88ED
100
AcDbEntity
  8
0
  0
INSERT
  5
88F5
330
1F
100
AcDbEntity
  8
0
100
AcDbBlockReference
 66
     1
  2
FRONT_REPEATER
 10
0.0023205417665793
 20
-43.17930762897532
 30
0.0
  0
ATTRIB
  5
88F6
330
88F5
100
AcDbEntity
  8
0
100
AcDbText
 10
167.0823342456251
 20
164.2182222483147
 30
0.0
 40
2.17643035283774
  1
*
  7
ISOCP
 72
     1
 11
167.8418177541674
 21
165.3064374247336
 31
0.0
100
AcDbAttribute
  2
S_NAME
 70
     0
 74
     2
280
     0
 71
     1
 72
     0
 11
167.8418177541674
 21
165.3064374247336
 31
0.0
  0
ATTRIB
  5
88F7
330
88F5
100
AcDbEntity
  8
0
100
AcDbText
 10
165.2391697905656
 20
160.5756644538006
 30
0.0
 40
2.17643035283774
  1
HPR
  7
ISOCP
 72
     1
 11
167.8418177541674
 21
161.6638796302195
 31
0.0
100
AcDbAttribute
  2
R_NAME
 70
     0
 74
     2
280
     0
 71
     1
 72
     0
 11
167.8418177541674
 21
161.6638796302195
 31
0.0
  0
ATTRIB
  5
88F8
330
88F5
100
AcDbEntity
  8
0
 62
     0
100
AcDbText
 10
163.8846716580988
 20
154.967389238969
 30
0.0
 40
2.17643035283774
  1

  7
ISOCP
 72
     1
 11
163.8846716580988
 21
157.1438195918068
 31
0.0
100
AcDbAttribute
  2
A
 70
     0
 74
     3
280
     0
 71
     1
 72
     0
 11
163.8846716580988
 21
157.1438195918068
 31
0.0
  0
ATTRIB
  5
88F9
330
88F5
100
AcDbEntity
  8
0
 62
     0
100
AcDbText
 10
171.798963850236
 20
154.967389238969
 30
0.0
 40
2.17643035283774
  1

  7
ISOCP
 72
     1
 11
171.798963850236
 21
157.1438195918068
 31
0.0
100
AcDbAttribute
  2
F
 70
     0
 74
     3
280
     0
 71
     1
 72
     0
 11
171.798963850236
 21
157.1438195918068
 31
0.0
  0
ATTRIB
  5
88FA
330
88F5
100
AcDbEntity
  8
0
100
AcDbText
 10
167.6327643301015
 20
155.0344614297702
 30
0.0
 40
2.17643035283774
  1

  7
ISOCP
 72
     1
 11
167.6327643301015
 21
156.1226766061891
 31
0.0
100
AcDbAttribute
  2
C
 70
     0
 74
     2
280
     0
 71
     1
 72
     0
 11
167.6327643301015
 21
156.1226766061891
 31
0.0
  0
ATTRIB
  5
88FB
330
88F5
100
AcDbEntity
  8
0
100
AcDbText
 10
167.9562689852684
 20
167.1132117298311
 30
0.0
 40
2.17643035283774
  1

  7
ISOCP
 72
     1
 11
167.9562689852684
 21
168.2014269062499
 31
0.0
100
AcDbAttribute
  2
R(POS)
 70
     0
 74
     2
280
     0
 71
     1
 72
     0
 11
167.9562689852684
 21
168.2014269062499
 31
0.0
  0
SEQEND
  5
88FC
330
88F5
100
AcDbEntity
  8
0
  0
INSERT
  5
890D
330
1F
100
AcDbEntity
  8
0
100
AcDbBlockReference
 66
     1
  2
FRONT_REPEATER
 10
-0.0605822241673479
 20
-136.9291651727552
 30
0.0
  0
ATTRIB
  5
890E
330
890D
100
AcDbEntity
  8
0
100
AcDbText
 10
167.0194314796912
 20
70.46836470453484
 30
0.0
 40
2.17643035283774
  1
*
  7
ISOCP
 72
     1
 11
167.7789149882335
 21
71.5565798809537
 31
0.0
100
AcDbAttribute
  2
S_NAME
 70
     0
 74
     2
280
     0
 71
     1
 72
     0
 11
167.7789149882335
 21
71.5565798809537
 31
0.0
  0
ATTRIB
  5
890F
330
890D
100
AcDbEntity
  8
0
100
AcDbText
 10
164.3056948834966
 20
66.82580691002075
 30
0.0
 40
2.17643035283774
  1
HHPR
  7
ISOCP
 72
     1
 11
167.7789149882335
 21
67.91402208643962
 31
0.0
100
AcDbAttribute
  2
R_NAME
 70
     0
 74
     2
280
     0
 71
     1
 72
     0
 11
167.7789149882335
 21
67.91402208643962
 31
0.0
  0
ATTRIB
  5
8910
330
890D
100
AcDbEntity
  8
0
 62
     0
100
AcDbText
 10
163.8217688921648
 20
61.21753169518911
 30
0.0
 40
2.17643035283774
  1

  7
ISOCP
 72
     1
 11
163.8217688921648
 21
63.39396204802685
 31
0.0
100
AcDbAttribute
  2
A
 70
     0
 74
     3
280
     0
 71
     1
 72
     0
 11
163.8217688921648
 21
63.39396204802685
 31
0.0
  0
ATTRIB
  5
8911
330
890D
100
AcDbEntity
  8
0
 62
     0
100
AcDbText
 10
171.7360610843021
 20
61.21753169518911
 30
0.0
 40
2.17643035283774
  1

  7
ISOCP
 72
     1
 11
171.7360610843021
 21
63.39396204802685
 31
0.0
100
AcDbAttribute
  2
F
 70
     0
 74
     3
280
     0
 71
     1
 72
     0
 11
171.7360610843021
 21
63.39396204802685
 31
0.0
  0
ATTRIB
  5
8912
330
890D
100
AcDbEntity
  8
0
100
AcDbText
 10
167.5698615641676
 20
61.28460388599036
 30
0.0
 40
2.17643035283774
  1

  7
ISOCP
 72
     1
 11
167.5698615641676
 21
62.37281906240923
 31
0.0
100
AcDbAttribute
  2
C
 70
     0
 74
     2
280
     0
 71
     1
 72
     0
 11
167.5698615641676
 21
62.37281906240923
 31
0.0
  0
ATTRIB
  5
8913
330
890D
100
AcDbEntity
  8
0
100
AcDbText
 10
167.8933662193344
 20
73.36335418605115
 30
0.0
 40
2.17643035283774
  1

  7
ISOCP
 72
     1
 11
167.8933662193344
 21
74.45156936247002
 31
0.0
100
AcDbAttribute
  2
R(POS)
 70
     0
 74
     2
280
     0
 71
     1
 72
     0
 11
167.8933662193344
 21
74.45156936247002
 31
0.0
  0
SEQEND
  5
8914
330
890D
100
AcDbEntity
  8
0
  0
INSERT
  5
8915
330
1F
100
AcDbEntity
  8
0
100
AcDbBlockReference
 66
     1
  2
FRONT_REPEATER
 10
-0.060582224167149
 20
-122.5641365302695
 30
0.0
  0
ATTRIB
  5
8916
330
8915
100
AcDbEntity
  8
0
100
AcDbText
 10
167.0194314796914
 20
84.83339334702053
 30
0.0
 40
2.17643035283774
  1
*
  7
ISOCP
 72
     1
 11
167.7789149882337
 21
85.9216085234394
 31
0.0
100
AcDbAttribute
  2
S_NAME
 70
     0
 74
     2
280
     0
 71
     1
 72
     0
 11
167.7789149882337
 21
85.9216085234394
 31
0.0
  0
ATTRIB
  5
8917
330
8915
100
AcDbEntity
  8
0
100
AcDbText
 10
164.3056948834968
 20
81.19083555250644
 30
0.0
 40
2.17643035283774
  1
HHPR
  7
ISOCP
 72
     1
 11
167.7789149882337
 21
82.27905072892531
 31
0.0
100
AcDbAttribute
  2
R_NAME
 70
     0
 74
     2
280
     0
 71
     1
 72
     0
 11
167.7789149882337
 21
82.27905072892531
 31
0.0
  0
ATTRIB
  5
8918
330
8915
100
AcDbEntity
  8
0
 62
     0
100
AcDbText
 10
163.821768892165
 20
75.5825603376748
 30
0.0
 40
2.17643035283774
  1

  7
ISOCP
 72
     1
 11
163.821768892165
 21
77.75899069051255
 31
0.0
100
AcDbAttribute
  2
A
 70
     0
 74
     3
280
     0
 71
     1
 72
     0
 11
163.821768892165
 21
77.75899069051255
 31
0.0
  0
ATTRIB
  5
8919
330
8915
100
AcDbEntity
  8
0
 62
     0
100
AcDbText
 10
171.7360610843023
 20
75.5825603376748
 30
0.0
 40
2.17643035283774
  1

  7
ISOCP
 72
     1
 11
171.7360610843023
 21
77.75899069051255
 31
0.0
100
AcDbAttribute
  2
F
 70
     0
 74
     3
280
     0
 71
     1
 72
     0
 11
171.7360610843023
 21
77.75899069051255
 31
0.0
  0
ATTRIB
  5
891A
330
8915
100
AcDbEntity
  8
0
100
AcDbText
 10
167.5698615641678
 20
75.64963252847606
 30
0.0
 40
2.17643035283774
  1

  7
ISOCP
 72
     1
 11
167.5698615641678
 21
76.73784770489493
 31
0.0
100
AcDbAttribute
  2
C
 70
     0
 74
     2
280
     0
 71
     1
 72
     0
 11
167.5698615641678
 21
76.73784770489493
 31
0.0
  0
ATTRIB
  5
891B
330
8915
100
AcDbEntity
  8
0
100
AcDbText
 10
167.8933662193346
 20
87.72838282853685
 30
0.0
 40
2.17643035283774
  1

  7
ISOCP
 72
     1
 11
167.8933662193346
 21
88.81659800495572
 31
0.0
100
AcDbAttribute
  2
R(POS)
 70
     0
 74
     2
280
     0
 71
     1
 72
     0
 11
167.8933662193346
 21
88.81659800495572
 31
0.0
  0
SEQEND
  5
891C
330
8915
100
AcDbEntity
  8
0
  0
INSERT
  5
891D
330
1F
100
AcDbEntity
  8
0
100
AcDbBlockReference
 66
     1
  2
FRONT_REPEATER
 10
-0.0629027659337282
 20
-79.38482890129421
 30
0.0
  0
ATTRIB
  5
891E
330
891D
100
AcDbEntity
  8
0
100
AcDbText
 10
167.0171109379248
 20
128.0127009759958
 30
0.0
 40
2.17643035283774
  1
*
  7
ISOCP
 72
     1
 11
167.7765944464671
 21
129.1009161524147
 31
0.0
100
AcDbAttribute
  2
S_NAME
 70
     0
 74
     2
280
     0
 71
     1
 72
     0
 11
167.7765944464671
 21
129.1009161524147
 31
0.0
  0
ATTRIB
  5
891F
330
891D
100
AcDbEntity
  8
0
100
AcDbText
 10
164.3033743417302
 20
124.3701431814817
 30
0.0
 40
2.17643035283774
  1
HHPR
  7
ISOCP
 72
     1
 11
167.7765944464671
 21
125.4583583579006
 31
0.0
100
AcDbAttribute
  2
R_NAME
 70
     0
 74
     2
280
     0
 71
     1
 72
     0
 11
167.7765944464671
 21
125.4583583579006
 31
0.0
  0
ATTRIB
  5
8920
330
891D
100
AcDbEntity
  8
0
 62
     0
100
AcDbText
 10
163.8194483503985
 20
118.7618679666502
 30
0.0
 40
2.17643035283774
  1

  7
ISOCP
 72
     1
 11
163.8194483503985
 21
120.9382983194879
 31
0.0
100
AcDbAttribute
  2
A
 70
     0
 74
     3
280
     0
 71
     1
 72
     0
 11
163.8194483503985
 21
120.9382983194879
 31
0.0
  0
ATTRIB
  5
8921
330
891D
100
AcDbEntity
  8
0
 62
     0
100
AcDbText
 10
171.7337405425357
 20
118.7618679666502
 30
0.0
 40
2.17643035283774
  1

  7
ISOCP
 72
     1
 11
171.7337405425357
 21
120.9382983194879
 31
0.0
100
AcDbAttribute
  2
F
 70
     0
 74
     3
280
     0
 71
     1
 72
     0
 11
171.7337405425357
 21
120.9382983194879
 31
0.0
  0
ATTRIB
  5
8922
330
891D
100
AcDbEntity
  8
0
100
AcDbText
 10
167.5675410224012
 20
118.8289401574514
 30
0.0
 40
2.17643035283774
  1

  7
ISOCP
 72
     1
 11
167.5675410224012
 21
119.9171553338703
 31
0.0
100
AcDbAttribute
  2
C
 70
     0
 74
     2
280
     0
 71
     1
 72
     0
 11
167.5675410224012
 21
119.9171553338703
 31
0.0
  0
ATTRIB
  5
8923
330
891D
100
AcDbEntity
  8
0
100
AcDbText
 10
167.8910456775681
 20
130.9076904575121
 30
0.0
 40
2.17643035283774
  1

  7
ISOCP
 72
     1
 11
167.8910456775681
 21
131.995905633931
 31
0.0
100
AcDbAttribute
  2
R(POS)
 70
     0
 74
     2
280
     0
 71
     1
 72
     0
 11
167.8910456775681
 21
131.995905633931
 31
0.0
  0
SEQEND
  5
8924
330
891D
100
AcDbEntity
  8
0
  0
INSERT
  5
8925
330
1F
100
AcDbEntity
  8
0
100
AcDbBlockReference
 66
     1
  2
FRONT_REPEATER
 10
-0.0629027659339272
 20
-93.74985754377991
 30
0.0
  0
ATTRIB
  5
8926
330
8925
100
AcDbEntity
  8
0
100
AcDbText
 10
167.0171109379246
 20
113.6476723335101
 30
0.0
 40
2.17643035283774
  1
*
  7
ISOCP
 72
     1
 11
167.7765944464669
 21
114.735887509929
 31
0.0
100
AcDbAttribute
  2
S_NAME
 70
     0
 74
     2
280
     0
 71
     1
 72
     0
 11
167.7765944464669
 21
114.735887509929
 31
0.0
  0
ATTRIB
  5
8927
330
8925
100
AcDbEntity
  8
0
100
AcDbText
 10
164.30337434173
 20
110.005114538996
 30
0.0
 40
2.17643035283774
  1
HHPR
  7
ISOCP
 72
     1
 11
167.7765944464669
 21
111.0933297154149
 31
0.0
100
AcDbAttribute
  2
R_NAME
 70
     0
 74
     2
280
     0
 71
     1
 72
     0
 11
167.7765944464669
 21
111.0933297154149
 31
0.0
  0
ATTRIB
  5
8928
330
8925
100
AcDbEntity
  8
0
 62
     0
100
AcDbText
 10
163.8194483503983
 20
104.3968393241645
 30
0.0
 40
2.17643035283774
  1

  7
ISOCP
 72
     1
 11
163.8194483503983
 21
106.5732696770022
 31
0.0
100
AcDbAttribute
  2
A
 70
     0
 74
     3
280
     0
 71
     1
 72
     0
 11
163.8194483503983
 21
106.5732696770022
 31
0.0
  0
ATTRIB
  5
8929
330
8925
100
AcDbEntity
  8
0
 62
     0
100
AcDbText
 10
171.7337405425355
 20
104.3968393241645
 30
0.0
 40
2.17643035283774
  1

  7
ISOCP
 72
     1
 11
171.7337405425355
 21
106.5732696770022
 31
0.0
100
AcDbAttribute
  2
F
 70
     0
 74
     3
280
     0
 71
     1
 72
     0
 11
171.7337405425355
 21
106.5732696770022
 31
0.0
  0
ATTRIB
  5
892A
330
8925
100
AcDbEntity
  8
0
100
AcDbText
 10
167.567541022401
 20
104.4639115149657
 30
0.0
 40
2.17643035283774
  1

  7
ISOCP
 72
     1
 11
167.567541022401
 21
105.5521266913846
 31
0.0
100
AcDbAttribute
  2
C
 70
     0
 74
     2
280
     0
 71
     1
 72
     0
 11
167.567541022401
 21
105.5521266913846
 31
0.0
  0
ATTRIB
  5
892B
330
8925
100
AcDbEntity
  8
0
100
AcDbText
 10
167.8910456775679
 20
116.5426618150264
 30
0.0
 40
2.17643035283774
  1

  7
ISOCP
 72
     1
 11
167.8910456775679
 21
117.6308769914453
 31
0.0
100
AcDbAttribute
  2
R(POS)
 70
     0
 74
     2
280
     0
 71
     1
 72
     0
 11
167.8910456775679
 21
117.6308769914453
 31
0.0
  0
SEQEND
  5
892C
330
8925
100
AcDbEntity
  8
0
  0
INSERT
  5
8A26
330
1F
100
AcDbEntity
  8
0
100
AcDbBlockReference
 66
     1
  2
COIL_REPEATER
 10
0.0
 20
0.0
 30
0.0
  0
ATTRIB
  5
8A27
330
8A26
100
AcDbEntity
  8
0
 62
     0
100
AcDbText
 10
193.2621344096128
 20
256.8597472624713
 30
0.0
 40
2.2
  1
*
  7
ISOCP
 72
     1
 11
194.0298427429461
 21
257.9597472624713
 31
0.0
100
AcDbAttribute
  2
S_NAME
 70
     0
 74
     2
280
     0
 71
     1
 72
     0
 11
194.0298427429461
 21
257.9597472624713
 31
0.0
  0
ATTRIB
  5
8A28
330
8A26
100
AcDbEntity
  8
0
 62
     0
100
AcDbText
 10
192.2286051285936
 20
252.3999191400504
 30
0.0
 40
2.2
  1
HPR
  7
ISOCP
 72
     1
 11
194.8594384619269
 21
253.4999191400504
 31
0.0
100
AcDbAttribute
  2
R_NAME
 70
     0
 74
     2
280
     0
 71
     1
 72
     0
 11
194.8594384619269
 21
253.4999191400504
 31
0.0
  0
ATTRIB
  5
8A29
330
8A26
100
AcDbEntity
  8
0
 62
     0
100
AcDbText
 10
184.2379549314906
 20
256.8999191400503
 30
0.0
 40
2.2
  1
R1
  7
ISOCP
 72
     1
 11
185.6564965981573
 21
257.9999191400503
 31
0.0
100
AcDbAttribute
  2
L+
 70
     0
 74
     2
280
     0
 71
     1
 72
     0
 11
185.6564965981573
 21
257.9999191400503
 31
0.0
  0
ATTRIB
  5
8A2A
330
8A26
100
AcDbEntity
  8
0
 62
     0
100
AcDbText
 10
206.0122014039273
 20
256.8999191400503
 30
0.0
 40
2.2
  1
R2
  7
ISOCP
 72
     1
 11
207.6599097372606
 21
257.9999191400503
 31
0.0
100
AcDbAttribute
  2
L-
 70
     0
 74
     2
280
     0
 71
     1
 72
     0
 11
207.6599097372606
 21
257.9999191400503
 31
0.0
  0
SEQEND
  5
8A2B
330
8A26
100
AcDbEntity
  8
0
  0
INSERT
  5
8A55
330
1F
100
AcDbEntity
  8
0
100
AcDbBlockReference
 66
     1
  2
COIL_REPEATER
 10
-0.000000000000199
 20
-68.5578907757282
 30
0.0
  0
ATTRIB
  5
8A56
330
8A55
100
AcDbEntity
  8
0
 62
     0
100
AcDbText
 10
193.2621344096126
 20
188.3018564867431
 30
0.0
 40
2.2
  1
*
  7
ISOCP
 72
     1
 11
194.0298427429459
 21
189.4018564867431
 31
0.0
100
AcDbAttribute
  2
S_NAME
 70
     0
 74
     2
280
     0
 71
     1
 72
     0
 11
194.0298427429459
 21
189.4018564867431
 31
0.0
  0
ATTRIB
  5
8A57
330
8A55
100
AcDbEntity
  8
0
 62
     0
100
AcDbText
 10
191.3486051285934
 20
183.8420283643222
 30
0.0
 40
2.2
  1
HHPR
  7
ISOCP
 72
     1
 11
194.8594384619267
 21
184.9420283643222
 31
0.0
100
AcDbAttribute
  2
R_NAME
 70
     0
 74
     2
280
     0
 71
     1
 72
     0
 11
194.8594384619267
 21
184.9420283643222
 31
0.0
  0
ATTRIB
  5
8A58
330
8A55
100
AcDbEntity
  8
0
 62
     0
100
AcDbText
 10
184.2379549314904
 20
188.3420283643221
 30
0.0
 40
2.2
  1
R1
  7
ISOCP
 72
     1
 11
185.6564965981571
 21
189.4420283643221
 31
0.0
100
AcDbAttribute
  2
L+
 70
     0
 74
     2
280
     0
 71
     1
 72
     0
 11
185.6564965981571
 21
189.4420283643221
 31
0.0
  0
ATTRIB
  5
8A59
330
8A55
100
AcDbEntity
  8
0
 62
     0
100
AcDbText
 10
206.0122014039271
 20
188.3420283643221
 30
0.0
 40
2.2
  1
R2
  7
ISOCP
 72
     1
 11
207.6599097372604
 21
189.4420283643221
 31
0.0
100
AcDbAttribute
  2
L-
 70
     0
 74
     2
280
     0
 71
     1
 72
     0
 11
207.6599097372604
 21
189.4420283643221
 31
0.0
  0
SEQEND
  5
8A5A
330
8A55
100
AcDbEntity
  8
0
  0
INSERT
  5
8AB3
330
1F
100
AcDbEntity
  8
0
100
AcDbBlockReference
 66
     1
  2
COIL_REPEATER
 10
193.6475871283267
 20
-129.1576242134026
 30
0.0
  0
ATTRIB
  5
8AB4
330
8AB3
100
AcDbEntity
  8
0
 62
     0
100
AcDbText
 10
386.9097215379394
 20
127.7021230490687
 30
0.0
 40
2.2
  1
*
  7
ISOCP
 72
     1
 11
387.6774298712728
 21
128.8021230490687
 31
0.0
100
AcDbAttribute
  2
S_NAME
 70
     0
 74
     2
280
     0
 71
     1
 72
     0
 11
387.6774298712728
 21
128.8021230490687
 31
0.0
  0
ATTRIB
  5
8AB5
330
8AB3
100
AcDbEntity
  8
0
 62
     0
100
AcDbText
 10
384.8861922569203
 20
123.2422949266478
 30
0.0
 40
2.2
  1
AHPR
  7
ISOCP
 72
     1
 11
388.5070255902536
 21
124.3422949266478
 31
0.0
100
AcDbAttribute
  2
R_NAME
 70
     0
 74
     2
280
     0
 71
     1
 72
     0
 11
388.5070255902536
 21
124.3422949266478
 31
0.0
  0
ATTRIB
  5
8AB6
330
8AB3
100
AcDbEntity
  8
0
 62
     0
100
AcDbText
 10
377.8855420598173
 20
127.7422949266477
 30
0.0
 40
2.2
  1
R1
  7
ISOCP
 72
     1
 11
379.304083726484
 21
128.8422949266477
 31
0.0
100
AcDbAttribute
  2
L+
 70
     0
 74
     2
280
     0
 71
     1
 72
     0
 11
379.304083726484
 21
128.8422949266477
 31
0.0
  0
ATTRIB
  5
8AB7
330
8AB3
100
AcDbEntity
  8
0
 62
     0
100
AcDbText
 10
399.659788532254
 20
127.7422949266477
 30
0.0
 40
2.2
  1
R2
  7
ISOCP
 72
     1
 11
401.3074968655873
 21
128.8422949266477
 31
0.0
100
AcDbAttribute
  2
L-
 70
     0
 74
     2
280
     0
 71
     1
 72
     0
 11
401.3074968655873
 21
128.8422949266477
 31
0.0
  0
SEQEND
  5
8AB8
330
8AB3
100
AcDbEntity
  8
0
  0
INSERT
  5
8AE5
330
1F
100
AcDbEntity
  8
0
100
AcDbBlockReference
 66
     1
  2
COIL_REPEATER
 10
-0.000000000000199
 20
-147.9177817148811
 30
0.0
  0
ATTRIB
  5
8AE6
330
8AE5
100
AcDbEntity
  8
0
 62
     0
100
AcDbText
 10
193.2621344096126
 20
108.9419655475902
 30
0.0
 40
2.2
  1
*
  7
ISOCP
 72
     1
 11
194.0298427429459
 21
110.0419655475902
 31
0.0
100
AcDbAttribute
  2
S_NAME
 70
     0
 74
     2
280
     0
 71
     1
 72
     0
 11
194.0298427429459
 21
110.0419655475902
 31
0.0
  0
ATTRIB
  5
8AE7
330
8AE5
100
AcDbEntity
  8
0
 62
     0
100
AcDbText
 10
192.2286051285934
 20
104.4821374251693
 30
0.0
 40
2.2
  1
DPR
  7
ISOCP
 72
     1
 11
194.8594384619267
 21
105.5821374251693
 31
0.0
100
AcDbAttribute
  2
R_NAME
 70
     0
 74
     2
280
     0
 71
     1
 72
     0
 11
194.8594384619267
 21
105.5821374251693
 31
0.0
  0
ATTRIB
  5
8AE8
330
8AE5
100
AcDbEntity
  8
0
 62
     0
100
AcDbText
 10
184.2379549314904
 20
108.9821374251692
 30
0.0
 40
2.2
  1
R1
  7
ISOCP
 72
     1
 11
185.6564965981571
 21
110.0821374251692
 31
0.0
100
AcDbAttribute
  2
L+
 70
     0
 74
     2
280
     0
 71
     1
 72
     0
 11
185.6564965981571
 21
110.0821374251692
 31
0.0
  0
ATTRIB
  5
8AE9
330
8AE5
100
AcDbEntity
  8
0
 62
     0
100
AcDbText
 10
206.0122014039271
 20
108.9821374251692
 30
0.0
 40
2.2
  1
R2
  7
ISOCP
 72
     1
 11
207.6599097372604
 21
110.0821374251692
 31
0.0
100
AcDbAttribute
  2
L-
 70
     0
 74
     2
280
     0
 71
     1
 72
     0
 11
207.6599097372604
 21
110.0821374251692
 31
0.0
  0
SEQEND
  5
8AEA
330
8AE5
100
AcDbEntity
  8
0
  0
INSERT
  5
8B70
330
1F
100
AcDbEntity
  8
FUZEBLOCK.INSERT
 62
     0
100
AcDbBlockReference
 66
     1
  2
FUZEBLOCK
 10
49.73728984036239
 20
255.9999191400503
 30
0.0
 41
0.8067903275745545
 42
0.8067903275745545
 43
0.8067903275745545
  0
ATTRIB
  5
8B71
330
8B70
100
AcDbEntity
  8
0
100
AcDbText
 10
32.86607407786845
 20
255.0721102633395
 30
0.8067903275745545
 40
2.016975818936386
  1
B24(EXT)#
  7
isocp.shx
 72
     1
 11
39.31619466550877
 21
256.0805981728077
 31
0.8067903275745545
100
AcDbAttribute
  2
VOLT
 70
     0
 74
     2
280
     0
 71
     1
 72
     0
 11
39.31619466550877
 21
256.0805981728077
 31
0.8067903275745545
  0
ATTRIB
  5
8B73
330
8B70
100
AcDbEntity
  8
0
100
AcDbText
 10
61.78740630493815
 20
258.2185925408803
 30
0.8067903275745545
 40
2.016975818936386
  1
63
  7
isocp.shx
 72
     1
 11
63.19718836171556
 21
259.2270804503485
 31
0.8067903275745545
100
AcDbAttribute
  2
FUSEVALUE
 70
     0
 74
     2
280
     0
 71
     1
 72
     0
 11
63.19718836171556
 21
259.2270804503485
 31
0.8067903275745545
  0
ATTRIB
  5
8B7A
330
8B70
100
AcDbEntity
  8
0
100
AcDbText
 10
51.75846769225489
 20
251.7642699202838
 30
0.8067903275745545
 40
2.016975818936386
  1
XXXX
  7
isocp.shx
 72
     1
 11
55.38482213338427
 21
252.772757829752
 31
0.8067903275745545
100
AcDbAttribute
  2
81
 70
     0
 74
     2
280
     0
 71
     1
 72
     0
 11
55.38482213338427
 21
252.772757829752
 31
0.8067903275745545
  0
SEQEND
  5
8B74
330
8B70
100
AcDbEntity
  8
FUZEBLOCK.INSERT
 62
     0
  0
INSERT
  5
8B75
330
1F
100
AcDbEntity
  8
0
100
AcDbBlockReference
  2
24PPTC
 10
61.70790029189175
 20
249.4729391382842
 30
0.0
  0
INSERT
  5
8BE1
330
1F
100
AcDbEntity
  8
0
100
AcDbBlockReference
 66
     1
  2
LCPR_FRONT
 10
0.0
 20
0.0
 30
0.0
  0
ATTRIB
  5
8BE2
330
8BE1
100
AcDbEntity
  8
0
100
AcDbText
 10
299.0072191610304
 20
132.4327677971299
 30
0.0
 40
2.17643035283774
  1
@
  7
ISOCP
 72
     1
 11
300.1974545102386
 21
133.5209829735488
 31
0.0
100
AcDbAttribute
  2
S_NAME
 70
     0
 74
     2
280
     0
 71
     1
 72
     0
 11
300.1974545102386
 21
133.5209829735488
 31
0.0
  0
ATTRIB
  5
8BE3
330
8BE1
100
AcDbEntity
  8
0
100
AcDbText
 10
296.8418774407855
 20
128.7902100026159
 30
0.0
 40
2.17643035283774
  1
LCPR
  7
ISOCP
 72
     1
 11
300.0974545102386
 21
129.8784251790348
 31
0.0
100
AcDbAttribute
  2
R_NAME
 70
     0
 74
     2
280
     0
 71
     1
 72
     0
 11
300.0974545102386
 21
129.8784251790348
 31
0.0
  0
ATTRIB
  5
8BE4
330
8BE1
100
AcDbEntity
  8
0
 62
     0
100
AcDbText
 10
295.2654489852948
 20
123.1819347877843
 30
0.0
 40
2.17643035283774
  1
X
  7
ISOCP
 72
     1
 11
296.24030841417
 21
125.358365140622
 31
0.0
100
AcDbAttribute
  2
A
 70
     0
 74
     3
280
     0
 71
     1
 72
     0
 11
296.24030841417
 21
125.358365140622
 31
0.0
  0
ATTRIB
  5
8BE5
330
8BE1
100
AcDbEntity
  8
0
 62
     0
100
AcDbText
 10
303.179741177432
 20
123.1819347877843
 30
0.0
 40
2.17643035283774
  1
X
  7
ISOCP
 72
     1
 11
304.1546006063072
 21
125.358365140622
 31
0.0
100
AcDbAttribute
  2
F
 70
     0
 74
     3
280
     0
 71
     1
 72
     0
 11
304.1546006063072
 21
125.358365140622
 31
0.0
  0
ATTRIB
  5
8BE6
330
8BE1
100
AcDbEntity
  8
0
100
AcDbText
 10
299.0135416572976
 20
123.2490069785854
 30
0.0
 40
2.17643035283774
  1
X
  7
ISOCP
 72
     1
 11
299.9884010861728
 21
124.3372221550043
 31
0.0
100
AcDbAttribute
  2
C
 70
     0
 74
     2
280
     0
 71
     1
 72
     0
 11
299.9884010861728
 21
124.3372221550043
 31
0.0
  0
ATTRIB
  5
8BE7
330
8BE1
100
AcDbEntity
  8
0
100
AcDbText
 10
295.3194716773564
 20
135.3277572786462
 30
0.0
 40
2.17643035283774
  1
XXXXX
  7
ISOCP
 72
     1
 11
300.2119057413396
 21
136.4159724550651
 31
0.0
100
AcDbAttribute
  2
R(POS)
 70
     0
 74
     2
280
     0
 71
     1
 72
     0
 11
300.2119057413396
 21
136.4159724550651
 31
0.0
  0
ATTRIB
  5
8BE8
330
8BE1
100
AcDbEntity
  8
0
100
AcDbText
 10
299.5515124397348
 20
120.7797230341144
 30
0.0
 40
1.978573048034309
  1
2
  7
ISOCP
 72
     1
 11
300.2419519929551
 21
121.7690095581316
 31
0.0
100
AcDbAttribute
  2
WIRING
 70
     5
 74
     2
280
     1
 71
     1
 72
     0
 11
300.2419519929551
 21
121.7690095581316
 31
0.0
  0
ATTRIB
  5
8BE9
330
8BE1
100
AcDbEntity
  8
0
100
AcDbText
 10
299.0597381086458
 20
117.0868153686107
 30
0.0
 40
1.978573048034309
  1
RF
  7
ISOCP
 72
     1
 11
300.5416068810799
 21
118.0761018926279
 31
0.0
100
AcDbAttribute
  2
DOC
 70
     5
 74
     2
280
     1
 71
     1
 72
     0
 11
300.5416068810799
 21
118.0761018926279
 31
0.0
  0
SEQEND
  5
8BEA
330
8BE1
100
AcDbEntity
  8
0
  0
INSERT
  5
8BEB
330
1F
100
AcDbEntity
  8
0
100
AcDbBlockReference
 66
     1
  2
LCPR_FRONT
 10
0.0
 20
-14.4071728221541
 30
0.0
  0
ATTRIB
  5
8BEC
330
8BEB
100
AcDbEntity
  8
0
100
AcDbText
 10
299.0072191610304
 20
117.8237639560367
 30
0.0
 40
2.17643035283774
  1
@
  7
ISOCP
 72
     1
 11
300.1974545102386
 21
118.9119791324556
 31
0.0
100
AcDbAttribute
  2
S_NAME
 70
     0
 74
     2
280
     0
 71
     1
 72
     0
 11
300.1974545102386
 21
118.9119791324556
 31
0.0
  0
ATTRIB
  5
8BED
330
8BEB
100
AcDbEntity
  8
0
100
AcDbText
 10
296.8418774407855
 20
114.1176751131435
 30
0.0
 40
2.17643035283774
  1
LCPR
  7
ISOCP
 72
     1
 11
300.0974545102386
 21
115.2058902895624
 31
0.0
100
AcDbAttribute
  2
R_NAME
 70
     0
 74
     2
280
     0
 71
     1
 72
     0
 11
300.0974545102386
 21
115.2058902895624
 31
0.0
  0
ATTRIB
  5
8BEE
330
8BEB
100
AcDbEntity
  8
0
 62
     0
100
AcDbText
 10
295.2654489852948
 20
108.7747619656302
 30
0.0
 40
2.17643035283774
  1
X
  7
ISOCP
 72
     1
 11
296.24030841417
 21
110.9511923184679
 31
0.0
100
AcDbAttribute
  2
A
 70
     0
 74
     3
280
     0
 71
     1
 72
     0
 11
296.24030841417
 21
110.9511923184679
 31
0.0
  0
ATTRIB
  5
8BEF
330
8BEB
100
AcDbEntity
  8
0
 62
     0
100
AcDbText
 10
303.179741177432
 20
108.7747619656302
 30
0.0
 40
2.17643035283774
  1
X
  7
ISOCP
 72
     1
 11
304.1546006063072
 21
110.9511923184679
 31
0.0
100
AcDbAttribute
  2
F
 70
     0
 74
     3
280
     0
 71
     1
 72
     0
 11
304.1546006063072
 21
110.9511923184679
 31
0.0
  0
ATTRIB
  5
8BF0
330
8BEB
100
AcDbEntity
  8
0
100
AcDbText
 10
299.0135416572976
 20
108.8418341564313
 30
0.0
 40
2.17643035283774
  1
X
  7
ISOCP
 72
     1
 11
299.9884010861728
 21
109.9300493328502
 31
0.0
100
AcDbAttribute
  2
C
 70
     0
 74
     2
280
     0
 71
     1
 72
     0
 11
299.9884010861728
 21
109.9300493328502
 31
0.0
  0
ATTRIB
  5
8BF1
330
8BEB
100
AcDbEntity
  8
0
100
AcDbText
 10
295.3194716773564
 20
120.2172611510267
 30
0.0
 40
2.17643035283774
  1
XXXXX
  7
ISOCP
 72
     1
 11
300.2119057413396
 21
121.3054763274456
 31
0.0
100
AcDbAttribute
  2
R(POS)
 70
     0
 74
     2
280
     0
 71
     1
 72
     0
 11
300.2119057413396
 21
121.3054763274456
 31
0.0
  0
ATTRIB
  5
8BF2
330
8BEB
100
AcDbEntity
  8
0
100
AcDbText
 10
299.5515124397348
 20
106.3725502119603
 30
0.0
 40
1.978573048034309
  1
2
  7
ISOCP
 72
     1
 11
300.2419519929551
 21
107.3618367359775
 31
0.0
100
AcDbAttribute
  2
WIRING
 70
     5
 74
     2
280
     1
 71
     1
 72
     0
 11
300.2419519929551
 21
107.3618367359775
 31
0.0
  0
ATTRIB
  5
8BF3
330
8BEB
100
AcDbEntity
  8
0
100
AcDbText
 10
299.0597381086458
 20
102.6796425464566
 30
0.0
 40
1.978573048034309
  1
RF
  7
ISOCP
 72
     1
 11
300.5416068810799
 21
103.6689290704738
 31
0.0
100
AcDbAttribute
  2
DOC
 70
     5
 74
     2
280
     1
 71
     1
 72
     0
 11
300.5416068810799
 21
103.6689290704738
 31
0.0
  0
SEQEND
  5
8BF4
330
8BEB
100
AcDbEntity
  8
0
  0
INSERT
  5
8BF5
330
1F
100
AcDbEntity
  8
0
100
AcDbBlockReference
 66
     1
  2
LCPR_FRONT
 10
0.0
 20
-45.23722349736131
 30
0.0
  0
ATTRIB
  5
8BF6
330
8BF5
100
AcDbEntity
  8
0
100
AcDbText
 10
299.0072191610304
 20
86.51703279725156
 30
0.0
 40
2.17643035283774
  1
@
  7
ISOCP
 72
     1
 11
300.1974545102386
 21
87.60524797367043
 31
0.0
100
AcDbAttribute
  2
S_NAME
 70
     0
 74
     2
280
     0
 71
     1
 72
     0
 11
300.1974545102386
 21
87.60524797367043
 31
0.0
  0
ATTRIB
  5
8BF7
330
8BF5
100
AcDbEntity
  8
0
100
AcDbText
 10
296.8418774407855
 20
83.18516350159233
 30
0.0
 40
2.17643035283774
  1
LCPR
  7
ISOCP
 72
     1
 11
300.0974545102386
 21
84.2733786780112
 31
0.0
100
AcDbAttribute
  2
R_NAME
 70
     0
 74
     2
280
     0
 71
     1
 72
     0
 11
300.0974545102386
 21
84.2733786780112
 31
0.0
  0
ATTRIB
  5
8BF8
330
8BF5
100
AcDbEntity
  8
0
 62
     0
100
AcDbText
 10
295.2654489852948
 20
77.94471129042292
 30
0.0
 40
2.17643035283774
  1
X
  7
ISOCP
 72
     1
 11
296.24030841417
 21
80.12114164326066
 31
0.0
100
AcDbAttribute
  2
A
 70
     0
 74
     3
280
     0
 71
     1
 72
     0
 11
296.24030841417
 21
80.12114164326066
 31
0.0
  0
ATTRIB
  5
8BF9
330
8BF5
100
AcDbEntity
  8
0
 62
     0
100
AcDbText
 10
303.179741177432
 20
77.94471129042292
 30
0.0
 40
2.17643035283774
  1
X
  7
ISOCP
 72
     1
 11
304.1546006063072
 21
80.12114164326066
 31
0.0
100
AcDbAttribute
  2
F
 70
     0
 74
     3
280
     0
 71
     1
 72
     0
 11
304.1546006063072
 21
80.12114164326066
 31
0.0
  0
ATTRIB
  5
8BFA
330
8BF5
100
AcDbEntity
  8
0
100
AcDbText
 10
299.0135416572976
 20
78.01178348122416
 30
0.0
 40
2.17643035283774
  1
X
  7
ISOCP
 72
     1
 11
299.9884010861728
 21
79.09999865764303
 31
0.0
100
AcDbAttribute
  2
C
 70
     0
 74
     2
280
     0
 71
     1
 72
     0
 11
299.9884010861728
 21
79.09999865764303
 31
0.0
  0
ATTRIB
  5
8BFB
330
8BF5
100
AcDbEntity
  8
0
100
AcDbText
 10
295.3194716773564
 20
89.30594637153558
 30
0.0
 40
2.17643035283774
  1
XXXXX
  7
ISOCP
 72
     1
 11
300.2119057413396
 21
90.39416154795445
 31
0.0
100
AcDbAttribute
  2
R(POS)
 70
     0
 74
     2
280
     0
 71
     1
 72
     0
 11
300.2119057413396
 21
90.39416154795445
 31
0.0
  0
ATTRIB
  5
8BFC
330
8BF5
100
AcDbEntity
  8
0
100
AcDbText
 10
299.5515124397348
 20
75.5424995367531
 30
0.0
 40
1.978573048034309
  1
2
  7
ISOCP
 72
     1
 11
300.2419519929551
 21
76.53178606077026
 31
0.0
100
AcDbAttribute
  2
WIRING
 70
     5
 74
     2
280
     1
 71
     1
 72
     0
 11
300.2419519929551
 21
76.53178606077026
 31
0.0
  0
ATTRIB
  5
8BFD
330
8BF5
100
AcDbEntity
  8
0
100
AcDbText
 10
299.0597381086458
 20
71.84959187124946
 30
0.0
 40
1.978573048034309
  1
RF
  7
ISOCP
 72
     1
 11
300.5416068810799
 21
72.83887839526662
 31
0.0
100
AcDbAttribute
  2
DOC
 70
     5
 74
     2
280
     1
 71
     1
 72
     0
 11
300.5416068810799
 21
72.83887839526662
 31
0.0
  0
SEQEND
  5
8BFE
330
8BF5
100
AcDbEntity
  8
0
  0
INSERT
  5
8BFF
330
1F
100
AcDbEntity
  8
0
100
AcDbBlockReference
 66
     1
  2
LCPR_FRONT
 10
0.0
 20
-30.83005067520722
 30
0.0
  0
ATTRIB
  5
8C00
330
8BFF
100
AcDbEntity
  8
0
100
AcDbText
 10
299.0072191610304
 20
101.6027171219227
 30
0.0
 40
2.17643035283774
  1
@
  7
ISOCP
 72
     1
 11
300.1974545102386
 21
102.6909322983416
 31
0.0
100
AcDbAttribute
  2
S_NAME
 70
     0
 74
     2
280
     0
 71
     1
 72
     0
 11
300.1974545102386
 21
102.6909322983416
 31
0.0
  0
ATTRIB
  5
8C01
330
8BFF
100
AcDbEntity
  8
0
100
AcDbText
 10
296.8418774407855
 20
97.96015932740868
 30
0.0
 40
2.17643035283774
  1
LCPR
  7
ISOCP
 72
     1
 11
300.0974545102386
 21
99.04837450382755
 31
0.0
100
AcDbAttribute
  2
R_NAME
 70
     0
 74
     2
280
     0
 71
     1
 72
     0
 11
300.0974545102386
 21
99.04837450382755
 31
0.0
  0
ATTRIB
  5
8C02
330
8BFF
100
AcDbEntity
  8
0
 62
     0
100
AcDbText
 10
295.2654489852948
 20
92.35188411257701
 30
0.0
 40
2.17643035283774
  1
X
  7
ISOCP
 72
     1
 11
296.24030841417
 21
94.52831446541475
 31
0.0
100
AcDbAttribute
  2
A
 70
     0
 74
     3
280
     0
 71
     1
 72
     0
 11
296.24030841417
 21
94.52831446541475
 31
0.0
  0
ATTRIB
  5
8C03
330
8BFF
100
AcDbEntity
  8
0
 62
     0
100
AcDbText
 10
303.179741177432
 20
92.35188411257701
 30
0.0
 40
2.17643035283774
  1
X
  7
ISOCP
 72
     1
 11
304.1546006063072
 21
94.52831446541475
 31
0.0
100
AcDbAttribute
  2
F
 70
     0
 74
     3
280
     0
 71
     1
 72
     0
 11
304.1546006063072
 21
94.52831446541475
 31
0.0
  0
ATTRIB
  5
8C04
330
8BFF
100
AcDbEntity
  8
0
100
AcDbText
 10
299.0135416572976
 20
92.41895630337825
 30
0.0
 40
2.17643035283774
  1
X
  7
ISOCP
 72
     1
 11
299.9884010861728
 21
93.50717147979712
 31
0.0
100
AcDbAttribute
  2
C
 70
     0
 74
     2
280
     0
 71
     1
 72
     0
 11
299.9884010861728
 21
93.50717147979712
 31
0.0
  0
ATTRIB
  5
8C05
330
8BFF
100
AcDbEntity
  8
0
100
AcDbText
 10
295.3194716773564
 20
104.497706603439
 30
0.0
 40
2.17643035283774
  1
XXXXX
  7
ISOCP
 72
     1
 11
300.2119057413396
 21
105.5859217798579
 31
0.0
100
AcDbAttribute
  2
R(POS)
 70
     0
 74
     2
280
     0
 71
     1
 72
     0
 11
300.2119057413396
 21
105.5859217798579
 31
0.0
  0
ATTRIB
  5
8C06
330
8BFF
100
AcDbEntity
  8
0
100
AcDbText
 10
299.5515124397348
 20
89.9496723589072
 30
0.0
 40
1.978573048034309
  1
2
  7
ISOCP
 72
     1
 11
300.2419519929551
 21
90.93895888292435
 31
0.0
100
AcDbAttribute
  2
WIRING
 70
     5
 74
     2
280
     1
 71
     1
 72
     0
 11
300.2419519929551
 21
90.93895888292435
 31
0.0
  0
ATTRIB
  5
8C07
330
8BFF
100
AcDbEntity
  8
0
100
AcDbText
 10
299.0597381086458
 20
86.25676469340355
 30
0.0
 40
1.978573048034309
  1
RF
  7
ISOCP
 72
     1
 11
300.5416068810799
 21
87.24605121742071
 31
0.0
100
AcDbAttribute
  2
DOC
 70
     5
 74
     2
280
     1
 71
     1
 72
     0
 11
300.5416068810799
 21
87.24605121742071
 31
0.0
  0
SEQEND
  5
8C08
330
8BFF
100
AcDbEntity
  8
0
  0
LWPOLYLINE
  5
8C21
330
1F
100
AcDbEntity
  8
0
 62
     0
100
AcDbPolyline
 90
        2
 70
     1
 43
0.7685719199619618
 10
339.7752541172828
 20
112.4369398164555
 42
1.0
 10
340.5438260372447
 20
112.4369398164555
 42
1.0
  0
INSERT
  5
8C39
330
1F
100
AcDbEntity
  8
0
100
AcDbBlockReference
 66
     1
  2
LCPR_BACK CONTACT
 10
0.0
 20
0.0
 30
0.0
  0
ATTRIB
  5
8C3A
330
8C39
100
AcDbEntity
  8
0
100
AcDbText
 10
334.7648167605436
 20
117.5102697213434
 30
0.0
 40
2.369230769230771
  1
@
  7
ISOCP
 72
     1
 11
336.0604898374667
 21
118.6948851059588
 31
0.0
100
AcDbAttribute
  2
S_NAME
 70
     0
 74
     2
280
     0
 71
     1
 72
     0
 11
336.0604898374667
 21
118.6948851059588
 31
0.0
  0
ATTRIB
  5
8C3B
330
8C39
100
AcDbEntity
  8
0
100
AcDbText
 10
332.5165154784922
 20
114.3732278877438
 30
0.0
 40
2.369230769230771
  1
LCPR
  7
ISOCP
 72
     1
 11
336.0604898374666
 21
115.5578432723592
 31
0.0
100
AcDbAttribute
  2
R_NAME
 70
     0
 74
     2
280
     0
 71
     1
 72
     0
 11
336.0604898374666
 21
115.5578432723592
 31
0.0
  0
ATTRIB
  5
8C3C
330
8C39
100
AcDbEntity
  8
0
 62
     0
100
AcDbText
 10
330.9002216489519
 20
108.26815906917
 30
0.0
 40
2.369230769230771
  1
X
  7
ISOCP
 72
     1
 11
331.9614395976699
 21
110.6373898384008
 31
0.0
100
AcDbAttribute
  2
A
 70
     0
 74
     3
280
     0
 71
     1
 72
     0
 11
331.9614395976699
 21
110.6373898384008
 31
0.0
  0
ATTRIB
  5
8C3D
330
8C39
100
AcDbEntity
  8
0
 62
     0
100
AcDbText
 10
339.0983221285462
 20
108.26815906917
 30
0.0
 40
2.369230769230771
  1
X
  7
ISOCP
 72
     1
 11
340.1595400772641
 21
110.6373898384008
 31
0.0
100
AcDbAttribute
  2
B
 70
     0
 74
     3
280
     0
 71
     1
 72
     0
 11
340.1595400772641
 21
110.6373898384008
 31
0.0
  0
ATTRIB
  5
8C3E
330
8C39
100
AcDbEntity
  8
0
100
AcDbText
 10
334.9175713500157
 20
108.447089695156
 30
0.0
 40
2.369230769230771
  1
X
  7
ISOCP
 72
     1
 11
335.9787892987337
 21
109.6317050797714
 31
0.0
100
AcDbAttribute
  2
C
 70
     0
 74
     2
280
     0
 71
     1
 72
     0
 11
335.9787892987337
 21
109.6317050797714
 31
0.0
  0
ATTRIB
  5
8C3F
330
8C39
100
AcDbEntity
  8
0
100
AcDbText
 10
330.7267187795574
 20
120.454775349485
 30
0.0
 40
2.369230769230771
  1
XXXXX
  7
ISOCP
 72
     1
 11
336.0525521128907
 21
121.6393907341004
 31
0.0
100
AcDbAttribute
  2
R(POS)
 70
     0
 74
     2
280
     0
 71
     1
 72
     0
 11
336.0525521128907
 21
121.6393907341004
 31
0.0
  0
ATTRIB
  5
8C40
330
8C39
100
AcDbEntity
  8
0
100
AcDbText
 10
335.7589688094632
 20
105.3992842799616
 30
0.0
 40
2.049525119898564
  1
2
  7
ISOCP
 72
     1
 11
336.4741676794278
 21
106.4240468399109
 31
0.0
100
AcDbAttribute
  2
WIRING
 70
     5
 74
     2
280
     1
 71
     1
 72
     0
 11
336.4741676794278
 21
106.4240468399109
 31
0.0
  0
ATTRIB
  5
8C41
330
8C39
100
AcDbEntity
  8
0
100
AcDbText
 10
335.255964106912
 20
101.5739481199269
 30
0.0
 40
2.049525119898564
  1
LB
  7
ISOCP
 72
     1
 11
336.7845682588364
 21
102.5987106798762
 31
0.0
100
AcDbAttribute
  2
DOC
 70
     5
 74
     2
280
     1
 71
     1
 72
     0
 11
336.7845682588364
 21
102.5987106798762
 31
0.0
  0
SEQEND
  5
8C42
330
8C39
100
AcDbEntity
  8
0
  0
INSERT
  5
8C43
330
1F
100
AcDbEntity
  8
FUZEBLOCK.INSERT
 62
     0
100
AcDbBlockReference
 66
     1
  2
FUZEBLOCK
 10
252.3531365183818
 20
126.842294926648
 30
0.0
 41
0.8067903275745545
 42
0.8067903275745545
 43
0.8067903275745545
  0
ATTRIB
  5
8C44
330
8C43
100
AcDbEntity
  8
0
100
AcDbText
 10
235.4819207558879
 20
125.9144860499373
 30
0.8067903275745545
 40
2.016975818936386
  1
B24(EXT)#
  7
isocp.shx
 72
     1
 11
241.9320413435282
 21
126.9229739594055
 31
0.8067903275745545
100
AcDbAttribute
  2
VOLT
 70
     0
 74
     2
280
     0
 71
     1
 72
     0
 11
241.9320413435282
 21
126.9229739594055
 31
0.8067903275745545
  0
ATTRIB
  5
8C45
330
8C43
100
AcDbEntity
  8
0
100
AcDbText
 10
265.8130350397349
 20
129.060968327478
 30
0.8067903275745545
 40
2.016975818936386
  1

  7
isocp.shx
 72
     1
 11
265.8130350397349
 21
130.0694562369462
 31
0.8067903275745545
100
AcDbAttribute
  2
FUSEVALUE
 70
     0
 74
     2
280
     0
 71
     1
 72
     0
 11
265.8130350397349
 21
130.0694562369462
 31
0.8067903275745545
  0
ATTRIB
  5
8C46
330
8C43
100
AcDbEntity
  8
0
100
AcDbText
 10
250.5598441059459
 20
122.6066457068816
 30
0.8067903275745545
 40
2.016975818936386
  1
XXXX
  7
isocp.shx
 72
     1
 11
254.1861985470753
 21
123.6151336163498
 31
0.8067903275745545
100
AcDbAttribute
  2
81
 70
     0
 74
     2
280
     0
 71
     1
 72
     0
 11
254.1861985470753
 21
123.6151336163498
 31
0.8067903275745545
  0
SEQEND
  5
8C47
330
8C43
100
AcDbEntity
  8
FUZEBLOCK.INSERT
 62
     0
  0
INSERT
  5
8C48
330
1F
100
AcDbEntity
  8
0
100
AcDbBlockReference
  2
24PPTC
 10
264.3237469699111
 20
120.315314924882
 30
0.0
  0
VIEWPORT
  5
44F9
102
{ACAD_XDICTIONARY
360
44FA
102
}
330
58
100
AcDbEntity
 67
     1
  8
0
100
AcDbViewport
 10
5.249999639556165
 20
3.999999883606678
 30
0.0
 40
21.46463496533181
 41
8.99299974576695
 68
     1
 69
     1
 12
5.249999639556165
 22
3.999999883606678
 13
0.0
 23
0.0
 14
10.0
 24
10.0
 15
10.0
 25
10.0
 16
0.0
 26
0.0
 36
1.0
 17
0.0
 27
0.0
 37
0.0
 42
50.0
 43
0.0
 44
0.0
 45
8.99299974576695
 50
0.0
 51
0.0
 72
  1000
 90
   557088
  1

281
     0
 71
     1
 74
     0
110
0.0
120
0.0
130
0.0
111
1.0
121
0.0
131
0.0
112
0.0
122
1.0
132
0.0
 79
     0
146
0.0
170
     0
 61
     5
348
9F
292
     1
282
     1
141
0.0
142
0.0
 63
   250
421
  3355443
  0
VIEWPORT
  5
44FD
102
{ACAD_XDICTIONARY
360
44FE
102
}
330
58
100
AcDbEntity
 67
     1
  8
0
100
AcDbViewport
 10
5.249999761581422
 20
3.999999761581421
 30
0.0
 40
8.399999618530275
 41
6.399999618530274
 68
     2
 69
     2
 12
209.9999995016829
 22
148.4999996572538
 13
0.0
 23
0.0
 14
0.5
 24
0.5
 15
0.5
 25
0.5
 16
0.0
 26
0.0
 36
1.0
 17
0.0
 27
0.0
 37
0.0
 42
50.0
 43
0.0
 44
0.0
 45
322.5599955419431
 50
0.0
 51
0.0
 72
  1000
 90
   823904
  1

281
     0
 71
     1
 74
     0
110
0.0
120
0.0
130
0.0
111
1.0
121
0.0
131
0.0
112
0.0
122
1.0
132
0.0
 79
     0
146
0.0
170
     0
 61
     5
348
9F
292
     1
282
     1
141
0.0
142
0.0
 63
   250
421
  3355443
  0
ENDSEC
  0
SECTION
  2
OBJECTS
  0
DICTIONARY
  5
C
330
0
100
AcDbDictionary
281
     1
  3
ACAD_CIP_PREVIOUS_PRODUCT_INFO
350
1A5
  3
ACAD_COLOR
350
73
  3
ACAD_DATALINK
350
453E
  3
ACAD_DETAILVIEWSTYLE
350
1AB
  3
ACAD_DGNDEFINITIONS
350
60E7
  3
ACAD_DWFDEFINITIONS
350
60E6
  3
ACAD_FIELDLIST
350
679E
  3
ACAD_GROUP
350
D
  3
ACAD_IMAGE_DICT
350
774C
  3
ACAD_IMAGE_VARS
350
453D
  3
ACAD_LAST_SAVED_VERSION_INFO
350
2F6
  3
ACAD_LAYOUT
350
1A
  3
ACAD_MATERIAL
350
72
  3
ACAD_MLEADERSTYLE
350
D7
  3
ACAD_MLINESTYLE
350
17
  3
ACAD_PDFDEFINITIONS
350
60E5
  3
ACAD_PLOTSETTINGS
350
19
  3
ACAD_PLOTSTYLENAME
350
E
  3
ACAD_SCALELIST
350
B6
  3
ACAD_SECTIONVIEWSTYLE
350
1A8
  3
ACAD_TABLESTYLE
350
86
  3
ACAD_VISUALSTYLE
350
99
  3
ACDB_RECOMPOSE_DATA
350
8C51
  3
AcDbVariableDictionary
350
66
  3
APPDATA
350
453B
  3
EZDXF_META
350
69FB
  0
SUN
  5
8BA1
330
8BA0
100
AcDbSun
 90
        1
290
     0
 63
     7
421
 16777215
 40
1.0
291
     1
 91
  2455826
 92
 54000000
292
     0
 70
     2
 71
   256
280
     1
  0
DICTIONARY
  5
18E
330
2
100
AcDbDictionary
280
     1
281
     1
  3
ACAD_LAYERSTATES
360
18F
  0
DICTIONARY
  5
15D
330
1F
100
AcDbDictionary
280
     1
281
     1
  3
ACAD_SORTENTS
360
748A
  0
DICTIONARY
  5
6A36
330
6A35
100
AcDbDictionary
280
     1
281
     1
  3
ACAD_SORTENTS
360
6A37
  0
DICTIONARY
  5
8974
330
6A48
100
AcDbDictionary
280
     1
281
     1
  3
ACAD_SORTENTS
360
8975
  0
DICTIONARY
  5
6B73
330
6B72
100
AcDbDictionary
280
     1
281
     1
  3
ACAD_SORTENTS
360
6B74
  0
DICTIONARY
  5
89DE
330
840E
100
AcDbDictionary
280
     1
281
     1
  3
ACAD_SORTENTS
360
89DF
  0
DICTIONARY
  5
8B54
330
8758
100
AcDbDictionary
280
     1
281
     1
  3
ACAD_SORTENTS
360
8B55
  0
DICTIONARY
  5
450B
330
450A
100
AcDbDictionary
280
     1
281
     1
  3
ASDK_XREC_ANNOTATION_SCALE_INFO
360
450C
  0
DICTIONARY
  5
450F
330
450E
100
AcDbDictionary
280
     1
281
     1
  3
ASDK_XREC_ANNOTATION_SCALE_INFO
360
4510
  0
DICTIONARY
  5
44FA
330
44F9
100
AcDbDictionary
280
     1
281
     1
  3
ASDK_XREC_ANNOTATION_SCALE_INFO
360
44FB
  0
DICTIONARY
  5
44FE
330
44FD
100
AcDbDictionary
280
     1
281
     1
  3
ASDK_XREC_ANNOTATION_SCALE_INFO
360
44FF
  0
XRECORD
  5
1A5
102
{ACAD_REACTORS
330
C
102
}
330
C
100
AcDbXrecord
280
     1
300
ACDLT
300
2026
300

  0
DICTIONARY
  5
73
102
{ACAD_REACTORS
330
C
102
}
330
C
100
AcDbDictionary
281
     1
  0
DICTIONARY
  5
453E
102
{ACAD_REACTORS
330
C
102
}
330
C
100
AcDbDictionary
281
     1
  0
DICTIONARY
  5
1AB
102
{ACAD_REACTORS
330
C
102
}
330
C
100
AcDbDictionary
281
     1
  3
Imperial24
350
1AC
  3
Metric50
350
4CB
  0
DICTIONARY
  5
60E7
102
{ACAD_REACTORS
330
C
102
}
330
C
100
AcDbDictionary
281
     1
  0
DICTIONARY
  5
60E6
102
{ACAD_REACTORS
330
C
102
}
330
C
100
AcDbDictionary
281
     1
  0
FIELDLIST
  5
679E
102
{ACAD_REACTORS
330
C
102
}
330
C
100
AcDbIdSet
 90
        0
100
AcDbFieldList
  0
DICTIONARY
  5
D
102
{ACAD_REACTORS
330
C
102
}
330
C
100
AcDbDictionary
281
     1
  0
DICTIONARY
  5
774C
102
{ACAD_REACTORS
330
C
102
}
330
C
100
AcDbDictionary
281
     1
  0
RASTERVARIABLES
  5
453D
102
{ACAD_REACTORS
330
C
102
}
330
C
100
AcDbRasterVariables
 90
        0
 70
     1
 71
     1
 72
     1
  0
XRECORD
  5
2F6
102
{ACAD_REACTORS
330
C
102
}
330
C
100
AcDbXrecord
280
     1
300
{927643DE-9769-0C4E-B053-936F41617994}
301
{83EC8E86-7B4D-EC4E-AEC1-F55E562DED58}
302
{927643DE-9769-0C4E-B053-936F41617994}
303
E:\PROJECTS\MSDAC\004. PV - TBM MSDAC Autohut IFC\6.WIP\MASTER\05.03.2026\PV HUT_20260228\CCT.SR.MAS.PV-TBM AUTO SECTION(PV HUT)_005.dwg
301
{C9920A38-6A04-264B-9454-41A36F739E0E}
302
{B37D2C07-218C-3441-8804-9B386B62EF93}
303
E:\Kamesh\MSDAC\kAMESH\PROJ_SG_CMP_H_190_2024_005.dwg
301
{82EB644E-55E7-4F43-9AB8-B3F8A5425404}
302
{3E015B02-33FF-2D4A-BC41-D87894D3D037}
303
F:\OTHER EMPLOYEES\SAMPATH\MSDAC\004. PV - TBM MSDAC Autohut IFC\6.WIP\MASTER\21.05.2025\PV-TBM MSDAC IFC Files_CMP HUT_20250405\PROJ_SG_CMP_H_190_2024_005.dwg
301
{FCBD3254-E0E2-DB4D-ABBD-F78BE941E849}
302
{6ECD138C-8399-A545-9544-19296C0B4845}
303
E:\MSDAC INPUTS\PV-TMB COMMENTS\PV-TBM MSDAC IFC Files_CMP HUT_20250130\PROJ_SG_CMP_H_190_2024_005.dwg
301
{66B35012-EF34-084D-A7CE-AF922FCFD18F}
302
{78CF0AB1-3B41-7B4A-A448-8AEFED8AEEBA}
303
E:\Projects\2.Southern Railway\MSDAC\INDU-ST-24-25-0128-MSDAC-PV-TBM\Wip\PV-TBM MSDAC IFC Files_CMP HUT_20241122\PROJ_SG_CMP_H_190_2024_005.dwg
301
{3ED469F7-5113-6042-B98D-58F8E4C2CD5F}
302
{C0F9BA10-C213-0949-989A-7F7A6723538B}
303
D:\KAVISH\New folder\PV - TBM\WIP\A LINE SIGNAL LIGHTING  CIRCUIT\PROJ_SG_MN_H_51_2024_005.dwg
301
{58EAC9EC-1C40-734A-BA55-564FEB07B8DC}
302
{F46ED98C-D49B-2847-91E1-BA8F3B72385C}
303
D:\kavish\MSDAC\MN HUT_20241014\CAD FILES\PROJ_SG_MN_H_51_2024_005.dwg
301
{8EB32431-7D61-2F49-94D3-E993B794812B}
302
{740F0FC9-776D-B541-85AB-DCB10AB8D7D5}
303
E:\USTS\Projects\1. Signalling\11. Southern Railway\MSDAC\STM-PV\003. STM - PV MSDAC Autohut IFC\2.Deliverables\09.09.2024\PROJ_SG_MS_51_2024_000.dwg
301
{CD559B23-52C7-3B43-9974-35D7C51204F6}
302
{CC267E36-CCCA-0542-94AA-6D18A9E56A2F}
303
D:\PYTHON\PYTHON PROJECTS\Testing_Automation_2024\pdf\PROJ_SG_MS_51_2024_000.dwg
301
{797CFB49-9665-AA4C-920A-CCFC6A046875}
302
{7AFA9336-ECD4-9741-B888-CDEAB16B249B}
303
D:\Interface Circuits\8.Southern Railway\MSDAC\INDU-ST-24-25-0006-MSDAC-STM - PV\6.WIP\FINAL FILE\PROJ_SG_MS_51_2024_000.dwg
  0
DICTIONARY
  5
1A
102
{ACAD_REACTORS
330
C
102
}
330
C
100
AcDbDictionary
281
     1
  3
Layout1
350
59
  3
Layout2
350
5E
  3
Model
350
22
  0
DICTIONARY
  5
72
102
{ACAD_REACTORS
330
C
102
}
330
C
100
AcDbDictionary
281
     1
  3
ByBlock
350
97
  3
ByLayer
350
96
  3
Global
350
98
  0
DICTIONARY
  5
D7
102
{ACAD_REACTORS
330
C
102
}
330
C
100
AcDbDictionary
281
     1
  3
Standard
350
D8
  0
DICTIONARY
  5
17
102
{ACAD_REACTORS
330
C
102
}
330
C
100
AcDbDictionary
281
     1
  3
Standard
350
18
  0
DICTIONARY
  5
60E5
102
{ACAD_REACTORS
330
C
102
}
330
C
100
AcDbDictionary
281
     1
  0
DICTIONARY
  5
19
102
{ACAD_REACTORS
330
C
102
}
330
C
100
AcDbDictionary
281
     1
  0
ACDBDICTIONARYWDFLT
  5
E
102
{ACAD_REACTORS
330
C
102
}
330
C
100
AcDbDictionary
281
     1
  3
Normal
350
F
100
AcDbDictionaryWithDefault
340
F
  0
DICTIONARY
  5
B6
102
{ACAD_REACTORS
330
C
102
}
330
C
100
AcDbDictionary
281
     1
  3
A0
350
B7
  3
A1
350
124
  3
A2
350
125
  3
A3
350
126
  3
A4
350
127
  3
A5
350
128
  3
A6
350
129
  3
A7
350
12A
  3
A8
350
12B
  3
A9
350
12C
  3
B0
350
12D
  3
B1
350
12E
  3
B2
350
12F
  3
B3
350
130
  3
B4
350
131
  3
B5
350
132
  3
B6
350
133
  3
B7
350
134
  3
B8
350
135
  3
B9
350
136
  3
C0
350
137
  3
C1
350
138
  3
C2
350
139
  3
C3
350
13A
  3
C4
350
13B
  3
C5
350
13C
  3
C6
350
13D
  3
C7
350
13E
  3
C8
350
13F
  3
C9
350
140
  3
D0
350
141
  3
D1
350
142
  3
D2
350
143
  0
DICTIONARY
  5
1A8
102
{ACAD_REACTORS
330
C
102
}
330
C
100
AcDbDictionary
281
     1
  3
Imperial24
350
1AA
  3
Metric50
350
4CA
  0
DICTIONARY
  5
86
102
{ACAD_REACTORS
330
C
102
}
330
C
100
AcDbDictionary
281
     1
  3
Standard
350
87
  0
DICTIONARY
  5
99
102
{ACAD_REACTORS
330
C
102
}
330
C
100
AcDbDictionary
281
     1
  3
2dWireframe
350
9F
  3
3dWireframe
350
38DD
  3
Basic
350
9E
  3
Brighten
350
A5
  3
ColorChange
350
A9
  3
Conceptual
350
A2
  3
Dim
350
A4
  3
EdgeColorOff
350
175
  3
Facepattern
350
A8
  3
Flat
350
9A
  3
FlatWithEdges
350
9B
  3
Gouraud
350
9C
  3
GouraudWithEdges
350
9D
  3
Hidden
350
A1
  3
JitterOff
350
173
  3
Linepattern
350
A7
  3
OverhangOff
350
174
  3
Realistic
350
A3
  3
Shaded
350
182
  3
Shaded with edges
350
181
  3
Shades of Gray
350
17E
  3
Sketchy
350
17F
  3
Thicken
350
A6
  3
Wireframe
350
A0
  3
X-Ray
350
180
  0
XRECORD
  5
8C51
102
{ACAD_REACTORS
330
C
102
}
330
C
100
AcDbXrecord
280
     1
 90
        1
330
87
  0
DICTIONARY
  5
66
102
{ACAD_REACTORS
330
C
102
}
330
C
100
AcDbDictionary
281
     1
  3
CANNOSCALE
350
F0
  3
CMLEADERSTYLE
350
EF
  3
CTABLESTYLE
350
89
  3
CVIEWDETAILSTYLE
350
1B7
  3
CVIEWSECTIONSTYLE
350
1B8
  3
DIMASSOC
350
67
  3
HIDETEXT
350
6B
  3
HPCOLOR
350
1FFB
  3
HPTRANSPARENCY
350
1FFA
  3
LAYEREVAL
350
14D
  3
LAYERNOTIFY
350
14E
  3
XCLIPFRAME
350
77C1
  0
DICTIONARY
  5
453B
102
{ACAD_REACTORS
330
C
102
}
330
C
100
AcDbDictionary
281
     1
  0
DICTIONARY
  5
69FB
330
C
100
AcDbDictionary
281
     1
  3
WRITTEN_BY_EZDXF
350
69FC
  0
DICTIONARY
  5
18F
102
{ACAD_REACTORS
330
18E
102
}
330
18E
100
AcDbDictionary
281
     1
  0
SORTENTSTABLE
  5
748A
102
{ACAD_REACTORS
330
15D
102
}
330
15D
100
AcDbSortentsTable
330
1F
331
822D
  5
822E
331
822E
  5
822F
331
8230
  5
8233
331
8231
  5
8234
331
8232
  5
8235
331
8233
  5
8236
331
8234
  5
8237
331
8235
  5
823B
331
8236
  5
823C
331
8237
  5
8240
331
823B
  5
8244
331
823C
  5
8245
331
8240
  5
8249
331
8244
  5
8251
331
8245
  5
8259
331
8261
  5
8264
331
8262
  5
8266
331
8265
  5
826A
331
8266
  5
826B
331
8268
  5
826F
331
8269
  5
8270
331
826B
  5
827D
331
826C
  5
827E
331
826D
  5
8282
331
826E
  5
8289
331
826F
  5
828D
331
8270
  5
828E
331
8274
  5
828F
331
8275
  5
8290
331
8279
  5
8291
331
827D
  5
8294
331
827E
  5
8297
331
8289
  5
829D
331
828D
  5
844C
331
828E
  5
8450
331
828F
  5
8458
331
844C
  5
847A
331
8450
  5
847B
331
8458
  5
847C
331
8460
  5
847D
331
8461
  5
847E
331
8469
  5
847F
331
8471
  5
8480
331
8475
  5
8481
331
8476
  5
8482
331
847A
  5
8483
331
847B
  5
8484
331
847C
  5
8485
331
847D
  5
8486
331
847E
  5
848E
331
847F
  5
8496
331
8480
  5
849E
331
8481
  5
84A6
331
8482
  5
84A7
331
8483
  5
84A8
331
8484
  5
84A9
331
8485
  5
84AA
331
8486
  5
84AB
331
848E
  5
84AC
331
8496
  5
84AD
331
849E
  5
84AE
331
84A6
  5
84AF
331
84A7
  5
84B0
331
84A8
  5
84B1
331
84A9
  5
84B9
331
84AA
  5
84C1
331
84AB
  5
84C9
331
84AC
  5
84D1
331
84AD
  5
84D2
331
84AE
  5
84D3
331
84AF
  5
84D4
331
84B0
  5
84D5
331
84B1
  5
84D6
331
84B9
  5
84D7
331
84C1
  5
84D8
331
84C9
  5
84D9
331
84D1
  5
84DA
331
84D2
  5
84DB
331
84D3
  5
84DC
331
84D4
  5
84DD
331
84D5
  5
84E1
331
84D6
  5
84E2
331
84D7
  5
84E6
331
84D8
  5
84EA
331
84D9
  5
84EB
331
84DA
  5
84EF
331
84DB
  5
84F3
331
84DC
  5
84F4
331
84DD
  5
84F8
331
84E1
  5
84FC
331
84E2
  5
84FD
331
84E6
  5
8501
331
84EA
  5
8505
331
84EB
  5
8506
331
84EF
  5
850A
331
84F3
  5
8512
331
84F4
  5
851A
331
84F8
  5
8522
331
84FC
  5
852A
331
84FD
  5
8532
331
8501
  5
853A
331
8505
  5
853B
331
8506
  5
8543
331
853A
  5
8563
331
854B
  5
8566
331
854C
  5
8567
331
854D
  5
856B
331
8563
  5
857A
331
8564
  5
857B
331
8565
  5
857C
331
8566
  5
857D
331
8567
  5
857E
331
856B
  5
8586
331
8570
  5
8587
331
8571
  5
8588
331
8575
  5
8589
331
857A
  5
858A
331
857B
  5
858B
331
857C
  5
858C
331
857D
  5
858D
331
857E
  5
8595
331
8586
  5
8596
331
8587
  5
8597
331
8588
  5
8598
331
8589
  5
8599
331
858A
  5
859A
331
858B
  5
859B
331
858C
  5
859C
331
858D
  5
85A4
331
8595
  5
85A5
331
8596
  5
85A6
331
8597
  5
85A7
331
8598
  5
85A8
331
8599
  5
85A9
331
859A
  5
85AA
331
859B
  5
880E
331
859C
  5
880F
331
85A4
  5
8810
331
85A5
  5
8814
331
85A6
  5
8815
331
85A7
  5
881D
331
85A9
  5
882C
331
85AA
  5
8834
331
880E
  5
883C
331
880F
  5
883D
331
8810
  5
883E
331
8814
  5
8845
331
8815
  5
8846
331
881D
  5
8847
331
8825
  5
8848
331
882C
  5
8849
331
8834
  5
884A
331
883C
  5
884B
331
883D
  5
884C
331
883E
  5
8851
331
8845
  5
8852
331
8846
  5
8855
331
8847
  5
8856
331
8848
  5
8857
331
8849
  5
8858
331
884A
  5
8860
331
884B
  5
8861
331
884C
  5
8862
331
8851
  5
8863
331
8852
  5
8864
331
8855
  5
8865
331
8856
  5
8866
331
8857
  5
8867
331
8860
  5
8869
331
8861
  5
886A
331
8862
  5
886B
331
8863
  5
886C
331
8864
  5
8279
331
8865
  5
8274
331
8866
  5
826E
331
8867
  5
826C
331
8868
  5
8269
331
8869
  5
8232
331
886A
  5
8230
331
886B
  5
822D
331
886C
  5
8265
  0
SORTENTSTABLE
  5
6A37
102
{ACAD_REACTORS
330
6A36
102
}
330
6A36
100
AcDbSortentsTable
330
6A35
  0
SORTENTSTABLE
  5
8975
102
{ACAD_REACTORS
330
8974
102
}
330
8974
100
AcDbSortentsTable
330
6A48
  0
SORTENTSTABLE
  5
6B74
102
{ACAD_REACTORS
330
6B73
102
}
330
6B73
100
AcDbSortentsTable
330
6B72
  0
SORTENTSTABLE
  5
89DF
102
{ACAD_REACTORS
330
89DE
102
}
330
89DE
100
AcDbSortentsTable
330
840E
  0
SORTENTSTABLE
  5
8B55
102
{ACAD_REACTORS
330
8B54
102
}
330
8B54
100
AcDbSortentsTable
330
8758
  0
XRECORD
  5
450C
102
{ACAD_REACTORS
330
450B
102
}
330
450B
100
AcDbXrecord
280
     1
 90
        1
340
B7
  0
XRECORD
  5
4510
102
{ACAD_REACTORS
330
450F
102
}
330
450F
100
AcDbXrecord
280
     1
 90
        1
340
B7
  0
XRECORD
  5
44FB
102
{ACAD_REACTORS
330
44FA
102
}
330
44FA
100
AcDbXrecord
280
     1
 90
        1
340
B7
  0
XRECORD
  5
44FF
102
{ACAD_REACTORS
330
44FE
102
}
330
44FE
100
AcDbXrecord
280
     1
 90
        1
340
B7
  0
ACDBDETAILVIEWSTYLE
  5
1AC
102
{ACAD_REACTORS
330
1AB
102
}
102
{ACAD_XDICTIONARY
360
7AB6
102
}
330
1AB
100
AcDbModelDocViewStyle
 70
     0
  3
Imperial24
290
     0
300
Imperial24
 90
        0
100
AcDbDetailViewStyle
 70
     0
 71
     0
 90
        3
 71
     1
340
11
 62
   256
 40
0.24
340
0
 62
   256
 40
0.24
300

 40
0.36
280
     3
 71
     2
340
16
 90
       25
 62
   256
 71
     3
340
11
 62
   256
 40
0.24
 90
        1
 40
0.75
 90
        1
300
%<\AcVar ViewType \f "%tc1">% %<\AcVar ViewDetailId>%\PSCALE %<\AcVar ViewScale \f "%sn">%
 71
     4
340
16
 90
       25
 62
   256
340
16
 90
       25
 62
   256
280
     0
  0
ACDBDETAILVIEWSTYLE
  5
4CB
102
{ACAD_REACTORS
330
1AB
102
}
102
{ACAD_XDICTIONARY
360
7AB8
102
}
330
1AB
100
AcDbModelDocViewStyle
 70
     0
  3
Metric50
290
     0
300
Metric50
 90
        0
100
AcDbDetailViewStyle
 70
     0
 71
     0
 90
        3
 71
     1
340
11
 62
   256
 40
5.0
340
0
 62
   256
 40
5.0
300

 40
0.0
280
     1
 71
     2
340
16
 90
       25
 62
   256
 71
     3
340
11
 62
   256
 40
5.0
 90
        0
 40
15.0
 90
        1
300
%<\AcVar ViewDetailId>% (%<\AcVar ViewScale \f "%sn">%)
 71
     4
340
16
 90
       25
 62
   256
340
16
 90
       25
 62
   256
280
     0
  0
LAYOUT
  5
59
102
{ACAD_REACTORS
330
1A
102
}
330
1A
100
AcDbPlotSettings
  1

  2
none_device
  4
Letter_(8.50_x_11.00_Inches)
  6

 40
6.349999904632568
 41
6.349999904632568
 42
6.350006103515625
 43
6.350006103515625
 44
215.8999938964844
 45
279.3999938964844
 46
0.0
 47
0.0
 48
0.0
 49
0.0
140
0.0
141
0.0
142
1.0
143
1.0
 70
   688
 72
     0
 73
     1
 74
     5
  7

 75
    16
 76
     0
 77
     2
 78
   300
147
1.0
148
0.0
149
0.0
100
AcDbLayout
  1
Layout1
 70
     1
 71
     1
 10
-0.2500002402958907
 20
-0.2499999962453767
 11
10.74999951940822
 21
8.249999763458733
 12
0.0
 22
0.0
 32
0.0
 14
1.049999952316284
 24
0.7999999523162842
 34
0.0
 15
9.44999957084656
 25
7.199999570846559
 35
0.0
146
0.0
 13
0.0
 23
0.0
 33
0.0
 16
1.0
 26
0.0
 36
0.0
 17
0.0
 27
1.0
 37
0.0
 76
     0
330
58
331
44F9
1001
ACAD_PSEXT
1000
None
1000
None
1000
Not applicable
1000
The layout will not be plotted unless a new plotter configuration name is selected.
1070
     0
  0
LAYOUT
  5
5E
102
{ACAD_REACTORS
330
1A
102
}
330
1A
100
AcDbPlotSettings
  1

  2
none_device
  4
Letter_(8.50_x_11.00_Inches)
  6

 40
6.349999904632568
 41
6.349999904632568
 42
6.350006103515625
 43
6.350006103515625
 44
215.8999938964844
 45
279.3999938964844
 46
0.0
 47
0.0
 48
0.0
 49
0.0
140
0.0
141
0.0
142
1.0
143
1.0
 70
   688
 72
     0
 73
     1
 74
     5
  7

 75
    16
 76
     0
 77
     2
 78
   300
147
1.0
148
0.0
149
0.0
100
AcDbLayout
  1
Layout2
 70
     1
 71
     2
 10
-0.2500002402958907
 20
-0.2499999962453767
 11
10.74999951940822
 21
8.249999763458733
 12
0.0
 22
0.0
 32
0.0
 14
1.049999952316284
 24
0.7999999523162842
 34
0.0
 15
9.44999957084656
 25
7.199999570846559
 35
0.0
146
0.0
 13
0.0
 23
0.0
 33
0.0
 16
1.0
 26
0.0
 36
0.0
 17
0.0
 27
1.0
 37
0.0
 76
     0
330
5D
331
450A
1001
ACAD_PSEXT
1000
None
1000
None
1000
Not applicable
1000
The layout will not be plotted unless a new plotter configuration name is selected.
1070
     0
  0
LAYOUT
  5
22
102
{ACAD_REACTORS
330
1A
102
}
330
1A
100
AcDbPlotSettings
  1

  2
none_device
  4
ANSI_A_(8.50_x_11.00_Inches)
  6

 40
6.349999904632568
 41
19.04999923706055
 42
6.350006103515625
 43
19.04998779296875
 44
215.8999938964844
 45
279.3999938964844
 46
0.0
 47
0.0
 48
0.0
 49
0.0
140
0.0
141
0.0
142
1.0
143
2.584895464708374
 70
 11952
 72
     0
 73
     1
 74
     0
  7

 75
     0
 76
     0
 77
     2
 78
   300
147
0.3868628397755418
148
0.0
149
0.0
100
AcDbLayout
  1
Model
 70
     1
 71
     0
 10
0.0
 20
0.0
 11
12.0
 21
9.0
 12
0.0
 22
0.0
 32
0.0
 14
33.1602163847966
 24
61.28111003984236
 34
0.0
 15
407.7134560772906
 25
275.482241347826
 35
0.8287124280195762
146
0.0
 13
0.0
 23
0.0
 33
0.0
 16
1.0
 26
0.0
 36
0.0
 17
0.0
 27
1.0
 37
0.0
 76
     0
330
1F
331
8BA0
  0
MATERIAL
  5
97
102
{ACAD_REACTORS
330
72
102
}
102
{ACAD_XDICTIONARY
360
188
102
}
330
72
100
AcDbMaterial
  1
ByBlock
 72
     1
 78
     2
172
     2
176
     2
270
     2
273
     1
274
     2
 94
       63
  0
MATERIAL
  5
96
102
{ACAD_REACTORS
330
72
102
}
102
{ACAD_XDICTIONARY
360
186
102
}
330
72
100
AcDbMaterial
  1
ByLayer
 72
     1
 78
     2
172
     2
176
     2
270
     2
273
     1
274
     2
 94
       63
  0
MATERIAL
  5
98
102
{ACAD_REACTORS
330
72
102
}
102
{ACAD_XDICTIONARY
360
110
102
}
330
72
100
AcDbMaterial
  1
Global
 72
     1
 43
0.0208000000566244
 43
0.0
 43
0.0
 43
0.0
 43
0.0
 43
0.0208000000566244
 43
0.0
 43
0.0
 43
0.0
 43
0.0
 43
1.0
 43
0.0
 43
0.0
 43
0.0
 43
0.0
 43
1.0
 78
     2
172
     2
 49
0.0208000000566244
 49
0.0
 49
0.0
 49
0.0
 49
0.0
 49
0.0208000000566244
 49
0.0
 49
0.0
 49
0.0
 49
0.0
 49
1.0
 49
0.0
 49
0.0
 49
0.0
 49
0.0
 49
1.0
176
     2
142
0.0208000000566244
142
0.0
142
0.0
142
0.0
142
0.0
142
0.0208000000566244
142
0.0
142
0.0
142
0.0
142
0.0
142
1.0
142
0.0
142
0.0
142
0.0
142
0.0
142
1.0
270
     2
144
0.0208000000566244
144
0.0
144
0.0
144
0.0
144
0.0
144
0.0208000000566244
144
0.0
144
0.0
144
0.0
144
0.0
144
1.0
144
0.0
144
0.0
144
0.0
144
0.0
144
1.0
273
     1
274
     2
 94
       63
1001
ACAD
1070
    -1
1070
     3
1070
     0
1000

1071
        0
1070
     0
  0
MLEADERSTYLE
  5
D8
102
{ACAD_REACTORS
330
D7
102
}
330
D7
100
AcDbMLeaderStyle
179
     2
170
     2
171
     1
172
     0
 90
        2
 40
0.0
 41
0.0
173
     1
 91
-1056964608
340
14
 92
       -2
290
     1
 42
0.09
291
     1
 43
0.36
  3
Standard
341
0
 44
0.18
300

342
11
174
     1
178
     1
175
     1
176
     0
 93
-1056964608
 45
0.18
292
     0
297
     0
 46
0.18
343
0
 94
-1056964608
 47
1.0
 49
1.0
140
1.0
293
     1
141
0.0
294
     1
177
     0
142
1.0
295
     0
296
     0
143
0.125
271
     0
272
     9
273
     9
298
     0
  0
MLINESTYLE
  5
18
102
{ACAD_REACTORS
330
17
102
}
330
17
100
AcDbMlineStyle
  2
STANDARD
 70
     0
  3

 62
   256
 51
90.0
 52
90.0
 71
     2
 49
0.5
 62
   256
  6
BYLAYER
 49
-0.5
 62
   256
  6
BYLAYER
  0
ACDBPLACEHOLDER
  5
F
102
{ACAD_REACTORS
330
E
102
}
330
E
  0
SCALE
  5
B7
102
{ACAD_REACTORS
330
B6
102
}
330
B6
100
AcDbScale
 70
     0
300
1:1
140
1.0
141
1.0
290
     1
  0
SCALE
  5
124
102
{ACAD_REACTORS
330
B6
102
}
330
B6
100
AcDbScale
 70
     0
300
1:2
140
1.0
141
2.0
290
     0
  0
SCALE
  5
125
102
{ACAD_REACTORS
330
B6
102
}
330
B6
100
AcDbScale
 70
     0
300
1:4
140
1.0
141
4.0
290
     0
  0
SCALE
  5
126
102
{ACAD_REACTORS
330
B6
102
}
330
B6
100
AcDbScale
 70
     0
300
1:5
140
1.0
141
5.0
290
     0
  0
SCALE
  5
127
102
{ACAD_REACTORS
330
B6
102
}
330
B6
100
AcDbScale
 70
     0
300
1:8
140
1.0
141
8.0
290
     0
  0
SCALE
  5
128
102
{ACAD_REACTORS
330
B6
102
}
330
B6
100
AcDbScale
 70
     0
300
1:10
140
1.0
141
10.0
290
     0
  0
SCALE
  5
129
102
{ACAD_REACTORS
330
B6
102
}
330
B6
100
AcDbScale
 70
     0
300
1:16
140
1.0
141
16.0
290
     0
  0
SCALE
  5
12A
102
{ACAD_REACTORS
330
B6
102
}
330
B6
100
AcDbScale
 70
     0
300
1:20
140
1.0
141
20.0
290
     0
  0
SCALE
  5
12B
102
{ACAD_REACTORS
330
B6
102
}
330
B6
100
AcDbScale
 70
     0
300
1:30
140
1.0
141
30.0
290
     0
  0
SCALE
  5
12C
102
{ACAD_REACTORS
330
B6
102
}
330
B6
100
AcDbScale
 70
     0
300
1:40
140
1.0
141
40.0
290
     0
  0
SCALE
  5
12D
102
{ACAD_REACTORS
330
B6
102
}
330
B6
100
AcDbScale
 70
     0
300
1:50
140
1.0
141
50.0
290
     0
  0
SCALE
  5
12E
102
{ACAD_REACTORS
330
B6
102
}
330
B6
100
AcDbScale
 70
     0
300
1:100
140
1.0
141
100.0
290
     0
  0
SCALE
  5
12F
102
{ACAD_REACTORS
330
B6
102
}
330
B6
100
AcDbScale
 70
     0
300
2:1
140
2.0
141
1.0
290
     0
  0
SCALE
  5
130
102
{ACAD_REACTORS
330
B6
102
}
330
B6
100
AcDbScale
 70
     0
300
4:1
140
4.0
141
1.0
290
     0
  0
SCALE
  5
131
102
{ACAD_REACTORS
330
B6
102
}
330
B6
100
AcDbScale
 70
     0
300
8:1
140
8.0
141
1.0
290
     0
  0
SCALE
  5
132
102
{ACAD_REACTORS
330
B6
102
}
330
B6
100
AcDbScale
 70
     0
300
10:1
140
10.0
141
1.0
290
     0
  0
SCALE
  5
133
102
{ACAD_REACTORS
330
B6
102
}
330
B6
100
AcDbScale
 70
     0
300
100:1
140
100.0
141
1.0
290
     0
  0
SCALE
  5
134
102
{ACAD_REACTORS
330
B6
102
}
330
B6
100
AcDbScale
 70
     0
300
1/128" = 1'-0"
140
0.0078125
141
12.0
290
     0
  0
SCALE
  5
135
102
{ACAD_REACTORS
330
B6
102
}
330
B6
100
AcDbScale
 70
     0
300
1/64" = 1'-0"
140
0.015625
141
12.0
290
     0
  0
SCALE
  5
136
102
{ACAD_REACTORS
330
B6
102
}
330
B6
100
AcDbScale
 70
     0
300
1/32" = 1'-0"
140
0.03125
141
12.0
290
     0
  0
SCALE
  5
137
102
{ACAD_REACTORS
330
B6
102
}
330
B6
100
AcDbScale
 70
     0
300
1/16" = 1'-0"
140
0.0625
141
12.0
290
     0
  0
SCALE
  5
138
102
{ACAD_REACTORS
330
B6
102
}
330
B6
100
AcDbScale
 70
     0
300
3/32" = 1'-0"
140
0.09375
141
12.0
290
     0
  0
SCALE
  5
139
102
{ACAD_REACTORS
330
B6
102
}
330
B6
100
AcDbScale
 70
     0
300
1/8" = 1'-0"
140
0.125
141
12.0
290
     0
  0
SCALE
  5
13A
102
{ACAD_REACTORS
330
B6
102
}
330
B6
100
AcDbScale
 70
     0
300
3/16" = 1'-0"
140
0.1875
141
12.0
290
     0
  0
SCALE
  5
13B
102
{ACAD_REACTORS
330
B6
102
}
330
B6
100
AcDbScale
 70
     0
300
1/4" = 1'-0"
140
0.25
141
12.0
290
     0
  0
SCALE
  5
13C
102
{ACAD_REACTORS
330
B6
102
}
330
B6
100
AcDbScale
 70
     0
300
3/8" = 1'-0"
140
0.375
141
12.0
290
     0
  0
SCALE
  5
13D
102
{ACAD_REACTORS
330
B6
102
}
330
B6
100
AcDbScale
 70
     0
300
1/2" = 1'-0"
140
0.5
141
12.0
290
     0
  0
SCALE
  5
13E
102
{ACAD_REACTORS
330
B6
102
}
330
B6
100
AcDbScale
 70
     0
300
3/4" = 1'-0"
140
0.75
141
12.0
290
     0
  0
SCALE
  5
13F
102
{ACAD_REACTORS
330
B6
102
}
330
B6
100
AcDbScale
 70
     0
300
1" = 1'-0"
140
1.0
141
12.0
290
     0
  0
SCALE
  5
140
102
{ACAD_REACTORS
330
B6
102
}
330
B6
100
AcDbScale
 70
     0
300
1-1/2" = 1'-0"
140
1.5
141
12.0
290
     0
  0
SCALE
  5
141
102
{ACAD_REACTORS
330
B6
102
}
330
B6
100
AcDbScale
 70
     0
300
3" = 1'-0"
140
3.0
141
12.0
290
     0
  0
SCALE
  5
142
102
{ACAD_REACTORS
330
B6
102
}
330
B6
100
AcDbScale
 70
     0
300
6" = 1'-0"
140
6.0
141
12.0
290
     0
  0
SCALE
  5
143
102
{ACAD_REACTORS
330
B6
102
}
330
B6
100
AcDbScale
 70
     0
300
1'-0" = 1'-0"
140
12.0
141
12.0
290
     0
  0
ACDBSECTIONVIEWSTYLE
  5
1AA
102
{ACAD_REACTORS
330
1A8
102
}
102
{ACAD_XDICTIONARY
360
7AC0
102
}
330
1A8
100
AcDbModelDocViewStyle
 70
     0
  3
Imperial24
290
     0
300
Imperial24
 90
        0
100
AcDbSectionViewStyle
 70
     0
 71
     0
 90
       78
 71
     1
340
11
 62
   256
 40
0.24
340
0
340
0
 62
   256
 40
0.24
300
I, O, Q, S, X, Z
 40
0.48
 90
        3
 40
0.18
 90
        1
 71
     2
340
16
 90
       25
 62
   256
340
16
 90
       50
 62
   256
 40
0.24
 40
0.0
 40
0.24
 71
     3
340
11
 62
   256
 40
0.24
 90
        1
 40
0.75
 90
        1
300
%<\AcVar ViewType \f "%tc1">% %<\AcVar ViewSectionStartId>%-%<\AcVar ViewSectionEndId>%\PSCALE %<\AcVar ViewScale \f "%sn">%
 71
     4
 62
   256
 62
   257
300
ANSI31
 40
1.0
 90
        0
290
     0
290
     0
 90
        6
 40
0.0
 40
1.570796326794897
 40
0.2617993877991494
 40
1.308996938995747
 40
-0.2617993877991494
 40
1.832595714594046
  0
ACDBSECTIONVIEWSTYLE
  5
4CA
102
{ACAD_REACTORS
330
1A8
102
}
102
{ACAD_XDICTIONARY
360
7AC2
102
}
330
1A8
100
AcDbModelDocViewStyle
 70
     0
  3
Metric50
290
     0
300
Metric50
 90
        0
100
AcDbSectionViewStyle
 70
     0
 71
     0
 90
      102
 71
     1
340
11
 62
   256
 40
5.0
340
0
340
0
 62
   256
 40
5.0
300
I, O, Q, S, X, Z
 40
10.0
 90
        0
 40
2.5
 90
        0
 71
     2
340
16
 90
       25
 62
   256
340
16
 90
       50
 62
   256
 40
5.0
 40
2.5
 40
5.0
 71
     3
340
11
 62
   256
 40
5.0
 90
        0
 40
15.0
 90
        1
300
%<\AcVar ViewSectionStartId>%-%<\AcVar ViewSectionEndId>% (%<\AcVar ViewScale \f "%sn">%)
 71
     4
 62
   256
 62
   257
300
ANSI31
 40
1.0
 90
        0
290
     0
290
     0
 90
        6
 40
0.0
 40
1.570796326794897
 40
0.2617993877991494
 40
1.308996938995747
 40
-0.2617993877991494
 40
1.832595714594046
  0
TABLESTYLE
  5
87
102
{ACAD_REACTORS
330
86
102
}
102
{ACAD_XDICTIONARY
360
8C4F
102
}
330
86
100
AcDbTableStyle
  3
Standard
 70
     0
 71
     0
 40
0.06
 41
0.06
280
     0
281
     0
  7
Standard
140
0.18
170
     2
 62
     0
 63
   257
283
     0
 90
      512
 91
        0
  1

274
    -2
284
     1
 64
     0
275
    -2
285
     1
 65
     0
276
    -2
286
     1
 66
     0
277
    -2
287
     1
 67
     0
278
    -2
288
     1
 68
     0
279
    -2
289
     1
 69
     0
  7
Standard
140
0.25
170
     5
 62
     0
 63
   257
283
     0
 90
      512
 91
        0
  1

274
    -2
284
     1
 64
     0
275
    -2
285
     1
 65
     0
276
    -2
286
     1
 66
     0
277
    -2
287
     1
 67
     0
278
    -2
288
     1
 68
     0
279
    -2
289
     1
 69
     0
  7
Standard
140
0.18
170
     5
 62
     0
 63
   257
283
     0
 90
      512
 91
        0
  1

274
    -2
284
     1
 64
     0
275
    -2
285
     1
 65
     0
276
    -2
286
     1
 66
     0
277
    -2
287
     1
 67
     0
278
    -2
288
     1
 68
     0
279
    -2
289
     1
 69
     0
  0
VISUALSTYLE
  5
9F
102
{ACAD_REACTORS
330
99
102
}
330
99
100
AcDbVisualStyle
  2
2dWireframe
 70
     4
177
     3
291
     0
 70
    58
 90
        0
176
     1
 90
        2
176
     1
 90
        1
176
     1
 90
        0
176
     1
 40
0.6
176
     1
 40
30.0
176
     1
 62
     7
420
 16777215
176
     1
 90
        1
176
     1
 90
        4
176
     1
 62
     7
176
     1
 62
   257
176
     1
 90
        1
176
     1
 90
        1
176
     1
 40
1.0
176
     1
 90
        0
176
     1
 62
   257
176
     1
 40
1.0
176
     1
 90
        1
176
     1
 90
        6
176
     1
 90
        2
176
     1
 62
     7
176
     1
 90
        5
176
     1
 90
        0
176
     1
 90
        0
176
     1
290
     0
176
     1
 90
        1
176
     1
 40
0.0
176
     1
 90
        0
176
     1
290
     1
176
     1
290
     1
176
     1
290
     0
176
     1
290
     0
176
     1
290
     0
176
     1
290
     0
176
     1
290
     0
176
     1
290
     0
176
     1
290
     0
176
     1
 90
       50
176
     1
 40
0.0
176
     1
 40
1.0
176
     1
 90
        0
176
     1
 62
    18
420
        0
176
     1
 90
       50
176
     1
 90
        3
176
     1
 62
     5
420
      255
176
     1
290
     0
176
     1
 90
       50
176
     1
 90
       50
176
     1
 90
       50
176
     1
290
     0
176
     1
 90
       50
176
     1
 62
   256
176
     0
 40
1.0
176
     0
 90
        2
176
     1
  1
strokes_ogs.tif
176
     1
290
     0
176
     1
 40
1.0
176
     1
 40
1.0
176
     1
  0
VISUALSTYLE
  5
38DD
102
{ACAD_REACTORS
330
99
102
}
330
99
100
AcDbVisualStyle
  2
3dWireframe
 70
     5
177
     3
291
     0
 70
    58
 90
        0
176
     1
 90
        2
176
     1
 90
        0
176
     1
 90
        0
176
     1
 40
0.6
176
     1
 40
30.0
176
     1
 62
     7
176
     1
 90
        1
176
     1
 90
        4
176
     1
 62
     7
176
     1
 62
   257
176
     1
 90
        1
176
     1
 90
        1
176
     1
 40
1.0
176
     1
 90
        0
176
     1
 62
   257
176
     1
 40
1.0
176
     1
 90
        1
176
     1
 90
        6
176
     1
 90
        2
176
     1
 62
     7
176
     1
 90
        5
176
     1
 90
        0
176
     1
 90
        0
176
     1
290
     0
176
     1
 90
        1
176
     1
 40
0.0
176
     1
 90
        0
176
     1
290
     0
176
     1
290
     1
176
     1
290
     1
176
     1
290
     0
176
     1
290
     0
176
     1
290
     0
176
     1
290
     0
176
     1
290
     0
176
     1
290
     0
176
     1
 90
       50
176
     1
 40
0.0
176
     1
 40
1.0
176
     1
 90
        0
176
     1
 62
    18
420
        0
176
     1
 90
       50
176
     1
 90
        3
176
     1
 62
     5
420
      255
176
     1
290
     0
176
     1
 90
       50
176
     1
 90
       50
176
     1
 90
       50
176
     1
290
     0
176
     1
 90
       50
176
     1
 62
   256
176
     0
 40
1.0
176
     0
 90
        2
176
     1
  1
strokes_ogs.tif
176
     1
290
     0
176
     1
 40
1.0
176
     1
 40
1.0
176
     1
1001
ACAD
1000
AcRTDxfName
1000
VISUALSTYLE
1000
AcRTDxfName
1000
VISUALSTYLE
1000
AcRTDxfName
1000
VISUALSTYLE
1000
AcRTDxfName
1000
VISUALSTYLE
1000
AcRTDxfName
1000
VISUALSTYLE
1000
AcRTDxfName
1000
VISUALSTYLE
1000
AcRTDxfName
1000
VISUALSTYLE
1000
AcRTDxfName
1000
VISUALSTYLE
1000
AcRTDxfName
1000
VISUALSTYLE
1000
AcRTDxfName
1000
VISUALSTYLE
1000
AcRTDxfName
1000
VISUALSTYLE
1000
AcRTDxfName
1000
VISUALSTYLE
1000
AcRTDxfName
1000
VISUALSTYLE
1000
AcRTDxfName
1000
VISUALSTYLE
1000
AcRTDxfName
1000
VISUALSTYLE
1000
AcRTDxfName
1000
VISUALSTYLE
1000
AcRTDxfName
1000
VISUALSTYLE
1000
AcRTDxfName
1000
VISUALSTYLE
1000
AcRTDxfName
1000
VISUALSTYLE
1000
AcRTDxfName
1000
VISUALSTYLE
1000
AcRTDxfName
1000
VISUALSTYLE
1000
AcRTDxfName
1000
VISUALSTYLE
1000
AcRTDxfName
1000
VISUALSTYLE
1000
AcRTDxfName
1000
VISUALSTYLE
1000
AcRTDxfName
1000
VISUALSTYLE
1000
AcRTDxfName
1000
VISUALSTYLE
1000
AcRTDxfName
1000
VISUALSTYLE
1000
AcRTDxfName
1000
VISUALSTYLE
1000
AcRTDxfName
1000
VISUALSTYLE
1000
AcRTDxfName
1000
VISUALSTYLE
1000
AcRTDxfName
1000
VISUALSTYLE
1000
AcRTDxfName
1000
VISUALSTYLE
1000
AcRTDxfName
1000
VISUALSTYLE
1000
AcRTDxfName
1000
VISUALSTYLE
1000
AcRTDxfName
1000
VISUALSTYLE
1000
AcRTDxfName
1000
VISUALSTYLE
1000
AcRTDxfName
1000
VISUALSTYLE
1000
AcRTDxfName
1000
VISUALSTYLE
1000
AcRTDxfName
1000
VISUALSTYLE
1000
AcRTDxfName
1000
VISUALSTYLE
1000
AcRTDxfName
1000
VISUALSTYLE
1000
AcRTDxfName
1000
VISUALSTYLE
1000
AcRTDxfName
1000
VISUALSTYLE
1000
AcRTDxfName
1000
VISUALSTYLE
1000
AcRTDxfName
1000
VISUALSTYLE
1000
AcRTDxfName
1000
VISUALSTYLE
1000
AcRTDxfName
1000
VISUALSTYLE
1000
AcRTDxfName
1000
VISUALSTYLE
1000
AcRTDxfName
1000
VISUALSTYLE
1000
AcRTDxfName
1000
VISUALSTYLE
1000
AcRTDxfName
1000
VISUALSTYLE
1000
AcRTDxfName
1000
VISUALSTYLE
1000
AcRTDxfName
1000
VISUALSTYLE
1000
AcRTDxfName
1000
VISUALSTYLE
1000
AcRTDxfName
1000
VISUALSTYLE
1000
AcRTDxfName
1000
VISUALSTYLE
1000
AcRTDxfName
1000
VISUALSTYLE
1000
AcRTDxfName
1000
VISUALSTYLE
1000
AcRTDxfName
1000
VISUALSTYLE
1000
AcRTDxfName
1000
VISUALSTYLE
1000
AcRTDxfName
1000
VISUALSTYLE
1000
AcRTDxfName
1000
VISUALSTYLE
1000
AcRTDxfName
1000
VISUALSTYLE
1000
AcRTDxfName
1000
VISUALSTYLE
1000
AcRTDxfName
1000
VISUALSTYLE
1000
AcRTDxfName
1000
VISUALSTYLE
1000
AcRTDxfName
1000
VISUALSTYLE
1000
AcRTDxfName
1000
VISUALSTYLE
1000
AcRTDxfName
1000
VISUALSTYLE
1000
AcRTDxfName
1000
VISUALSTYLE
1000
AcRTDxfName
1000
VISUALSTYLE
1000
AcRTDxfName
1000
VISUALSTYLE
1000
AcRTDxfName
1000
VISUALSTYLE
1000
AcRTDxfName
1000
VISUALSTYLE
1000
AcRTDxfName
1000
VISUALSTYLE
1000
AcRTDxfName
1000
VISUALSTYLE
1000
AcRTDxfName
1000
VISUALSTYLE
1000
AcRTDxfName
1000
VISUALSTYLE
1000
AcRTDxfName
1000
VISUALSTYLE
1000
AcRTDxfName
1000
VISUALSTYLE
1000
AcRTDxfName
1000
VISUALSTYLE
1000
AcRTDxfName
1000
VISUALSTYLE
1000
AcRTDxfName
1000
VISUALSTYLE
1000
AcRTDxfName
1000
VISUALSTYLE
1000
AcRTDxfName
1000
VISUALSTYLE
1000
AcRTDxfName
1000
VISUALSTYLE
1000
AcRTDxfName
1000
VISUALSTYLE
1000
AcRTDxfName
1000
VISUALSTYLE
1000
AcRTDxfName
1000
VISUALSTYLE
1000
AcRTDxfName
1000
VISUALSTYLE
1000
AcRTDxfName
1000
VISUALSTYLE
1000
AcRTDxfName
1000
VISUALSTYLE
1000
AcRTDxfName
1000
VISUALSTYLE
1000
AcRTDxfName
1000
VISUALSTYLE
1000
AcRTDxfName
1000
VISUALSTYLE
1000
AcRTDxfName
1000
VISUALSTYLE
1000
AcRTDxfName
1000
VISUALSTYLE
1000
AcRTDxfName
1000
VISUALSTYLE
1000
AcRTDxfName
1000
VISUALSTYLE
1000
AcRTDxfName
1000
VISUALSTYLE
1000
AcRTDxfName
1000
VISUALSTYLE
1000
AcRTDxfName
1000
VISUALSTYLE
1000
AcRTDxfName
1000
VISUALSTYLE
1000
AcRTDxfName
1000
VISUALSTYLE
1000
AcRTDxfName
1000
VISUALSTYLE
1000
AcRTDxfName
1000
VISUALSTYLE
1000
AcRTDxfName
1000
VISUALSTYLE
1000
AcRTDxfName
1000
VISUALSTYLE
1000
AcRTDxfName
1000
VISUALSTYLE
1000
AcRTDxfName
1000
VISUALSTYLE
1000
AcRTDxfName
1000
VISUALSTYLE
1000
AcRTDxfName
1000
VISUALSTYLE
1000
AcRTDxfName
1000
VISUALSTYLE
1000
AcRTDxfName
1000
VISUALSTYLE
1000
AcRTDxfName
1000
VISUALSTYLE
1000
AcRTDxfName
1000
VISUALSTYLE
1000
AcRTDxfName
1000
VISUALSTYLE
1000
AcRTDxfName
1000
VISUALSTYLE
1000
AcRTDxfName
1000
VISUALSTYLE
1000
AcRTDxfName
1000
VISUALSTYLE
1000
AcRTDxfName
1000
VISUALSTYLE
1000
AcRTDxfName
1000
VISUALSTYLE
1000
AcRTDxfName
1000
VISUALSTYLE
1000
AcRTDxfName
1000
VISUALSTYLE
1000
AcRTDxfName
1000
VISUALSTYLE
1000
AcRTDxfName
1000
VISUALSTYLE
1000
AcRTDxfName
1000
VISUALSTYLE
1000
AcRTDxfName
1000
VISUALSTYLE
1000
AcRTDxfName
1000
VISUALSTYLE
1000
AcRTDxfName
1000
VISUALSTYLE
1000
AcRTDxfName
1000
VISUALSTYLE
1000
AcRTDxfName
1000
VISUALSTYLE
1000
AcRTDxfName
1000
VISUALSTYLE
1000
AcRTDxfName
1000
VISUALSTYLE
1000
AcRTDxfName
1000
VISUALSTYLE
1000
AcRTDxfName
1000
VISUALSTYLE
1000
AcRTDxfName
1000
VISUALSTYLE
1000
AcRTDxfName
1000
VISUALSTYLE
1000
AcRTDxfName
1000
VISUALSTYLE
1000
AcRTDxfName
1000
VISUALSTYLE
1000
AcRTDxfName
1000
VISUALSTYLE
1000
AcRTDxfName
1000
VISUALSTYLE
1000
AcRTDxfName
1000
VISUALSTYLE
1000
AcRTDxfName
1000
VISUALSTYLE
1000
AcRTDxfName
1000
VISUALSTYLE
1000
AcRTDxfName
1000
VISUALSTYLE
1000
AcRTDxfName
1000
VISUALSTYLE
1000
AcRTDxfName
1000
VISUALSTYLE
1000
AcRTDxfName
1000
VISUALSTYLE
1000
AcRTDxfName
1000
VISUALSTYLE
1000
AcRTDxfName
1000
VISUALSTYLE
1000
AcRTDxfName
1000
VISUALSTYLE
1000
AcRTDxfName
1000
VISUALSTYLE
1000
AcRTDxfName
1000
VISUALSTYLE
1000
AcRTDxfName
1000
VISUALSTYLE
1000
AcRTDxfName
1000
VISUALSTYLE
1000
AcRTDxfName
1000
VISUALSTYLE
1000
AcRTDxfName
1000
VISUALSTYLE
1000
AcRTDxfName
1000
VISUALSTYLE
1000
AcRTDxfName
1000
VISUALSTYLE
1000
AcRTDxfName
1000
VISUALSTYLE
1000
AcRTDxfName
1000
VISUALSTYLE
1000
AcRTDxfName
1000
VISUALSTYLE
1000
AcRTDxfName
1000
VISUALSTYLE
1000
AcRTDxfName
1000
VISUALSTYLE
1000
AcRTDxfName
1000
VISUALSTYLE
1000
AcRTDxfName
1000
VISUALSTYLE
1000
AcRTDxfName
1000
VISUALSTYLE
1000
AcRTDxfName
1000
VISUALSTYLE
1000
AcRTDxfName
1000
VISUALSTYLE
1000
AcRTDxfName
1000
VISUALSTYLE
1000
AcRTDxfName
1000
VISUALSTYLE
1000
AcRTDxfName
1000
VISUALSTYLE
1000
AcRTDxfName
1000
VISUALSTYLE
1000
AcRTDxfName
1000
VISUALSTYLE
1000
AcRTDxfName
1000
VISUALSTYLE
1000
AcRTDxfName
1000
VISUALSTYLE
1000
AcRTDxfName
1000
VISUALSTYLE
1000
AcRTDxfName
1000
VISUALSTYLE
1000
AcRTDxfName
1000
VISUALSTYLE
1000
AcRTDxfName
1000
VISUALSTYLE
1000
AcRTDxfName
1000
VISUALSTYLE
1000
AcRTDxfName
1000
VISUALSTYLE
1000
AcRTDxfName
1000
VISUALSTYLE
1000
AcRTDxfName
1000
VISUALSTYLE
1000
AcRTDxfName
1000
VISUALSTYLE
1000
AcRTDxfName
1000
VISUALSTYLE
1000
AcRTDxfName
1000
VISUALSTYLE
1000
AcRTDxfName
1000
VISUALSTYLE
1000
AcRTDxfName
1000
VISUALSTYLE
1000
AcRTDxfName
1000
VISUALSTYLE
1000
AcRTDxfName
1000
VISUALSTYLE
1000
AcRTDxfName
1000
VISUALSTYLE
1000
AcRTDxfName
1000
VISUALSTYLE
1000
AcRTDxfName
1000
VISUALSTYLE
1000
AcRTDxfName
1000
VISUALSTYLE
1000
AcRTDxfName
1000
VISUALSTYLE
1000
AcRTDxfName
1000
VISUALSTYLE
1000
AcRTDxfName
1000
VISUALSTYLE
1000
AcRTDxfName
1000
VISUALSTYLE
1000
AcRTDxfName
1000
VISUALSTYLE
1000
AcRTDxfName
1000
VISUALSTYLE
1000
AcRTDxfName
1000
VISUALSTYLE
1000
AcRTDxfName
1000
VISUALSTYLE
1000
AcRTDxfName
1000
VISUALSTYLE
1000
AcRTDxfName
1000
VISUALSTYLE
1000
AcRTDxfName
1000
VISUALSTYLE
1000
AcRTDxfName
1000
VISUALSTYLE
1000
AcRTDxfName
1000
VISUALSTYLE
1000
AcRTDxfName
1000
VISUALSTYLE
1000
AcRTDxfName
1000
VISUALSTYLE
1000
AcRTDxfName
1000
VISUALSTYLE
1000
AcRTDxfName
1000
VISUALSTYLE
1000
AcRTDxfName
1000
VISUALSTYLE
1000
AcRTDxfName
1000
VISUALSTYLE
1000
AcRTDxfName
1000
VISUALSTYLE
1000
AcRTDxfName
1000
VISUALSTYLE
1000
AcRTDxfName
1000
VISUALSTYLE
1000
AcRTDxfName
1000
VISUALSTYLE
1000
AcRTDxfName
1000
VISUALSTYLE
1000
AcRTDxfName
1000
VISUALSTYLE
1000
AcRTDxfName
1000
VISUALSTYLE
1000
AcRTDxfName
1000
VISUALSTYLE
1000
AcRTDxfName
1000
VISUALSTYLE
1000
AcRTDxfName
1000
VISUALSTYLE
1000
AcRTDxfName
1000
VISUALSTYLE
1000
AcRTDxfName
1000
VISUALSTYLE
1000
AcRTDxfName
1000
VISUALSTYLE
1000
AcRTDxfName
1000
VISUALSTYLE
1000
AcRTDxfName
1000
VISUALSTYLE
1000
AcRTDxfName
1000
VISUALSTYLE
1000
AcRTDxfName
1000
VISUALSTYLE
1000
AcRTDxfName
1000
VISUALSTYLE
1000
AcRTDxfName
1000
VISUALSTYLE
1000
AcRTDxfName
1000
VISUALSTYLE
1000
AcRTDxfName
1000
VISUALSTYLE
1000
AcRTDxfName
1000
VISUALSTYLE
1000
AcRTDxfName
1000
VISUALSTYLE
1000
AcRTDxfName
1000
VISUALSTYLE
1000
AcRTDxfName
1000
VISUALSTYLE
1000
AcRTDxfName
1000
VISUALSTYLE
1000
AcRTDxfName
1000
VISUALSTYLE
1000
AcRTDxfName
1000
VISUALSTYLE
1000
AcRTDxfName
1000
VISUALSTYLE
1000
AcRTDxfName
1000
VISUALSTYLE
1000
AcRTDxfName
1000
VISUALSTYLE
1000
AcRTDxfName
1000
VISUALSTYLE
1000
AcRTDxfName
1000
VISUALSTYLE
1000
AcRTDxfName
1000
VISUALSTYLE
1000
AcRTDxfName
1000
VISUALSTYLE
1000
AcRTDxfName
1000
VISUALSTYLE
1000
AcRTDxfName
1000
VISUALSTYLE
1000
AcRTDxfName
1000
VISUALSTYLE
1000
AcRTDxfName
1000
VISUALSTYLE
1000
AcRTDxfName
1000
VISUALSTYLE
1000
AcRTDxfName
1000
VISUALSTYLE
1000
AcRTDxfName
1000
VISUALSTYLE
1000
AcRTDxfName
1000
VISUALSTYLE
1000
AcRTDxfName
1000
VISUALSTYLE
1000
AcRTDxfName
1000
VISUALSTYLE
1000
AcRTDxfName
1000
VISUALSTYLE
1000
AcRTDxfName
1000
VISUALSTYLE
1000
AcRTDxfName
1000
VISUALSTYLE
1000
AcRTDxfName
1000
VISUALSTYLE
1000
AcRTDxfName
1000
VISUALSTYLE
1000
AcRTDxfName
1000
VISUALSTYLE
1000
AcRTDxfName
1000
VISUALSTYLE
1000
AcRTDxfName
1000
VISUALSTYLE
1000
AcRTDxfName
1000
VISUALSTYLE
1000
AcRTDxfName
1000
VISUALSTYLE
1000
AcRTDxfName
1000
VISUALSTYLE
1000
AcRTDxfName
1000
VISUALSTYLE
1000
AcRTDxfName
1000
VISUALSTYLE
1000
AcRTDxfName
1000
VISUALSTYLE
1000
AcRTDxfName
1000
VISUALSTYLE
1000
AcRTDxfName
1000
VISUALSTYLE
1000
AcRTDxfName
1000
VISUALSTYLE
1000
AcRTDxfName
1000
VISUALSTYLE
1000
AcRTDxfName
1000
VISUALSTYLE
1000
AcRTDxfName
1000
VISUALSTYLE
1000
AcRTDxfName
1000
VISUALSTYLE
1000
AcRTDxfName
1000
VISUALSTYLE
1000
AcRTDxfName
1000
VISUALSTYLE
1000
AcRTDxfName
1000
VISUALSTYLE
1000
AcRTDxfName
1000
VISUALSTYLE
1000
AcRTDxfName
1000
VISUALSTYLE
1000
AcRTDxfName
1000
VISUALSTYLE
1000
AcRTDxfName
1000
VISUALSTYLE
1000
AcRTDxfName
1000
VISUALSTYLE
1000
AcRTDxfName
1000
VISUALSTYLE
1000
AcRTDxfName
1000
VISUALSTYLE
1000
AcRTDxfName
1000
VISUALSTYLE
1000
AcRTDxfName
1000
VISUALSTYLE
  0
VISUALSTYLE
  5
9E
102
{ACAD_REACTORS
330
99
102
}
330
99
100
AcDbVisualStyle
  2
Basic
 70
     7
177
     3
291
     1
 70
    58
 90
        1
176
     1
 90
        0
176
     1
 90
        1
176
     1
 90
        0
176
     1
 40
0.6
176
     1
 40
30.0
176
     1
 62
     7
420
 16777215
176
     1
 90
        0
176
     1
 90
        4
176
     1
 62
     7
176
     1
 62
   257
176
     1
 90
        1
176
     1
 90
        1
176
     1
 40
1.0
176
     1
 90
        8
176
     1
 62
     7
176
     1
 40
1.0
176
     1
 90
        1
176
     1
 90
        6
176
     1
 90
        2
176
     1
 62
     7
176
     1
 90
        5
176
     1
 90
        0
176
     1
 90
        0
176
     1
290
     0
176
     1
 90
        1
176
     1
 40
0.0
176
     1
 90
        0
176
     1
290
     0
176
     1
290
     1
176
     1
290
     1
176
     1
290
     0
176
     1
290
     0
176
     1
290
     0
176
     1
290
     0
176
     1
290
     0
176
     1
290
     0
176
     1
 90
       50
176
     1
 40
0.0
176
     1
 40
1.0
176
     1
 90
        0
176
     1
 62
    18
420
        0
176
     1
 90
       50
176
     1
 90
        3
176
     1
 62
     5
420
      255
176
     1
290
     0
176
     1
 90
       50
176
     1
 90
       50
176
     1
 90
       50
176
     1
290
     0
176
     1
 90
       50
176
     1
 62
   256
176
     0
 40
1.0
176
     0
 90
        2
176
     1
  1
strokes_ogs.tif
176
     1
290
     0
176
     1
 40
1.0
176
     1
 40
1.0
176
     1
  0
VISUALSTYLE
  5
A5
102
{ACAD_REACTORS
330
99
102
}
330
99
100
AcDbVisualStyle
  2
Brighten
 70
    12
177
     3
291
     1
 70
    58
 90
        2
176
     1
 90
        2
176
     1
 90
        1
176
     1
 90
        0
176
     1
 40
0.6
176
     1
 40
30.0
176
     1
 62
     7
420
 16777215
176
     1
 90
        1
176
     1
 90
        4
176
     1
 62
     7
176
     1
 62
   257
176
     1
 90
        1
176
     1
 90
        1
176
     1
 40
1.0
176
     1
 90
        8
176
     1
 62
     7
176
     1
 40
1.0
176
     1
 90
        1
176
     1
 90
        6
176
     1
 90
        2
176
     1
 62
     7
176
     1
 90
        5
176
     1
 90
        0
176
     1
 90
        0
176
     1
290
     0
176
     1
 90
        1
176
     1
 40
50.0
176
     1
 90
        0
176
     1
290
     0
176
     1
290
     1
176
     1
290
     1
176
     1
290
     0
176
     1
290
     0
176
     1
290
     0
176
     1
290
     0
176
     1
290
     0
176
     1
290
     0
176
     1
 90
       50
176
     1
 40
0.0
176
     1
 40
1.0
176
     1
 90
        0
176
     1
 62
    18
420
        0
176
     1
 90
       50
176
     1
 90
        3
176
     1
 62
     5
420
      255
176
     1
290
     0
176
     1
 90
       50
176
     1
 90
       50
176
     1
 90
       50
176
     1
290
     0
176
     1
 90
       50
176
     1
 62
   256
176
     0
 40
1.0
176
     0
 90
        2
176
     1
  1
strokes_ogs.tif
176
     1
290
     0
176
     1
 40
1.0
176
     1
 40
1.0
176
     1
  0
VISUALSTYLE
  5
A9
102
{ACAD_REACTORS
330
99
102
}
330
99
100
AcDbVisualStyle
  2
ColorChange
 70
    16
177
     3
291
     1
 70
    58
 90
        2
176
     1
 90
        2
176
     1
 90
        3
176
     1
 90
        0
176
     1
 40
0.6
176
     1
 40
30.0
176
     1
 62
     8
420
  8421504
176
     1
 90
        1
176
     1
 90
        4
176
     1
 62
     7
176
     1
 62
   257
176
     1
 90
        1
176
     1
 90
        1
176
     1
 40
1.0
176
     1
 90
        8
176
     1
 62
     8
420
  8421504
176
     1
 40
1.0
176
     1
 90
        1
176
     1
 90
        6
176
     1
 90
        2
176
     1
 62
     7
176
     1
 90
        5
176
     1
 90
        0
176
     1
 90
        0
176
     1
290
     0
176
     1
 90
        1
176
     1
 40
0.0
176
     1
 90
        0
176
     1
290
     0
176
     1
290
     1
176
     1
290
     1
176
     1
290
     0
176
     1
290
     0
176
     1
290
     0
176
     1
290
     0
176
     1
290
     0
176
     1
290
     0
176
     1
 90
       50
176
     1
 40
0.0
176
     1
 40
1.0
176
     1
 90
        0
176
     1
 62
    18
420
        0
176
     1
 90
       50
176
     1
 90
        3
176
     1
 62
     5
420
      255
176
     1
290
     0
176
     1
 90
       50
176
     1
 90
       50
176
     1
 90
       50
176
     1
290
     0
176
     1
 90
       50
176
     1
 62
   256
176
     0
 40
1.0
176
     0
 90
        2
176
     1
  1
strokes_ogs.tif
176
     1
290
     0
176
     1
 40
1.0
176
     1
 40
1.0
176
     1
  0
VISUALSTYLE
  5
A2
102
{ACAD_REACTORS
330
99
102
}
330
99
100
AcDbVisualStyle
  2
Conceptual
 70
     9
177
     3
291
     0
 70
    58
 90
        3
176
     1
 90
        2
176
     1
 90
        1
176
     1
 90
        0
176
     1
 40
0.6
176
     1
 40
30.0
176
     1
 62
     7
420
 16777215
176
     1
 90
        2
176
     1
 90
        2
176
     1
 62
     7
176
     1
 62
   257
176
     1
 90
        1
176
     1
 90
        1
176
     1
 40
40.0
176
     1
 90
        8
176
     1
 62
     7
176
     1
 40
1.0
176
     1
 90
        1
176
     1
 90
        6
176
     1
 90
        2
176
     1
 62
     7
176
     1
 90
        3
176
     1
 90
        0
176
     1
 90
        0
176
     1
290
     0
176
     1
 90
        1
176
     1
 40
0.0
176
     1
 90
        0
176
     1
290
     0
176
     1
290
     1
176
     1
290
     1
176
     1
290
     0
176
     1
290
     0
176
     1
290
     0
176
     1
290
     0
176
     1
290
     0
176
     1
290
     0
176
     1
 90
       50
176
     1
 40
0.0
176
     1
 40
1.0
176
     1
 90
        0
176
     1
 62
    18
420
        0
176
     1
 90
       50
176
     1
 90
        3
176
     1
 62
     5
420
      255
176
     1
290
     0
176
     1
 90
       50
176
     1
 90
       50
176
     1
 90
       50
176
     1
290
     0
176
     1
 90
       50
176
     1
 62
   256
176
     0
 40
1.0
176
     0
 90
        2
176
     1
  1
strokes_ogs.tif
176
     1
290
     0
176
     1
 40
1.0
176
     1
 40
1.0
176
     1
  0
VISUALSTYLE
  5
A4
102
{ACAD_REACTORS
330
99
102
}
330
99
100
AcDbVisualStyle
  2
Dim
 70
    11
177
     3
291
     1
 70
    58
 90
        2
176
     1
 90
        2
176
     1
 90
        1
176
     1
 90
        0
176
     1
 40
0.6
176
     1
 40
30.0
176
     1
 62
     7
420
 16777215
176
     1
 90
        1
176
     1
 90
        4
176
     1
 62
     7
176
     1
 62
   257
176
     1
 90
        1
176
     1
 90
        1
176
     1
 40
1.0
176
     1
 90
        8
176
     1
 62
     7
176
     1
 40
1.0
176
     1
 90
        1
176
     1
 90
        6
176
     1
 90
        2
176
     1
 62
     7
176
     1
 90
        5
176
     1
 90
        0
176
     1
 90
        0
176
     1
290
     0
176
     1
 90
        1
176
     1
 40
-50.0
176
     1
 90
        0
176
     1
290
     0
176
     1
290
     1
176
     1
290
     1
176
     1
290
     0
176
     1
290
     0
176
     1
290
     0
176
     1
290
     0
176
     1
290
     0
176
     1
290
     0
176
     1
 90
       50
176
     1
 40
0.0
176
     1
 40
1.0
176
     1
 90
        0
176
     1
 62
    18
420
        0
176
     1
 90
       50
176
     1
 90
        3
176
     1
 62
     5
420
      255
176
     1
290
     0
176
     1
 90
       50
176
     1
 90
       50
176
     1
 90
       50
176
     1
290
     0
176
     1
 90
       50
176
     1
 62
   256
176
     0
 40
1.0
176
     0
 90
        2
176
     1
  1
strokes_ogs.tif
176
     1
290
     0
176
     1
 40
1.0
176
     1
 40
1.0
176
     1
  0
VISUALSTYLE
  5
175
102
{ACAD_REACTORS
330
99
102
}
330
99
100
AcDbVisualStyle
  2
EdgeColorOff
 70
    22
177
     3
291
     1
 70
    58
 90
        2
176
     0
 90
        2
176
     0
 90
        0
176
     0
 90
        0
176
     0
 40
0.6
176
     0
 40
30.0
176
     0
 62
     7
420
 16777215
176
     0
 90
        1
176
     0
 90
        4
176
     0
 62
     7
176
     0
 62
   257
176
     0
 90
        1
176
     0
 90
        1
176
     0
 40
1.0
176
     0
 90
        8
176
     2
 62
     7
176
     0
 40
1.0
176
     0
 90
        1
176
     0
 90
        6
176
     0
 90
        2
176
     0
 62
     7
176
     0
 90
        5
176
     0
 90
        0
176
     0
 90
        0
176
     0
290
     0
176
     0
 90
        1
176
     0
 40
0.0
176
     0
 90
        0
176
     0
290
     0
176
     1
290
     1
176
     1
290
     1
176
     1
290
     0
176
     1
290
     0
176
     1
290
     0
176
     1
290
     0
176
     1
290
     0
176
     1
290
     0
176
     1
 90
       50
176
     1
 40
0.0
176
     1
 40
1.0
176
     1
 90
        0
176
     1
 62
    18
420
        0
176
     1
 90
       50
176
     1
 90
        3
176
     1
 62
     5
420
      255
176
     1
290
     0
176
     1
 90
       50
176
     1
 90
       50
176
     1
 90
       50
176
     1
290
     0
176
     1
 90
       50
176
     1
 62
   256
176
     0
 40
1.0
176
     0
 90
        2
176
     1
  1
strokes_ogs.tif
176
     1
290
     0
176
     1
 40
1.0
176
     1
 40
1.0
176
     1
  0
VISUALSTYLE
  5
A8
102
{ACAD_REACTORS
330
99
102
}
330
99
100
AcDbVisualStyle
  2
Facepattern
 70
    15
177
     3
291
     1
 70
    58
 90
        2
176
     1
 90
        2
176
     1
 90
        1
176
     1
 90
        0
176
     1
 40
0.6
176
     1
 40
30.0
176
     1
 62
     7
420
 16777215
176
     1
 90
        1
176
     1
 90
        4
176
     1
 62
     7
176
     1
 62
   257
176
     1
 90
        1
176
     1
 90
        1
176
     1
 40
1.0
176
     1
 90
        8
176
     1
 62
     7
176
     1
 40
1.0
176
     1
 90
        1
176
     1
 90
        6
176
     1
 90
        2
176
     1
 62
     7
176
     1
 90
        5
176
     1
 90
        0
176
     1
 90
        0
176
     1
290
     0
176
     1
 90
        1
176
     1
 40
0.0
176
     1
 90
        0
176
     1
290
     0
176
     1
290
     1
176
     1
290
     1
176
     1
290
     0
176
     1
290
     0
176
     1
290
     0
176
     1
290
     0
176
     1
290
     0
176
     1
290
     0
176
     1
 90
       50
176
     1
 40
0.0
176
     1
 40
1.0
176
     1
 90
        0
176
     1
 62
    18
420
        0
176
     1
 90
       50
176
     1
 90
        3
176
     1
 62
     5
420
      255
176
     1
290
     0
176
     1
 90
       50
176
     1
 90
       50
176
     1
 90
       50
176
     1
290
     0
176
     1
 90
       50
176
     1
 62
   256
176
     0
 40
1.0
176
     0
 90
        2
176
     1
  1
strokes_ogs.tif
176
     1
290
     0
176
     1
 40
1.0
176
     1
 40
1.0
176
     1
  0
VISUALSTYLE
  5
9A
102
{ACAD_REACTORS
330
99
102
}
330
99
100
AcDbVisualStyle
  2
Flat
 70
     0
177
     3
291
     1
 70
    58
 90
        2
176
     1
 90
        1
176
     1
 90
        1
176
     1
 90
        2
176
     1
 40
0.6
176
     1
 40
30.0
176
     1
 62
     7
420
 16777215
176
     1
 90
        0
176
     1
 90
        0
176
     1
 62
     7
176
     1
 62
   257
176
     1
 90
        1
176
     1
 90
        1
176
     1
 40
1.0
176
     1
 90
        8
176
     1
 62
     7
176
     1
 40
1.0
176
     1
 90
        1
176
     1
 90
        6
176
     1
 90
        2
176
     1
 62
     7
176
     1
 90
        5
176
     1
 90
        0
176
     1
 90
        0
176
     1
290
     0
176
     1
 90
       13
176
     1
 40
0.0
176
     1
 90
        0
176
     1
290
     0
176
     1
290
     1
176
     1
290
     1
176
     1
290
     0
176
     1
290
     0
176
     1
290
     0
176
     1
290
     0
176
     1
290
     0
176
     1
290
     0
176
     1
 90
       50
176
     1
 40
0.0
176
     1
 40
1.0
176
     1
 90
        0
176
     1
 62
    18
420
        0
176
     1
 90
       50
176
     1
 90
        3
176
     1
 62
     5
420
      255
176
     1
290
     0
176
     1
 90
       50
176
     1
 90
       50
176
     1
 90
       50
176
     1
290
     0
176
     1
 90
       50
176
     1
 62
   256
176
     0
 40
1.0
176
     0
 90
        2
176
     1
  1
strokes_ogs.tif
176
     1
290
     0
176
     1
 40
1.0
176
     1
 40
1.0
176
     1
  0
VISUALSTYLE
  5
9B
102
{ACAD_REACTORS
330
99
102
}
330
99
100
AcDbVisualStyle
  2
FlatWithEdges
 70
     1
177
     3
291
     1
 70
    58
 90
        2
176
     1
 90
        1
176
     1
 90
        1
176
     1
 90
        2
176
     1
 40
0.6
176
     1
 40
30.0
176
     1
 62
     7
420
 16777215
176
     1
 90
        1
176
     1
 90
        0
176
     1
 62
     7
176
     1
 62
   257
176
     1
 90
        1
176
     1
 90
        1
176
     1
 40
1.0
176
     1
 90
        0
176
     1
 62
   257
176
     1
 40
1.0
176
     1
 90
        1
176
     1
 90
        6
176
     1
 90
        2
176
     1
 62
     7
176
     1
 90
        5
176
     1
 90
        0
176
     1
 90
        0
176
     1
290
     0
176
     1
 90
       13
176
     1
 40
0.0
176
     1
 90
        0
176
     1
290
     0
176
     1
290
     1
176
     1
290
     1
176
     1
290
     0
176
     1
290
     0
176
     1
290
     0
176
     1
290
     0
176
     1
290
     0
176
     1
290
     0
176
     1
 90
       50
176
     1
 40
0.0
176
     1
 40
1.0
176
     1
 90
        0
176
     1
 62
    18
420
        0
176
     1
 90
       50
176
     1
 90
        3
176
     1
 62
     5
420
      255
176
     1
290
     0
176
     1
 90
       50
176
     1
 90
       50
176
     1
 90
       50
176
     1
290
     0
176
     1
 90
       50
176
     1
 62
   256
176
     0
 40
1.0
176
     0
 90
        2
176
     1
  1
strokes_ogs.tif
176
     1
290
     0
176
     1
 40
1.0
176
     1
 40
1.0
176
     1
  0
VISUALSTYLE
  5
9C
102
{ACAD_REACTORS
330
99
102
}
330
99
100
AcDbVisualStyle
  2
Gouraud
 70
     2
177
     3
291
     1
 70
    58
 90
        2
176
     1
 90
        2
176
     1
 90
        1
176
     1
 90
        2
176
     1
 40
0.6
176
     1
 40
30.0
176
     1
 62
     7
420
 16777215
176
     1
 90
        0
176
     1
 90
        0
176
     1
 62
     7
176
     1
 62
   257
176
     1
 90
        1
176
     1
 90
        1
176
     1
 40
1.0
176
     1
 90
        0
176
     1
 62
     7
176
     1
 40
1.0
176
     1
 90
        1
176
     1
 90
        6
176
     1
 90
        2
176
     1
 62
     7
176
     1
 90
        5
176
     1
 90
        0
176
     1
 90
        0
176
     1
290
     0
176
     1
 90
       13
176
     1
 40
0.0
176
     1
 90
        0
176
     1
290
     0
176
     1
290
     1
176
     1
290
     1
176
     1
290
     0
176
     1
290
     0
176
     1
290
     0
176
     1
290
     0
176
     1
290
     0
176
     1
290
     0
176
     1
 90
       50
176
     1
 40
0.0
176
     1
 40
1.0
176
     1
 90
        0
176
     1
 62
    18
420
        0
176
     1
 90
       50
176
     1
 90
        3
176
     1
 62
     5
420
      255
176
     1
290
     0
176
     1
 90
       50
176
     1
 90
       50
176
     1
 90
       50
176
     1
290
     0
176
     1
 90
       50
176
     1
 62
   256
176
     0
 40
1.0
176
     0
 90
        2
176
     1
  1
strokes_ogs.tif
176
     1
290
     0
176
     1
 40
1.0
176
     1
 40
1.0
176
     1
  0
VISUALSTYLE
  5
9D
102
{ACAD_REACTORS
330
99
102
}
330
99
100
AcDbVisualStyle
  2
GouraudWithEdges
 70
     3
177
     3
291
     1
 70
    58
 90
        2
176
     1
 90
        2
176
     1
 90
        1
176
     1
 90
        2
176
     1
 40
0.6
176
     1
 40
30.0
176
     1
 62
     7
420
 16777215
176
     1
 90
        1
176
     1
 90
        0
176
     1
 62
     7
176
     1
 62
   257
176
     1
 90
        1
176
     1
 90
        1
176
     1
 40
1.0
176
     1
 90
        0
176
     1
 62
   257
176
     1
 40
1.0
176
     1
 90
        1
176
     1
 90
        6
176
     1
 90
        2
176
     1
 62
     7
176
     1
 90
        5
176
     1
 90
        0
176
     1
 90
        0
176
     1
290
     0
176
     1
 90
       13
176
     1
 40
0.0
176
     1
 90
        0
176
     1
290
     0
176
     1
290
     1
176
     1
290
     1
176
     1
290
     0
176
     1
290
     0
176
     1
290
     0
176
     1
290
     0
176
     1
290
     0
176
     1
290
     0
176
     1
 90
       50
176
     1
 40
0.0
176
     1
 40
1.0
176
     1
 90
        0
176
     1
 62
    18
420
        0
176
     1
 90
       50
176
     1
 90
        3
176
     1
 62
     5
420
      255
176
     1
290
     0
176
     1
 90
       50
176
     1
 90
       50
176
     1
 90
       50
176
     1
290
     0
176
     1
 90
       50
176
     1
 62
   256
176
     0
 40
1.0
176
     0
 90
        2
176
     1
  1
strokes_ogs.tif
176
     1
290
     0
176
     1
 40
1.0
176
     1
 40
1.0
176
     1
  0
VISUALSTYLE
  5
A1
102
{ACAD_REACTORS
330
99
102
}
330
99
100
AcDbVisualStyle
  2
Hidden
 70
     6
177
     3
291
     0
 70
    58
 90
        1
176
     1
 90
        2
176
     1
 90
        2
176
     1
 90
        0
176
     1
 40
0.6
176
     1
 40
30.0
176
     1
 62
     7
420
 16777215
176
     1
 90
        2
176
     1
 90
        2
176
     1
 62
     7
176
     1
 62
   257
176
     1
 90
        2
176
     1
 90
        1
176
     1
 40
40.0
176
     1
 90
        0
176
     1
 62
   257
176
     1
 40
1.0
176
     1
 90
        1
176
     1
 90
        6
176
     1
 90
        2
176
     1
 62
     7
176
     1
 90
        3
176
     1
 90
        0
176
     1
 90
        0
176
     1
290
     0
176
     1
 90
        1
176
     1
 40
0.0
176
     1
 90
        0
176
     1
290
     0
176
     1
290
     1
176
     1
290
     1
176
     1
290
     0
176
     1
290
     0
176
     1
290
     0
176
     1
290
     0
176
     1
290
     0
176
     1
290
     0
176
     1
 90
       50
176
     1
 40
0.0
176
     1
 40
1.0
176
     1
 90
        0
176
     1
 62
    18
420
        0
176
     1
 90
       50
176
     1
 90
        3
176
     1
 62
     5
420
      255
176
     1
290
     0
176
     1
 90
       50
176
     1
 90
       50
176
     1
 90
       50
176
     1
290
     0
176
     1
 90
       50
176
     1
 62
   256
176
     0
 40
1.0
176
     0
 90
        2
176
     1
  1
strokes_ogs.tif
176
     1
290
     0
176
     1
 40
1.0
176
     1
 40
1.0
176
     1
  0
VISUALSTYLE
  5
173
102
{ACAD_REACTORS
330
99
102
}
330
99
100
AcDbVisualStyle
  2
JitterOff
 70
    20
177
     3
291
     1
 70
    58
 90
        2
176
     0
 90
        2
176
     0
 90
        0
176
     0
 90
        0
176
     0
 40
0.6
176
     0
 40
30.0
176
     0
 62
     7
420
 16777215
176
     0
 90
        1
176
     0
 90
        4
176
     0
 62
     7
176
     0
 62
   257
176
     0
 90
        1
176
     0
 90
        1
176
     0
 40
1.0
176
     0
 90
       10
176
     2
 62
     7
176
     0
 40
1.0
176
     0
 90
        1
176
     0
 90
        6
176
     0
 90
        2
176
     0
 62
     7
176
     0
 90
        5
176
     0
 90
        0
176
     0
 90
        0
176
     0
290
     0
176
     0
 90
        1
176
     0
 40
0.0
176
     0
 90
        0
176
     0
290
     0
176
     1
290
     1
176
     1
290
     1
176
     1
290
     0
176
     1
290
     0
176
     1
290
     0
176
     1
290
     0
176
     1
290
     0
176
     1
290
     0
176
     1
 90
       50
176
     1
 40
0.0
176
     1
 40
1.0
176
     1
 90
        0
176
     1
 62
    18
420
        0
176
     1
 90
       50
176
     1
 90
        3
176
     1
 62
     5
420
      255
176
     1
290
     0
176
     1
 90
       50
176
     1
 90
       50
176
     1
 90
       50
176
     1
290
     0
176
     1
 90
       50
176
     1
 62
   256
176
     0
 40
1.0
176
     0
 90
        2
176
     1
  1
strokes_ogs.tif
176
     1
290
     0
176
     1
 40
1.0
176
     1
 40
1.0
176
     1
  0
VISUALSTYLE
  5
A7
102
{ACAD_REACTORS
330
99
102
}
330
99
100
AcDbVisualStyle
  2
Linepattern
 70
    14
177
     3
291
     1
 70
    58
 90
        2
176
     1
 90
        2
176
     1
 90
        1
176
     1
 90
        0
176
     1
 40
0.6
176
     1
 40
30.0
176
     1
 62
     7
420
 16777215
176
     1
 90
        1
176
     1
 90
        4
176
     1
 62
     7
176
     1
 62
   257
176
     1
 90
        7
176
     1
 90
        7
176
     1
 40
1.0
176
     1
 90
        8
176
     1
 62
     7
176
     1
 40
1.0
176
     1
 90
        1
176
     1
 90
        6
176
     1
 90
        2
176
     1
 62
     7
176
     1
 90
        5
176
     1
 90
        0
176
     1
 90
        0
176
     1
290
     0
176
     1
 90
        1
176
     1
 40
0.0
176
     1
 90
        0
176
     1
290
     0
176
     1
290
     1
176
     1
290
     1
176
     1
290
     0
176
     1
290
     0
176
     1
290
     0
176
     1
290
     0
176
     1
290
     0
176
     1
290
     0
176
     1
 90
       50
176
     1
 40
0.0
176
     1
 40
1.0
176
     1
 90
        0
176
     1
 62
    18
420
        0
176
     1
 90
       50
176
     1
 90
        3
176
     1
 62
     5
420
      255
176
     1
290
     0
176
     1
 90
       50
176
     1
 90
       50
176
     1
 90
       50
176
     1
290
     0
176
     1
 90
       50
176
     1
 62
   256
176
     0
 40
1.0
176
     0
 90
        2
176
     1
  1
strokes_ogs.tif
176
     1
290
     0
176
     1
 40
1.0
176
     1
 40
1.0
176
     1
  0
VISUALSTYLE
  5
174
102
{ACAD_REACTORS
330
99
102
}
330
99
100
AcDbVisualStyle
  2
OverhangOff
 70
    21
177
     3
291
     1
 70
    58
 90
        2
176
     0
 90
        2
176
     0
 90
        0
176
     0
 90
        0
176
     0
 40
0.6
176
     0
 40
30.0
176
     0
 62
     7
420
 16777215
176
     0
 90
        1
176
     0
 90
        4
176
     0
 62
     7
176
     0
 62
   257
176
     0
 90
        1
176
     0
 90
        1
176
     0
 40
1.0
176
     0
 90
        9
176
     2
 62
     7
176
     0
 40
1.0
176
     0
 90
        1
176
     0
 90
        6
176
     0
 90
        2
176
     0
 62
     7
176
     0
 90
        5
176
     0
 90
        0
176
     0
 90
        0
176
     0
290
     0
176
     0
 90
        1
176
     0
 40
0.0
176
     0
 90
        0
176
     0
290
     0
176
     1
290
     1
176
     1
290
     1
176
     1
290
     0
176
     1
290
     0
176
     1
290
     0
176
     1
290
     0
176
     1
290
     0
176
     1
290
     0
176
     1
 90
       50
176
     1
 40
0.0
176
     1
 40
1.0
176
     1
 90
        0
176
     1
 62
    18
420
        0
176
     1
 90
       50
176
     1
 90
        3
176
     1
 62
     5
420
      255
176
     1
290
     0
176
     1
 90
       50
176
     1
 90
       50
176
     1
 90
       50
176
     1
290
     0
176
     1
 90
       50
176
     1
 62
   256
176
     0
 40
1.0
176
     0
 90
        2
176
     1
  1
strokes_ogs.tif
176
     1
290
     0
176
     1
 40
1.0
176
     1
 40
1.0
176
     1
  0
VISUALSTYLE
  5
A3
102
{ACAD_REACTORS
330
99
102
}
330
99
100
AcDbVisualStyle
  2
Realistic
 70
     8
177
     3
291
     0
 70
    58
 90
        2
176
     1
 90
        2
176
     1
 90
        0
176
     1
 90
        2
176
     1
 40
0.6
176
     1
 40
30.0
176
     1
 62
     7
420
 16777215
176
     1
 90
        0
176
     1
 90
        0
176
     1
 62
     7
176
     1
 62
   257
176
     1
 90
        1
176
     1
 90
        1
176
     1
 40
1.0
176
     1
 90
        8
176
     1
 62
   257
176
     1
 40
1.0
176
     1
 90
        1
176
     1
 90
        6
176
     1
 90
        2
176
     1
 62
     7
176
     1
 90
        3
176
     1
 90
        0
176
     1
 90
        0
176
     1
290
     0
176
     1
 90
       13
176
     1
 40
0.0
176
     1
 90
        0
176
     1
290
     0
176
     1
290
     1
176
     1
290
     1
176
     1
290
     0
176
     1
290
     0
176
     1
290
     0
176
     1
290
     0
176
     1
290
     0
176
     1
290
     0
176
     1
 90
       50
176
     1
 40
0.0
176
     1
 40
1.0
176
     1
 90
        0
176
     1
 62
    18
420
        0
176
     1
 90
       50
176
     1
 90
        3
176
     1
 62
     5
420
      255
176
     1
290
     0
176
     1
 90
       50
176
     1
 90
       50
176
     1
 90
       50
176
     1
290
     0
176
     1
 90
       50
176
     1
 62
   256
176
     0
 40
1.0
176
     0
 90
        2
176
     1
  1
strokes_ogs.tif
176
     1
290
     0
176
     1
 40
1.0
176
     1
 40
1.0
176
     1
  0
VISUALSTYLE
  5
182
102
{ACAD_REACTORS
330
99
102
}
330
99
100
AcDbVisualStyle
  2
Shaded
 70
    27
177
     3
291
     0
 70
    58
 90
        2
176
     1
 90
        2
176
     1
 90
        1
176
     1
 90
        2
176
     1
 40
0.6
176
     1
 40
30.0
176
     1
 62
     7
420
 16777215
176
     1
 90
        0
176
     1
 90
        4
176
     1
 62
     7
176
     1
 62
   257
176
     1
 90
        1
176
     1
 90
        1
176
     1
 40
1.0
176
     1
 90
        8
176
     1
 62
   257
176
     1
 40
1.0
176
     1
 90
        1
176
     1
 90
        6
176
     1
 90
        2
176
     1
 62
     8
420
  7895160
176
     1
 90
        3
176
     1
 90
        0
176
     1
 90
        0
176
     1
290
     0
176
     1
 90
        5
176
     1
 40
0.0
176
     1
 90
        0
176
     1
290
     0
176
     1
290
     1
176
     1
290
     1
176
     1
290
     0
176
     1
290
     0
176
     1
290
     0
176
     1
290
     0
176
     1
290
     0
176
     1
290
     0
176
     1
 90
       50
176
     1
 40
0.0
176
     1
 40
1.0
176
     1
 90
        0
176
     1
 62
    18
420
        0
176
     1
 90
       50
176
     1
 90
        3
176
     1
 62
     5
420
      255
176
     1
290
     0
176
     1
 90
       50
176
     1
 90
       50
176
     1
 90
       50
176
     1
290
     0
176
     1
 90
       50
176
     1
 62
   256
176
     0
 40
1.0
176
     0
 90
        2
176
     1
  1
strokes_ogs.tif
176
     1
290
     0
176
     1
 40
1.0
176
     1
 40
1.0
176
     1
  0
VISUALSTYLE
  5
181
102
{ACAD_REACTORS
330
99
102
}
330
99
100
AcDbVisualStyle
  2
Shaded with edges
 70
    26
177
     3
291
     0
 70
    58
 90
        2
176
     1
 90
        2
176
     1
 90
        1
176
     1
 90
        2
176
     1
 40
0.6
176
     1
 40
30.0
176
     1
 62
     7
420
 16777215
176
     1
 90
        1
176
     1
 90
        2
176
     1
 62
     7
176
     1
 62
   257
176
     1
 90
        2
176
     1
 90
        1
176
     1
 40
1.0
176
     1
 90
        8
176
     1
 62
   257
176
     1
 40
1.0
176
     1
 90
        1
176
     1
 90
        6
176
     1
 90
        2
176
     1
 62
     7
176
     1
 90
        3
176
     1
 90
        0
176
     1
 90
        0
176
     1
290
     0
176
     1
 90
        5
176
     1
 40
0.0
176
     1
 90
        0
176
     1
290
     0
176
     1
290
     1
176
     1
290
     1
176
     1
290
     0
176
     1
290
     0
176
     1
290
     0
176
     1
290
     0
176
     1
290
     0
176
     1
290
     0
176
     1
 90
       50
176
     1
 40
0.0
176
     1
 40
1.0
176
     1
 90
        0
176
     1
 62
    18
420
        0
176
     1
 90
       50
176
     1
 90
        3
176
     1
 62
     5
420
      255
176
     1
290
     0
176
     1
 90
       50
176
     1
 90
       50
176
     1
 90
       50
176
     1
290
     0
176
     1
 90
       50
176
     1
 62
   256
176
     0
 40
1.0
176
     0
 90
        2
176
     1
  1
strokes_ogs.tif
176
     1
290
     0
176
     1
 40
1.0
176
     1
 40
1.0
176
     1
  0
VISUALSTYLE
  5
17E
102
{ACAD_REACTORS
330
99
102
}
330
99
100
AcDbVisualStyle
  2
Shades of Gray
 70
    23
177
     3
291
     0
 70
    58
 90
        2
176
     1
 90
        2
176
     1
 90
        3
176
     1
 90
        0
176
     1
 40
0.6
176
     1
 40
30.0
176
     1
 62
     7
420
 16777215
176
     1
 90
        2
176
     1
 90
        2
176
     1
 62
     7
176
     1
 62
     7
176
     1
 90
        1
176
     1
 90
        1
176
     1
 40
40.0
176
     1
 90
        8
176
     1
 62
     7
176
     1
 40
1.0
176
     1
 90
        1
176
     1
 90
        6
176
     1
 90
        2
176
     1
 62
     7
176
     1
 90
        3
176
     1
 90
        0
176
     1
 90
        0
176
     1
290
     0
176
     1
 90
        1
176
     1
 40
0.0
176
     1
 90
        0
176
     1
290
     0
176
     1
290
     1
176
     1
290
     1
176
     1
290
     0
176
     1
290
     0
176
     1
290
     0
176
     1
290
     0
176
     1
290
     0
176
     1
290
     0
176
     1
 90
       50
176
     1
 40
0.0
176
     1
 40
1.0
176
     1
 90
        0
176
     1
 62
    18
420
        0
176
     1
 90
       50
176
     1
 90
        3
176
     1
 62
     5
420
      255
176
     1
290
     0
176
     1
 90
       50
176
     1
 90
       50
176
     1
 90
       50
176
     1
290
     0
176
     1
 90
       50
176
     1
 62
   256
176
     0
 40
1.0
176
     0
 90
        2
176
     1
  1
strokes_ogs.tif
176
     1
290
     0
176
     1
 40
1.0
176
     1
 40
1.0
176
     1
  0
VISUALSTYLE
  5
17F
102
{ACAD_REACTORS
330
99
102
}
330
99
100
AcDbVisualStyle
  2
Sketchy
 70
    24
177
     3
291
     0
 70
    58
 90
        1
176
     1
 90
        2
176
     1
 90
        2
176
     1
 90
        0
176
     1
 40
0.6
176
     1
 40
30.0
176
     1
 62
     7
420
 16777215
176
     1
 90
        2
176
     1
 90
        2
176
     1
 62
     7
176
     1
 62
     7
176
     1
 90
        1
176
     1
 90
        1
176
     1
 40
40.0
176
     1
 90
       11
176
     1
 62
     7
176
     1
 40
1.0
176
     1
 90
        1
176
     1
 90
        6
176
     1
 90
        2
176
     1
 62
     7
176
     1
 90
        6
176
     1
 90
        0
176
     1
 90
        0
176
     1
290
     0
176
     1
 90
        1
176
     1
 40
0.0
176
     1
 90
        0
176
     1
290
     0
176
     1
290
     1
176
     1
290
     1
176
     1
290
     0
176
     1
290
     0
176
     1
290
     0
176
     1
290
     0
176
     1
290
     0
176
     1
290
     0
176
     1
 90
       50
176
     1
 40
0.0
176
     1
 40
1.0
176
     1
 90
        0
176
     1
 62
    18
420
        0
176
     1
 90
       50
176
     1
 90
        3
176
     1
 62
     5
420
      255
176
     1
290
     0
176
     1
 90
       50
176
     1
 90
       50
176
     1
 90
       50
176
     1
290
     0
176
     1
 90
       50
176
     1
 62
   256
176
     0
 40
1.0
176
     0
 90
        2
176
     1
  1
strokes_ogs.tif
176
     1
290
     0
176
     1
 40
1.0
176
     1
 40
1.0
176
     1
  0
VISUALSTYLE
  5
A6
102
{ACAD_REACTORS
330
99
102
}
330
99
100
AcDbVisualStyle
  2
Thicken
 70
    13
177
     3
291
     1
 70
    58
 90
        2
176
     1
 90
        2
176
     1
 90
        1
176
     1
 90
        0
176
     1
 40
0.6
176
     1
 40
30.0
176
     1
 62
     7
420
 16777215
176
     1
 90
        1
176
     1
 90
        4
176
     1
 62
     7
176
     1
 62
   257
176
     1
 90
        1
176
     1
 90
        1
176
     1
 40
1.0
176
     1
 90
       12
176
     1
 62
     7
176
     1
 40
1.0
176
     1
 90
        1
176
     1
 90
        6
176
     1
 90
        2
176
     1
 62
     7
176
     1
 90
        5
176
     1
 90
        0
176
     1
 90
        0
176
     1
290
     0
176
     1
 90
        1
176
     1
 40
0.0
176
     1
 90
        0
176
     1
290
     0
176
     1
290
     1
176
     1
290
     1
176
     1
290
     0
176
     1
290
     0
176
     1
290
     0
176
     1
290
     0
176
     1
290
     0
176
     1
290
     0
176
     1
 90
       50
176
     1
 40
0.0
176
     1
 40
1.0
176
     1
 90
        0
176
     1
 62
    18
420
        0
176
     1
 90
       50
176
     1
 90
        3
176
     1
 62
     5
420
      255
176
     1
290
     0
176
     1
 90
       50
176
     1
 90
       50
176
     1
 90
       50
176
     1
290
     0
176
     1
 90
       50
176
     1
 62
   256
176
     0
 40
1.0
176
     0
 90
        2
176
     1
  1
strokes_ogs.tif
176
     1
290
     0
176
     1
 40
1.0
176
     1
 40
1.0
176
     1
  0
VISUALSTYLE
  5
A0
102
{ACAD_REACTORS
330
99
102
}
330
99
100
AcDbVisualStyle
  2
Wireframe
 70
     5
177
     3
291
     0
 70
    58
 90
        0
176
     1
 90
        2
176
     1
 90
        0
176
     1
 90
        0
176
     1
 40
0.6
176
     1
 40
30.0
176
     1
 62
     7
420
 16777215
176
     1
 90
        1
176
     1
 90
        4
176
     1
 62
     7
176
     1
 62
   257
176
     1
 90
        1
176
     1
 90
        1
176
     1
 40
1.0
176
     1
 90
        0
176
     1
 62
   257
176
     1
 40
1.0
176
     1
 90
        1
176
     1
 90
        6
176
     1
 90
        2
176
     1
 62
     7
176
     1
 90
        3
176
     1
 90
        0
176
     1
 90
        0
176
     1
290
     0
176
     1
 90
        1
176
     1
 40
0.0
176
     1
 90
        0
176
     1
290
     0
176
     1
290
     1
176
     1
290
     1
176
     1
290
     0
176
     1
290
     0
176
     1
290
     0
176
     1
290
     0
176
     1
290
     0
176
     1
290
     0
176
     1
 90
       50
176
     1
 40
0.0
176
     1
 40
1.0
176
     1
 90
        0
176
     1
 62
    18
420
        0
176
     1
 90
       50
176
     1
 90
        3
176
     1
 62
     5
420
      255
176
     1
290
     0
176
     1
 90
       50
176
     1
 90
       50
176
     1
 90
       50
176
     1
290
     0
176
     1
 90
       50
176
     1
 62
   256
176
     0
 40
1.0
176
     0
 90
        2
176
     1
  1
strokes_ogs.tif
176
     1
290
     0
176
     1
 40
1.0
176
     1
 40
1.0
176
     1
  0
VISUALSTYLE
  5
180
102
{ACAD_REACTORS
330
99
102
}
330
99
100
AcDbVisualStyle
  2
X-Ray
 70
    25
177
     3
291
     0
 70
    58
 90
        2
176
     1
 90
        2
176
     1
 90
        1
176
     1
 90
        1
176
     1
 40
0.5
176
     1
 40
30.0
176
     1
 62
     7
420
 16777215
176
     1
 90
        1
176
     1
 90
        0
176
     1
 62
     7
176
     1
 62
   257
176
     1
 90
        1
176
     1
 90
        1
176
     1
 40
1.0
176
     1
 90
        8
176
     1
 62
     7
176
     1
 40
1.0
176
     1
 90
        1
176
     1
 90
        6
176
     1
 90
        2
176
     1
 62
     7
176
     1
 90
        3
176
     1
 90
        0
176
     1
 90
        0
176
     1
290
     0
176
     1
 90
       13
176
     1
 40
0.0
176
     1
 90
        0
176
     1
290
     0
176
     1
290
     1
176
     1
290
     1
176
     1
290
     0
176
     1
290
     0
176
     1
290
     0
176
     1
290
     0
176
     1
290
     0
176
     1
290
     0
176
     1
 90
       50
176
     1
 40
0.0
176
     1
 40
1.0
176
     1
 90
        0
176
     1
 62
    18
420
        0
176
     1
 90
       50
176
     1
 90
        3
176
     1
 62
     5
420
      255
176
     1
290
     0
176
     1
 90
       50
176
     1
 90
       50
176
     1
 90
       50
176
     1
290
     0
176
     1
 90
       50
176
     1
 62
   256
176
     0
 40
1.0
176
     0
 90
        2
176
     1
  1
strokes_ogs.tif
176
     1
290
     0
176
     1
 40
1.0
176
     1
 40
1.0
176
     1
  0
DICTIONARYVAR
  5
F0
102
{ACAD_REACTORS
330
66
102
}
330
66
100
DictionaryVariables
280
     0
  1
1:1
  0
DICTIONARYVAR
  5
EF
102
{ACAD_REACTORS
330
66
102
}
330
66
100
DictionaryVariables
280
     0
  1
Standard
  0
DICTIONARYVAR
  5
89
102
{ACAD_REACTORS
330
66
102
}
330
66
100
DictionaryVariables
280
     0
  1
Standard
  0
DICTIONARYVAR
  5
1B7
102
{ACAD_REACTORS
330
66
102
}
330
66
100
DictionaryVariables
280
     0
  1
Imperial24
  0
DICTIONARYVAR
  5
1B8
102
{ACAD_REACTORS
330
66
102
}
330
66
100
DictionaryVariables
280
     0
  1
Imperial24
  0
DICTIONARYVAR
  5
67
102
{ACAD_REACTORS
330
66
102
}
330
66
100
DictionaryVariables
280
     0
  1
2
  0
DICTIONARYVAR
  5
6B
102
{ACAD_REACTORS
330
66
102
}
330
66
100
DictionaryVariables
280
     0
  1
1
  0
DICTIONARYVAR
  5
1FFB
102
{ACAD_REACTORS
330
66
102
}
330
66
100
DictionaryVariables
280
     0
  1
BYLAYER
  0
DICTIONARYVAR
  5
1FFA
102
{ACAD_REACTORS
330
66
102
}
330
66
100
DictionaryVariables
280
     0
  1
ByLayer
  0
DICTIONARYVAR
  5
14D
102
{ACAD_REACTORS
330
66
102
}
330
66
100
DictionaryVariables
280
     0
  1
0
  0
DICTIONARYVAR
  5
14E
102
{ACAD_REACTORS
330
66
102
}
330
66
100
DictionaryVariables
280
     0
  1
0
  0
DICTIONARYVAR
  5
77C1
102
{ACAD_REACTORS
330
66
102
}
330
66
100
DictionaryVariables
280
     0
  1
2
  0
DICTIONARYVAR
  5
69FC
330
69FB
100
DictionaryVariables
280
     0
  1
1.0.3 @ 2026-04-13T12:47:58.106453+00:00
  0
DICTIONARY
  5
7AB6
330
1AC
100
AcDbDictionary
280
     1
281
     1
  0
DICTIONARY
  5
7AB8
330
4CB
100
AcDbDictionary
280
     1
281
     1
  0
DICTIONARY
  5
188
330
97
100
AcDbDictionary
280
     1
281
     1
  3
FBXASSET
360
189
  0
DICTIONARY
  5
186
330
96
100
AcDbDictionary
280
     1
281
     1
  3
FBXASSET
360
187
  0
DICTIONARY
  5
110
330
98
100
AcDbDictionary
280
     1
281
     1
  3
FBXASSET
360
18A
  0
DICTIONARY
  5
7AC0
330
1AA
100
AcDbDictionary
280
     1
281
     1
  0
DICTIONARY
  5
7AC2
330
4CA
100
AcDbDictionary
280
     1
281
     1
  0
DICTIONARY
  5
8C4F
330
87
100
AcDbDictionary
280
     1
281
     1
  3
ACAD_ROUNDTRIP_2008_TABLESTYLE_CELLSTYLEMAP
360
8C50
  0
XRECORD
  5
189
102
{ACAD_REACTORS
330
188
102
}
330
188
100
AcDbXrecord
280
     1
 70
     1
 90
429727718
  1
508B35C9-AEE7-456F-BE74-D52651303AC6
310
504B03040A0000080000B670623B3DEE336E79000000790000001B0000006175746F6465736B2D64657369676E2D7061636B6167652E786D6C3C3F786D6C2076657273696F6E3D22312E302220656E636F64696E673D227574662D3822203F3E3C666F726D6174733E3C666F726D61743E687474703A2F2F736368656D612E
310
6175746F6465736B2E636F6D2F64657369676E2D7061636B6167652F323030393C2F666F726D61743E3C2F666F726D6174733E504B0304140006080800B670623BD486FD9CA0000000F4000000130000005B436F6E74656E745F54797065735D2E786D6C7D8EC10E82300C865F65E91D8A1E8C310C0EEA1BF002731658846E
310
D98AC1B77784ABF1D8FE5FBFBF75BBCE937A534CCEB38643598122B6FEE978D0B0485F9C41B54DDD7D022595594E1A469170414C76A4D9A4D207E29CF43ECE46F218070CC6BECC4078ACAA135ACF422C856C0E68EA1BF5669944DDD7BCDE7B1F8E415D77AECB980613C2E4AC91FC167A2B244592486606FC29C8FD7F045B9A
310
EF7053A7E60B504B0304140006080800B670623B28ED286BEB0000007C01000008000000636F72652E786D6C8D90416EC3201045AF82665B6183218D6D61A254764FD00B204C5C94182C03558F5F9C3852BBEB6A467FFE9B197D71FA9E6FE8CBACC17AD7012D0820E3B41FAD9B3A48F1826B40272956EFE32F1B20A766D3C1
310
268314D3EAD3B24BDABB685CCCAAF3A3D94515828980F42D371D04FD696655A814B3235C8B45E9AB9A4C419F5D8653B2237A1CB163DE672FD6AC209BF3C08E0D1B30EB19C3FC9D72FCC6EB231EFA33EDE96BDD341517E5064B11EDFCBCAF57A3A2194156843498524CAA0FCA5B7268F9E185D42D21A2DCEC7FA0B48CFF8492
310
759155FBBB0F2C80A4F991FB408A72CB22977B50B96EB9C91F504B0304140006080800B670623B55019EA25F0000007C00000007000000636E782E786D6C4DCB3B0E80201045D1AD90E915ED2CF8AC45050C11660C8261F98AB1B07AC9C97D42D718D865D3E909258CFD00CCE24AC6E326A164D74DC0B4128928FF32603847
310
2BA13128B1252AC747C6BAB984FC68F0B87FE8960A5C09FE86CFB69FBA01504B0304140006080800B670623B7BC41AC871010000D40300000C0000006662782F636F72652E786D6CC553ED6E8320147D15C2DF4501B56B6D90A64BBB27D80B50A5CE54C120983EFEAE1F4DD7A56BBA5FF3879273EEE59E7310BE393735EA95
310
ED2AA333CC428A91D2B9292A5D66D8BB63B0C26823B835C67D2BC348CB46657880B1E0A535BE9DA1DC68A7B403549B42CDA0EC3AE530CA6B5864B8CB3F552343E91D5474A7B095F949962A6421D0502778E72C0840D390E18DC5F170E664C205F7BE2A66B62A605A75AC94C522DDEEE3651AEF837817C741F2CE92E02D592D
310
83FD6ECB76EC7595A651C2C9D02CB8AB9A8BBADC2AE954814544691A3016D0E883256BBA58278B17BA5A53CAC9507ED3E4DBE2C9265F691747B3DCA9ADC382819091F8E1162272A8933DE82182932144F88C09DF060D8140C84E1EEA8B8F1340BDCA9DB1093085F157AA97B557309586747CD0EF0B4EA64E983A6E0EAEEFCE
310
889E9EF17847386AA94B30211D2C0FDE0D3AF9A4610EAD5536E8DD1969631B593F67E381C33F5157F17725E5A636F6BF1491F980C8FC7B90E13E8A2F504B0304140006080800B670623B70102A487D0000009D0000000B0000006662782F636E782E786D6C4DCCD10A83201886E15B91FFDC95A5C30335ACCDFB886521330D
310
A76397BF1A1DECE883878F57749FD5A3B74D2F17830472A901D9F088930B8B849267CC01754AA418F3DF0D5018572BE160506249B16C274D761E8BCFBB7A179E27F65CB39A0F14D396184C9921B81F34C3ACA1B4B99ABB6E6F062A25AA5F69DF23ACBE504B0304140006080800B670623B3610CA3329010000120200003100
310
00006662782F42384135303843342D343331462D343546312D424341352D3532343432364645413344462F636F72652E786D6C8D515B6EC32010BC0AE22B55850D0E446E848992B43E412FE000495162B07854397EA176A4F62F3F2C9A9D991D58BEBB8F37F0AD7D30CE76905418026DA553C65E3A98E219B510EC04F7CEC5
310
3F3408EC30EA0E16180A7EF12E4D0B249D8DDAC68C5AA7F4020E21E80881BCE54B0783FCD2E3500D296646B856D320AFC34557A4CAEDCC133C449F0380794839A138B47B86DB2345744D7A44594FD0E1B867883594369BFE63BF7EEF793D0B054FC9A8456E548E63CE46FB674D8A58F068C6477CE9F510B582A2C1F80D1182
310
70F349E816B32D65AFB8DD62CCEB42FF274A937A52948C8DEB66893BCB021484D7734370E5D2E9F608A3EF93F3119479ABA0E50B14B8C298119A43CCC4FCFCECB8A18B6388CEE7EF5D5D4F994BD86CBBA182D76543B9FCAE2FD7B24DF103504B0304140006080800B670623B1B8617914E0100003303000030000000666278
310
2F42384135303843342D343331462D343546312D424341352D3532343432364645413344462F636E782E786D6CD593C16EC32010447F0571AD6CE3D489D20813A9877E410FBD62D82434182CC055F3F75D1292E692438FBD206B7698593D61BEFD1E2DF982108D773D6D6B460938E5B571FB9ECE6957AD29D90A1EBC4F7736
310
4A9C1CA1A759A682EF839FA72269D8C9D92654AD71C72206887E0E0A22CAF926B15E498B01E0AA19451807D01A34B919F16B070157417138917400F2F6FA41FCF0092A45DEE414C19BDC21783E4BD39D891265658C3D8DEA00A3ACE59CBC8678ACB54CB26EEB6BD7839D7E9348BE70AD9C8321B9BCA7F9A4A26C542347DEE0
310
50F09802D22BA6749A800A394DD62899107273365E3C82CFC6A55557BC06C10774B7ABE7AEC3B0F34CF06446280E154026D0542C187BA9DAB6628BF7B6DBB0E5A65B3EB1F58631DE64BBE083F7B65CC218087E22CABB042E51D1F2268F1FE12B3EA24D40D63E9CFE00120194D60B9D5BC67FE6D39CDF37E20AF817881F504B
310
0304140006080800B670623BBFEF2E3B690500003C100000340000006662782F42384135303843342D343331462D343546312D424341352D3532343432364645413344462F6F626A656374732E786D6CAD575D739B3814FD2B0CFB0C98D84E931D4227B6938EA793B6534F3BFB90198F0099B001899144EAECAFDF231018B0
310
D37A3FFC609090EEE7B94757C1FB7D915B2F54C88CB31BDB7727B64559CC938CA53776A576CE956DBD0F03C1B9EA2DB32D460A7A63EB693B0C52C1ABD24C257447AA5C8D66EF177F5832A68CDA569C13296F6C193FD182B8A4523CA1F2D94D88226EBADBBBBEDB2C1C8A4D05299F46424B222853B014F30C52ACC6287F389C
310
D85E1878FA7B18E87FB36AFAF62AAFF667A83F635211161F291B8999FAB3D5DDC5FCDA99CF6653677679E13B8BFBC5CAF1DF4D27CBCBE5F2FAF6EE1A8AA51290642C117467871F101B91C581D77CEA2C36869F3229E68CD1B8F61F1ED6361B89092D294B90C78C4A68EB793D190E7D1D9BDEE7A91E1B95FDE9F3BCEAEFE809
310
6A6D6F9F7D4B79F4275C90E7A04248AA51D5C4C738DAE06F72885AC4796EBE65D22A88A22223B995679120E2D50EB1542F098381188D4EA111AE3DB043FF20AF6F2B4AE3D7D83D65E5AECA730D4D3BAC91BD05FEA992B565D95F549CD6069B90AB2A63EACA38A45E4B6A87D781574F86817E4C2FCCC72690D62E2729520E37
310
9BAF234797BAF6D62B3BFC781FED37BA1E4F2B2F052FA9501A3E80569BB8F6A9A364D4FA67654E6F803383981F82F21591FF84F23D9882BC896C3FDBCF8C162508933B2E0AE4C69DD43F6BD2BE38DDDBF10BF86CB4FA784D37F3AF16075E67EC9030DECA1FC0A55373F5DFF3378C591FA9BDF485C10B0A8C8BA909E5262639
310
A8E72163488806A595734C81CB77D1DE0ED7604A303B76913CEC0272F412782FF88EFF4636D8AA56DF7B322474C4B767303F625997056C7B032C473C592B36CEBD15F3F9FF5233B7ABCDC74D257624A60F8658567497B14CE1EC3C80B76FD02011038F9EE9EB0F2E12387A9C844D3F09855125116D1D731DF8B43D2CF4E0A0
310
79A020C6BE946BCE0B7EA1E1219331CD73C228AF5A2DDD31A4B1DA918CE91350854D40A71723140BFA92E94E62B0626016CEFA5864A50E5977E8753CEDBEE1CBB7F52780D20E17AF0BA0F5F9B02A3AD07DCC732EB6D1EBB661421BE0C39E21BABF0FE16D22EA6929407C8DE596724C88B749B6DB5512BC7B228ADFD7CB7EA6
310
3A22397E690BA8D5D8D4E40CEC8CDA23C2C0B7D5898640101CEC9C6D331CE328CB93CAFBBAC70A642DF70DF95155945B52F08AA973C23469FD69ADEF84F7BB18F983A8F8C90E37F5D35980B2139A1C523540813E824EF83448CF7C72B598CE97D7CEEDDDDD3B6736BFBC771677EF66CE6A7E7139F7A793E9EDF2B2B3A8B624
310
0CDA13AA5F8388264EC4A0129909F3B7F5A16CEDF08128E97D680ACA4B9BE7B7B58BB638F0B00700EF36AE8B32A705658A68F83EE897FC2B41573190D1CCAF0B92D233A47CFEB019D9809933F67DD1A5467F8CF69AD9A5AE859342D45355448C64F968A371DC2D596ADC6E43D93D1B466F877A64E2893E54F23C4B40388995
310
525E5005DA3983ED45412510D3EFCA13737B3863F74BD30F2A12E5B4B5E489A025CE25500DB855B11ACE5BBFA185D35DD48D8DC3CE7DC69F2944DB42AA6F6CF09BCA622ADD08C7A36E7C6AE18000BAB08E040135C2D21C9D75B3A91B77BB746C403F38018DFE6EC939DD92F16B40BC05294B9CDA035AAD6D330AE27FE4786B
310
8E45145EA34A75BE1C263A676A35A8ACC6297337400BF16C54EF515F3F77CB77EB3583889C754FFA29081AA98E2222ADEF05DA3E63D2EDEA8B8756C05A7FB6CABC4A91CBF325398202CC952E70A008A830324BA200D5E5EF8F5F04C75DB4B0EE3340E071C98B823333B83577596BF3849B69F2085AA0FAFA212F26BEFF5877
310
FDE622B28D88A42E49E43326DA82D31E8CB006401E1DA726059ECEC168F97A6599036306A135688F9AD2E61A6EA178F4CD51974A9F2CCB9F36FE5EBD14601068D9C3BF01504B0304140006080000B670623B000000000000000000000000350000006662782F42384135303843342D343331462D343546312D424341352D35
310
32343432364645413344462F76657274696365732E62696E504B0304140006080800B670623BF270F1330600000004000000360000006662782F42384135303843342D343331462D343546312D424341352D3532343432364645413344462F747269616E676C65732E62696E636660600000504B0304140006080000B67062
310
3B000000000000000000000000370000006662782F42384135303843342D343331462D343546312D424341352D3532343432364645413344462F617474726962757465732E62696E504B0304140006080800B670623B08DA0BD19000000041010000360000006662782F42384135303843342D343331462D343546312D4243
310
41352D3532343432364645413344462F6469726563746F72792E786D6C858F410AC3201045AF22B36F53E9A60B35CBEEBAE80D244E44489C6234F4F835464A48035D0DF398FF9F8AF63D0E6CC63039F212F8F9020C7D47C6792B21C5FE7403D62A1188E2E60C98D7234A5830286103A55745067B9D86B8A3CF9C7F90C11DE6
310
07FB144396D7B6A82D282E9A152AD114D5EF2CB866EEE831B8EEA07A7BB5A8D7D61A2BAAEB7FD5F70921FF497D00504B0304140006080800B670623B3B4606F3FE000000A00100003B0000006662782F42384135303843342D343331462D343546312D424341352D3532343432364645413344462F7265736F75726365732F
310
636F72652E786D6C8D504B6E833010BD0A9A6D65B08134808CA354A427E8052C332156828DFCA97AFC9A40A576D7CDCCE87D344F8F9FBEE647F689CE6B6B7A6039850C8DB2A336530F315C4903D94970676DF82583CCC8197B5861107C72362E3BA4AC096842428D1D7107A5F71820538F74F4E0D50D6799CB1892C2DFF345
310
AABB9C306779A2934E701F5C0A906D4FD609C2A1B7D129F4BCD858C163D4E3AED163FAA9AF1A1D88F67CA98E6D35906AA82A52BFB39ABCD5CD915C86331BD86BD3B665CD8BD52C78D0F34F46E550061C419494B6843142CB0F5677F4D0D58717DA7494F26295FF31C565FCA7296A13AA728FBBD93C0896823C09C18BB5AFB4
310
9E65A6BD762BBE01504B010214000A0000080000B670623B3DEE336E79000000790000001B00000000000000000000000000000000006175746F6465736B2D64657369676E2D7061636B6167652E786D6C504B01021400140006080800B670623BD486FD9CA0000000F40000001300000000000000000000000000B2000000
310
5B436F6E74656E745F54797065735D2E786D6C504B01021400140006080800B670623B28ED286BEB0000007C010000080000000000000000000000000083010000636F72652E786D6C504B01021400140006080800B670623B55019EA25F0000007C000000070000000000000000000000000094020000636E782E786D6C50
310
4B01021400140006080800B670623B7BC41AC871010000D40300000C00000000000000000000000000180300006662782F636F72652E786D6C504B01021400140006080800B670623B70102A487D0000009D0000000B00000000000000000000000000B30400006662782F636E782E786D6C504B01021400140006080800B6
310
70623B3610CA3329010000120200003100000000000000000000000000590500006662782F42384135303843342D343331462D343546312D424341352D3532343432364645413344462F636F72652E786D6C504B01021400140006080800B670623B1B8617914E010000330300003000000000000000000000000000D10600
310
006662782F42384135303843342D343331462D343546312D424341352D3532343432364645413344462F636E782E786D6C504B01021400140006080800B670623BBFEF2E3B690500003C10000034000000000000000000000000006D0800006662782F42384135303843342D343331462D343546312D424341352D35323434
310
32364645413344462F6F626A656374732E786D6C504B01021400140006080000B670623B0000000000000000000000003500000000000000000000000000280E00006662782F42384135303843342D343331462D343546312D424341352D3532343432364645413344462F76657274696365732E62696E504B010214001400
310
06080800B670623BF270F133060000000400000036000000000000000000000000007B0E00006662782F42384135303843342D343331462D343546312D424341352D3532343432364645413344462F747269616E676C65732E62696E504B01021400140006080000B670623B00000000000000000000000037000000000000
310
00000000000000D50E00006662782F42384135303843342D343331462D343546312D424341352D3532343432364645413344462F617474726962757465732E62696E504B01021400140006080800B670623B08DA0BD1900000004101000036000000000000000000000000002A0F00006662782F42384135303843342D3433
310
31462D343546312D424341352D3532343432364645413344462F6469726563746F72792E786D6C504B01021400140006080800B670623B3B4606F3FE000000A00100003B000000000000000000000000000E1000006662782F42384135303843342D343331462D343546312D424341352D3532343432364645413344462F72
310
65736F75726365732F636F72652E786D6C504B0506000000000E000E0080040000651100000000
  0
XRECORD
  5
187
102
{ACAD_REACTORS
330
186
102
}
330
186
100
AcDbXrecord
280
     1
 70
     1
 90
429727718
  1
887D55A9-D0DD-414E-B741-A7DCD4DA2B4C
310
504B03040A0000080000B670623B3DEE336E79000000790000001B0000006175746F6465736B2D64657369676E2D7061636B6167652E786D6C3C3F786D6C2076657273696F6E3D22312E302220656E636F64696E673D227574662D3822203F3E3C666F726D6174733E3C666F726D61743E687474703A2F2F736368656D612E
310
6175746F6465736B2E636F6D2F64657369676E2D7061636B6167652F323030393C2F666F726D61743E3C2F666F726D6174733E504B0304140006080800B670623BD486FD9CA0000000F4000000130000005B436F6E74656E745F54797065735D2E786D6C7D8EC10E82300C865F65E91D8A1E8C310C0EEA1BF002731658846E
310
D98AC1B77784ABF1D8FE5FBFBF75BBCE937A534CCEB38643598122B6FEE978D0B0485F9C41B54DDD7D022595594E1A469170414C76A4D9A4D207E29CF43ECE46F218070CC6BECC4078ACAA135ACF422C856C0E68EA1BF5669944DDD7BCDE7B1F8E415D77AECB980613C2E4AC91FC167A2B244592486606FC29C8FD7F045B9A
310
EF7053A7E60B504B0304140006080800B670623BBC1638F5EC0000007C01000008000000636F72652E786D6C8D90416EC3201045AF82665B61836BE2D8C24471DB9CA01740401C94182C03558F5F9C3852BBEB6A467FFE9B197D7EF89E6EE8CB2CC17AD7032D0820E394D7D68D3DA478C67B4007C117EFE32F1B202727D3C3
310
2A83E0E3E2D3BC49CABB685CCCAAF3DA6CA20CC14440EA969B1E82BA98491632C5EC08D76296EA2A4753D06797E194AC468F2356E77DF66CCD02825543D50CACC62D39ED70FDC68EB8FD68F6F8787A6784342D1DDA1D2F5758F068A7E77DB518198D065111D2624A31A93E69DD11D6D5EC85EC3B4278B9DAFF4069D6FF8492
310
75F1B5DADE7D600104CD8FDC0782976B16B9DC83CA75CD4DFC00504B0304140006080800B670623B55019EA25F0000007C00000007000000636E782E786D6C4DCB3B0E80201045D1AD90E915ED2CF8AC45050C11660C8261F98AB1B07AC9C97D42D718D865D3E909258CFD00CCE24AC6E326A164D74DC0B4128928FF326038
310
472BA13128B1252AC747C6BAB984FC68F0B87FE8960A5C09FE86CFB69FBA01504B0304140006080800B670623B3586FFB671010000D40300000C0000006662782F636F72652E786D6CC553ED6E8320147D15C2DF4541A76D6D90A6DDD627D80B50A4CE54C120983EFEAE1F4DD7A55BBA5FF3879273EEE59E7310B6393735EA
310
95ED2AA3731C851423A5A5292A5DE6D8BB63B0C268C39935C67D29C3488B46E578803167A535BE9D2169B453DA01AA4DA16650749D7218C91A1639EEE4876A4428BC838AEE14B6429E44A9C228041AEA38EB9C0501681A32BC313F1ECE8C4C3867DE57C5CC56054CAB8E95B298A7F12E5EEED224C8E87E11242FE936C8DE96
310
AB60BB7F4D295D66D12E5B30323473E6AAE6A24E5A259C2A308F29CD82280A68FC1E256B9AAE93F489AED694323294DF34F9B678B0C957DA3DC7B3DCA9ADC33C022123F1CD2D44E450277AD04338234388F01913BE0D1A0281909D38D4171F27807A259DB1093085F157AA17B557309586747CD0CF0B46A64E983A6E0EAEEF
310
CE881F9EF1FB8E70D44297604238581EBC1B74B249C31C5AAB6CD0BB33D2C636A27ECCC62F0EFF445DC5DF95244D6DEC7F2922F30191F9F720C37DE49F504B0304140006080800B670623B4220A0FF7D0000009D0000000B0000006662782F636E782E786D6C4DCCD10A83201886E15B91FFDCE542CB0335D0EC3E6259C84A
310
C3E9D8E5AF46073BFAE0E1E315DD675BD1DBA5978F41C2FD4600B9F088930F8B849267CC01754AA418F3DF0D50183727E164506249B1EC174D6E1ECB9A0F5D7D785E68DB8151CD286E5A5363CA6B8A39E90D36D40E96B086F55A43A544F52B1D7B86D517504B0304140006080800B670623B2FA3FEDE290100001202000031
310
0000006662782F45374635344235342D363743322D343832342D383044432D4334454645303536354442422F636F72652E786D6C8D515B6EC32010BC0AE22B55850D2E386E848994D7097A0117488A1283C5A3CAF10BB523B57FF961D1ECCCECC0F2ED7DBC816FED8371B687A4C210682B9D32F6D2C314CFA883602BB8772E
310
FEA141608751F7B0C050F08B77695A20E96CD43666D43AA5177008414708E42D5F7A18E4971E876A483133C2B59A06791D2EBA22556E679EE021FA1C00CC43CA09C5717D6274C7286AD7FB06D1AEA1A8C3873DDAD3E3E98859CB0EBB1DAF67A1E02919B5C88DCA71CCD968FFAC49110B1ECDF8882FBD1EA256503418BF2342
310
106E3E08DD60B6A1EC15771B8C795DE8FF4469524F8A92B1F1AD59E2CEB20005E1F5DC105CB9F4797B84D1F7C9F908CABC55D0F2050A5C61CC1AD2F27A26E6E767C7962E8E213A9FBF7775FDCC5CC266DB960A5E970DE5F2BBBE5CCB36C50F504B0304140006080800B670623B1B8617914E01000033030000300000006662
310
782F45374635344235342D363743322D343832342D383044432D4334454645303536354442422F636E782E786D6CD593C16EC32010447F0571AD6CE3D489D20813A9877E410FBD62D82434182CC055F3F75D1292E692438FBD206B7698593D61BEFD1E2DF982108D773D6D6B460938E5B571FB9ECE6957AD29D90A1EBC4F77
310
364A9C1CA1A759A682EF839FA72269D8C9D92654AD71C72206887E0E0A22CAF926B15E498B01E0AA19451807D01A34B919F16B070157417138917400F2F6FA41FCF0092A45DEE414C19BDC21783E4BD39D891265658C3D8DEA00A3ACE59CBC8678ACB54CB26EEB6BD7839D7E9348BE70AD9C8321B9BCA7F9A4A26C542347DE
310
E050F09802D22BA6749A800A394DD62899107273365E3C82CFC6A55557BC06C10774B7ABE7AEC3B0F34CF06446280E154026D0542C187BA9DAB6628BF7B6DBB0E5A65B3EB1F58631DE64BBE083F7B65CC218087E22CABB042E51D1F2268F1FE12B3EA24D40D63E9CFE00120194D60B9D5BC67FE6D39CDF37E20AF817881F50
310
4B0304140006080800B670623B29652116630500003C100000340000006662782F45374635344235342D363743322D343832342D383044432D4334454645303536354442422F6F626A656374732E786D6CAD575D739B3814FD2B0CFB0C989834C90EA1639B24E3E9A6EDD4D3CE3E64C623834CD8006224913AFDF57B040203
310
B65BEF871F0C12D2FD3CF7E8CA7FBFCB33E3957291B2E2D674ED8969D02262715A24B76625B7D6B569BC0F7CCE98EC2D338D82E4F4D654D366E0279C55A59E8AE99654991CCDDECFFF3444440B6A1A514684B83545F44C7362934AB2988A173B2692D8C97667BB76B3702836E1A47C1E092D09A78584A5982F20C5688C7287
310
C389E904BEA3BE07BEFAD7ABA6A75739B53F43FD69212429A20365233153D70BEF2E2E6FAC4BCF9B5ADEBB0BD79ADFCF43CBBD9A4E16EF168B9BD9DD0D140BC921495BC2E9D60C1E101B9E46BED37CEA2CD6861F3329624541A3DA7F7858DBAC25C6B4A4458C3CA654405BCFEBC970E8AAD8F43E4FD558ABEC4F9FE7557F47
310
4F506B7BFBEC5BCA367FC105710E2AB8A00A554D7CB4A30DFE26FBA86D18CBF4B75418399194A72433B274C3097F33032C554B027F2046A1932B842B0FCCC0DDCBEBDB8AD2F835768F59B9ADB24C41D30C6A64AF817F2A456D59FA83F2E3DA60137255A585BCD60EC9B7929AC18DEFD49381AF1ED30BFDB109A4B1CD488294
310
C3CDE6EBC8D185AABD6568061FEE37BB95AAC7E3CA4BCE4ACAA5820FA0D526AE7DAA2869B5EE5999531BE0CC20E6FBA07C41E43FA27CF7A6206F3CDD793B4F6B919C1462CB788EDCD893FA674CDA17AB7B3B7C019F8D561FAEE966FED562DFE98C1D12C6A9FC015C2A35D7FF3D7FC398F591DA4B5FE0BFA2C0189FEA50AE22
310
92817A1ED3020951A03432862970F976B33383259812CC8E5D240BBA801CBCF8CE2BBEE3BF910DB6AAD5F79E05123AE2DB33981FB1ACCB02B69D00CB014FD68AB573A7627EF9BFD4CC2C5C7D58557C4B22FAA88925A4DBB44825CECE3D78FB060D1231F0E885BE7D673C86A3874958F593906B5502D1563157814FDAC3420D
310
F69A070A22EC4B98E23CFF171A1E5311D12C23056555ABA53B8614563B92D17D02AAB009E8F46284624E5F53D5490C560CCCC2591FF1B45421EB0EBD8EA7ED13BE7C5D7E0428CD60FEF60779EB13E6664FF711CB185F6FDED60D139A001FF60CD1FD6D086F1D51474901E26B2CB794A343BC8ED3EDB612E0DD2351FCB65CF4
310
33D511C9E14B5B40ADC6A6263DB0336A8F700DDF56271A024E70B0B3629DE21847591E55DED73D56206AB927E46FAABC5C939C55853C274C93D69FD6FA4E78BF8B11DF898C9ECD60553FAD39283BA6F18984AA23E8884F83F45C5F5F859797B31B2B9C84A1E5B9DE9D35BFF25C6B76152E422F9C5DCC3D847F5801ED09D5AF
310
41441327A25FF15487F9EB725FB666F048A4701E9A827292E6F97569A32DF61DEC01C0BB8DCBBCCC684E0B49147C1FD54BF685A0AB18C868E6973949E819523E3DAC463660E68C7D9F55A9D1EFA3BD7A76A16AE1A810F95CE59B82A4D968A376DC2E8B44BBDD86B27B368CDE0ED548C7137DA860591A83706223A12CA712B4
310
7306DBF39C0A20A6DF95C7FAF670C6EED7A61F946493D1D6926782963813403548A78AE470DEF80D2D9CEAA26E4D1C76F60BFE74219A06527D6B82DF641A51616F703CAAC6A7160E08A00BEB4810A0274592A1B36E3675E36E978A0DE80727A0D6DF2D39A75BD27E0D8837276589537B40ABB56D5A41F48F1C6FCD3188C4EB
310
A6929D2FFB89CE995A4D00AE813BDD032DC48B56BD437DFDDC2DD7AED70C2272D63DE9A72068A45A92F0A4BE17A8A06B9366E16707AD80B1FC649459952097E74BB23805982B55E0401150A165964402AA8BDF9F3E7386BB686EDCA780C0D382E5392BF460A6EFB2C6EA1937D3F809B440D5F5435C4C5CF7A9EEFAF54564BD
310
2182DA24162F98680B4E7930C21A0079709CEAEB99A372305ABE0C0D7D6078105A83F6A0296DAEE1068A47DD1C55A9F4C9B2FC69E3EFD44B81028E963DF81B504B0304140006080000B670623B000000000000000000000000350000006662782F45374635344235342D363743322D343832342D383044432D433445464530
310
3536354442422F76657274696365732E62696E504B0304140006080800B670623BF270F1330600000004000000360000006662782F45374635344235342D363743322D343832342D383044432D4334454645303536354442422F747269616E676C65732E62696E636660600000504B0304140006080000B670623B00000000
310
0000000000000000370000006662782F45374635344235342D363743322D343832342D383044432D4334454645303536354442422F617474726962757465732E62696E504B0304140006080800B670623B08DA0BD19000000041010000360000006662782F45374635344235342D363743322D343832342D383044432D4334
310
454645303536354442422F6469726563746F72792E786D6C858F410AC3201045AF22B36F53E9A60B35CBEEBAE80D244E44489C6234F4F835464A48035D0DF398FF9F8AF63D0E6CC63039F212F8F9020C7D47C6792B21C5FE7403D62A1188E2E60C98D7234A5830286103A55745067B9D86B8A3CF9C7F90C11DE607FB144396
310
D7B6A82D282E9A152AD114D5EF2CB866EEE831B8EEA07A7BB5A8D7D61A2BAAEB7FD5F70921FF497D00504B0304140006080800B670623B6378F24DFF000000A00100003B0000006662782F45374635344235342D363743322D343832342D383044432D4334454645303536354442422F7265736F75726365732F636F72652E
310
786D6C8D504B6E833010BD0A9A6D65B0094E42641C85B639412F6099496225D8C89FAAC7AF09546A77DDCC8CDE47F3F4C4F16B7C149FE88371B603565228D06A37187BED20C50BD9437194C23B177FC9A0B06AC40E6618A4B87A97A615D2CE46B431A3D60DB8822A048C50E8473E3A08FA86A32A558A5911EEE5A4F45D5DB1
310
6465A6B34E8A107D0E502C4FE609D26370C96B0CA25A58295232C3AA3143FE692E063D485EF7F5AEE71BD2D2F39634AFFC44DAF7DD9E9CCE6F9CD25DCBFA762BAAD92C4534E34F46ED51451C40D694B6843142EB0FD61C283F34FC85EE0F948A6A96FF31A569F8A729191B37F51A77B105902C0779125254735F793DCBCC7B
310
EE567E03504B010214000A0000080000B670623B3DEE336E79000000790000001B00000000000000000000000000000000006175746F6465736B2D64657369676E2D7061636B6167652E786D6C504B01021400140006080800B670623BD486FD9CA0000000F40000001300000000000000000000000000B20000005B436F6E
310
74656E745F54797065735D2E786D6C504B01021400140006080800B670623BBC1638F5EC0000007C010000080000000000000000000000000083010000636F72652E786D6C504B01021400140006080800B670623B55019EA25F0000007C000000070000000000000000000000000095020000636E782E786D6C504B010214
310
00140006080800B670623B3586FFB671010000D40300000C00000000000000000000000000190300006662782F636F72652E786D6C504B01021400140006080800B670623B4220A0FF7D0000009D0000000B00000000000000000000000000B40400006662782F636E782E786D6C504B01021400140006080800B670623B2F
310
A3FEDE290100001202000031000000000000000000000000005A0500006662782F45374635344235342D363743322D343832342D383044432D4334454645303536354442422F636F72652E786D6C504B01021400140006080800B670623B1B8617914E010000330300003000000000000000000000000000D2060000666278
310
2F45374635344235342D363743322D343832342D383044432D4334454645303536354442422F636E782E786D6C504B01021400140006080800B670623B29652116630500003C10000034000000000000000000000000006E0800006662782F45374635344235342D363743322D343832342D383044432D4334454645303536
310
354442422F6F626A656374732E786D6C504B01021400140006080000B670623B0000000000000000000000003500000000000000000000000000230E00006662782F45374635344235342D363743322D343832342D383044432D4334454645303536354442422F76657274696365732E62696E504B01021400140006080800
310
B670623BF270F13306000000040000003600000000000000000000000000760E00006662782F45374635344235342D363743322D343832342D383044432D4334454645303536354442422F747269616E676C65732E62696E504B01021400140006080000B670623B0000000000000000000000003700000000000000000000
310
000000D00E00006662782F45374635344235342D363743322D343832342D383044432D4334454645303536354442422F617474726962757465732E62696E504B01021400140006080800B670623B08DA0BD190000000410100003600000000000000000000000000250F00006662782F45374635344235342D363743322D34
310
3832342D383044432D4334454645303536354442422F6469726563746F72792E786D6C504B01021400140006080800B670623B6378F24DFF000000A00100003B00000000000000000000000000091000006662782F45374635344235342D363743322D343832342D383044432D4334454645303536354442422F7265736F75
310
726365732F636F72652E786D6C504B0506000000000E000E0080040000611100000000
  0
XRECORD
  5
18A
102
{ACAD_REACTORS
330
110
102
}
330
110
100
AcDbXrecord
280
     1
 70
     0
 90
1778669749
  1
9BF507EE-FAF7-4A99-A33D-4EE51894BC40
310
504B03040A0000080000B670623B3DEE336E79000000790000001B0000006175746F6465736B2D64657369676E2D7061636B6167652E786D6C3C3F786D6C2076657273696F6E3D22312E302220656E636F64696E673D227574662D3822203F3E3C666F726D6174733E3C666F726D61743E687474703A2F2F736368656D612E
310
6175746F6465736B2E636F6D2F64657369676E2D7061636B6167652F323030393C2F666F726D61743E3C2F666F726D6174733E504B0304140006080800B670623BD486FD9CA0000000F4000000130000005B436F6E74656E745F54797065735D2E786D6C7D8EC10E82300C865F65E91D8A1E8C310C0EEA1BF002731658846E
310
D98AC1B77784ABF1D8FE5FBFBF75BBCE937A534CCEB38643598122B6FEE978D0B0485F9C41B54DDD7D022595594E1A469170414C76A4D9A4D207E29CF43ECE46F218070CC6BECC4078ACAA135ACF422C856C0E68EA1BF5669944DDD7BCDE7B1F8E415D77AECB980613C2E4AC91FC167A2B244592486606FC29C8FD7F045B9A
310
EF7053A7E60B504B0304140006080800B670623BCA089DFFEC0000007C01000008000000636F72652E786D6C8D90416E83301045AF62CDB632D8402020E32882F604BD80653BC44AB011B6AB1EBF262152BBEB6A467FFE9B197D76FA9EEFE84BAFDE38DB03CD08206DA553C64E3DC470C1474027CE56E7C22F1B202B66DDC3
310
260367D3EAE2B24BD2D9A06D48AA754AEFA2F05E0740F29E9A1EBCBCEA59642286E4F0B76C11F226269DD15797E0188D42CF2346A57DE662F40ABCAEC77628C6120F654571D50C04B7F5B9C1E3997CD4F550BE3745C3F20DE62C98F9755FAE5A04AD801784B498524C8A4F5A75E4D055873772EC0861F966FF03C545FD138A
310
C686B2D8DF7D621E384D8F3C069CE55B16A93C824A75CB8DFF00504B0304140006080800B670623B55019EA25F0000007C00000007000000636E782E786D6C4DCB3B0E80201045D1AD90E915ED2CF8AC45050C11660C8261F98AB1B07AC9C97D42D718D865D3E909258CFD00CCE24AC6E326A164D74DC0B4128928FF326038
310
472BA13128B1252AC747C6BAB984FC68F0B87FE8960A5C09FE86CFB69FBA01504B0304140006080800B670623B68FC0B7272010000D40300000C0000006662782F636F72652E786D6CC5535B6E833010BC8AE5DF0A6C1E8124328E22D29EA01770C0A128602363A31CBFCB234A53A555FA553EC09AD9F5CE8C31DB5DDA060D
310
D2F4B556190E7C8A9154852E6B5565D8D993B7C668C799D1DA7E29C3488956667884316795D1AE5BA0422B2B950554E9522EA0E87B69312A1A5864B82F3E642B7CE12C54F467BF13C55954D20F7CA0A18EB3DE1A1080E621E31BF3D3F1C2C88C73E65C5D2E6C5DC2B4FA544B8379921C36797888BC3C8A032F4E73EA6D927D
310
EA1DF6F42D49F2E8350D5346C666CE6CDD5ED515460A2B4BCC434A375E1078347C0FE22D5D6DE3D50B5D6F2965642CBF6B725DF96493AB958DC245EEDCD6631E809089F8E61622B2A81703E8219C913144F84C09DF070D8140C8561C9BAB8F3340832CAC363130A576376A108D933095FA747AD0CF0B46E64E983A6D0EAE1F
310
CE089F9EF1FB8E70D44255604258581E9D1D75B259C3125A278D37D80B52DAB4A279CEC62F0EFF44DDC43F9454E8469BFF5244960322CBEF41C6FBC83F01504B0304140006080800B670623B0F71DDB67E0000009D0000000B0000006662782F636E782E786D6C4DCCD10A83201886E15B91FFDCA54DB73F502386BB8F5816
310
32D3703976F9ABD1C18E3E78F87855FB990379BBFCF2296AE02706C4C5471A7C9C349475A408A4352AA7B4FEDD80C47E761A7606A3A69CCA72D0E0C6BE8475D3E0E3F3409428EA6B27A84079A782899AA2EC1A7AE3ECCC2FD858CB2D544655BFD2B67BD87C01504B0304140006080800B670623BE134B4FB28010000120200
310
00310000006662782F38353834323741342D343835462D343034322D383541392D4331303331363839454531452F636F72652E786D6C8D515B6EC32010BC0AE22B55850D0EA424C24451959EA0172086A42831583CAA1CBF503B52FB971F16CDCECC0EACD8DFC71BF836215AEF7A481A0C817183D7D65D7A98D3197108F652
310
04EFD31F1A044E8DA6871586525C82CFD3020DDE25E352419DD76601558C264130DCCAA58771F832A36A544E8511AFCDA486ABBA988634A55D7852C4144A00300FA927949C71DABD1D28A29C7D208A6987383B6CD13BC16BB2E1DBE3911C453B0BA5C8D9EA456E758963CFD684674DAA588A64C747FC2118958C86B2C3788B
310
0841B8FB247487D98EB257CC77188BB6D2FF89F2A49F1465EBD2BA5BE2CEB2082511EDDC9042FB7CBA3DC298FBE4430275DE2A9AE1054ADC60CC08E3A29D89E5F9C5714317C7987C28DFBBBA9E0A97B0D97643A568EB864AF95D5FA9759BF207504B0304140006080800B670623B1B8617914E010000330300003000000066
310
62782F38353834323741342D343835462D343034322D383541392D4331303331363839454531452F636E782E786D6CD593C16EC32010447F0571AD6CE3D489D20813A9877E410FBD62D82434182CC055F3F75D1292E692438FBD206B7698593D61BEFD1E2DF982108D773D6D6B460938E5B571FB9ECE6957AD29D90A1EBC4F
310
77364A9C1CA1A759A682EF839FA72269D8C9D92654AD71C72206887E0E0A22CAF926B15E498B01E0AA19451807D01A34B919F16B070157417138917400F2F6FA41FCF0092A45DEE414C19BDC21783E4BD39D891265658C3D8DEA00A3ACE59CBC8678ACB54CB26EEB6BD7839D7E9348BE70AD9C8321B9BCA7F9A4A26C542347
310
DEE050F09802D22BA6749A800A394DD62899107273365E3C82CFC6A55557BC06C10774B7ABE7AEC3B0F34CF06446280E154026D0542C187BA9DAB6628BF7B6DBB0E5A65B3EB1F58631DE64BBE083F7B65CC218087E22CABB042E51D1F2268F1FE12B3EA24D40D63E9CFE00120194D60B9D5BC67FE6D39CDF37E20AF817881F
310
504B0304140006080800B670623B5933D422630500003B100000340000006662782F38353834323741342D343835462D343034322D383541392D4331303331363839454531452F6F626A656374732E786D6CAD575B6FA33814FE2B887D0642934E9B156594264D158D3A534DD4D13E548A0C38942D60649B4EBABF7E3F8321
310
40924EF6928780CDF1B97EE762EFF32E4B8D37CA45C2F21BD3B547A641F39045491EDF98A5DC5AD7A6F1D9F73863B243661A39C9E88DA9B64DDF8B392B0BBD15D12D295339D85DDEFE618890E6D434C2940871638AF08566C426A5641115AF764424B1E3EDCE76ED9AB0CF36E6A47819302D08A7B984A6D8CFC1C5A89572FB
310
CB91E9F89EA3BEFB9EFAD754E3D3544E654F5F7E920B49F2F040D880CDD89D2CEE2E2EA7D6E56432B6269F2E5CEB7679BBB0DCABF168FE693E9FCEEEA6102C240727AD09A75BD3BF876F78127A4EFDA9D5582B7E4CA590E5390D2BFB6161A5B3E618D182E611E2985001691DAB47FDA5AB7CD3F93C566B2DB2BB7D9E55DD13
310
1D468DEECDB3AB290BFE8409E21C54704115AA6AFF68436BFC8DF65E0B184BF5B74418199194272435D224E084BF9B3E481589EFF5D828747285706581E9BB7B7E5D5D911ABFC6EE312DB7659A2A689A7E85EC0DF04FA5A8344BFEA2FCB834E8845895492EAFB541F2BDA0A63FF59C6AD3F7D4637CA13FD68E34B629891172
310
98597F1D183A57B9B75A98FE9765B05BAB7C3C2EBCE0ACA05C2AF8005A4DE09AA7F29216EB9E15397500C6F47CBE77CA7778FE2BD277AF0AE2C693DD6437D1522427B9D8329E2136F6A8FA19A3E6C56ADF0E5F50CF06D48734EDCEBF22F69C56D97EC138153F804B85E6FABFC7AFEFB32E523BE1F3BD372418E363EDCA7548
310
52949E8724474014288D94610BB57C1BEC4C7F854A89CA8E5324F55B871CBC78CE1BBEE3BFE68D6A5589EF3C730474506FCFA8FCF0659516D0ED04580EEA6425581B77CAE797FF4BCECC16EB2FEB926F49481F746159D06D922712BD730FDEAE42BD40F42C7AA5EF3F198F60E86110D6DD20645A9480B795CF95E3E3A659A8
310
C55E724F408873315335CFFB8584874484344D494E59D94869DB90C26A5B64F49C802CAC1D3ABE18A098D3B7444D123D8A9E5AE8F5214F0AE5B2B6E9B575DA3E61CBD3EA2B4009FA940524DD1305FB6A1FB294F14DF0BEA90BA109ECE1481FDC3FFAE8D60E75141700BE82725371B4873751B2DD960265F788137FACE6DD40
310
B575E4F0A5C99F46629D92131467A41EE11ABD8D4CCC039CA0AFB37C93A08B232B8F0AEFCA1E0A1015DF13FC83322B362463652ECF71D3A8B1A7D1BE65DE1D62C44F22C317D35F574FEB16153BA2D13E543D10A80E74C4A65E78A6B7CBCBD1D5DD9DB59C2DAFACC96C3AB566E3F1C29ADCDD5DBAD7D3C9ED7C822ED74F80A6
310
41755310DE4443F44A9E68373FADF6596BFA0F440AE7BECE2727AE9F4F2B1B53B1E7E00CF0DD1E5C65454A339A4BA2D0FBA05ED2EF0443458F47BDBFCA484CCFE0F2ED7E3DD0013B679C7B5499467F0ECEEADDB9CA85A34CE44B99053949D2C1416DB85DE4B136BB7165FBAC0B7AB3542BED4F8CA182A549847A1319316519
310
95A83A67147B9E5101C47487F2485F1ECE38FD568F839204296D3479219888530154036E6528FBFBC66F98E0D4107563A2D7D9AFF8D389681A08F58D89F22693900A3B407754734FC51C10C010D6D640809EE4718AC1BA3ED4AEDB53CA37283F68805A7E4B72CEB0A4EDEAD5DD8C14059A76AFAA56BA6901E13F32BC51C720
310
12AF41295B5BF61BAD3195181FB506E6B40F4C10AF5AF40EF9F5B159AE5DD1F43C72D635E94310D45C2D49785C5D0B94D3B54AB3C5A38349C0587D338AB48C11CBF339599C02CCA54A70A008A8D03C0B2201D5F9EFCF8F9CE12A9A19CB0410789EB32C63B95ECCF455D658BFE0621A3DA32C5075FB101723D77DAE867E7D0F
310
D90444509B44E2151B4DC2290B065803200FBAA9BE9D392A0603F2D5C2D00D6302A615680F66D2FA166E2079D4C551A54AB758161FCEFD4E450A14704CECFEDF504B0304140006080000B670623B000000000000000000000000350000006662782F38353834323741342D343835462D343034322D383541392D4331303331
310
363839454531452F76657274696365732E62696E504B0304140006080800B670623BF270F1330600000004000000360000006662782F38353834323741342D343835462D343034322D383541392D4331303331363839454531452F747269616E676C65732E62696E636660600000504B0304140006080000B670623B000000
310
000000000000000000370000006662782F38353834323741342D343835462D343034322D383541392D4331303331363839454531452F617474726962757465732E62696E504B0304140006080800B670623B08DA0BD19000000041010000360000006662782F38353834323741342D343835462D343034322D383541392D43
310
31303331363839454531452F6469726563746F72792E786D6C858F410AC3201045AF22B36F53E9A60B35CBEEBAE80D244E44489C6234F4F835464A48035D0DF398FF9F8AF63D0E6CC63039F212F8F9020C7D47C6792B21C5FE7403D62A1188E2E60C98D7234A5830286103A55745067B9D86B8A3CF9C7F90C11DE607FB1443
310
96D7B6A82D282E9A152AD114D5EF2CB866EEE831B8EEA07A7BB5A8D7D61A2BAAEB7FD5F70921FF497D00504B0304140006080800B670623BD9A3B367FE000000A00100003B0000006662782F38353834323741342D343835462D343034322D383541392D4331303331363839454531452F7265736F75726365732F636F7265
310
2E786D6C8D504B6E833010BD0A9A6D65B01D0201194711694FD00B586642AD043BF2A7EAF16B122AB5BB6E6646EFA3797AE2F8B5DC8A4FF4C1383B002B291468B59B8C9D0748F1420E501CA5F0CEC55F3228AC5A708015062966EFD27D83B4B3116DCCA875136EA00A012314FA968F0182FEC045952AC5AC08D7F2AEF455CD
310
58B232D3592745883E07289E4FD609D26370C96B0CA27AB252A464A64D63A6FCD35C0C7A904D73EE467EE664DCD58CD4ED4849D79C5A723ED1B7A61977AF2D6F45B59AA58866F9C9A83DAA8813484E6947182394BFB3BAA7FBBEDEBFD0434FA9A856F91F53BA4FFF342563E38E6F719FB60092E5200F428A6AED2BAF479979
310
AFDDCA6F504B010214000A0000080000B670623B3DEE336E79000000790000001B00000000000000000000000000000000006175746F6465736B2D64657369676E2D7061636B6167652E786D6C504B01021400140006080800B670623BD486FD9CA0000000F40000001300000000000000000000000000B20000005B436F6E
310
74656E745F54797065735D2E786D6C504B01021400140006080800B670623BCA089DFFEC0000007C010000080000000000000000000000000083010000636F72652E786D6C504B01021400140006080800B670623B55019EA25F0000007C000000070000000000000000000000000095020000636E782E786D6C504B010214
310
00140006080800B670623B68FC0B7272010000D40300000C00000000000000000000000000190300006662782F636F72652E786D6C504B01021400140006080800B670623B0F71DDB67E0000009D0000000B00000000000000000000000000B50400006662782F636E782E786D6C504B01021400140006080800B670623BE1
310
34B4FB280100001202000031000000000000000000000000005C0500006662782F38353834323741342D343835462D343034322D383541392D4331303331363839454531452F636F72652E786D6C504B01021400140006080800B670623B1B8617914E010000330300003000000000000000000000000000D3060000666278
310
2F38353834323741342D343835462D343034322D383541392D4331303331363839454531452F636E782E786D6C504B01021400140006080800B670623B5933D422630500003B10000034000000000000000000000000006F0800006662782F38353834323741342D343835462D343034322D383541392D4331303331363839
310
454531452F6F626A656374732E786D6C504B01021400140006080000B670623B0000000000000000000000003500000000000000000000000000240E00006662782F38353834323741342D343835462D343034322D383541392D4331303331363839454531452F76657274696365732E62696E504B01021400140006080800
310
B670623BF270F13306000000040000003600000000000000000000000000770E00006662782F38353834323741342D343835462D343034322D383541392D4331303331363839454531452F747269616E676C65732E62696E504B01021400140006080000B670623B0000000000000000000000003700000000000000000000
310
000000D10E00006662782F38353834323741342D343835462D343034322D383541392D4331303331363839454531452F617474726962757465732E62696E504B01021400140006080800B670623B08DA0BD190000000410100003600000000000000000000000000260F00006662782F38353834323741342D343835462D34
310
3034322D383541392D4331303331363839454531452F6469726563746F72792E786D6C504B01021400140006080800B670623BD9A3B367FE000000A00100003B000000000000000000000000000A1000006662782F38353834323741342D343835462D343034322D383541392D4331303331363839454531452F7265736F75
310
726365732F636F72652E786D6C504B0506000000000E000E0080040000611100000000
  0
CELLSTYLEMAP
  5
8C50
102
{ACAD_REACTORS
330
8C4F
102
}
330
8C4F
100
AcDbCellStyleMap
 90
        3
300
CELLSTYLE
  1
TABLEFORMAT_BEGIN
 90
        5
170
     1
 91
        0
 92
    32768
 62
   257
 93
        1
300
CONTENTFORMAT
  1
CONTENTFORMAT_BEGIN
 90
        0
 91
        0
 92
      512
 93
        0
300

 40
0.0
140
1.0
 94
        5
 62
     0
340
11
144
0.25
309
CONTENTFORMAT_END
171
     1
301
MARGIN
  1
CELLMARGIN_BEGIN
 40
0.06
 40
0.06
 40
0.06
 40
0.06
 40
0.18
 40
0.18
309
CELLMARGIN_END
 94
        6
 95
        1
302
GRIDFORMAT
  1
GRIDFORMAT_BEGIN
 90
        0
 91
        1
 62
     0
 92
       -2
340
0
 93
        0
 40
0.045
309
GRIDFORMAT_END
 95
        2
302
GRIDFORMAT
  1
GRIDFORMAT_BEGIN
 90
        0
 91
        1
 62
     0
 92
       -2
340
0
 93
        0
 40
0.045
309
GRIDFORMAT_END
 95
        4
302
GRIDFORMAT
  1
GRIDFORMAT_BEGIN
 90
        0
 91
        1
 62
     0
 92
       -2
340
0
 93
        0
 40
0.045
309
GRIDFORMAT_END
 95
        8
302
GRIDFORMAT
  1
GRIDFORMAT_BEGIN
 90
        0
 91
        1
 62
     0
 92
       -2
340
0
 93
        0
 40
0.045
309
GRIDFORMAT_END
 95
       16
302
GRIDFORMAT
  1
GRIDFORMAT_BEGIN
 90
        0
 91
        1
 62
     0
 92
       -2
340
0
 93
        0
 40
0.045
309
GRIDFORMAT_END
 95
       32
302
GRIDFORMAT
  1
GRIDFORMAT_BEGIN
 90
        0
 91
        1
 62
     0
 92
       -2
340
0
 93
        0
 40
0.045
309
GRIDFORMAT_END
309
TABLEFORMAT_END
  1
CELLSTYLE_BEGIN
 90
        1
 91
        1
300
_TITLE
309
CELLSTYLE_END
300
CELLSTYLE
  1
TABLEFORMAT_BEGIN
 90
        5
170
     1
 91
        0
 92
        0
 62
   257
 93
        1
300
CONTENTFORMAT
  1
CONTENTFORMAT_BEGIN
 90
        0
 91
        0
 92
      512
 93
        0
300

 40
0.0
140
1.0
 94
        5
 62
     0
340
11
144
0.18
309
CONTENTFORMAT_END
171
     1
301
MARGIN
  1
CELLMARGIN_BEGIN
 40
0.06
 40
0.06
 40
0.06
 40
0.06
 40
0.18
 40
0.18
309
CELLMARGIN_END
 94
        6
 95
        1
302
GRIDFORMAT
  1
GRIDFORMAT_BEGIN
 90
        0
 91
        1
 62
     0
 92
       -2
340
0
 93
        0
 40
0.045
309
GRIDFORMAT_END
 95
        2
302
GRIDFORMAT
  1
GRIDFORMAT_BEGIN
 90
        0
 91
        1
 62
     0
 92
       -2
340
0
 93
        0
 40
0.045
309
GRIDFORMAT_END
 95
        4
302
GRIDFORMAT
  1
GRIDFORMAT_BEGIN
 90
        0
 91
        1
 62
     0
 92
       -2
340
0
 93
        0
 40
0.045
309
GRIDFORMAT_END
 95
        8
302
GRIDFORMAT
  1
GRIDFORMAT_BEGIN
 90
        0
 91
        1
 62
     0
 92
       -2
340
0
 93
        0
 40
0.045
309
GRIDFORMAT_END
 95
       16
302
GRIDFORMAT
  1
GRIDFORMAT_BEGIN
 90
        0
 91
        1
 62
     0
 92
       -2
340
0
 93
        0
 40
0.045
309
GRIDFORMAT_END
 95
       32
302
GRIDFORMAT
  1
GRIDFORMAT_BEGIN
 90
        0
 91
        1
 62
     0
 92
       -2
340
0
 93
        0
 40
0.045
309
GRIDFORMAT_END
309
TABLEFORMAT_END
  1
CELLSTYLE_BEGIN
 90
        2
 91
        1
300
_HEADER
309
CELLSTYLE_END
300
CELLSTYLE
  1
TABLEFORMAT_BEGIN
 90
        5
170
     1
 91
        0
 92
        0
 62
   257
 93
        1
300
CONTENTFORMAT
  1
CONTENTFORMAT_BEGIN
 90
        0
 91
        0
 92
      512
 93
        0
300

 40
0.0
140
1.0
 94
        2
 62
     0
340
11
144
0.18
309
CONTENTFORMAT_END
171
     1
301
MARGIN
  1
CELLMARGIN_BEGIN
 40
0.06
 40
0.06
 40
0.06
 40
0.06
 40
0.18
 40
0.18
309
CELLMARGIN_END
 94
        6
 95
        1
302
GRIDFORMAT
  1
GRIDFORMAT_BEGIN
 90
        0
 91
        1
 62
     0
 92
       -2
340
0
 93
        0
 40
0.045
309
GRIDFORMAT_END
 95
        2
302
GRIDFORMAT
  1
GRIDFORMAT_BEGIN
 90
        0
 91
        1
 62
     0
 92
       -2
340
0
 93
        0
 40
0.045
309
GRIDFORMAT_END
 95
        4
302
GRIDFORMAT
  1
GRIDFORMAT_BEGIN
 90
        0
 91
        1
 62
     0
 92
       -2
340
0
 93
        0
 40
0.045
309
GRIDFORMAT_END
 95
        8
302
GRIDFORMAT
  1
GRIDFORMAT_BEGIN
 90
        0
 91
        1
 62
     0
 92
       -2
340
0
 93
        0
 40
0.045
309
GRIDFORMAT_END
 95
       16
302
GRIDFORMAT
  1
GRIDFORMAT_BEGIN
 90
        0
 91
        1
 62
     0
 92
       -2
340
0
 93
        0
 40
0.045
309
GRIDFORMAT_END
 95
       32
302
GRIDFORMAT
  1
GRIDFORMAT_BEGIN
 90
        0
 91
        1
 62
     0
 92
       -2
340
0
 93
        0
 40
0.045
309
GRIDFORMAT_END
309
TABLEFORMAT_END
  1
CELLSTYLE_BEGIN
 90
        3
 91
        2
300
_DATA
309
CELLSTYLE_END
  0
ENDSEC
  0
EOF
