  0
SECTION
  2
HEADER
  9
$ACADVER
  1
AC1032
  9
$ACADMAINTVER
 90
       55
  9
$DWGCODEPAGE
  3
ANSI_1252
  9
$LASTSAVEDBY
  1
USTS-CP-L-44 - User
  9
$REQUIREDVERSIONS
160
                 0
  9
$INSBASE
 10
0.0
 20
0.0
 30
0.0
  9
$EXTMIN
 10
46.86212904410101
 20
65.8471944729726
 30
0.0
  9
$EXTMAX
 10
351.967299180531
 20
278.6658066360948
 30
0.849233469199126
  9
$LIMMIN
 10
0.0
 20
0.0
  9
$LIMMAX
 10
12.0
 20
9.0
  9
$ORTHOMODE
 70
     1
  9
$REGENMODE
 70
     1
  9
$FILLMODE
 70
     1
  9
$QTEXTMODE
 70
     0
  9
$MIRRTEXT
 70
     0
  9
$LTSCALE
 40
1.0
  9
$ATTMODE
 70
     1
  9
$TEXTSIZE
 40
2.2
  9
$TRACEWID
 40
0.05
  9
$TEXTSTYLE
  7
ISOCP
  9
$CLAYER
  8
0
  9
$CELTYPE
  6
ByLayer
  9
$CECOLOR
 62
   256
  9
$CELTSCALE
 40
1.0
  9
$DISPSILH
 70
     0
  9
$DIMSCALE
 40
1.0
  9
$DIMASZ
 40
0.18
  9
$DIMEXO
 40
0.0625
  9
$DIMDLI
 40
0.38
  9
$DIMRND
 40
0.0
  9
$DIMDLE
 40
0.0
  9
$DIMEXE
 40
0.18
  9
$DIMTP
 40
0.0
  9
$DIMTM
 40
0.0
  9
$DIMTXT
 40
0.18
  9
$DIMCEN
 40
0.09
  9
$DIMTSZ
 40
0.0
  9
$DIMTOL
 70
     0
  9
$DIMLIM
 70
     0
  9
$DIMTIH
 70
     1
  9
$DIMTOH
 70
     1
  9
$DIMSE1
 70
     0
  9
$DIMSE2
 70
     0
  9
$DIMTAD
 70
     0
  9
$DIMZIN
 70
     0
  9
$DIMBLK
  1

  9
$DIMASO
 70
     1
  9
$DIMSHO
 70
     1
  9
$DIMPOST
  1

  9
$DIMAPOST
  1

  9
$DIMALT
 70
     0
  9
$DIMALTD
 70
     2
  9
$DIMALTF
 40
25.4
  9
$DIMLFAC
 40
1.0
  9
$DIMTOFL
 70
     0
  9
$DIMTVP
 40
0.0
  9
$DIMTIX
 70
     0
  9
$DIMSOXD
 70
     0
  9
$DIMSAH
 70
     0
  9
$DIMBLK1
  1

  9
$DIMBLK2
  1

  9
$DIMSTYLE
  2
Standard
  9
$DIMCLRD
 70
     0
  9
$DIMCLRE
 70
     0
  9
$DIMCLRT
 70
     0
  9
$DIMTFAC
 40
1.0
  9
$DIMGAP
 40
0.09
  9
$DIMJUST
 70
     0
  9
$DIMSD1
 70
     0
  9
$DIMSD2
 70
     0
  9
$DIMTOLJ
 70
     1
  9
$DIMTZIN
 70
     0
  9
$DIMALTZ
 70
     0
  9
$DIMALTTZ
 70
     0
  9
$DIMUPT
 70
     0
  9
$DIMDEC
 70
     4
  9
$DIMTDEC
 70
     4
  9
$DIMALTU
 70
     2
  9
$DIMALTTD
 70
     2
  9
$DIMTXSTY
  7
Standard
  9
$DIMAUNIT
 70
     0
  9
$DIMADEC
 70
     0
  9
$DIMALTRND
 40
0.0
  9
$DIMAZIN
 70
     0
  9
$DIMDSEP
 70
    46
  9
$DIMATFIT
 70
     3
  9
$DIMFRAC
 70
     0
  9
$DIMLDRBLK
  1

  9
$DIMLUNIT
 70
     2
  9
$DIMLWD
 70
    -2
  9
$DIMLWE
 70
    -2
  9
$DIMTMOVE
 70
     0
  9
$DIMFXL
 40
1.0
  9
$DIMFXLON
 70
     0
  9
$DIMJOGANG
 40
0.7853981633974483
  9
$DIMTFILL
 70
     0
  9
$DIMTFILLCLR
 70
     0
  9
$DIMARCSYM
 70
     0
  9
$DIMLTYPE
  6

  9
$DIMLTEX1
  6

  9
$DIMLTEX2
  6

  9
$DIMTXTDIRECTION
 70
     0
  9
$LUNITS
 70
     2
  9
$LUPREC
 70
     4
  9
$SKETCHINC
 40
0.1
  9
$FILLETRAD
 40
0.0
  9
$AUNITS
 70
     0
  9
$AUPREC
 70
     0
  9
$MENU
  1
.
  9
$ELEVATION
 40
0.0
  9
$PELEVATION
 40
0.0
  9
$THICKNESS
 40
0.0
  9
$LIMCHECK
 70
     0
  9
$CHAMFERA
 40
0.0
  9
$CHAMFERB
 40
0.0
  9
$CHAMFERC
 40
0.0
  9
$CHAMFERD
 40
0.0
  9
$SKPOLY
 70
     0
  9
$TDCREATE
 40
2460403.541990741
  9
$TDUCREATE
 40
2460403.312824074
  9
$TDUPDATE
 40
2461251.490312361
  9
$TDUUPDATE
 40
2461251.261145695
  9
$TDINDWG
 40
0.0
  9
$TDUSRTIMER
 40
0.0
  9
$USRTIMER
 70
     1
  9
$ANGBASE
 50
0.0
  9
$ANGDIR
 70
     0
  9
$PDMODE
 70
     0
  9
$PDSIZE
 40
0.0
  9
$PLINEWID
 40
0.0
  9
$SPLFRAME
 70
     0
  9
$SPLINETYPE
 70
     6
  9
$SPLINESEGS
 70
     8
  9
$HANDSEED
  5
7A75
  9
$SURFTAB1
 70
     6
  9
$SURFTAB2
 70
     6
  9
$SURFTYPE
 70
     6
  9
$SURFU
 70
     6
  9
$SURFV
 70
     6
  9
$UCSBASE
  2

  9
$UCSNAME
  2

  9
$UCSORG
 10
0.0
 20
0.0
 30
0.0
  9
$UCSXDIR
 10
1.0
 20
0.0
 30
0.0
  9
$UCSYDIR
 10
0.0
 20
1.0
 30
0.0
  9
$UCSORTHOREF
  2

  9
$UCSORTHOVIEW
 70
     0
  9
$UCSORGTOP
 10
0.0
 20
0.0
 30
0.0
  9
$UCSORGBOTTOM
 10
0.0
 20
0.0
 30
0.0
  9
$UCSORGLEFT
 10
0.0
 20
0.0
 30
0.0
  9
$UCSORGRIGHT
 10
0.0
 20
0.0
 30
0.0
  9
$UCSORGFRONT
 10
0.0
 20
0.0
 30
0.0
  9
$UCSORGBACK
 10
0.0
 20
0.0
 30
0.0
  9
$PUCSBASE
  2

  9
$PUCSNAME
  2

  9
$PUCSORG
 10
0.0
 20
0.0
 30
0.0
  9
$PUCSXDIR
 10
1.0
 20
0.0
 30
0.0
  9
$PUCSYDIR
 10
0.0
 20
1.0
 30
0.0
  9
$PUCSORTHOREF
  2

  9
$PUCSORTHOVIEW
 70
     0
  9
$PUCSORGTOP
 10
0.0
 20
0.0
 30
0.0
  9
$PUCSORGBOTTOM
 10
0.0
 20
0.0
 30
0.0
  9
$PUCSORGLEFT
 10
0.0
 20
0.0
 30
0.0
  9
$PUCSORGRIGHT
 10
0.0
 20
0.0
 30
0.0
  9
$PUCSORGFRONT
 10
0.0
 20
0.0
 30
0.0
  9
$PUCSORGBACK
 10
0.0
 20
0.0
 30
0.0
  9
$USERI1
 70
     0
  9
$USERI2
 70
     0
  9
$USERI3
 70
     0
  9
$USERI4
 70
     0
  9
$USERI5
 70
     0
  9
$USERR1
 40
0.0
  9
$USERR2
 40
0.0
  9
$USERR3
 40
0.0
  9
$USERR4
 40
0.0
  9
$USERR5
 40
0.0
  9
$WORLDVIEW
 70
     1
  9
$SHADEDGE
 70
     3
  9
$SHADEDIF
 70
    70
  9
$TILEMODE
 70
     1
  9
$MAXACTVP
 70
    64
  9
$PINSBASE
 10
0.0
 20
0.0
 30
0.0
  9
$PLIMCHECK
 70
     0
  9
$PEXTMIN
 10
0.0
 20
0.0
 30
0.0
  9
$PEXTMAX
 10
0.0
 20
0.0
 30
0.0
  9
$PLIMMIN
 10
0.0
 20
0.0
  9
$PLIMMAX
 10
0.0
 20
0.0
  9
$UNITMODE
 70
     0
  9
$VISRETAIN
 70
     1
  9
$PLINEGEN
 70
     0
  9
$PSLTSCALE
 70
     1
  9
$TREEDEPTH
 70
  3020
  9
$CMLSTYLE
  2
Standard
  9
$CMLJUST
 70
     0
  9
$CMLSCALE
 40
1.0
  9
$PROXYGRAPHICS
 70
     1
  9
$MEASUREMENT
 70
     0
  9
$CELWEIGHT
370
    -1
  9
$ENDCAPS
280
     0
  9
$JOINSTYLE
280
     0
  9
$LWDISPLAY
290
     0
  9
$INSUNITS
 70
     4
  9
$HYPERLINKBASE
  1

  9
$STYLESHEET
  1

  9
$XEDIT
290
     1
  9
$CEPSNTYPE
380
     0
  9
$PSTYLEMODE
290
     1
  9
$FINGERPRINTGUID
  2
{B3C17FDA-5D3E-0449-B746-50678B212CAE}
  9
$VERSIONGUID
  2
{13526855-5E24-4A40-B0EC-EFFC106D1679}
  9
$EXTNAMES
290
     1
  9
$PSVPSCALE
 40
0.0
  9
$OLESTARTUP
290
     0
  9
$SORTENTS
280
   127
  9
$INDEXCTL
280
     0
  9
$HIDETEXT
280
     1
  9
$XCLIPFRAME
280
     2
  9
$HALOGAP
280
     0
  9
$OBSCOLOR
 70
   257
  9
$OBSLTYPE
280
     0
  9
$INTERSECTIONDISPLAY
280
     0
  9
$INTERSECTIONCOLOR
 70
   257
  9
$DIMASSOC
280
     2
  9
$PROJECTNAME
  1

  9
$CAMERADISPLAY
290
     0
  9
$LENSLENGTH
 40
50.0
  9
$CAMERAHEIGHT
 40
0.0
  9
$STEPSPERSEC
 40
2.0
  9
$STEPSIZE
 40
6.0
  9
$3DDWFPREC
 40
2.0
  9
$PSOLWIDTH
 40
0.25
  9
$PSOLHEIGHT
 40
4.0
  9
$LOFTANG1
 40
1.570796326794897
  9
$LOFTANG2
 40
1.570796326794897
  9
$LOFTMAG1
 40
0.0
  9
$LOFTMAG2
 40
0.0
  9
$LOFTPARAM
 70
     7
  9
$LOFTNORMALS
280
     1
  9
$LATITUDE
 40
37.795
  9
$LONGITUDE
 40
-122.394
  9
$NORTHDIRECTION
 40
0.0
  9
$TIMEZONE
 70
 -8000
  9
$LIGHTGLYPHDISPLAY
280
     1
  9
$TILEMODELIGHTSYNCH
280
     1
  9
$CMATERIAL
347
96
  9
$SOLIDHIST
280
     0
  9
$SHOWHIST
280
     1
  9
$DWFFRAME
280
     2
  9
$DGNFRAME
280
     0
  9
$REALWORLDSCALE
290
     1
  9
$INTERFERECOLOR
 62
     1
  9
$CSHADOW
280
     0
  9
$SHADOWPLANELOCATION
 40
0.0
  0
ENDSEC
  0
SECTION
  2
CLASSES
  0
CLASS
  1
ACDBDICTIONARYWDFLT
  2
AcDbDictionaryWithDefault
  3
ObjectDBX Classes
 90
        0
 91
        3
280
     0
281
     0
  0
CLASS
  1
ACDBPLACEHOLDER
  2
AcDbPlaceHolder
  3
ObjectDBX Classes
 90
        0
 91
        1
280
     0
281
     0
  0
CLASS
  1
LAYOUT
  2
AcDbLayout
  3
ObjectDBX Classes
 90
        0
 91
        1
280
     0
281
     0
  0
CLASS
  1
DICTIONARYVAR
  2
AcDbDictionaryVar
  3
ObjectDBX Classes
 90
        0
 91
        3
280
     0
281
     0
  0
CLASS
  1
TABLESTYLE
  2
AcDbTableStyle
  3
ObjectDBX Classes
 90
     4095
 91
        3
280
     0
281
     0
  0
CLASS
  1
MATERIAL
  2
AcDbMaterial
  3
ObjectDBX Classes
 90
     1153
 91
        3
280
     0
281
     0
  0
CLASS
  1
VISUALSTYLE
  2
AcDbVisualStyle
  3
ObjectDBX Classes
 90
     4095
 91
        3
280
     0
281
     0
  0
CLASS
  1
SCALE
  2
AcDbScale
  3
ObjectDBX Classes
 90
     1153
 91
        3
280
     0
281
     0
  0
CLASS
  1
MLEADERSTYLE
  2
AcDbMLeaderStyle
  3
ACDB_MLEADERSTYLE_CLASS
 90
     4095
 91
        3
280
     0
281
     0
  0
CLASS
  1
CELLSTYLEMAP
  2
AcDbCellStyleMap
  3
ObjectDBX Classes
 90
     1152
 91
        3
280
     0
281
     0
  0
CLASS
  1
EXACXREFPANELOBJECT
  2
ExAcXREFPanelObject
  3
EXAC_ESW
 90
     1025
 91
        1
280
     1
281
     0
  0
CLASS
  1
NPOCOLLECTION
  2
AcDbImpNonPersistentObjectsCollection
  3
ObjectDBX Classes
 90
     1153
 91
        1
280
     1
281
     0
  0
CLASS
  1
LAYER_INDEX
  2
AcDbLayerIndex
  3
ObjectDBX Classes
 90
        0
 91
        3
280
     0
281
     0
  0
CLASS
  1
SPATIAL_INDEX
  2
AcDbSpatialIndex
  3
AutoCAD 2000
 90
        0
 91
        3
280
     0
281
     0
  0
CLASS
  1
IDBUFFER
  2
AcDbIdBuffer
  3
ObjectDBX Classes
 90
        0
 91
        3
280
     0
281
     0
  0
CLASS
  1
ACDBSECTIONVIEWSTYLE
  2
AcDbSectionViewStyle
  3
ObjectDBX Classes
 90
     1025
 91
        3
280
     0
281
     0
  0
CLASS
  1
ACDBDETAILVIEWSTYLE
  2
AcDbDetailViewStyle
  3
ObjectDBX Classes
 90
     1025
 91
        3
280
     0
281
     0
  0
CLASS
  1
ACAD_EVALUATION_GRAPH
  2
AcDbEvalGraph
  3
ObjectDBX Classes
 90
     1153
 91
        3
280
     0
281
     0
  0
CLASS
  1
ACAECUSTOBJ
  2
AcAeEditorObj
  3
AcAeEditorObj
 90
     1024
 91
        1
280
     1
281
     0
  0
CLASS
  1
ACDB_DYNAMICBLOCKPURGEPREVENTER_VERSION
  2
AcDbDynamicBlockPurgePreventer
  3
ObjectDBX Classes
 90
     1153
 91
        3
280
     0
281
     0
  0
CLASS
  1
SORTENTSTABLE
  2
AcDbSortentsTable
  3
ObjectDBX Classes
 90
        0
 91
        3
280
     0
281
     0
  0
CLASS
  1
SUN
  2
AcDbSun
  3
SCENEOE
 90
     1153
 91
        3
280
     0
281
     0
  0
CLASS
  1
RASTERVARIABLES
  2
AcDbRasterVariables
  3
ISM
 90
        0
 91
        3
280
     0
281
     0
  0
CLASS
  1
MULTILEADER
  2
AcDbMLeader
  3
ACDB_MLEADER_CLASS
 90
     1025
 91
        3
280
     0
281
     1
  0
CLASS
  1
FIELD
  2
AcDbField
  3
ObjectDBX Classes
 90
     1152
 91
        3
280
     0
281
     0
  0
CLASS
  1
FIELDLIST
  2
AcDbFieldList
  3
ObjectDBX Classes
 90
     1152
 91
        3
280
     0
281
     0
  0
CLASS
  1
MENTALRAYRENDERSETTINGS
  2
AcDbMentalRayRenderSettings
  3
SCENEOE
 90
     1024
 91
        3
280
     0
281
     0
  0
ENDSEC
  0
SECTION
  2
TABLES
  0
TABLE
  2
VPORT
  5
8
330
0
100
AcDbSymbolTable
 70
     1
  0
VPORT
  5
7A14
330
8
100
AcDbSymbolTableRecord
100
AcDbViewportTableRecord
  2
*Active
 70
     0
 10
0.0
 20
0.0
 11
1.0
 21
1.0
 12
-52.55320827944735
 22
25.96243212151697
 13
0.0
 23
0.0
 14
0.5
 24
0.5
 15
0.5
 25
0.5
 16
0.0
 26
0.0
 36
1.0
 17
210.0
 27
148.5
 37
0.0
 40
217.0749844063845
 41
4.01673640167364
 42
50.0
 43
0.0
 44
0.0
 50
0.0
 51
0.0
 71
    16
 72
  1000
 73
     1
 74
     3
 75
     0
 76
     1
 77
     0
 78
     1
281
     0
 65
     1
110
0.0
120
0.0
130
0.0
111
1.0
121
0.0
131
0.0
112
0.0
122
1.0
132
0.0
 79
     0
146
0.0
348
9F
 60
     3
 61
     5
292
     1
282
     1
141
0.0
142
0.0
 63
   250
421
  3355443
361
7A15
1001
ACAD_NAV_VCDISPLAY
1070
     3
  0
ENDTAB
  0
TABLE
  2
LTYPE
  5
5
330
0
100
AcDbSymbolTable
 70
     2
  0
LTYPE
  5
14
330
5
100
AcDbSymbolTableRecord
100
AcDbLinetypeTableRecord
  2
ByBlock
 70
     0
  3

 72
    65
 73
     0
 40
0.0
  0
LTYPE
  5
15
330
5
100
AcDbSymbolTableRecord
100
AcDbLinetypeTableRecord
  2
ByLayer
 70
     0
  3

 72
    65
 73
     0
 40
0.0
  0
LTYPE
  5
16
330
5
100
AcDbSymbolTableRecord
100
AcDbLinetypeTableRecord
  2
Continuous
 70
     0
  3
Solid line
 72
    65
 73
     0
 40
0.0
  0
LTYPE
  5
687C
330
5
100
AcDbSymbolTableRecord
100
AcDbLinetypeTableRecord
  2
AM_ISO08W050
 70
     0
  3
____ . ____ . ____ . ____ . ____ . ____ . ____
 72
    65
 73
     4
 40
18.0
 49
12.0
 74
     0
 49
-1.5
 74
     0
 49
3.0
 74
     0
 49
-1.5
 74
     0
  0
ENDTAB
  0
TABLE
  2
LAYER
  5
2
102
{ACAD_XDICTIONARY
360
18E
102
}
330
0
100
AcDbSymbolTable
 70
     7
  0
LAYER
  5
10
330
2
100
AcDbSymbolTableRecord
100
AcDbLayerTableRecord
  2
0
 70
     0
 62
     7
  6
Continuous
370
    -3
390
F
347
98
348
0
  0
LAYER
  5
64EA
330
2
100
AcDbSymbolTableRecord
100
AcDbLayerTableRecord
  2
FUZEBLOCK.INSERT
 70
     0
 62
     7
  6
Continuous
370
    -3
390
F
347
98
348
0
  0
LAYER
  5
64EE
330
2
100
AcDbSymbolTableRecord
100
AcDbLayerTableRecord
  2
FUZEBLOCK.LAYER
 70
     0
 62
     7
  6
Continuous
370
    -3
390
F
347
98
348
0
  0
LAYER
  5
64EF
330
2
100
AcDbSymbolTableRecord
100
AcDbLayerTableRecord
  2
FUZEENDBLOCK.INSERT
 70
     0
 62
     7
  6
Continuous
370
    -3
390
F
347
98
348
0
  0
LAYER
  5
64F0
330
2
100
AcDbSymbolTableRecord
100
AcDbLayerTableRecord
  2
FUZEENDBLOCK.LAYER
 70
     0
 62
     7
  6
Continuous
370
    -3
390
F
347
98
348
0
  0
LAYER
  5
687B
330
2
100
AcDbSymbolTableRecord
100
AcDbLayerTableRecord
  2
AM_7
 70
     0
 62
     4
  6
AM_ISO08W050
370
    25
390
F
347
98
348
0
1001
AcAecLayerStandard
1000

1000

  0
LAYER
  5
687E
330
2
100
AcDbSymbolTableRecord
100
AcDbLayerTableRecord
  2
PPTC
 70
     0
 62
     7
  6
Continuous
370
    -3
390
F
347
98
348
0
1001
AcAecLayerStandard
1000

1000

1001
AcCmTransparency
1071
        0
  0
ENDTAB
  0
TABLE
  2
STYLE
  5
3
330
0
100
AcDbSymbolTable
 70
     3
  0
STYLE
  5
11
330
3
100
AcDbSymbolTableRecord
100
AcDbTextStyleTableRecord
  2
Standard
 70
     0
 40
0.0
 41
1.0
 50
0.0
 71
     0
 42
2.2
  3
arial.ttf
  4

1001
ACAD
1000
Arial
1071
       34
  0
STYLE
  5
398
330
3
100
AcDbSymbolTableRecord
100
AcDbTextStyleTableRecord
  2
ISOCP
 70
     0
 40
0.0
 41
1.0
 50
0.0
 71
     0
 42
2.2
  3
isocp.shx
  4

  0
STYLE
  5
6502
330
3
100
AcDbSymbolTableRecord
100
AcDbTextStyleTableRecord
  2
isocp.shx
 70
     0
 40
0.0
 41
1.0
 50
0.0
 71
     0
 42
2.2
  3
isocp.shx
  4

  0
ENDTAB
  0
TABLE
  2
VIEW
  5
6
330
0
100
AcDbSymbolTable
 70
     0
  0
ENDTAB
  0
TABLE
  2
UCS
  5
7
330
0
100
AcDbSymbolTable
 70
     0
  0
ENDTAB
  0
TABLE
  2
APPID
  5
9
330
0
100
AcDbSymbolTable
 70
    27
  0
APPID
  5
12
330
9
100
AcDbSymbolTableRecord
100
AcDbRegAppTableRecord
  2
ACAD
 70
     0
  0
APPID
  5
DD
330
9
100
AcDbSymbolTableRecord
100
AcDbRegAppTableRecord
  2
AcadAnnoPO
 70
     0
  0
APPID
  5
DE
330
9
100
AcDbSymbolTableRecord
100
AcDbRegAppTableRecord
  2
AcadAnnotative
 70
     0
  0
APPID
  5
DF
330
9
100
AcDbSymbolTableRecord
100
AcDbRegAppTableRecord
  2
ACAD_DSTYLE_DIMJAG
 70
     0
  0
APPID
  5
E0
330
9
100
AcDbSymbolTableRecord
100
AcDbRegAppTableRecord
  2
ACAD_DSTYLE_DIMTALN
 70
     0
  0
APPID
  5
107
330
9
100
AcDbSymbolTableRecord
100
AcDbRegAppTableRecord
  2
ACAD_MLEADERVER
 70
     0
  0
APPID
  5
1A6
330
9
100
AcDbSymbolTableRecord
100
AcDbRegAppTableRecord
  2
ACAD_NAV_VCDISPLAY
 70
     0
  0
APPID
  5
284
330
9
100
AcDbSymbolTableRecord
100
AcDbRegAppTableRecord
  2
ACAD_EXEMPT_FROM_CAD_STANDARDS
 70
     0
  0
APPID
  5
29A
330
9
100
AcDbSymbolTableRecord
100
AcDbRegAppTableRecord
  2
AcDbDynamicBlockGUID
 70
     0
  0
APPID
  5
29B
330
9
100
AcDbSymbolTableRecord
100
AcDbRegAppTableRecord
  2
AcDbBlockRepETag
 70
     0
  0
APPID
  5
2D3
330
9
100
AcDbSymbolTableRecord
100
AcDbRegAppTableRecord
  2
ACAUTHENVIRON
 70
     0
  0
APPID
  5
2D6
330
9
100
AcDbSymbolTableRecord
100
AcDbRegAppTableRecord
  2
AcDbDynamicBlockTrueName
 70
     0
  0
APPID
  5
4C9
330
9
100
AcDbSymbolTableRecord
100
AcDbRegAppTableRecord
  2
ACAD_PSEXT
 70
     0
  0
APPID
  5
1940
330
9
100
AcDbSymbolTableRecord
100
AcDbRegAppTableRecord
  2
GradientColor2ACI
 70
     0
  0
APPID
  5
1FFC
330
9
100
AcDbSymbolTableRecord
100
AcDbRegAppTableRecord
  2
GradientColor1ACI
 70
     0
  0
APPID
  5
38D9
330
9
100
AcDbSymbolTableRecord
100
AcDbRegAppTableRecord
  2
AcAecLayerStandard
 70
     0
  0
APPID
  5
38DA
330
9
100
AcDbSymbolTableRecord
100
AcDbRegAppTableRecord
  2
GENIUS_GENODEF_13
 70
     0
  0
APPID
  5
38DB
330
9
100
AcDbSymbolTableRecord
100
AcDbRegAppTableRecord
  2
GENIUS_GENOBJ-N-CEN_13
 70
     0
  0
APPID
  5
38DC
330
9
100
AcDbSymbolTableRecord
100
AcDbRegAppTableRecord
  2
GENIUS_GENCEN_19
 70
     0
  0
APPID
  5
4DF4
330
9
100
AcDbSymbolTableRecord
100
AcDbRegAppTableRecord
  2
AcCmTransparency
 70
     0
  0
APPID
  5
628B
330
9
100
AcDbSymbolTableRecord
100
AcDbRegAppTableRecord
  2
Acad_TC
 70
     0
  0
APPID
  5
62A1
330
9
100
AcDbSymbolTableRecord
100
AcDbRegAppTableRecord
  2
AcDbDynamicBlockTrueName2
 70
     0
  0
APPID
  5
62A2
330
9
100
AcDbSymbolTableRecord
100
AcDbRegAppTableRecord
  2
AcDbBlockRepBTag
 70
     0
  0
APPID
  5
64E4
330
9
100
AcDbSymbolTableRecord
100
AcDbRegAppTableRecord
  2
HATCHBACKGROUNDCOLOR
 70
     0
  0
APPID
  5
64E5
330
9
100
AcDbSymbolTableRecord
100
AcDbRegAppTableRecord
  2
EZDXF
 70
     0
  0
APPID
  5
6F38
330
9
100
AcDbSymbolTableRecord
100
AcDbRegAppTableRecord
  2
ACAD_SPLINE_DATA
 70
     0
  0
APPID
  5
6F39
330
9
100
AcDbSymbolTableRecord
100
AcDbRegAppTableRecord
  2
ACAD_SPLINE_DATA2
 70
     0
  0
ENDTAB
  0
TABLE
  2
DIMSTYLE
  5
A
330
0
100
AcDbSymbolTable
 70
     1
100
AcDbDimStyleTable
  0
DIMSTYLE
105
27
330
A
100
AcDbSymbolTableRecord
100
AcDbDimStyleTableRecord
  2
Standard
 70
     0
 41
2.5
 42
0.625
 43
3.75
 44
1.25
 49
2.5
 73
     0
 74
     0
 77
     1
 78
     8
 79
     3
140
2.5
141
2.5
143
0.03937007874
147
0.625
171
     3
172
     1
178
     0
179
     2
271
     2
272
     2
274
     3
278
    44
283
     0
284
     8
340
11
  0
ENDTAB
  0
TABLE
  2
BLOCK_RECORD
  5
1
330
0
100
AcDbSymbolTable
 70
    12
  0
BLOCK_RECORD
  5
1F
102
{ACAD_XDICTIONARY
360
15D
102
}
330
1
100
AcDbSymbolTableRecord
100
AcDbBlockTableRecord
  2
*Model_Space
340
22
 70
     0
280
     1
281
     0
  0
BLOCK_RECORD
  5
58
330
1
100
AcDbSymbolTableRecord
100
AcDbBlockTableRecord
  2
*Paper_Space
340
59
 70
     0
280
     1
281
     0
  0
BLOCK_RECORD
  5
5D
330
1
100
AcDbSymbolTableRecord
100
AcDbBlockTableRecord
  2
*Paper_Space0
340
5E
 70
     0
280
     1
281
     0
  0
BLOCK_RECORD
  5
6528
102
{ACAD_XDICTIONARY
360
7959
102
}
330
1
100
AcDbSymbolTableRecord
100
AcDbBlockTableRecord
  2
Front_Contact
340
0
102
{BLKREFS
331
77F4
331
77FC
331
7812
331
781E
331
7826
331
782F
331
7837
331
7851
331
786D
102
}
 70
     4
280
     1
281
     0
  0
BLOCK_RECORD
  5
6548
102
{ACAD_XDICTIONARY
360
79AE
102
}
330
1
100
AcDbSymbolTableRecord
100
AcDbBlockTableRecord
  2
Relay_Coil
340
0
102
{BLKREFS
331
69DF
331
7806
331
7842
331
785E
102
}
 70
     4
280
     1
281
     0
  0
BLOCK_RECORD
  5
655A
102
{ACAD_XDICTIONARY
360
655B
102
}
330
1
100
AcDbSymbolTableRecord
100
AcDbBlockTableRecord
  2
FUZEENDBLOCK
340
0
102
{BLKREFS
331
69FA
331
780D
102
}
 70
     0
280
     1
281
     0
  0
BLOCK_RECORD
  5
65B7
330
1
100
AcDbSymbolTableRecord
100
AcDbBlockTableRecord
  2
CTR
340
0
102
{BLKREFS
331
69BE
331
69C3
331
69CF
331
69D3
331
69EA
331
69EF
331
784D
331
7869
331
7891
331
7899
331
789D
331
78A1
102
}
 70
     4
280
     1
281
     0
1001
AcDbDynamicBlockGUID
1000
{D98DF382-C499-804D-8F9D-D42EB6DCC171}
  0
BLOCK_RECORD
  5
6609
330
1
100
AcDbSymbolTableRecord
100
AcDbBlockTableRecord
  2
FUZEBLOCK
340
0
102
{BLKREFS
331
69F4
331
77EF
102
}
 70
     0
280
     1
281
     0
  0
BLOCK_RECORD
  5
68DF
102
{ACAD_XDICTIONARY
360
68E0
102
}
330
1
100
AcDbSymbolTableRecord
100
AcDbBlockTableRecord
  2
WIRRE
340
0
102
{BLKREFS
331
69D7
331
69DB
102
}
 70
     4
280
     1
281
     1
1001
AcDbDynamicBlockGUID
1000
{EC9CC96C-EC38-914A-9936-138BBFE8055B}
  0
BLOCK_RECORD
  5
690C
102
{ACAD_XDICTIONARY
360
690D
102
}
330
1
100
AcDbSymbolTableRecord
100
AcDbBlockTableRecord
  2
24PPTC
340
0
102
{BLKREFS
331
69F9
102
}
 70
     4
280
     0
281
     0
1001
AcDbDynamicBlockGUID
1000
{90777C36-EEB0-9F49-AED9-E1BD26B6E866}
  0
BLOCK_RECORD
  5
777F
330
1
100
AcDbSymbolTableRecord
100
AcDbBlockTableRecord
  2
RC_Ckt
340
0
102
{BLKREFS
331
7849
331
7865
331
788D
102
}
 70
     4
280
     1
281
     0
1001
AcDbDynamicBlockGUID
1000
{18F52EB9-66BB-AF46-8C33-33109C5BD299}
  0
BLOCK_RECORD
  5
78C3
330
1
100
AcDbSymbolTableRecord
100
AcDbBlockTableRecord
  2
FRONT_REPEATER
340
0
102
{BLKREFS
331
78F1
331
78F9
331
7901
331
7909
102
}
 70
     4
280
     1
281
     0
  0
BLOCK_RECORD
  5
791B
330
1
100
AcDbSymbolTableRecord
100
AcDbBlockTableRecord
  2
ASPECTS
340
0
102
{BLKREFS
331
7923
102
}
 70
     4
280
     1
281
     0
  0
BLOCK_RECORD
  5
7A2D
330
1
100
AcDbSymbolTableRecord
100
AcDbBlockTableRecord
  2
LCPR_FRONT
340
0
102
{BLKREFS
331
7A47
331
7A51
331
7A5B
331
7A65
102
}
 70
     4
280
     1
281
     0
  0
ENDTAB
  0
ENDSEC
  0
SECTION
  2
BLOCKS
  0
BLOCK
  5
20
330
1F
100
AcDbEntity
  8
0
100
AcDbBlockBegin
  2
*Model_Space
 70
     0
 10
0.0
 20
0.0
 30
0.0
  3
*Model_Space
  1

  0
ENDBLK
  5
21
330
1F
100
AcDbEntity
  8
0
100
AcDbBlockEnd
  0
BLOCK
  5
5A
330
58
100
AcDbEntity
 67
     1
  8
0
100
AcDbBlockBegin
  2
*Paper_Space
 70
     0
 10
0.0
 20
0.0
 30
0.0
  3
*Paper_Space
  1

  0
ENDBLK
  5
5B
330
58
100
AcDbEntity
 67
     1
  8
0
100
AcDbBlockEnd
  0
BLOCK
  5
5F
330
5D
100
AcDbEntity
  8
0
100
AcDbBlockBegin
  2
*Paper_Space0
 70
     0
 10
0.0
 20
0.0
 30
0.0
  3
*Paper_Space0
  1

  0
ENDBLK
  5
60
330
5D
100
AcDbEntity
  8
0
100
AcDbBlockEnd
  0
BLOCK
  5
795C
330
6528
100
AcDbEntity
  8
0
100
AcDbBlockBegin
  2
Front_Contact
 70
     2
 10
0.0
 20
0.0
 30
0.0
  3
Front_Contact
  1

  4
Front contact for positive supply
  0
LWPOLYLINE
  5
795D
330
6528
100
AcDbEntity
  8
0
 62
     0
100
AcDbPolyline
 90
        2
 70
     0
 43
0.0
 10
8.0
 20
0.0
 10
0.0
 20
0.0
  0
LWPOLYLINE
  5
795E
330
6528
100
AcDbEntity
  8
0
 62
     0
100
AcDbPolyline
 90
        2
 70
     1
 43
0.75
 10
-0.375
 20
0.0
 42
1.0
 10
0.375
 20
0.0
 42
1.0
  0
LWPOLYLINE
  5
795F
330
6528
100
AcDbEntity
  8
0
 62
     0
100
AcDbPolyline
 90
        3
 70
     0
 43
0.0
 10
8.75
 20
1.5
 10
8.0
 20
0.0
 10
7.250000000000114
 20
1.5
  0
ATTDEF
  5
7960
330
6528
100
AcDbEntity
  8
0
100
AcDbText
 10
-1.717708333333333
 20
5.651014882706841
 30
0.0
 40
2.2
  1
S_NAME
  7
ISOCP
 72
     1
 11
4.0
 21
6.751014882706841
 31
0.0
100
AcDbAttributeDefinition
  3
Signal Name
  2
S_NAME
 70
     0
 74
     2
280
     0
 71
     1
 72
     0
 11
4.0
 21
6.751014882706841
 31
0.0
  0
ATTDEF
  5
7961
330
6528
100
AcDbEntity
  8
0
100
AcDbText
 10
4.0
 20
1.969010017500659
 30
0.0
 40
2.2
  1

  7
ISOCP
 72
     1
 11
4.0
 21
3.069010017500659
 31
0.0
100
AcDbAttributeDefinition
  3
Relay Name
  2
R_NAME
 70
     0
 74
     2
280
     0
 71
     1
 72
     0
 11
4.0
 21
3.069010017500659
 31
0.0
  0
ATTDEF
  5
7962
330
6528
100
AcDbEntity
  8
0
 62
     0
100
AcDbText
 10
0.0
 20
-3.7
 30
0.0
 40
2.2
  1

  7
ISOCP
 72
     1
 11
0.0
 21
-1.5
 31
0.0
100
AcDbAttributeDefinition
  3
ARM
  2
A
 70
     0
 74
     3
280
     0
 71
     1
 72
     0
 11
0.0
 21
-1.5
 31
0.0
  0
ATTDEF
  5
7963
330
6528
100
AcDbEntity
  8
0
 62
     0
100
AcDbText
 10
8.0
 20
-3.7
 30
0.0
 40
2.2
  1

  7
ISOCP
 72
     1
 11
8.0
 21
-1.5
 31
0.0
100
AcDbAttributeDefinition
  3
FRONT
  2
F
 70
     0
 74
     3
280
     0
 71
     1
 72
     0
 11
8.0
 21
-1.5
 31
0.0
  0
ATTDEF
  5
7964
330
6528
100
AcDbEntity
  8
0
100
AcDbText
 10
3.020974299058166
 20
-3.632201451073149
 30
0.0
 40
2.2
  1
C
  7
ISOCP
 72
     1
 11
3.788682632391499
 21
-2.532201451073149
 31
0.0
100
AcDbAttributeDefinition
  3
C
  2
C
 70
     0
 74
     2
280
     0
 71
     1
 72
     0
 11
3.788682632391499
 21
-2.532201451073149
 31
0.0
  0
ATTDEF
  5
7965
330
6528
100
AcDbEntity
  8
0
100
AcDbText
 10
4.115690680427178
 20
8.577355645705177
 30
0.0
 40
2.2
  1

  7
ISOCP
 72
     1
 11
4.115690680427178
 21
9.677355645705177
 31
0.0
100
AcDbAttributeDefinition
  3
Relay Position
  2
R(POS)
 70
     0
 74
     2
280
     0
 71
     1
 72
     0
 11
4.115690680427178
 21
9.677355645705177
 31
0.0
  0
ATTDEF
  5
7966
330
6528
100
AcDbEntity
  8
0
100
AcDbText
 10
4.003791113727335
 20
-6.920164313697013
 30
0.0
 40
2.0
  1

  7
ISOCP
 72
     1
 11
4.003791113727335
 21
-5.920164313697013
 31
0.0
100
AcDbAttributeDefinition
  3
WIRING_CNT
  2
WIRING
 70
     5
 74
     2
280
     1
 71
     1
 72
     0
 11
4.003791113727335
 21
-5.920164313697013
 31
0.0
  0
ATTDEF
  5
7967
330
6528
100
AcDbEntity
  8
0
100
AcDbText
 10
4.306691113727334
 20
-10.65306431369702
 30
0.0
 40
2.0
  1

  7
ISOCP
 72
     1
 11
4.306691113727334
 21
-9.653064313697016
 31
0.0
100
AcDbAttributeDefinition
  3
DIRECTION OF CONTACT
  2
DOC
 70
     5
 74
     2
280
     1
 71
     1
 72
     0
 11
4.306691113727334
 21
-9.653064313697016
 31
0.0
  0
ENDBLK
  5
7968
330
6528
100
AcDbEntity
  8
0
100
AcDbBlockEnd
  0
BLOCK
  5
79B1
330
6548
100
AcDbEntity
  8
0
100
AcDbBlockBegin
  2
Relay_Coil
 70
     2
 10
0.0
 20
0.0
 30
0.0
  3
Relay_Coil
  1

  4
Relay coil
  0
LWPOLYLINE
  5
79B2
330
6548
100
AcDbEntity
  8
0
 62
     0
100
AcDbPolyline
 90
        4
 70
     1
 43
0.0
 10
-21.66095397862534
 20
-0.0000000000000284
 10
-0.0000000000001137
 20
-0.0000000000000284
 10
-0.0000000000001137
 20
-5.000000000000028
 10
-21.66095397862534
 20
-5.000000000000028
  0
ATTDEF
  5
79B3
330
6548
100
AcDbEntity
  8
0
 62
     0
100
AcDbText
 10
-16.72096194250204
 20
1.272339247232773
 30
0.0
 40
2.223824894598334
  1
S_NAME
  7
ISOCP
 72
     1
 11
-10.94133370081158
 21
2.38425169453194
 31
0.0
100
AcDbAttributeDefinition
  3
Signal Name
  2
S_NAME
 70
     0
 74
     2
280
     0
 71
     1
 72
     0
 11
-10.94133370081158
 21
2.38425169453194
 31
0.0
  0
ATTDEF
  5
79B4
330
6548
100
AcDbEntity
  8
0
 62
     0
100
AcDbText
 10
-10.91256473594666
 20
-3.611912447299167
 30
0.0
 40
2.223824894598334
  1

  7
ISOCP
 72
     1
 11
-10.91256473594666
 21
-2.5
 31
0.0
100
AcDbAttributeDefinition
  3
Relay Name
  2
R_NAME
 70
     0
 74
     2
280
     0
 71
     1
 72
     0
 11
-10.91256473594666
 21
-2.5
 31
0.0
  0
ATTDEF
  5
79B5
330
6548
100
AcDbEntity
  8
0
 62
     0
100
AcDbText
 10
-21.62903400060861
 20
0.888087552700833
 30
0.0
 40
2.223824894598334
  1

  7
ISOCP
 72
     1
 11
-21.62903400060861
 21
2.0
 31
0.0
100
AcDbAttributeDefinition
  3
COIL1
  2
L+
 70
     0
 74
     2
280
     0
 71
     1
 72
     0
 11
-21.62903400060861
 21
2.0
 31
0.0
  0
ATTDEF
  5
79B6
330
6548
100
AcDbEntity
  8
0
 62
     0
100
AcDbText
 10
0.8390460213745996
 20
0.888087552700833
 30
0.0
 40
2.223824894598334
  1

  7
ISOCP
 72
     1
 11
0.8390460213745996
 21
2.0
 31
0.0
100
AcDbAttributeDefinition
  3
COIL2
  2
L-
 70
     0
 74
     2
280
     0
 71
     1
 72
     0
 11
0.8390460213745996
 21
2.0
 31
0.0
  0
ATTDEF
  5
79B7
330
6548
100
AcDbEntity
  8
0
100
AcDbText
 10
-11.0342835441719
 20
4.156186153575314
 30
0.0
 40
2.223824894598334
  1

  7
ISOCP
 72
     1
 11
-11.0342835441719
 21
5.268098600874481
 31
0.0
100
AcDbAttributeDefinition
  3
Relay Position
  2
R(POS)
 70
     0
 74
     2
280
     0
 71
     1
 72
     0
 11
-11.0342835441719
 21
5.268098600874481
 31
0.0
  0
ATTDEF
  5
79B8
330
6548
100
AcDbEntity
  8
0
100
AcDbText
 10
-10.70071013318276
 20
-7.273200539172765
 30
0.0
 40
2.0
  1

  7
ISOCP
 72
     1
 11
-10.70071013318276
 21
-6.273200539172765
 31
0.0
100
AcDbAttributeDefinition
  3
WIRING_CNT
  2
WIRING
 70
     5
 74
     2
280
     1
 71
     1
 72
     0
 11
-10.70071013318276
 21
-6.273200539172765
 31
0.0
  0
ATTDEF
  5
79B9
330
6548
100
AcDbEntity
  8
0
100
AcDbText
 10
-10.39781013318276
 20
-11.00610053917277
 30
0.0
 40
2.0
  1

  7
ISOCP
 72
     1
 11
-10.39781013318276
 21
-10.00610053917277
 31
0.0
100
AcDbAttributeDefinition
  3
DIRECTION OF CONTACT
  2
DOC
 70
     5
 74
     2
280
     1
 71
     1
 72
     0
 11
-10.39781013318276
 21
-10.00610053917277
 31
0.0
  0
ENDBLK
  5
79BA
330
6548
100
AcDbEntity
  8
0
100
AcDbBlockEnd
  0
BLOCK
  5
655D
330
655A
100
AcDbEntity
  8
FUZEENDBLOCK.LAYER
100
AcDbBlockBegin
  2
FUZEENDBLOCK
 70
     2
 10
0.0
 20
0.0
 30
0.0
  3
FUZEENDBLOCK
  1

  0
ATTDEF
  5
655E
330
655A
100
AcDbEntity
  8
0
100
AcDbText
 10
10.8500003814697
 20
2.249999999999943
 30
0.9999999999999999
 40
2.5
  1

  7
isocp.shx
 72
     1
 11
10.8500003814697
 21
3.499999999999943
 31
0.9999999999999999
100
AcDbAttributeDefinition
  3
Enter -ve Voltage
  2
VOLT
 70
     0
 74
     2
280
     0
 71
     1
 72
     0
 11
10.8500003814697
 21
3.499999999999943
 31
0.9999999999999999
  0
ATTDEF
  5
655F
330
655A
100
AcDbEntity
  8
0
100
AcDbText
 10
10.8500003814697
 20
-5.25
 30
0.9999999999999999
 40
2.5
  1

  7
isocp.shx
 72
     1
 11
10.8500003814697
 21
-4.0
 31
0.9999999999999999
100
AcDbAttributeDefinition
  3
Enter Terminal Number
  2
FTOT
 70
     0
 74
     2
280
     0
 71
     1
 72
     0
 11
10.8500003814697
 21
-4.0
 31
0.9999999999999999
  0
POLYLINE
  5
6560
330
655A
100
AcDbEntity
  8
0
100
AcDb3dPolyline
 66
     1
 10
0.0
 20
0.0
 30
0.0
 70
     8
  0
VERTEX
  5
6561
330
6560
100
AcDbEntity
  8
0
100
AcDbVertex
100
AcDb3dPolylineVertex
 10
3.0
 20
1.0
 30
0.0
 70
    32
  0
VERTEX
  5
6562
330
6560
100
AcDbEntity
  8
0
100
AcDbVertex
100
AcDb3dPolylineVertex
 10
0.0
 20
0.0
 30
0.0
 70
    32
  0
VERTEX
  5
6563
330
6560
100
AcDbEntity
  8
0
100
AcDbVertex
100
AcDb3dPolylineVertex
 10
3.0
 20
-1.0
 30
0.0
 70
    32
  0
SEQEND
  5
6564
330
6560
100
AcDbEntity
  8
0
  0
LINE
  5
6565
330
655A
100
AcDbEntity
  8
0
100
AcDbLine
 10
0.0
 20
0.0
 30
0.0
 11
21.75
 21
0.0
 31
0.0
  0
LWPOLYLINE
  5
6566
330
655A
100
AcDbEntity
  8
0
100
AcDbPolyline
 90
        2
 70
     1
 43
0.9999999999999999
 10
21.24999999999999
 20
0.0
 42
-1.0
 10
22.25
 20
0.0
 42
-1.0
  0
LWPOLYLINE
  5
6567
330
655A
100
AcDbEntity
  8
0
100
AcDbPolyline
 90
        2
 70
     1
 43
0.9999999999999999
 10
10.37499999999999
 20
0.0
 42
-1.0
 10
11.375
 20
0.0
 42
-1.0
  0
ENDBLK
  5
6568
330
655A
100
AcDbEntity
  8
FUZEENDBLOCK.LAYER
100
AcDbBlockEnd
  0
BLOCK
  5
65B8
330
65B7
100
AcDbEntity
  8
0
100
AcDbBlockBegin
  2
CTR
 70
     2
 10
0.0
 20
0.0
 30
0.0
  3
CTR
  1

  0
LWPOLYLINE
  5
65B9
330
65B7
100
AcDbEntity
  8
0
 62
     0
100
AcDbPolyline
 90
        2
 70
     1
 43
0.45
 10
-0.2250000000000227
 20
0.0
 42
1.0
 10
0.2250000000000227
 20
0.0
 42
1.0
  0
ARC
  5
65BA
330
65B7
100
AcDbEntity
  8
0
 62
     0
100
AcDbCircle
 10
0.0000006207004047
 20
-0.0000000000001926
 30
0.0
 40
0.9999999999999999
100
AcDbArc
 50
89.99999999999999
 51
269.9999288729762
  0
ATTDEF
  5
65BB
330
65B7
100
AcDbEntity
  8
0
100
AcDbText
 10
-2.520833333333333
 20
2.030550486234711
 30
0.0
 40
2.2
  1
CTR
  7
ISOCP
 72
     1
 11
0.0
 21
3.130550486234711
 31
0.0
100
AcDbAttributeDefinition
  3

  2
CTR
 70
     0
 74
     2
280
     0
 71
     1
 72
     0
 11
0.0
 21
3.130550486234711
 31
0.0
  0
ATTDEF
  5
65BC
330
65B7
100
AcDbEntity
  8
0
 62
     0
100
AcDbText
 10
-1.537708333333333
 20
-4.2
 30
0.0
 40
2.2
  1
??
  7
ISOCP
 72
     1
 11
0.0
 21
-2.0
 31
0.0
100
AcDbAttributeDefinition
  3

  2
POS
 70
     0
 74
     3
280
     0
 71
     1
 72
     0
 11
0.0
 21
-2.0
 31
0.0
  0
ENDBLK
  5
65BD
330
65B7
100
AcDbEntity
  8
0
100
AcDbBlockEnd
  0
BLOCK
  5
7A05
330
6609
100
AcDbEntity
  8
FUZEBLOCK.LAYER
100
AcDbBlockBegin
  2
FUZEBLOCK
 70
     2
 10
0.0
 20
0.0
 30
0.0
  3
FUZEBLOCK
  1

  0
ATTDEF
  5
7A06
330
6609
100
AcDbEntity
  8
0
100
AcDbText
 10
-11.01673290901052
 20
-0.9500000000000024
 30
1.0
 40
2.5
  1

  7
isocp.shx
 72
     1
 11
-11.01673290901052
 21
0.2999999999999976
 31
1.0
100
AcDbAttributeDefinition
  3
Enter +ve Voltage
  2
VOLT
 70
     0
 74
     2
280
     0
 71
     1
 72
     0
 11
-11.01673290901052
 21
0.2999999999999976
 31
1.0
  0
ATTDEF
  5
7A07
330
6609
100
AcDbEntity
  8
0
100
AcDbText
 10
-0.8999999999999918
 20
-5.25
 30
1.0
 40
2.5
  1

  7
isocp.shx
 72
     1
 11
-0.8999999999999918
 21
-4.0
 31
1.0
100
AcDbAttributeDefinition
  3
Enter Terminal Number
  2
FTOT
 70
     0
 74
     2
280
     0
 71
     1
 72
     0
 11
-0.8999999999999918
 21
-4.0
 31
1.0
  0
ATTDEF
  5
7A08
330
6609
100
AcDbEntity
  8
0
100
AcDbText
 10
16.68326709098946
 20
2.75
 30
1.0
 40
2.5
  1

  7
isocp.shx
 72
     1
 11
16.68326709098946
 21
4.0
 31
1.0
100
AcDbAttributeDefinition
  3
Enter Fuse Rating
  2
FUSEVALUE
 70
     0
 74
     2
280
     0
 71
     1
 72
     0
 11
16.68326709098946
 21
4.0
 31
1.0
  0
POLYLINE
  5
7A09
330
6609
100
AcDbEntity
  8
0
100
AcDb3dPolyline
 66
     1
 10
0.0
 20
0.0
 30
0.0
 70
     8
  0
VERTEX
  5
7A0A
330
7A09
100
AcDbEntity
  8
0
100
AcDbVertex
100
AcDb3dPolylineVertex
 10
0.0
 20
1.0
 30
0.0
 70
    32
  0
VERTEX
  5
7A0B
330
7A09
100
AcDbEntity
  8
0
100
AcDbVertex
100
AcDb3dPolylineVertex
 10
3.0
 20
0.0
 30
0.0
 70
    32
  0
VERTEX
  5
7A0C
330
7A09
100
AcDbEntity
  8
0
100
AcDbVertex
100
AcDb3dPolylineVertex
 10
0.0
 20
-1.0
 30
0.0
 70
    32
  0
SEQEND
  5
7A0D
330
7A09
100
AcDbEntity
  8
0
  0
LINE
  5
7A0E
330
6609
100
AcDbEntity
  8
0
100
AcDbLine
 10
3.0
 20
0.0
 30
0.0
 11
11.0
 21
0.0
 31
0.0
  0
LWPOLYLINE
  5
7A0F
330
6609
100
AcDbEntity
  8
0
100
AcDbPolyline
 90
        2
 70
     1
 43
1.0
 10
11.25
 20
0.0
 42
-1.0
 10
12.25
 20
0.0
 42
-1.0
  0
ARC
  5
7A10
330
6609
100
AcDbEntity
  8
0
100
AcDbCircle
 10
14.25
 20
0.0
 30
0.0
 40
2.5
100
AcDbArc
 50
0.0
 51
180.0
  0
ARC
  5
7A11
330
6609
100
AcDbEntity
  8
0
100
AcDbCircle
 10
19.25
 20
0.0
 30
0.0
 40
2.5
100
AcDbArc
 50
180.0
 51
0.0
  0
LWPOLYLINE
  5
7A12
330
6609
100
AcDbEntity
  8
0
100
AcDbPolyline
 90
        2
 70
     1
 43
1.0
 10
21.25
 20
0.0
 42
-1.0
 10
22.25
 20
0.0
 42
-1.0
  0
ENDBLK
  5
7A13
330
6609
100
AcDbEntity
  8
FUZEBLOCK.LAYER
100
AcDbBlockEnd
  0
BLOCK
  5
68E2
330
68DF
100
AcDbEntity
  8
0
100
AcDbBlockBegin
  2
WIRRE
 70
     2
 10
0.0
 20
0.0
 30
0.0
  3
WIRRE
  1

  0
CIRCLE
  5
68E3
330
68DF
100
AcDbEntity
  8
0
100
AcDbCircle
 10
0.0
 20
0.0000000000000284
 30
0.0
 40
2.011005210894382
  0
CIRCLE
  5
68E4
330
68DF
100
AcDbEntity
  8
0
100
AcDbCircle
 10
0.0
 20
0.0000000000000284
 30
0.0
 40
1.336981551186989
  0
HATCH
  5
68E5
330
68DF
100
AcDbEntity
  8
0
100
AcDbHatch
 10
0.0
 20
0.0
 30
0.0
210
0.0
220
0.0
230
1.0
  2
SOLID
 70
     1
 71
     1
 91
        1
 92
        7
 72
     1
 73
     1
 93
        2
 10
-0.6703350702981368
 20
0.0000000000000284
 42
1.0
 10
0.6703350702981083
 20
0.0000000000000284
 42
1.0
 97
        1
330
68E6
 75
     0
 76
     1
 47
0.0893653973201185
 98
        1
 10
0.5688926343954677
 20
0.2319050427057903
450
        0
451
        0
460
0.0
461
0.0
452
        0
462
1.0
453
        2
463
0.0
 63
     5
421
      255
463
1.0
 63
     2
421
 16776960
470
LINEAR
1001
GradientColor1ACI
1070
     5
1001
GradientColor2ACI
1070
     2
1001
ACAD
1010
0.0
1020
0.0
1030
0.0
  0
CIRCLE
  5
68E6
102
{ACAD_REACTORS
330
68E5
102
}
330
68DF
100
AcDbEntity
  8
0
100
AcDbCircle
 10
0.0
 20
0.0000000000000284
 30
0.0
 40
0.6703350702981273
  0
ATTDEF
  5
68E7
330
68DF
100
AcDbEntity
  8
0
100
AcDbText
 10
-1.203125000000256
 20
-4.765706981318266
 30
0.0
 40
2.200000000000001
  1
W
  7
ISOCP
 72
     1
 11
-0.0000000000002558
 21
-3.665706981318266
 31
0.0
100
AcDbAttributeDefinition
  3
W
  2
W
 70
     0
 74
     2
280
     0
 71
     1
 72
     0
 11
-0.0000000000002558
 21
-3.665706981318266
 31
0.0
  0
ATTDEF
  5
68E8
330
68DF
100
AcDbEntity
  8
0
100
AcDbText
 10
-2.391936203043934
 20
2.177648161747531
 30
0.0
 40
3.005574286547352
  1
OG
  7
ISOCP
 72
     1
 11
0.0
 21
3.680435305021206
 31
0.0
100
AcDbAttributeDefinition
  3

  2
OG
 70
     0
 74
     2
280
     1
 71
     1
 72
     0
 11
0.0
 21
3.680435305021206
 31
0.0
  0
ENDBLK
  5
68E9
330
68DF
100
AcDbEntity
  8
0
100
AcDbBlockEnd
  0
BLOCK
  5
690F
330
690C
100
AcDbEntity
  8
0
100
AcDbBlockBegin
  2
24PPTC
 70
     0
 10
0.0
 20
0.0
 30
0.0
  3
24PPTC
  1

  0
LINE
  5
6910
330
690C
100
AcDbEntity
  8
PPTC
370
    -2
100
AcDbLine
 10
3.015016869894012
 20
0.452093368775877
 30
0.0
 11
0.5252073726708346
 21
-4.125706351198232
 31
0.0
  0
LINE
  5
6911
330
690C
100
AcDbEntity
  8
PPTC
100
AcDbLine
 10
3.525446120363327
 20
-3.210198491313122
 30
0.0
 11
2.720194406543001
 21
-0.6725097968314913
 31
0.0
  0
LINE
  5
6912
330
690C
100
AcDbEntity
  8
PPTC
100
AcDbLine
 10
2.720194406543001
 20
-0.6725097968314913
 30
0.0
 11
2.252276228592805
 21
-3.210198491313122
 31
0.0
  0
LINE
  5
6913
330
690C
100
AcDbEntity
  8
PPTC
100
AcDbLine
 10
2.252276228592805
 20
-3.210198491313122
 30
0.0
 11
1.490550888285057
 21
-0.6725097968310365
 31
0.0
  0
LINE
  5
6914
330
690C
100
AcDbEntity
  8
PPTC
100
AcDbLine
 10
4.646751318859302
 20
-3.210198491313122
 30
0.0
 11
4.091300019096948
 21
-0.6725097968314913
 31
0.0
  0
LINE
  5
6915
330
690C
100
AcDbEntity
  8
PPTC
100
AcDbLine
 10
5.992353457754248
 20
-1.971937971625266
 30
0.0
 11
5.704841574667647
 21
-2.921388571434733
 31
0.0
  0
LINE
  5
6916
330
690C
100
AcDbEntity
  8
PPTC
100
AcDbLine
 10
4.091300019096948
 20
-0.6725097968314913
 30
0.0
 11
3.525446120363327
 21
-3.210198491313122
 31
0.0
  0
LINE
  5
6917
330
690C
100
AcDbEntity
  8
PPTC
100
AcDbLine
 10
0.9246969895514354
 20
-3.210198491312667
 30
0.0
 11
0.1194452757311097
 21
-0.6725097968310365
 31
0.0
  0
LINE
  5
6918
330
690C
100
AcDbEntity
  8
PPTC
100
AcDbLine
 10
1.490550888285057
 20
-0.6725097968310365
 30
0.0
 11
0.9246969895514354
 21
-3.210198491312667
 31
0.0
  0
LINE
  5
6919
330
690C
100
AcDbEntity
  8
PPTC
100
AcDbLine
 10
-1.802875043217739
 20
-3.144546009324927
 30
0.0
 11
-2.768708211024361
 21
-1.971937971625266
 31
0.0
  0
LINE
  5
691A
330
690C
100
AcDbEntity
  8
PPTC
100
AcDbLine
 10
0.1194452757311097
 20
-0.6725097968310365
 30
0.0
 11
-0.4464086230025117
 21
-3.210198491312667
 31
0.0
  0
LINE
  5
691B
330
690C
100
AcDbEntity
  8
PPTC
100
AcDbLine
 10
3.015016869894012
 20
0.452093368775877
 30
0.0
 11
4.235352389184541
 21
0.452093368775877
 31
0.0
  0
LINE
  5
691C
330
690C
100
AcDbEntity
  8
0
100
AcDbLine
 10
5.992353457754248
 20
-1.971937971625266
 30
0.0
 11
8.805833049227573
 21
-1.971937971625266
 31
0.0
  0
LINE
  5
691D
330
690C
100
AcDbEntity
  8
0
100
AcDbLine
 10
8.805833049227573
 20
-1.971937971625266
 30
0.0
 11
8.805833049227573
 21
3.528062028374734
 31
0.0
  0
LINE
  5
691E
330
690C
100
AcDbEntity
  8
0
100
AcDbLine
 10
-5.582187802497685
 20
-1.971937971625266
 30
0.0
 11
-5.582187802497685
 21
3.528062028374734
 31
0.0
  0
LINE
  5
691F
330
690C
100
AcDbEntity
  8
0
100
AcDbLine
 10
5.577079173217271
 20
6.026980001766105
 30
0.0
 11
8.805833049227573
 21
3.528062028374734
 31
0.0
  0
LINE
  5
6920
330
690C
100
AcDbEntity
  8
0
100
AcDbLine
 10
-5.582187802497685
 20
3.528062028374734
 30
0.0
 11
-2.297049389605831
 21
6.028062028374734
 31
0.0
  0
LINE
  5
6921
330
690C
100
AcDbEntity
  8
0
100
AcDbLine
 10
-5.582187802497685
 20
-1.971937971625266
 30
0.0
 11
-2.768708211024361
 21
-1.971937971625266
 31
0.0
  0
LINE
  5
6922
330
690C
100
AcDbEntity
  8
PPTC
100
AcDbLine
 10
-0.4464086230025117
 20
-3.210198491312667
 30
0.0
 11
-1.251660336822837
 21
-0.6725097968310365
 31
0.0
  0
LINE
  5
6923
330
690C
100
AcDbEntity
  8
PPTC
100
AcDbLine
 10
-1.251660336822837
 20
-0.6725097968310365
 30
0.0
 11
-1.802875043217739
 21
-3.144546009324898
 31
0.0
  0
LINE
  5
6924
330
690C
100
AcDbEntity
  8
PPTC
100
AcDbLine
 10
5.212605217592923
 20
-0.6725097968314913
 30
0.0
 11
4.646751318859302
 21
-3.210198491313122
 31
0.0
  0
LINE
  5
6925
330
690C
100
AcDbEntity
  8
PPTC
100
AcDbLine
 10
5.704841574667647
 20
-2.921388571434733
 30
0.0
 11
5.212605217592923
 21
-0.6725097968314913
 31
0.0
  0
LINE
  5
6926
330
690C
100
AcDbEntity
  8
PPTC
100
AcDbLine
 10
-0.6951281466196946
 20
-4.125706351198232
 30
0.0
 11
0.5252073726708346
 21
-4.125706351198232
 31
0.0
  0
ENDBLK
  5
6927
330
690C
100
AcDbEntity
  8
0
100
AcDbBlockEnd
  0
BLOCK
  5
7780
330
777F
100
AcDbEntity
  8
0
100
AcDbBlockBegin
  2
RC_Ckt
 70
     2
 10
0.0
 20
0.0
 30
0.0
  3
RC_Ckt
  1

  4
RC connection for timer action^M^J
  0
LINE
  5
7781
330
777F
100
AcDbEntity
  8
0
100
AcDbLine
 10
-96.1197405714006
 20
-11.99999986060993
 30
0.0
 11
-96.11974059003933
 21
-17.99999986060993
 31
0.0
  0
LINE
  5
7782
330
777F
100
AcDbEntity
  8
0
100
AcDbLine
 10
-98.3785081323008
 20
-12.0
 30
0.0
 11
-98.37850815093975
 21
-18.0
 31
0.0
  0
LINE
  5
7783
330
777F
100
AcDbEntity
  8
0
100
AcDbLine
 10
-98.37850814162039
 20
-15.0
 30
0.0
 11
-111.3220988658834
 21
-15.0
 31
0.0
  0
LWPOLYLINE
  5
7784
330
777F
100
AcDbEntity
  8
0
100
AcDbPolyline
 90
        2
 70
     1
 43
0.75
 10
-64.91704351420935
 20
-15.0
 42
1.0
 10
-64.16704351420935
 20
-15.0
 42
1.0
  0
TEXT
  5
7785
330
777F
100
AcDbEntity
  8
0
100
AcDbText
 10
-103.0049666344852
 20
-11.28992843583853
 30
0.0
 40
2.2
  1
2200MFD
  7
ISOCP
100
AcDbText
  0
LWPOLYLINE
  5
7786
330
777F
100
AcDbEntity
  8
0
100
AcDbPolyline
 90
        2
 70
     1
 43
0.75
 10
-89.36743051331473
 20
-15.0
 42
1.0
 10
-88.61743051331473
 20
-15.0
 42
1.0
  0
LWPOLYLINE
  5
7787
330
777F
100
AcDbEntity
  8
0
370
    30
100
AcDbPolyline
 90
       14
 70
     0
 43
0.0
 10
-49.48081656231392
 20
-15.0
 10
-64.54204351420935
 20
-15.0
 10
-68.81634302435032
 20
-15.0
 10
-69.81381634976742
 20
-13.0
 10
-71.80876300060186
 20
-17.0
 10
-73.8037096514363
 20
-13.0
 10
-75.78420999530772
 20
-16.97103419892028
 10
-77.76471033917915
 20
-13.0
 10
-79.75965699001358
 20
-17.0
 10
-81.75460364084802
 20
-13.0
 10
-83.73510398471944
 20
-16.97103419892028
 10
-84.71813100317377
 20
-15.0
 10
-88.99243051331473
 20
-15.0
 10
-96.11974058071996
 20
-14.99999986060993
  0
TEXT
  5
7788
330
777F
100
AcDbEntity
  8
0
100
AcDbText
 10
-83.10943771688531
 20
-11.28992843583853
 30
0.0
 40
2.2
  1
100 OHMS
  7
ISOCP
100
AcDbText
  0
ATTDEF
  5
7789
330
777F
100
AcDbEntity
  8
0
  6
Continuous
100
AcDbText
 10
-89.89937189348527
 20
-7.375108324569013
 30
0.0
 40
2.2
  1

 41
0.7
  7
ISOCP
 72
     1
 11
-89.89937189348527
 21
-7.375108324569013
 31
0.0
100
AcDbAttributeDefinition
  3
RC Position
  2
RC_POS
 70
     0
280
     1
 71
     1
 72
     0
 11
-89.89937189348527
 21
-7.375108324569013
 31
0.0
  0
TEXT
  5
778A
330
777F
100
AcDbEntity
  8
0
100
AcDbText
 10
-76.6423038586176
 20
-20.1453800539928
 30
0.0
 40
2.2
  1
10 W
  7
ISOCP
100
AcDbText
  0
ATTDEF
  5
778B
330
777F
100
AcDbEntity
  8
0
100
AcDbText
 10
-98.3007338070557
 20
-20.98334327278014
 30
0.0
 40
2.2
  1
50V DC
  7
ISOCP
 72
     1
 11
-93.67156714038904
 21
-19.88334327278014
 31
0.0
100
AcDbAttributeDefinition
  3
V
  2
VOLTAGE
 70
     0
 74
     2
280
     0
 71
     1
 72
     0
 11
-93.67156714038904
 21
-19.88334327278014
 31
0.0
  0
ENDBLK
  5
778C
330
777F
100
AcDbEntity
  8
0
100
AcDbBlockEnd
  0
BLOCK
  5
78C4
330
78C3
100
AcDbEntity
  8
0
100
AcDbBlockBegin
  2
FRONT_REPEATER
 70
     2
 10
0.0
 20
0.0
 30
0.0
  3
FRONT_REPEATER
  1

  0
LWPOLYLINE
  5
78C5
330
78C3
100
AcDbEntity
  8
0
 62
     0
100
AcDbPolyline
 90
        2
 70
     0
 43
0.0
 10
171.7966433084694
 20
201.8070570068078
 10
163.8823511163322
 20
201.8070570068078
  0
LWPOLYLINE
  5
78C6
330
78C3
100
AcDbEntity
  8
0
 62
     0
100
AcDbPolyline
 90
        2
 70
     1
 43
0.7419648930128658
 10
163.5113686698257
 20
201.8070570068078
 42
1.0
 10
164.2533335628386
 20
201.8070570068078
 42
1.0
  0
LWPOLYLINE
  5
78C7
330
78C3
100
AcDbEntity
  8
0
 62
     0
100
AcDbPolyline
 90
        3
 70
     0
 43
0.0
 10
172.5386082014823
 20
203.2909867928335
 10
171.7966433084694
 20
201.8070570068078
 10
171.0546784154567
 20
203.2909867928335
  0
ATTDEF
  5
78C8
330
78C3
100
AcDbEntity
  8
0
100
AcDbText
 10
162.1830454099735
 20
207.3975298772901
 30
0.0
 40
2.17643035283774
  1
S_NAME
  7
ISOCP
 72
     1
 11
167.8394972124008
 21
208.4857450537089
 31
0.0
100
AcDbAttributeDefinition
  3
Signal Name
  2
S_NAME
 70
     0
 74
     2
280
     0
 71
     1
 72
     0
 11
167.8394972124008
 21
208.4857450537089
 31
0.0
  0
ATTDEF
  5
78C9
330
78C3
100
AcDbEntity
  8
0
100
AcDbText
 10
167.8394972124008
 20
203.7549720827759
 30
0.0
 40
2.17643035283774
  1

  7
ISOCP
 72
     1
 11
167.8394972124008
 21
204.8431872591948
 31
0.0
100
AcDbAttributeDefinition
  3
Relay Name
  2
R_NAME
 70
     0
 74
     2
280
     0
 71
     1
 72
     0
 11
167.8394972124008
 21
204.8431872591948
 31
0.0
  0
ATTDEF
  5
78CA
330
78C3
100
AcDbEntity
  8
0
 62
     0
100
AcDbText
 10
163.8823511163322
 20
198.1466968679444
 30
0.0
 40
2.17643035283774
  1

  7
ISOCP
 72
     1
 11
163.8823511163322
 21
200.3231272207821
 31
0.0
100
AcDbAttributeDefinition
  3
ARM
  2
A
 70
     0
 74
     3
280
     0
 71
     1
 72
     0
 11
163.8823511163322
 21
200.3231272207821
 31
0.0
  0
ATTDEF
  5
78CB
330
78C3
100
AcDbEntity
  8
0
 62
     0
100
AcDbText
 10
171.7966433084694
 20
198.1466968679444
 30
0.0
 40
2.17643035283774
  1

  7
ISOCP
 72
     1
 11
171.7966433084694
 21
200.3231272207821
 31
0.0
100
AcDbAttributeDefinition
  3
FRONT
  2
F
 70
     0
 74
     3
280
     0
 71
     1
 72
     0
 11
171.7966433084694
 21
200.3231272207821
 31
0.0
  0
ATTDEF
  5
78CC
330
78C3
100
AcDbEntity
  8
0
100
AcDbText
 10
166.8709602797926
 20
198.2137690587456
 30
0.0
 40
2.17643035283774
  1
C
  7
ISOCP
 72
     1
 11
167.6304437883349
 21
199.3019842351645
 31
0.0
100
AcDbAttributeDefinition
  3
C
  2
C
 70
     0
 74
     2
280
     0
 71
     1
 72
     0
 11
167.6304437883349
 21
199.3019842351645
 31
0.0
  0
ATTDEF
  5
78CD
330
78C3
100
AcDbEntity
  8
0
100
AcDbText
 10
167.9539484435018
 20
210.2925193588064
 30
0.0
 40
2.17643035283774
  1

  7
ISOCP
 72
     1
 11
167.9539484435018
 21
211.3807345352253
 31
0.0
100
AcDbAttributeDefinition
  3
Relay Position
  2
R(POS)
 70
     0
 74
     2
280
     0
 71
     1
 72
     0
 11
167.9539484435018
 21
211.3807345352253
 31
0.0
  0
ENDBLK
  5
78CE
330
78C3
100
AcDbEntity
  8
0
100
AcDbBlockEnd
  0
BLOCK
  5
7921
330
791B
100
AcDbEntity
  8
0
100
AcDbBlockBegin
  2
ASPECTS
 70
     2
 10
0.0
 20
0.0
 30
0.0
  3
ASPECTS
  1

  0
LWPOLYLINE
  5
791C
330
791B
100
AcDbEntity
  8
0
 62
     0
100
AcDbPolyline
 90
        4
 70
     1
 43
0.0
 10
317.8497598638555
 20
76.27333370023683
 10
340.0470945139351
 20
76.27333370023683
 10
340.0470945139351
 20
71.14952090049042
 10
317.8497598638555
 20
71.14952090049042
  0
ATTDEF
  5
791D
330
791B
100
AcDbEntity
  8
0
 62
     0
100
AcDbText
 10
322.9120787489223
 20
77.57717932435506
 30
0.0
 40
2.278892491867531
  1
S_NAME
  7
ISOCP
 72
     1
 11
328.8348253814322
 21
78.71662557028883
 31
0.0
100
AcDbAttributeDefinition
  3
Signal Name
  2
S_NAME
 70
     0
 74
     2
280
     0
 71
     1
 72
     0
 11
328.8348253814322
 21
78.71662557028883
 31
0.0
  0
ATTDEF
  5
791E
330
791B
100
AcDbEntity
  8
0
 62
     0
100
AcDbText
 10
328.8643067395142
 20
72.57198105442988
 30
0.0
 40
2.278892491867531
  1

  7
ISOCP
 72
     1
 11
328.8643067395142
 21
73.71142730036365
 31
0.0
100
AcDbAttributeDefinition
  3
Relay Name
  2
R_NAME
 70
     0
 74
     2
280
     0
 71
     1
 72
     0
 11
328.8643067395142
 21
73.71142730036365
 31
0.0
  0
ATTDEF
  5
791F
330
791B
100
AcDbEntity
  8
0
 62
     0
100
AcDbText
 10
317.8824702622414
 20
77.18341257420165
 30
0.0
 40
2.278892491867531
  1

  7
ISOCP
 72
     1
 11
317.8824702622414
 21
78.32285882013542
 31
0.0
100
AcDbAttributeDefinition
  3
COIL1
  2
L+
 70
     0
 74
     2
280
     0
 71
     1
 72
     0
 11
317.8824702622414
 21
78.32285882013542
 31
0.0
  0
ATTDEF
  5
7920
330
791B
100
AcDbEntity
  8
0
 62
     0
100
AcDbText
 10
340.9069174627143
 20
77.18341257420165
 30
0.0
 40
2.278892491867531
  1

  7
ISOCP
 72
     1
 11
340.9069174627143
 21
78.32285882013542
 31
0.0
100
AcDbAttributeDefinition
  3
COIL2
  2
L-
 70
     0
 74
     2
280
     0
 71
     1
 72
     0
 11
340.9069174627143
 21
78.32285882013542
 31
0.0
  0
ENDBLK
  5
7922
330
791B
100
AcDbEntity
  8
0
100
AcDbBlockEnd
  0
BLOCK
  5
7A2E
330
7A2D
100
AcDbEntity
  8
0
100
AcDbBlockBegin
  2
LCPR_FRONT
 70
     2
 10
0.0
 20
0.0
 30
0.0
  3
LCPR_FRONT
  1

  0
LWPOLYLINE
  5
7A2F
330
7A2D
100
AcDbEntity
  8
0
 62
     0
100
AcDbPolyline
 90
        2
 70
     0
 43
0.0
 10
304.1546006063072
 20
126.8422949266477
 10
296.24030841417
 20
126.8422949266477
  0
LWPOLYLINE
  5
7A30
330
7A2D
100
AcDbEntity
  8
0
 62
     0
100
AcDbPolyline
 90
        2
 70
     1
 43
0.7419648930128658
 10
295.8693259676635
 20
126.8422949266477
 42
1.0
 10
296.6112908606764
 20
126.8422949266477
 42
1.0
  0
LWPOLYLINE
  5
7A31
330
7A2D
100
AcDbEntity
  8
0
 62
     0
100
AcDbPolyline
 90
        3
 70
     0
 43
0.0
 10
304.8965654993201
 20
128.3262247126734
 10
304.1546006063072
 20
126.8422949266477
 10
303.4126357132945
 20
128.3262247126734
  0
ATTDEF
  5
7A32
330
7A2D
100
AcDbEntity
  8
0
100
AcDbText
 10
294.5410027078113
 20
132.4327677971299
 30
0.0
 40
2.17643035283774
  1
S_NAME
  7
ISOCP
 72
     1
 11
300.1974545102386
 21
133.5209829735488
 31
0.0
100
AcDbAttributeDefinition
  3
Signal Name
  2
S_NAME
 70
     0
 74
     2
280
     0
 71
     1
 72
     0
 11
300.1974545102386
 21
133.5209829735488
 31
0.0
  0
ATTDEF
  5
7A33
330
7A2D
100
AcDbEntity
  8
0
100
AcDbText
 10
300.0974545102386
 20
128.7902100026159
 30
0.0
 40
2.17643035283774
  1

  7
ISOCP
 72
     1
 11
300.0974545102386
 21
129.8784251790348
 31
0.0
100
AcDbAttributeDefinition
  3
Relay Name
  2
R_NAME
 70
     0
 74
     2
280
     0
 71
     1
 72
     0
 11
300.0974545102386
 21
129.8784251790348
 31
0.0
  0
ATTDEF
  5
7A34
330
7A2D
100
AcDbEntity
  8
0
 62
     0
100
AcDbText
 10
296.24030841417
 20
123.1819347877843
 30
0.0
 40
2.17643035283774
  1

  7
ISOCP
 72
     1
 11
296.24030841417
 21
125.358365140622
 31
0.0
100
AcDbAttributeDefinition
  3
ARM
  2
A
 70
     0
 74
     3
280
     0
 71
     1
 72
     0
 11
296.24030841417
 21
125.358365140622
 31
0.0
  0
ATTDEF
  5
7A35
330
7A2D
100
AcDbEntity
  8
0
 62
     0
100
AcDbText
 10
304.1546006063072
 20
123.1819347877843
 30
0.0
 40
2.17643035283774
  1

  7
ISOCP
 72
     1
 11
304.1546006063072
 21
125.358365140622
 31
0.0
100
AcDbAttributeDefinition
  3
FRONT
  2
F
 70
     0
 74
     3
280
     0
 71
     1
 72
     0
 11
304.1546006063072
 21
125.358365140622
 31
0.0
  0
ATTDEF
  5
7A36
330
7A2D
100
AcDbEntity
  8
0
100
AcDbText
 10
299.2289175776305
 20
123.2490069785854
 30
0.0
 40
2.17643035283774
  1
C
  7
ISOCP
 72
     1
 11
299.9884010861728
 21
124.3372221550043
 31
0.0
100
AcDbAttributeDefinition
  3
C
  2
C
 70
     0
 74
     2
280
     0
 71
     1
 72
     0
 11
299.9884010861728
 21
124.3372221550043
 31
0.0
  0
ATTDEF
  5
7A37
330
7A2D
100
AcDbEntity
  8
0
100
AcDbText
 10
300.2119057413396
 20
135.3277572786462
 30
0.0
 40
2.17643035283774
  1

  7
ISOCP
 72
     1
 11
300.2119057413396
 21
136.4159724550651
 31
0.0
100
AcDbAttributeDefinition
  3
Relay Position
  2
R(POS)
 70
     0
 74
     2
280
     0
 71
     1
 72
     0
 11
300.2119057413396
 21
136.4159724550651
 31
0.0
  0
ATTDEF
  5
7A38
330
7A2D
100
AcDbEntity
  8
0
100
AcDbText
 10
300.2419519929551
 20
120.7797230341144
 30
0.0
 40
1.978573048034309
  1

  7
ISOCP
 72
     1
 11
300.2419519929551
 21
121.7690095581316
 31
0.0
100
AcDbAttributeDefinition
  3
WIRING_CNT
  2
WIRING
 70
     5
 74
     2
280
     1
 71
     1
 72
     0
 11
300.2419519929551
 21
121.7690095581316
 31
0.0
  0
ATTDEF
  5
7A39
330
7A2D
100
AcDbEntity
  8
0
100
AcDbText
 10
300.5416068810799
 20
117.0868153686107
 30
0.0
 40
1.978573048034309
  1

  7
ISOCP
 72
     1
 11
300.5416068810799
 21
118.0761018926279
 31
0.0
100
AcDbAttributeDefinition
  3
DIRECTION OF CONTACT
  2
DOC
 70
     5
 74
     2
280
     1
 71
     1
 72
     0
 11
300.5416068810799
 21
118.0761018926279
 31
0.0
  0
ENDBLK
  5
7A3A
330
7A2D
100
AcDbEntity
  8
0
100
AcDbBlockEnd
  0
ENDSEC
  0
SECTION
  2
ENTITIES
  0
INSERT
  5
69BE
330
1F
100
AcDbEntity
  8
0
100
AcDbBlockReference
 66
     1
  2
CTR
 10
209.499164179245
 20
119.3915079234453
 30
0.0
 41
-1.024762559949282
 42
1.024762559949282
 43
1.024762559949282
  0
ATTRIB
  5
69BF
330
69BE
100
AcDbEntity
  8
0
100
AcDbText
 10
206.9159085593729
 20
121.4723400378254
 30
0.0
 40
2.25447763188842
  1
CTR
  7
ISOCP
 72
     1
 11
209.499164179245
 21
122.5995788537696
 31
0.0
100
AcDbAttribute
  2
CTR
 70
     0
 74
     2
280
     0
 71
     1
 72
     0
 11
209.499164179245
 21
122.5995788537696
 31
0.0
  0
ATTRIB
  5
69C0
330
69BE
100
AcDbEntity
  8
0
 62
     0
100
AcDbText
 10
209.499164179245
 20
115.0875051716585
 30
0.0
 40
2.25447763188842
  1

  7
ISOCP
 72
     1
 11
209.499164179245
 21
117.3419828035469
 31
0.0
100
AcDbAttribute
  2
POS
 70
     0
 74
     3
280
     0
 71
     1
 72
     0
 11
209.499164179245
 21
117.3419828035469
 31
0.0
  0
SEQEND
  5
69C1
330
69BE
100
AcDbEntity
  8
0
  0
LINE
  5
69C2
330
1F
100
AcDbEntity
  8
0
100
AcDbLine
 10
213.577376601896
 20
119.3915079234452
 30
0.0
 11
224.741262527763
 21
119.3915079234452
 31
0.0
  0
INSERT
  5
69C3
330
1F
100
AcDbEntity
  8
0
100
AcDbBlockReference
 66
     1
  2
CTR
 10
228.6007798786107
 20
119.3958862265286
 30
0.0
 41
1.024762559949282
 42
1.024762559949282
 43
1.024762559949282
  0
ATTRIB
  5
69C4
330
69C3
100
AcDbEntity
  8
0
100
AcDbText
 10
226.0175242587385
 20
121.4767183409088
 30
0.0
 40
2.25447763188842
  1
CTR
  7
ISOCP
 72
     1
 11
228.6007798786107
 21
122.603957156853
 31
0.0
100
AcDbAttribute
  2
CTR
 70
     0
 74
     2
280
     0
 71
     1
 72
     0
 11
228.6007798786107
 21
122.603957156853
 31
0.0
  0
ATTRIB
  5
69C5
330
69C3
100
AcDbEntity
  8
0
 62
     0
100
AcDbText
 10
228.6007798786107
 20
115.0918834747416
 30
0.0
 40
2.25447763188842
  1

  7
ISOCP
 72
     1
 11
228.6007798786107
 21
117.34636110663
 31
0.0
100
AcDbAttribute
  2
POS
 70
     0
 74
     3
280
     0
 71
     1
 72
     0
 11
228.6007798786107
 21
117.34636110663
 31
0.0
  0
SEQEND
  5
69C6
330
69C3
100
AcDbEntity
  8
0
  0
LINE
  5
69C7
330
1F
100
AcDbEntity
  8
0
100
AcDbLine
 10
72.12069026063409
 20
76.27333370023683
 30
0.0
 11
154.027977018051
 21
76.27333370023683
 31
0.0
  0
LINE
  5
69C8
330
1F
100
AcDbEntity
  8
0
100
AcDbLine
 10
78.94974654728756
 20
119.3958862265286
 30
0.0
 11
300.5605718476063
 21
119.3958862265286
 31
0.0
  0
LINE
  5
69C9
330
1F
100
AcDbEntity
  8
0
100
AcDbLine
 10
154.0442702265442
 20
76.27333370023683
 30
0.0
 11
317.8497598638555
 21
76.27333370023683
 31
0.0
  0
LINE
  5
69CA
330
1F
100
AcDbEntity
  8
0
100
AcDbLine
 10
285.6839291262929
 20
119.3958862265286
 30
0.0
 11
351.967299180531
 21
119.3958862265285
 31
0.0
  0
LINE
  5
69CE
330
1F
100
AcDbEntity
  8
AM_7
 62
     0
100
AcDbLine
 10
219.4381308106186
 20
135.9661749748681
 30
0.0
 11
219.4381308106186
 21
65.8471944729726
 31
0.0
1001
GENIUS_GENODEF_13
1002
{
1000
HIER
1070
     0
1002
}
1002
{
1000
MANEDIT
1070
     0
1002
}
1002
{
1000
NOSEL
1070
     0
1002
}
1002
{
1000
BEHIND
1070
     0
1002
}
1002
{
1000
OTHER
1070
     0
1002
}
1002
{
1000
REACTOR
1002
}
1001
GENIUS_GENOBJ-N-CEN_13
1002
{
1000
OWNER
1000
GEN
1002
}
1001
GENIUS_GENCEN_19
1002
{
1040
3.0
1002
}
  0
INSERT
  5
69CF
330
1F
100
AcDbEntity
  8
0
100
AcDbBlockReference
 66
     1
  2
CTR
 10
228.6007798786107
 20
76.27333370023683
 30
0.0
 41
1.024762559949282
 42
1.024762559949282
 43
1.024762559949282
  0
ATTRIB
  5
69D0
330
69CF
100
AcDbEntity
  8
0
100
AcDbText
 10
226.0175242587385
 20
78.35416581461699
 30
0.0
 40
2.25447763188842
  1
CTR
  7
ISOCP
 72
     1
 11
228.6007798786107
 21
79.4814046305612
 31
0.0
100
AcDbAttribute
  2
CTR
 70
     0
 74
     2
280
     0
 71
     1
 72
     0
 11
228.6007798786107
 21
79.4814046305612
 31
0.0
  0
ATTRIB
  5
69D1
330
69CF
100
AcDbEntity
  8
0
 62
     0
100
AcDbText
 10
228.6007798786107
 20
71.96933094844982
 30
0.0
 40
2.25447763188842
  1

  7
ISOCP
 72
     1
 11
228.6007798786107
 21
74.22380858033824
 31
0.0
100
AcDbAttribute
  2
POS
 70
     0
 74
     3
280
     0
 71
     1
 72
     0
 11
228.6007798786107
 21
74.22380858033824
 31
0.0
  0
SEQEND
  5
69D2
330
69CF
100
AcDbEntity
  8
0
  0
INSERT
  5
69D3
330
1F
100
AcDbEntity
  8
0
100
AcDbBlockReference
 66
     1
  2
CTR
 10
209.499164179245
 20
76.2546133858597
 30
0.0
 41
-1.024762559949282
 42
1.024762559949282
 43
1.024762559949282
  0
ATTRIB
  5
69D4
330
69D3
100
AcDbEntity
  8
0
100
AcDbText
 10
206.9159085593729
 20
78.33544550023986
 30
0.0
 40
2.25447763188842
  1
CTR
  7
ISOCP
 72
     1
 11
209.499164179245
 21
79.46268431618407
 31
0.0
100
AcDbAttribute
  2
CTR
 70
     0
 74
     2
280
     0
 71
     1
 72
     0
 11
209.499164179245
 21
79.46268431618407
 31
0.0
  0
ATTRIB
  5
69D5
330
69D3
100
AcDbEntity
  8
0
 62
     0
100
AcDbText
 10
209.499164179245
 20
71.9506106340728
 30
0.0
 40
2.25447763188842
  1

  7
ISOCP
 72
     1
 11
209.499164179245
 21
74.20508826596122
 31
0.0
100
AcDbAttribute
  2
POS
 70
     0
 74
     3
280
     0
 71
     1
 72
     0
 11
209.499164179245
 21
74.20508826596122
 31
0.0
  0
SEQEND
  5
69D6
330
69D3
100
AcDbEntity
  8
0
  0
INSERT
  5
69D7
330
1F
100
AcDbEntity
  8
0
100
AcDbBlockReference
 66
     1
  2
WIRRE
 10
198.5796081174994
 20
119.3958862265286
 30
0.0
 41
0.7319732571066299
 42
0.7319732571066299
 43
0.7319732571066299
  0
ATTRIB
  5
69D8
330
69D7
100
AcDbEntity
  8
0
100
AcDbText
 10
197.6989527925428
 20
115.9075161649974
 30
0.0
 40
1.610341165634586
  1
W
  7
ISOCP
 72
     1
 11
198.5796081174992
 21
116.7126867478147
 31
0.0
100
AcDbAttribute
  2
W
 70
     0
 74
     2
280
     0
 71
     1
 72
     0
 11
198.5796081174992
 21
116.7126867478147
 31
0.0
  0
ATTRIB
  5
69D9
330
69D7
100
AcDbEntity
  8
0
100
AcDbText
 10
198.5796081174994
 20
120.9898664443153
 30
0.0
 40
2.2
  1

  7
ISOCP
 72
     1
 11
198.5796081174994
 21
122.0898664443153
 31
0.0
100
AcDbAttribute
  2
OG
 70
     0
 74
     2
280
     1
 71
     1
 72
     0
 11
198.5796081174994
 21
122.0898664443153
 31
0.0
  0
SEQEND
  5
69DA
330
69D7
100
AcDbEntity
  8
0
  0
INSERT
  5
69DB
330
1F
100
AcDbEntity
  8
0
100
AcDbBlockReference
 66
     1
  2
WIRRE
 10
198.5796081174994
 20
76.2733337002368
 30
0.0
 41
0.7319732571066299
 42
0.7319732571066299
 43
0.7319732571066299
  0
ATTRIB
  5
69DC
330
69DB
100
AcDbEntity
  8
0
100
AcDbText
 10
197.6989527925428
 20
72.78496363870549
 30
0.0
 40
1.610341165634586
  1
W
  7
ISOCP
 72
     1
 11
198.5796081174992
 21
73.59013422152279
 31
0.0
100
AcDbAttribute
  2
W
 70
     0
 74
     2
280
     0
 71
     1
 72
     0
 11
198.5796081174992
 21
73.59013422152279
 31
0.0
  0
ATTRIB
  5
69DD
330
69DB
100
AcDbEntity
  8
0
100
AcDbText
 10
198.5796081174994
 20
77.86731391802343
 30
0.0
 40
2.2
  1

  7
ISOCP
 72
     1
 11
198.5796081174994
 21
78.96731391802342
 31
0.0
100
AcDbAttribute
  2
OG
 70
     0
 74
     2
280
     1
 71
     1
 72
     0
 11
198.5796081174994
 21
78.96731391802342
 31
0.0
  0
SEQEND
  5
69DE
330
69DB
100
AcDbEntity
  8
0
  0
INSERT
  5
69DF
330
1F
100
AcDbEntity
  8
0
100
AcDbBlockReference
 66
     1
  2
Relay_Coil
 10
180.9536159901721
 20
76.27333370023686
 30
0.0
 41
1.024762559949282
 42
1.024762559949282
 43
1.024762559949282
  0
ATTRIB
  5
69E0
330
69DF
100
AcDbEntity
  8
0
 62
     0
100
AcDbText
 10
168.9461083318612
 20
77.57717932435506
 30
0.0
 40
2.278892491867531
  1
*
  7
ISOCP
 72
     1
 11
169.7413468576691
 21
78.71662557028883
 31
0.0
100
AcDbAttribute
  2
S_NAME
 70
     0
 74
     2
280
     0
 71
     1
 72
     0
 11
169.7413468576691
 21
78.71662557028883
 31
0.0
  0
ATTRIB
  5
69E1
330
69DF
100
AcDbEntity
  8
0
 62
     0
100
AcDbText
 10
166.2480402387392
 20
72.57198105442988
 30
0.0
 40
2.278892491867531
  1
AECR
  7
ISOCP
 72
     1
 11
169.7708282157511
 21
73.71142730036365
 31
0.0
100
AcDbAttribute
  2
R_NAME
 70
     0
 74
     2
280
     0
 71
     1
 72
     0
 11
169.7708282157511
 21
73.71142730036365
 31
0.0
  0
ATTRIB
  5
69E2
330
69DF
100
AcDbEntity
  8
0
 62
     0
100
AcDbText
 10
157.319580850493
 20
77.18341257420165
 30
0.0
 40
2.278892491867531
  1
R1
  7
ISOCP
 72
     1
 11
158.7889917384784
 21
78.32285882013542
 31
0.0
100
AcDbAttribute
  2
L+
 70
     0
 74
     2
280
     0
 71
     1
 72
     0
 11
158.7889917384784
 21
78.32285882013542
 31
0.0
  0
ATTRIB
  5
69E3
330
69DF
100
AcDbEntity
  8
0
 62
     0
100
AcDbText
 10
180.1066434163963
 20
77.18341257420165
 30
0.0
 40
2.278892491867531
  1
R2
  7
ISOCP
 72
     1
 11
181.8134389389512
 21
78.32285882013542
 31
0.0
100
AcDbAttribute
  2
L-
 70
     0
 74
     2
280
     0
 71
     1
 72
     0
 11
181.8134389389512
 21
78.32285882013542
 31
0.0
  0
ATTRIB
  5
69E4
330
69DF
100
AcDbEntity
  8
0
100
AcDbText
 10
164.5233349242297
 20
80.53243766260046
 30
0.0
 40
2.278892491867531
  1
XXXXX
  7
ISOCP
 72
     1
 11
169.6460953382403
 21
81.67188390853423
 31
0.0
100
AcDbAttribute
  2
R(POS)
 70
     0
 74
     2
280
     0
 71
     1
 72
     0
 11
169.6460953382403
 21
81.67188390853423
 31
0.0
  0
ATTRIB
  5
79BD
330
69DF
100
AcDbEntity
  8
0
100
AcDbText
 10
169.4862222108413
 20
68.82003009668968
 30
0.0
 40
2.049525119898564
  1
1
  7
ISOCP
 72
     1
 11
169.9879288808165
 21
69.84479265663896
 31
0.0
100
AcDbAttribute
  2
WIRING
 70
     5
 74
     2
280
     1
 71
     1
 72
     0
 11
169.9879288808165
 21
69.84479265663896
 31
0.0
  0
ATTRIB
  5
79BE
330
69DF
100
AcDbEntity
  8
0
100
AcDbText
 10
168.259478950326
 20
64.99469393665501
 30
0.0
 40
2.049525119898564
  1
LR1
  7
ISOCP
 72
     1
 11
170.2983294602251
 21
66.01945649660429
 31
0.0
100
AcDbAttribute
  2
DOC
 70
     5
 74
     2
280
     1
 71
     1
 72
     0
 11
170.2983294602251
 21
66.01945649660429
 31
0.0
  0
SEQEND
  5
69E5
330
69DF
100
AcDbEntity
  8
0
  0
INSERT
  5
69EA
330
1F
100
AcDbEntity
  8
0
100
AcDbBlockReference
 66
     1
  2
CTR
 10
297.6674562379304
 20
119.3915079234453
 30
0.0
 41
-1.024762559949282
 42
1.024762559949282
 43
1.024762559949282
  0
ATTRIB
  5
69EB
330
69EA
100
AcDbEntity
  8
0
100
AcDbText
 10
295.0842006180583
 20
121.4723400378254
 30
0.0
 40
2.25447763188842
  1
CTR
  7
ISOCP
 72
     1
 11
297.6674562379304
 21
122.5995788537696
 31
0.0
100
AcDbAttribute
  2
CTR
 70
     0
 74
     2
280
     0
 71
     1
 72
     0
 11
297.6674562379304
 21
122.5995788537696
 31
0.0
  0
ATTRIB
  5
69EC
330
69EA
100
AcDbEntity
  8
0
 62
     0
100
AcDbText
 10
297.6674562379304
 20
115.0875051716585
 30
0.0
 40
2.25447763188842
  1

  7
ISOCP
 72
     1
 11
297.6674562379304
 21
117.3419828035469
 31
0.0
100
AcDbAttribute
  2
POS
 70
     0
 74
     3
280
     0
 71
     1
 72
     0
 11
297.6674562379304
 21
117.3419828035469
 31
0.0
  0
SEQEND
  5
69ED
330
69EA
100
AcDbEntity
  8
0
  0
LINE
  5
69EE
330
1F
100
AcDbEntity
  8
AM_7
 62
     0
100
AcDbLine
 10
308.2495231799937
 20
135.9661749748681
 30
0.0
 11
308.2495231799937
 21
65.8471944729726
 31
0.0
1001
GENIUS_GENODEF_13
1002
{
1000
HIER
1070
     0
1002
}
1002
{
1000
MANEDIT
1070
     0
1002
}
1002
{
1000
NOSEL
1070
     0
1002
}
1002
{
1000
BEHIND
1070
     0
1002
}
1002
{
1000
OTHER
1070
     0
1002
}
1002
{
1000
REACTOR
1002
}
1001
GENIUS_GENOBJ-N-CEN_13
1002
{
1000
OWNER
1000
GEN
1002
}
1001
GENIUS_GENCEN_19
1002
{
1040
3.0
1002
}
  0
INSERT
  5
69EF
330
1F
100
AcDbEntity
  8
0
100
AcDbBlockReference
 66
     1
  2
CTR
 10
297.6674562379304
 20
76.2546133858597
 30
0.0
 41
-1.024762559949282
 42
1.024762559949282
 43
1.024762559949282
  0
ATTRIB
  5
69F0
330
69EF
100
AcDbEntity
  8
0
100
AcDbText
 10
295.0842006180583
 20
78.33544550023986
 30
0.0
 40
2.25447763188842
  1
CTR
  7
ISOCP
 72
     1
 11
297.6674562379304
 21
79.46268431618407
 31
0.0
100
AcDbAttribute
  2
CTR
 70
     0
 74
     2
280
     0
 71
     1
 72
     0
 11
297.6674562379304
 21
79.46268431618407
 31
0.0
  0
ATTRIB
  5
69F1
330
69EF
100
AcDbEntity
  8
0
 62
     0
100
AcDbText
 10
297.6674562379304
 20
71.9506106340728
 30
0.0
 40
2.25447763188842
  1

  7
ISOCP
 72
     1
 11
297.6674562379304
 21
74.20508826596122
 31
0.0
100
AcDbAttribute
  2
POS
 70
     0
 74
     3
280
     0
 71
     1
 72
     0
 11
297.6674562379304
 21
74.20508826596122
 31
0.0
  0
SEQEND
  5
69F2
330
69EF
100
AcDbEntity
  8
0
  0
MTEXT
  5
69F3
330
1F
100
AcDbEntity
  8
0
100
AcDbMText
 10
332.7984687316352
 20
131.2884256843787
 30
0.0
 40
2.8
 41
45.06474022168307
 46
0.0
 71
     5
 72
     5
  1
SIGNAL NO - * AGE
  7
ISOCP
 73
     1
 44
1.0
101
Embedded Object
 70
     1
 10
1.0
 20
0.0
 30
0.0
 11
332.7984687316352
 21
131.2884256843787
 31
0.0
 40
45.06474022168307
 41
0.0
 42
30.81749999999999
 43
2.8
 71
     2
 72
     1
 44
45.06474022168307
 45
12.48771513923294
 73
     0
 74
     0
 46
-2.809949493661168
  0
INSERT
  5
69F4
330
1F
100
AcDbEntity
  8
FUZEBLOCK.INSERT
 62
     0
100
AcDbBlockReference
 66
     1
  2
FUZEBLOCK
 10
60.99866175875371
 20
119.3958862265286
 30
0.0
 41
0.8067903275745545
 42
0.8067903275745545
 43
0.8067903275745545
  0
ATTRIB
  5
69F5
330
69F4
100
AcDbEntity
  8
0
100
AcDbText
 10
46.5679867371728
 20
118.6294354153328
 30
0.8067903275745545
 40
2.016975818936386
  1
BX110 (#)
  7
isocp.shx
 72
     1
 11
52.11046820629174
 21
119.637923324801
 31
0.8067903275745545
100
AcDbAttribute
  2
VOLT
 70
     0
 74
     2
280
     0
 71
     1
 72
     0
 11
52.11046820629174
 21
119.637923324801
 31
0.8067903275745545
  0
ATTRIB
  5
69F6
330
69F4
100
AcDbEntity
  8
0
100
AcDbText
 10
57.55383514132861
 20
115.1602370067622
 30
0.8067903275745545
 40
2.016975818936386
  1
XXX
  7
isocp.shx
 72
     1
 11
60.27255046393662
 21
116.1687249162304
 31
0.8067903275745545
100
AcDbAttribute
  2
FTOT
 70
     0
 74
     2
280
     0
 71
     1
 72
     0
 11
60.27255046393662
 21
116.1687249162304
 31
0.8067903275745545
  0
ATTRIB
  5
69F7
330
69F4
100
AcDbEntity
  8
0
100
AcDbText
 10
70.52965946613705
 20
121.6145596273586
 30
0.8067903275745545
 40
2.016975818936386
  1
630mA
  7
isocp.shx
 72
     1
 11
74.45856028010688
 21
122.6230475368268
 31
0.8067903275745545
100
AcDbAttribute
  2
FUSEVALUE
 70
     0
 74
     2
280
     0
 71
     1
 72
     0
 11
74.45856028010688
 21
122.6230475368268
 31
0.8067903275745545
  0
SEQEND
  5
69F8
330
69F4
100
AcDbEntity
  8
FUZEBLOCK.INSERT
 62
     0
  0
INSERT
  5
69F9
330
1F
100
AcDbEntity
  8
0
100
AcDbBlockReference
  2
24PPTC
 10
72.7754974973605
 20
113.3678241981539
 30
0.0
  0
INSERT
  5
69FA
330
1F
100
AcDbEntity
  8
FUZEENDBLOCK.INSERT
 62
     0
100
AcDbBlockReference
 66
     1
  2
FUZEENDBLOCK
 10
53.22524557095377
 20
76.27333370023683
 30
0.0
 41
0.849233469199126
 42
0.849233469199126
 43
0.849233469199126
  0
ATTRIB
  5
69FB
330
69FA
100
AcDbEntity
  8
0
100
AcDbText
 10
56.39401236905424
 20
78.14565084243378
 30
0.849233469199126
 40
2.2
  1
NX110 (#)
  7
isocp.shx
 72
     1
 11
62.43942903572091
 21
79.24565084243378
 31
0.849233469199126
100
AcDbAttribute
  2
VOLT
 70
     0
 74
     2
280
     0
 71
     1
 72
     0
 11
62.43942903572091
 21
79.24565084243378
 31
0.849233469199126
  0
ATTRIB
  5
69FC
330
69FA
100
AcDbEntity
  8
0
100
AcDbText
 10
59.47401236905424
 20
71.7763998234403
 30
0.849233469199126
 40
2.2
  1
XXX
  7
isocp.shx
 72
     1
 11
62.43942903572091
 21
72.8763998234403
 31
0.849233469199126
100
AcDbAttribute
  2
FTOT
 70
     0
 74
     2
280
     0
 71
     1
 72
     0
 11
62.43942903572091
 21
72.8763998234403
 31
0.849233469199126
  0
SEQEND
  5
69FD
330
69FA
100
AcDbEntity
  8
FUZEENDBLOCK.INSERT
 62
     0
  0
LWPOLYLINE
  5
6A3A
330
1F
100
AcDbEntity
  8
0
100
AcDbPolyline
 90
        6
 70
     0
 43
0.0
 10
143.3462539589209
 20
119.3958862265286
 10
150.3398049499453
 20
121.382988208578
 10
150.3398049499453
 20
135.2978959673665
 10
128.3398049499455
 20
135.2978959673665
 10
128.3398049499455
 20
121.382988208578
 10
135.3398049499453
 20
119.382988208578
  0
LWPOLYLINE
  5
6A4B
330
1F
100
AcDbEntity
  8
0
100
AcDbPolyline
 90
        6
 70
     0
 43
0.0
 10
143.3462539589209
 20
76.27333370023683
 10
150.3398049499453
 20
78.26043568228619
 10
150.3398049499453
 20
92.17534344107477
 10
128.3398049499455
 20
92.17534344107477
 10
128.3398049499455
 20
78.26043568228619
 10
135.3398049499453
 20
76.26043568228621
  0
LWPOLYLINE
  5
6A5C
330
1F
100
AcDbEntity
  8
0
100
AcDbPolyline
 90
        6
 70
     0
 43
0.0
 10
268.5022132431521
 20
119.3958862265286
 10
275.4957642341766
 20
121.382988208578
 10
275.4957642341766
 20
135.2978959673665
 10
253.4957642341766
 20
135.2978959673665
 10
253.4957642341766
 20
121.382988208578
 10
260.4957642341766
 20
119.382988208578
  0
LWPOLYLINE
  5
6A6D
330
1F
100
AcDbEntity
  8
0
100
AcDbPolyline
 90
        6
 70
     0
 43
0.0
 10
268.5022132431521
 20
76.27333370023686
 10
275.4957642341766
 20
78.26043568228621
 10
275.4957642341766
 20
92.17534344107477
 10
253.4957642341766
 20
92.17534344107477
 10
253.4957642341766
 20
78.26043568228621
 10
260.4957642341766
 20
76.26043568228621
  0
LINE
  5
6AFD
330
1F
100
AcDbEntity
  8
0
100
AcDbLine
 10
340.0470945139351
 20
76.27333370023683
 30
0.0
 11
351.967299180531
 21
76.27333370023683
 31
0.0
  0
LINE
  5
6AFE
330
1F
100
AcDbEntity
  8
0
100
AcDbLine
 10
351.967299180531
 20
76.27333370023683
 30
0.0
 11
351.967299180531
 21
119.3958862265286
 31
0.0
  0
INSERT
  5
77EF
330
1F
100
AcDbEntity
  8
FUZEBLOCK.INSERT
 62
     0
100
AcDbBlockReference
 66
     1
  2
FUZEBLOCK
 10
128.1299091872363
 20
257.1335005854244
 30
0.0
 41
0.7872948906471413
 42
0.7872948906471413
 43
0.7872948906471413
  0
ATTRIB
  5
77F0
330
77EF
100
AcDbEntity
  8
0
100
AcDbText
 10
113.6542923320476
 20
256.3855704393096
 30
0.7872948906471413
 40
1.968237226617853
  1
B24INT(#)
  7
isocp.shx
 72
     1
 11
119.4564916563481
 21
257.3696890526185
 31
0.7872948906471413
100
AcDbAttribute
  2
VOLT
 70
     0
 74
     2
280
     0
 71
     1
 72
     0
 11
119.4564916563481
 21
257.3696890526185
 31
0.7872948906471413
  0
ATTRIB
  5
77F1
330
77EF
100
AcDbEntity
  8
0
100
AcDbText
 10
124.7683240239419
 20
253.0002024095268
 30
0.7872948906471413
 40
1.968237226617853
  1
XXX
  7
isocp.shx
 72
     1
 11
127.4213437856539
 21
253.9843210228358
 31
0.7872948906471413
100
AcDbAttribute
  2
FTOT
 70
     0
 74
     2
280
     0
 71
     1
 72
     0
 11
127.4213437856539
 21
253.9843210228358
 31
0.7872948906471413
  0
ATTRIB
  5
77F2
330
77EF
100
AcDbEntity
  8
0
100
AcDbText
 10
141.2645601272739
 20
259.2985615347041
 30
0.7872948906471413
 40
1.968237226617853
  1

  7
isocp.shx
 72
     1
 11
141.2645601272739
 21
260.282680148013
 31
0.7872948906471413
100
AcDbAttribute
  2
FUSEVALUE
 70
     0
 74
     2
280
     0
 71
     1
 72
     0
 11
141.2645601272739
 21
260.282680148013
 31
0.7872948906471413
  0
SEQEND
  5
77F3
330
77EF
100
AcDbEntity
  8
FUZEBLOCK.INSERT
 62
     0
  0
INSERT
  5
77F4
330
1F
100
AcDbEntity
  8
0
100
AcDbBlockReference
 66
     1
  2
Front_Contact
 10
156.4418629285579
 20
257.1335005854244
 30
0.0
  0
ATTRIB
  5
77F5
330
77F4
100
AcDbEntity
  8
0
100
AcDbText
 10
160.5575536089851
 20
265.7108562311295
 30
0.0
 40
2.2
  1

  7
ISOCP
 72
     1
 11
160.5575536089851
 21
266.8108562311295
 31
0.0
100
AcDbAttribute
  2
R(POS)
 70
     0
 74
     2
280
     0
 71
     1
 72
     0
 11
160.5575536089851
 21
266.8108562311295
 31
0.0
  0
ATTRIB
  5
77F6
330
77F4
100
AcDbEntity
  8
0
100
AcDbText
 10
157.1510295952246
 20
259.102510602925
 30
0.0
 40
2.2
  1
DECR
  7
ISOCP
 72
     1
 11
160.4418629285579
 21
260.202510602925
 31
0.0
100
AcDbAttribute
  2
R_NAME
 70
     0
 74
     2
280
     0
 71
     1
 72
     0
 11
160.4418629285579
 21
260.202510602925
 31
0.0
  0
ATTRIB
  5
77F7
330
77F4
100
AcDbEntity
  8
0
 62
     0
100
AcDbText
 10
155.6741545952246
 20
253.4335005854244
 30
0.0
 40
2.2
  1
2
  7
ISOCP
 72
     1
 11
156.4418629285579
 21
255.6335005854244
 31
0.0
100
AcDbAttribute
  2
A
 70
     0
 74
     3
280
     0
 71
     1
 72
     0
 11
156.4418629285579
 21
255.6335005854244
 31
0.0
  0
ATTRIB
  5
77F8
330
77F4
100
AcDbEntity
  8
0
 62
     0
100
AcDbText
 10
163.9033212618912
 20
253.4335005854244
 30
0.0
 40
2.2
  1
1
  7
ISOCP
 72
     1
 11
164.4418629285579
 21
255.6335005854244
 31
0.0
100
AcDbAttribute
  2
F
 70
     0
 74
     3
280
     0
 71
     1
 72
     0
 11
164.4418629285579
 21
255.6335005854244
 31
0.0
  0
ATTRIB
  5
77F9
330
77F4
100
AcDbEntity
  8
0
100
AcDbText
 10
159.2451288942827
 20
253.5012991343512
 30
0.0
 40
2.2
  1
A
  7
ISOCP
 72
     1
 11
160.2305455609494
 21
254.6012991343512
 31
0.0
100
AcDbAttribute
  2
C
 70
     0
 74
     2
280
     0
 71
     1
 72
     0
 11
160.2305455609494
 21
254.6012991343512
 31
0.0
  0
ATTRIB
  5
77FA
330
77F4
100
AcDbEntity
  8
0
100
AcDbText
 10
159.6741545952246
 20
262.7845154681312
 30
0.0
 40
2.2
  1
*
  7
ISOCP
 72
     1
 11
160.4418629285579
 21
263.8845154681312
 31
0.0
100
AcDbAttribute
  2
S_NAME
 70
     0
 74
     2
280
     0
 71
     1
 72
     0
 11
160.4418629285579
 21
263.8845154681312
 31
0.0
  0
ATTRIB
  5
7973
330
77F4
100
AcDbEntity
  8
0
100
AcDbText
 10
159.2506373756185
 20
246.4804362717273
 30
0.0
 40
2.0
  1
RF
  7
ISOCP
 72
     1
 11
160.7485540422852
 21
247.4804362717273
 31
0.0
100
AcDbAttribute
  2
DOC
 70
     5
 74
     2
280
     1
 71
     1
 72
     0
 11
160.7485540422852
 21
247.4804362717273
 31
0.0
  0
ATTRIB
  5
7974
330
77F4
100
AcDbEntity
  8
0
100
AcDbText
 10
159.7477373756186
 20
250.2133362717274
 30
0.0
 40
2.0
  1
2
  7
ISOCP
 72
     1
 11
160.4456540422852
 21
251.2133362717274
 31
0.0
100
AcDbAttribute
  2
WIRING
 70
     5
 74
     2
280
     1
 71
     1
 72
     0
 11
160.4456540422852
 21
251.2133362717274
 31
0.0
  0
SEQEND
  5
77FB
330
77F4
100
AcDbEntity
  8
0
  0
INSERT
  5
77FC
330
1F
100
AcDbEntity
  8
0
100
AcDbBlockReference
 66
     1
  2
Front_Contact
 10
156.4418629285579
 20
242.2185928266358
 30
0.0
  0
ATTRIB
  5
77FD
330
77FC
100
AcDbEntity
  8
0
100
AcDbText
 10
160.5575536089851
 20
250.795948472341
 30
0.0
 40
2.2
  1

  7
ISOCP
 72
     1
 11
160.5575536089851
 21
251.895948472341
 31
0.0
100
AcDbAttribute
  2
R(POS)
 70
     0
 74
     2
280
     0
 71
     1
 72
     0
 11
160.5575536089851
 21
251.895948472341
 31
0.0
  0
ATTRIB
  5
77FE
330
77FC
100
AcDbEntity
  8
0
100
AcDbText
 10
157.1510295952246
 20
244.1876028441365
 30
0.0
 40
2.2
  1
DECR
  7
ISOCP
 72
     1
 11
160.4418629285579
 21
245.2876028441365
 31
0.0
100
AcDbAttribute
  2
R_NAME
 70
     0
 74
     2
280
     0
 71
     1
 72
     0
 11
160.4418629285579
 21
245.2876028441365
 31
0.0
  0
ATTRIB
  5
77FF
330
77FC
100
AcDbEntity
  8
0
 62
     0
100
AcDbText
 10
155.6741545952246
 20
238.5185928266358
 30
0.0
 40
2.2
  1
2
  7
ISOCP
 72
     1
 11
156.4418629285579
 21
240.7185928266358
 31
0.0
100
AcDbAttribute
  2
A
 70
     0
 74
     3
280
     0
 71
     1
 72
     0
 11
156.4418629285579
 21
240.7185928266358
 31
0.0
  0
ATTRIB
  5
7800
330
77FC
100
AcDbEntity
  8
0
 62
     0
100
AcDbText
 10
163.9033212618912
 20
238.5185928266358
 30
0.0
 40
2.2
  1
1
  7
ISOCP
 72
     1
 11
164.4418629285579
 21
240.7185928266358
 31
0.0
100
AcDbAttribute
  2
F
 70
     0
 74
     3
280
     0
 71
     1
 72
     0
 11
164.4418629285579
 21
240.7185928266358
 31
0.0
  0
ATTRIB
  5
7801
330
77FC
100
AcDbEntity
  8
0
100
AcDbText
 10
159.3597122276161
 20
238.5863913755627
 30
0.0
 40
2.2
  1
D
  7
ISOCP
 72
     1
 11
160.2305455609494
 21
239.6863913755627
 31
0.0
100
AcDbAttribute
  2
C
 70
     0
 74
     2
280
     0
 71
     1
 72
     0
 11
160.2305455609494
 21
239.6863913755627
 31
0.0
  0
ATTRIB
  5
7802
330
77FC
100
AcDbEntity
  8
0
100
AcDbText
 10
159.6741545952246
 20
247.8696077093427
 30
0.0
 40
2.2
  1
*
  7
ISOCP
 72
     1
 11
160.4418629285579
 21
248.9696077093427
 31
0.0
100
AcDbAttribute
  2
S_NAME
 70
     0
 74
     2
280
     0
 71
     1
 72
     0
 11
160.4418629285579
 21
248.9696077093427
 31
0.0
  0
ATTRIB
  5
7975
330
77FC
100
AcDbEntity
  8
0
100
AcDbText
 10
159.2506373756185
 20
231.5655285129388
 30
0.0
 40
2.0
  1
RF
  7
ISOCP
 72
     1
 11
160.7485540422852
 21
232.5655285129388
 31
0.0
100
AcDbAttribute
  2
DOC
 70
     5
 74
     2
280
     1
 71
     1
 72
     0
 11
160.7485540422852
 21
232.5655285129388
 31
0.0
  0
ATTRIB
  5
7976
330
77FC
100
AcDbEntity
  8
0
100
AcDbText
 10
159.2560707089519
 20
235.2984285129388
 30
0.0
 40
2.0
  1
21
  7
ISOCP
 72
     1
 11
160.4456540422852
 21
236.2984285129388
 31
0.0
100
AcDbAttribute
  2
WIRING
 70
     5
 74
     2
280
     1
 71
     1
 72
     0
 11
160.4456540422852
 21
236.2984285129388
 31
0.0
  0
SEQEND
  5
7803
330
77FC
100
AcDbEntity
  8
0
  0
LINE
  5
7804
330
1F
100
AcDbEntity
  8
0
100
AcDbLine
 10
145.2535730588116
 20
257.1335005854244
 30
0.0
 11
156.4418629285579
 21
257.1335005854244
 31
0.0
  0
LINE
  5
7805
330
1F
100
AcDbEntity
  8
0
100
AcDbLine
 10
164.4418629285579
 20
257.1335005854244
 30
0.0
 11
198.0902619764807
 21
257.1335005854244
 31
0.0
  0
INSERT
  5
7806
330
1F
100
AcDbEntity
  8
0
100
AcDbBlockReference
 66
     1
  2
Relay_Coil
 10
219.7512159551061
 20
257.1335005854244
 30
0.0
  0
ATTRIB
  5
7807
330
7806
100
AcDbEntity
  8
0
 62
     0
100
AcDbText
 10
208.0338600254503
 20
258.4058398326571
 30
0.0
 40
2.223824894598334
  1
*
  7
ISOCP
 72
     1
 11
208.8098822542945
 21
259.5177522799563
 31
0.0
100
AcDbAttribute
  2
S_NAME
 70
     0
 74
     2
280
     0
 71
     1
 72
     0
 11
208.8098822542945
 21
259.5177522799563
 31
0.0
  0
ATTRIB
  5
7808
330
7806
100
AcDbEntity
  8
0
 62
     0
100
AcDbText
 10
204.6226498564834
 20
253.5215881381252
 30
0.0
 40
2.223824894598334
  1
DECPR
  7
ISOCP
 72
     1
 11
208.8386512191594
 21
254.6335005854244
 31
0.0
100
AcDbAttribute
  2
R_NAME
 70
     0
 74
     2
280
     0
 71
     1
 72
     0
 11
208.8386512191594
 21
254.6335005854244
 31
0.0
  0
ATTRIB
  5
7809
330
7806
100
AcDbEntity
  8
0
 62
     0
100
AcDbText
 10
196.6882781943346
 20
258.0215881381252
 30
0.0
 40
2.223824894598334
  1
R1
  7
ISOCP
 72
     1
 11
198.1221819544975
 21
259.1335005854244
 31
0.0
100
AcDbAttribute
  2
L+
 70
     0
 74
     2
280
     0
 71
     1
 72
     0
 11
198.1221819544975
 21
259.1335005854244
 31
0.0
  0
ATTRIB
  5
780A
330
7806
100
AcDbEntity
  8
0
 62
     0
100
AcDbText
 10
218.9247097897971
 20
258.0215881381252
 30
0.0
 40
2.223824894598334
  1
R2
  7
ISOCP
 72
     1
 11
220.5902619764807
 21
259.1335005854244
 31
0.0
100
AcDbAttribute
  2
L-
 70
     0
 74
     2
280
     0
 71
     1
 72
     0
 11
220.5902619764807
 21
259.1335005854244
 31
0.0
  0
ATTRIB
  5
780B
330
7806
100
AcDbEntity
  8
0
100
AcDbText
 10
203.7179593666183
 20
261.2896867389997
 30
0.0
 40
2.223824894598334
  1
XXXXX
  7
ISOCP
 72
     1
 11
208.7169324109342
 21
262.4015991862989
 31
0.0
100
AcDbAttribute
  2
R(POS)
 70
     0
 74
     2
280
     0
 71
     1
 72
     0
 11
208.7169324109342
 21
262.4015991862989
 31
0.0
  0
ATTRIB
  5
79BF
330
7806
100
AcDbEntity
  8
0
100
AcDbText
 10
208.3525891552567
 20
249.8603000462516
 30
0.0
 40
2.0
  1
2
  7
ISOCP
 72
     1
 11
209.0505058219233
 21
250.8603000462516
 31
0.0
100
AcDbAttribute
  2
WIRING
 70
     5
 74
     2
280
     1
 71
     1
 72
     0
 11
209.0505058219233
 21
250.8603000462516
 31
0.0
  0
ATTRIB
  5
79C0
330
7806
100
AcDbEntity
  8
0
100
AcDbText
 10
207.36382248859
 20
246.1274000462516
 30
0.0
 40
2.0
  1
LR1
  7
ISOCP
 72
     1
 11
209.3534058219233
 21
247.1274000462516
 31
0.0
100
AcDbAttribute
  2
DOC
 70
     5
 74
     2
280
     1
 71
     1
 72
     0
 11
209.3534058219233
 21
247.1274000462516
 31
0.0
  0
SEQEND
  5
780C
330
7806
100
AcDbEntity
  8
0
  0
INSERT
  5
780D
330
1F
100
AcDbEntity
  8
FUZEENDBLOCK.INSERT
 62
     0
100
AcDbBlockReference
 66
     1
  2
FUZEENDBLOCK
 10
282.4830645997287
 20
257.1335005854244
 30
0.0
 41
-0.8287124280195762
 42
0.8287124280195762
 43
0.8287124280195762
  0
ATTRIB
  5
780E
330
780D
100
AcDbEntity
  8
0
100
AcDbText
 10
267.3840964935059
 20
258.9981035484685
 30
0.8287124280195762
 40
2.071781070048941
  1
N24INT(#)
  7
isocp.shx
 72
     1
 11
273.4915344395876
 21
260.0339940834929
 31
0.8287124280195762
100
AcDbAttribute
  2
VOLT
 70
     0
 74
     2
280
     0
 71
     1
 72
     0
 11
273.4915344395876
 21
260.0339940834929
 31
0.8287124280195762
  0
ATTRIB
  5
780F
330
780D
100
AcDbEntity
  8
0
100
AcDbText
 10
270.6989462055841
 20
252.7827603383216
 30
0.8287124280195762
 40
2.071781070048941
  1
XXX
  7
isocp.shx
 72
     1
 11
273.4915344395876
 21
253.8186508733461
 31
0.8287124280195762
100
AcDbAttribute
  2
FTOT
 70
     0
 74
     2
280
     0
 71
     1
 72
     0
 11
273.4915344395876
 21
253.8186508733461
 31
0.8287124280195762
  0
SEQEND
  5
7810
330
780D
100
AcDbEntity
  8
FUZEENDBLOCK.INSERT
 62
     0
  0
LINE
  5
7811
330
1F
100
AcDbEntity
  8
0
100
AcDbLine
 10
219.7512159551061
 20
257.1335005854244
 30
0.0
 11
264.4585692903029
 21
257.1335005854244
 31
0.0
  0
INSERT
  5
7812
330
1F
100
AcDbEntity
  8
0
100
AcDbBlockReference
 66
     1
  2
Front_Contact
 10
195.8536307943791
 20
240.1203225543716
 30
0.0
  0
ATTRIB
  5
7813
330
7812
100
AcDbEntity
  8
0
100
AcDbText
 10
199.9693214748063
 20
248.6976782000768
 30
0.0
 40
2.2
  1

  7
ISOCP
 72
     1
 11
199.9693214748063
 21
249.7976782000768
 31
0.0
100
AcDbAttribute
  2
R(POS)
 70
     0
 74
     2
280
     0
 71
     1
 72
     0
 11
199.9693214748063
 21
249.7976782000768
 31
0.0
  0
ATTRIB
  5
7814
330
7812
100
AcDbEntity
  8
0
100
AcDbText
 10
195.6827974610458
 20
242.0893325718723
 30
0.0
 40
2.2
  1
DECPR
  7
ISOCP
 72
     1
 11
199.8536307943791
 21
243.1893325718723
 31
0.0
100
AcDbAttribute
  2
R_NAME
 70
     0
 74
     2
280
     0
 71
     1
 72
     0
 11
199.8536307943791
 21
243.1893325718723
 31
0.0
  0
ATTRIB
  5
7815
330
7812
100
AcDbEntity
  8
0
 62
     0
100
AcDbText
 10
194.9827974610457
 20
236.4203225543716
 30
0.0
 40
2.2
  1
4
  7
ISOCP
 72
     1
 11
195.8536307943791
 21
238.6203225543716
 31
0.0
100
AcDbAttribute
  2
A
 70
     0
 74
     3
280
     0
 71
     1
 72
     0
 11
195.8536307943791
 21
238.6203225543716
 31
0.0
  0
ATTRIB
  5
7816
330
7812
100
AcDbEntity
  8
0
 62
     0
100
AcDbText
 10
203.0859224610458
 20
236.4203225543716
 30
0.0
 40
2.2
  1
3
  7
ISOCP
 72
     1
 11
203.8536307943791
 21
238.6203225543716
 31
0.0
100
AcDbAttribute
  2
F
 70
     0
 74
     3
280
     0
 71
     1
 72
     0
 11
203.8536307943791
 21
238.6203225543716
 31
0.0
  0
ATTRIB
  5
7817
330
7812
100
AcDbEntity
  8
0
100
AcDbText
 10
198.8746050934373
 20
236.4881211032984
 30
0.0
 40
2.2
  1
C
  7
ISOCP
 72
     1
 11
199.6423134267706
 21
237.5881211032984
 31
0.0
100
AcDbAttribute
  2
C
 70
     0
 74
     2
280
     0
 71
     1
 72
     0
 11
199.6423134267706
 21
237.5881211032984
 31
0.0
  0
ATTRIB
  5
7818
330
7812
100
AcDbEntity
  8
0
100
AcDbText
 10
199.0859224610458
 20
245.7713374370784
 30
0.0
 40
2.2
  1
*
  7
ISOCP
 72
     1
 11
199.8536307943791
 21
246.8713374370784
 31
0.0
100
AcDbAttribute
  2
S_NAME
 70
     0
 74
     2
280
     0
 71
     1
 72
     0
 11
199.8536307943791
 21
246.8713374370784
 31
0.0
  0
ATTRIB
  5
7977
330
7812
100
AcDbEntity
  8
0
100
AcDbText
 10
198.6624052414397
 20
229.4672582406746
 30
0.0
 40
2.0
  1
RF
  7
ISOCP
 72
     1
 11
200.1603219081064
 21
230.4672582406746
 31
0.0
100
AcDbAttribute
  2
DOC
 70
     5
 74
     2
280
     1
 71
     1
 72
     0
 11
200.1603219081064
 21
230.4672582406746
 31
0.0
  0
ATTRIB
  5
7978
330
7812
100
AcDbEntity
  8
0
100
AcDbText
 10
199.3678385747731
 20
233.2001582406746
 30
0.0
 40
2.0
  1
1
  7
ISOCP
 72
     1
 11
199.8574219081064
 21
234.2001582406746
 31
0.0
100
AcDbAttribute
  2
WIRING
 70
     5
 74
     2
280
     1
 71
     1
 72
     0
 11
199.8574219081064
 21
234.2001582406746
 31
0.0
  0
SEQEND
  5
7819
330
7812
100
AcDbEntity
  8
0
  0
LINE
  5
781A
330
1F
100
AcDbEntity
  8
0
100
AcDbLine
 10
198.0902619764807
 20
257.1335005854244
 30
0.0
 11
188.4975785381796
 21
252.3804580049856
 31
0.0
  0
LINE
  5
781B
330
1F
100
AcDbEntity
  8
0
100
AcDbLine
 10
188.4975785381796
 20
252.3804580049856
 30
0.0
 11
188.4975785381796
 21
240.1203225543716
 31
0.0
  0
LINE
  5
781C
330
1F
100
AcDbEntity
  8
0
100
AcDbLine
 10
195.8536307943791
 20
240.1203225543716
 30
0.0
 11
188.4975785381796
 21
240.1203225543716
 31
0.0
  0
LINE
  5
781D
330
1F
100
AcDbEntity
  8
0
100
AcDbLine
 10
203.8536307943791
 20
240.1203225543716
 30
0.0
 11
209.2254775864815
 21
240.1203225543716
 31
0.0
  0
INSERT
  5
781E
330
1F
100
AcDbEntity
  8
0
100
AcDbBlockReference
 66
     1
  2
Front_Contact
 10
156.4418629285579
 20
226.3036850678472
 30
0.0
  0
ATTRIB
  5
781F
330
781E
100
AcDbEntity
  8
0
100
AcDbText
 10
160.5575536089851
 20
234.8810407135524
 30
0.0
 40
2.2
  1

  7
ISOCP
 72
     1
 11
160.5575536089851
 21
235.9810407135524
 31
0.0
100
AcDbAttribute
  2
R(POS)
 70
     0
 74
     2
280
     0
 71
     1
 72
     0
 11
160.5575536089851
 21
235.9810407135524
 31
0.0
  0
ATTRIB
  5
7820
330
781E
100
AcDbEntity
  8
0
100
AcDbText
 10
156.2710295952246
 20
228.2726950853479
 30
0.0
 40
2.2
  1
HHECR
  7
ISOCP
 72
     1
 11
160.4418629285579
 21
229.3726950853479
 31
0.0
100
AcDbAttribute
  2
R_NAME
 70
     0
 74
     2
280
     0
 71
     1
 72
     0
 11
160.4418629285579
 21
229.3726950853479
 31
0.0
  0
ATTRIB
  5
7821
330
781E
100
AcDbEntity
  8
0
 62
     0
100
AcDbText
 10
155.6741545952246
 20
222.6036850678472
 30
0.0
 40
2.2
  1
2
  7
ISOCP
 72
     1
 11
156.4418629285579
 21
224.8036850678472
 31
0.0
100
AcDbAttribute
  2
A
 70
     0
 74
     3
280
     0
 71
     1
 72
     0
 11
156.4418629285579
 21
224.8036850678472
 31
0.0
  0
ATTRIB
  5
7822
330
781E
100
AcDbEntity
  8
0
 62
     0
100
AcDbText
 10
163.9033212618912
 20
222.6036850678472
 30
0.0
 40
2.2
  1
1
  7
ISOCP
 72
     1
 11
164.4418629285579
 21
224.8036850678472
 31
0.0
100
AcDbAttribute
  2
F
 70
     0
 74
     3
280
     0
 71
     1
 72
     0
 11
164.4418629285579
 21
224.8036850678472
 31
0.0
  0
ATTRIB
  5
7823
330
781E
100
AcDbEntity
  8
0
100
AcDbText
 10
159.2451288942827
 20
222.671483616774
 30
0.0
 40
2.2
  1
A
  7
ISOCP
 72
     1
 11
160.2305455609494
 21
223.771483616774
 31
0.0
100
AcDbAttribute
  2
C
 70
     0
 74
     2
280
     0
 71
     1
 72
     0
 11
160.2305455609494
 21
223.771483616774
 31
0.0
  0
ATTRIB
  5
7824
330
781E
100
AcDbEntity
  8
0
100
AcDbText
 10
159.6741545952246
 20
231.954699950554
 30
0.0
 40
2.2
  1
*
  7
ISOCP
 72
     1
 11
160.4418629285579
 21
233.054699950554
 31
0.0
100
AcDbAttribute
  2
S_NAME
 70
     0
 74
     2
280
     0
 71
     1
 72
     0
 11
160.4418629285579
 21
233.054699950554
 31
0.0
  0
ATTRIB
  5
7979
330
781E
100
AcDbEntity
  8
0
100
AcDbText
 10
159.2506373756185
 20
215.6506207541502
 30
0.0
 40
2.0
  1
RF
  7
ISOCP
 72
     1
 11
160.7485540422852
 21
216.6506207541502
 31
0.0
100
AcDbAttribute
  2
DOC
 70
     5
 74
     2
280
     1
 71
     1
 72
     0
 11
160.7485540422852
 21
216.6506207541502
 31
0.0
  0
ATTRIB
  5
797A
330
781E
100
AcDbEntity
  8
0
100
AcDbText
 10
159.7477373756186
 20
219.3835207541502
 30
0.0
 40
2.0
  1
2
  7
ISOCP
 72
     1
 11
160.4456540422852
 21
220.3835207541502
 31
0.0
100
AcDbAttribute
  2
WIRING
 70
     5
 74
     2
280
     1
 71
     1
 72
     0
 11
160.4456540422852
 21
220.3835207541502
 31
0.0
  0
SEQEND
  5
7825
330
781E
100
AcDbEntity
  8
0
  0
INSERT
  5
7826
330
1F
100
AcDbEntity
  8
0
100
AcDbBlockReference
 66
     1
  2
Front_Contact
 10
156.4418629285579
 20
211.3887773090587
 30
0.0
  0
ATTRIB
  5
7827
330
7826
100
AcDbEntity
  8
0
100
AcDbText
 10
160.5575536089851
 20
219.9661329547639
 30
0.0
 40
2.2
  1

  7
ISOCP
 72
     1
 11
160.5575536089851
 21
221.0661329547639
 31
0.0
100
AcDbAttribute
  2
R(POS)
 70
     0
 74
     2
280
     0
 71
     1
 72
     0
 11
160.5575536089851
 21
221.0661329547639
 31
0.0
  0
ATTRIB
  5
7828
330
7826
100
AcDbEntity
  8
0
100
AcDbText
 10
156.2710295952246
 20
213.3577873265594
 30
0.0
 40
2.2
  1
HHECR
  7
ISOCP
 72
     1
 11
160.4418629285579
 21
214.4577873265594
 31
0.0
100
AcDbAttribute
  2
R_NAME
 70
     0
 74
     2
280
     0
 71
     1
 72
     0
 11
160.4418629285579
 21
214.4577873265594
 31
0.0
  0
ATTRIB
  5
7829
330
7826
100
AcDbEntity
  8
0
 62
     0
100
AcDbText
 10
155.6741545952246
 20
207.6887773090587
 30
0.0
 40
2.2
  1
2
  7
ISOCP
 72
     1
 11
156.4418629285579
 21
209.8887773090587
 31
0.0
100
AcDbAttribute
  2
A
 70
     0
 74
     3
280
     0
 71
     1
 72
     0
 11
156.4418629285579
 21
209.8887773090587
 31
0.0
  0
ATTRIB
  5
782A
330
7826
100
AcDbEntity
  8
0
 62
     0
100
AcDbText
 10
163.9033212618912
 20
207.6887773090587
 30
0.0
 40
2.2
  1
1
  7
ISOCP
 72
     1
 11
164.4418629285579
 21
209.8887773090587
 31
0.0
100
AcDbAttribute
  2
F
 70
     0
 74
     3
280
     0
 71
     1
 72
     0
 11
164.4418629285579
 21
209.8887773090587
 31
0.0
  0
ATTRIB
  5
782B
330
7826
100
AcDbEntity
  8
0
100
AcDbText
 10
159.3597122276161
 20
207.7565758579855
 30
0.0
 40
2.2
  1
D
  7
ISOCP
 72
     1
 11
160.2305455609494
 21
208.8565758579855
 31
0.0
100
AcDbAttribute
  2
C
 70
     0
 74
     2
280
     0
 71
     1
 72
     0
 11
160.2305455609494
 21
208.8565758579855
 31
0.0
  0
ATTRIB
  5
782C
330
7826
100
AcDbEntity
  8
0
100
AcDbText
 10
159.6741545952246
 20
217.0397921917655
 30
0.0
 40
2.2
  1
*
  7
ISOCP
 72
     1
 11
160.4418629285579
 21
218.1397921917655
 31
0.0
100
AcDbAttribute
  2
S_NAME
 70
     0
 74
     2
280
     0
 71
     1
 72
     0
 11
160.4418629285579
 21
218.1397921917655
 31
0.0
  0
ATTRIB
  5
797B
330
7826
100
AcDbEntity
  8
0
100
AcDbText
 10
159.2506373756185
 20
200.7357129953617
 30
0.0
 40
2.0
  1
RF
  7
ISOCP
 72
     1
 11
160.7485540422852
 21
201.7357129953617
 31
0.0
100
AcDbAttribute
  2
DOC
 70
     5
 74
     2
280
     1
 71
     1
 72
     0
 11
160.7485540422852
 21
201.7357129953617
 31
0.0
  0
ATTRIB
  5
797C
330
7826
100
AcDbEntity
  8
0
100
AcDbText
 10
159.2560707089519
 20
204.4686129953617
 30
0.0
 40
2.0
  1
21
  7
ISOCP
 72
     1
 11
160.4456540422852
 21
205.4686129953617
 31
0.0
100
AcDbAttribute
  2
WIRING
 70
     5
 74
     2
280
     1
 71
     1
 72
     0
 11
160.4456540422852
 21
205.4686129953617
 31
0.0
  0
SEQEND
  5
782D
330
7826
100
AcDbEntity
  8
0
  0
LINE
  5
782E
330
1F
100
AcDbEntity
  8
0
100
AcDbLine
 10
156.4418629285579
 20
211.3887773090587
 30
0.0
 11
149.4418629285579
 21
209.3887773090587
 31
0.0
  0
INSERT
  5
782F
330
1F
100
AcDbEntity
  8
0
100
AcDbBlockReference
 66
     1
  2
Front_Contact
 10
156.4477155255005
 20
196.6738695502701
 30
0.0
  0
ATTRIB
  5
7830
330
782F
100
AcDbEntity
  8
0
100
AcDbText
 10
160.5634062059277
 20
205.2512251959753
 30
0.0
 40
2.2
  1

  7
ISOCP
 72
     1
 11
160.5634062059277
 21
206.3512251959753
 31
0.0
100
AcDbAttribute
  2
R(POS)
 70
     0
 74
     2
280
     0
 71
     1
 72
     0
 11
160.5634062059277
 21
206.3512251959753
 31
0.0
  0
ATTRIB
  5
7831
330
782F
100
AcDbEntity
  8
0
100
AcDbText
 10
157.1568821921672
 20
198.6428795677708
 30
0.0
 40
2.2
  1
HECR
  7
ISOCP
 72
     1
 11
160.4477155255005
 21
199.7428795677708
 31
0.0
100
AcDbAttribute
  2
R_NAME
 70
     0
 74
     2
280
     0
 71
     1
 72
     0
 11
160.4477155255005
 21
199.7428795677708
 31
0.0
  0
ATTRIB
  5
7832
330
782F
100
AcDbEntity
  8
0
 62
     0
100
AcDbText
 10
155.6800071921672
 20
192.9738695502701
 30
0.0
 40
2.2
  1
2
  7
ISOCP
 72
     1
 11
156.4477155255005
 21
195.1738695502701
 31
0.0
100
AcDbAttribute
  2
A
 70
     0
 74
     3
280
     0
 71
     1
 72
     0
 11
156.4477155255005
 21
195.1738695502701
 31
0.0
  0
ATTRIB
  5
7833
330
782F
100
AcDbEntity
  8
0
 62
     0
100
AcDbText
 10
163.9091738588338
 20
192.9738695502701
 30
0.0
 40
2.2
  1
1
  7
ISOCP
 72
     1
 11
164.4477155255005
 21
195.1738695502701
 31
0.0
100
AcDbAttribute
  2
F
 70
     0
 74
     3
280
     0
 71
     1
 72
     0
 11
164.4477155255005
 21
195.1738695502701
 31
0.0
  0
ATTRIB
  5
7834
330
782F
100
AcDbEntity
  8
0
100
AcDbText
 10
159.2509814912253
 20
193.0416680991969
 30
0.0
 40
2.2
  1
A
  7
ISOCP
 72
     1
 11
160.236398157892
 21
194.1416680991969
 31
0.0
100
AcDbAttribute
  2
C
 70
     0
 74
     2
280
     0
 71
     1
 72
     0
 11
160.236398157892
 21
194.1416680991969
 31
0.0
  0
ATTRIB
  5
7835
330
782F
100
AcDbEntity
  8
0
100
AcDbText
 10
159.6800071921672
 20
202.3248844329769
 30
0.0
 40
2.2
  1
*
  7
ISOCP
 72
     1
 11
160.4477155255005
 21
203.4248844329769
 31
0.0
100
AcDbAttribute
  2
S_NAME
 70
     0
 74
     2
280
     0
 71
     1
 72
     0
 11
160.4477155255005
 21
203.4248844329769
 31
0.0
  0
ATTRIB
  5
797D
330
782F
100
AcDbEntity
  8
0
100
AcDbText
 10
159.2564899725612
 20
186.0208052365731
 30
0.0
 40
2.0
  1
RF
  7
ISOCP
 72
     1
 11
160.7544066392279
 21
187.0208052365731
 31
0.0
100
AcDbAttribute
  2
DOC
 70
     5
 74
     2
280
     1
 71
     1
 72
     0
 11
160.7544066392279
 21
187.0208052365731
 31
0.0
  0
ATTRIB
  5
797E
330
782F
100
AcDbEntity
  8
0
100
AcDbText
 10
159.7535899725612
 20
189.7537052365731
 30
0.0
 40
2.0
  1
2
  7
ISOCP
 72
     1
 11
160.4515066392279
 21
190.7537052365731
 31
0.0
100
AcDbAttribute
  2
WIRING
 70
     5
 74
     2
280
     1
 71
     1
 72
     0
 11
160.4515066392279
 21
190.7537052365731
 31
0.0
  0
SEQEND
  5
7836
330
782F
100
AcDbEntity
  8
0
  0
INSERT
  5
7837
330
1F
100
AcDbEntity
  8
0
100
AcDbBlockReference
 66
     1
  2
Front_Contact
 10
156.4418629285579
 20
181.7589617914815
 30
0.0
  0
ATTRIB
  5
7838
330
7837
100
AcDbEntity
  8
0
100
AcDbText
 10
160.5575536089851
 20
190.3363174371867
 30
0.0
 40
2.2
  1

  7
ISOCP
 72
     1
 11
160.5575536089851
 21
191.4363174371867
 31
0.0
100
AcDbAttribute
  2
R(POS)
 70
     0
 74
     2
280
     0
 71
     1
 72
     0
 11
160.5575536089851
 21
191.4363174371867
 31
0.0
  0
ATTRIB
  5
7839
330
7837
100
AcDbEntity
  8
0
100
AcDbText
 10
157.1510295952246
 20
183.7279718089822
 30
0.0
 40
2.2
  1
HECR
  7
ISOCP
 72
     1
 11
160.4418629285579
 21
184.8279718089822
 31
0.0
100
AcDbAttribute
  2
R_NAME
 70
     0
 74
     2
280
     0
 71
     1
 72
     0
 11
160.4418629285579
 21
184.8279718089822
 31
0.0
  0
ATTRIB
  5
783A
330
7837
100
AcDbEntity
  8
0
 62
     0
100
AcDbText
 10
155.6741545952246
 20
178.0589617914815
 30
0.0
 40
2.2
  1
2
  7
ISOCP
 72
     1
 11
156.4418629285579
 21
180.2589617914815
 31
0.0
100
AcDbAttribute
  2
A
 70
     0
 74
     3
280
     0
 71
     1
 72
     0
 11
156.4418629285579
 21
180.2589617914815
 31
0.0
  0
ATTRIB
  5
783B
330
7837
100
AcDbEntity
  8
0
 62
     0
100
AcDbText
 10
163.9033212618912
 20
178.0589617914815
 30
0.0
 40
2.2
  1
1
  7
ISOCP
 72
     1
 11
164.4418629285579
 21
180.2589617914815
 31
0.0
100
AcDbAttribute
  2
F
 70
     0
 74
     3
280
     0
 71
     1
 72
     0
 11
164.4418629285579
 21
180.2589617914815
 31
0.0
  0
ATTRIB
  5
783C
330
7837
100
AcDbEntity
  8
0
100
AcDbText
 10
159.3597122276161
 20
178.1267603404084
 30
0.0
 40
2.2
  1
D
  7
ISOCP
 72
     1
 11
160.2305455609494
 21
179.2267603404084
 31
0.0
100
AcDbAttribute
  2
C
 70
     0
 74
     2
280
     0
 71
     1
 72
     0
 11
160.2305455609494
 21
179.2267603404084
 31
0.0
  0
ATTRIB
  5
783D
330
7837
100
AcDbEntity
  8
0
100
AcDbText
 10
159.6741545952246
 20
187.4099766741884
 30
0.0
 40
2.2
  1
*
  7
ISOCP
 72
     1
 11
160.4418629285579
 21
188.5099766741884
 31
0.0
100
AcDbAttribute
  2
S_NAME
 70
     0
 74
     2
280
     0
 71
     1
 72
     0
 11
160.4418629285579
 21
188.5099766741884
 31
0.0
  0
ATTRIB
  5
797F
330
7837
100
AcDbEntity
  8
0
100
AcDbText
 10
159.2506373756185
 20
171.1058974777845
 30
0.0
 40
2.0
  1
RF
  7
ISOCP
 72
     1
 11
160.7485540422852
 21
172.1058974777845
 31
0.0
100
AcDbAttribute
  2
DOC
 70
     5
 74
     2
280
     1
 71
     1
 72
     0
 11
160.7485540422852
 21
172.1058974777845
 31
0.0
  0
ATTRIB
  5
7980
330
7837
100
AcDbEntity
  8
0
100
AcDbText
 10
159.9560707089519
 20
174.8387974777845
 30
0.0
 40
2.0
  1
1
  7
ISOCP
 72
     1
 11
160.4456540422852
 21
175.8387974777845
 31
0.0
100
AcDbAttribute
  2
WIRING
 70
     5
 74
     2
280
     1
 71
     1
 72
     0
 11
160.4456540422852
 21
175.8387974777845
 31
0.0
  0
SEQEND
  5
783E
330
7837
100
AcDbEntity
  8
0
  0
LINE
  5
783F
330
1F
100
AcDbEntity
  8
0
100
AcDbLine
 10
164.4418629285579
 20
226.3036850678472
 30
0.0
 11
198.0902619764807
 21
226.3036850678472
 31
0.0
  0
LINE
  5
7840
330
1F
100
AcDbEntity
  8
0
100
AcDbLine
 10
164.4477155255005
 20
196.6738695502701
 30
0.0
 11
198.0961145734233
 21
196.6738695502701
 31
0.0
  0
LINE
  5
7841
330
1F
100
AcDbEntity
  8
0
100
AcDbLine
 10
219.7512159551061
 20
257.1335005854244
 30
0.0
 11
247.9153286828166
 21
249.2563912631359
 31
0.0
  0
INSERT
  5
7842
330
1F
100
AcDbEntity
  8
0
100
AcDbBlockReference
 66
     1
  2
Relay_Coil
 10
219.7512159551061
 20
226.3036850678472
 30
0.0
  0
ATTRIB
  5
7843
330
7842
100
AcDbEntity
  8
0
 62
     0
100
AcDbText
 10
208.0338600254503
 20
227.5760243150799
 30
0.0
 40
2.223824894598334
  1
*
  7
ISOCP
 72
     1
 11
208.8098822542945
 21
228.6879367623791
 31
0.0
100
AcDbAttribute
  2
S_NAME
 70
     0
 74
     2
280
     0
 71
     1
 72
     0
 11
208.8098822542945
 21
228.6879367623791
 31
0.0
  0
ATTRIB
  5
7844
330
7842
100
AcDbEntity
  8
0
 62
     0
100
AcDbText
 10
203.733119898644
 20
222.691772620548
 30
0.0
 40
2.223824894598334
  1
HHECPR
  7
ISOCP
 72
     1
 11
208.8386512191594
 21
223.8036850678472
 31
0.0
100
AcDbAttribute
  2
R_NAME
 70
     0
 74
     2
280
     0
 71
     1
 72
     0
 11
208.8386512191594
 21
223.8036850678472
 31
0.0
  0
ATTRIB
  5
7845
330
7842
100
AcDbEntity
  8
0
 62
     0
100
AcDbText
 10
196.6882781943346
 20
227.191772620548
 30
0.0
 40
2.223824894598334
  1
R1
  7
ISOCP
 72
     1
 11
198.1221819544975
 21
228.3036850678472
 31
0.0
100
AcDbAttribute
  2
L+
 70
     0
 74
     2
280
     0
 71
     1
 72
     0
 11
198.1221819544975
 21
228.3036850678472
 31
0.0
  0
ATTRIB
  5
7846
330
7842
100
AcDbEntity
  8
0
 62
     0
100
AcDbText
 10
218.9247097897971
 20
227.191772620548
 30
0.0
 40
2.223824894598334
  1
R2
  7
ISOCP
 72
     1
 11
220.5902619764807
 21
228.3036850678472
 31
0.0
100
AcDbAttribute
  2
L-
 70
     0
 74
     2
280
     0
 71
     1
 72
     0
 11
220.5902619764807
 21
228.3036850678472
 31
0.0
  0
ATTRIB
  5
7847
330
7842
100
AcDbEntity
  8
0
100
AcDbText
 10
203.7179593666183
 20
230.4598712214225
 30
0.0
 40
2.223824894598334
  1
XXXXX
  7
ISOCP
 72
     1
 11
208.7169324109342
 21
231.5717836687217
 31
0.0
100
AcDbAttribute
  2
R(POS)
 70
     0
 74
     2
280
     0
 71
     1
 72
     0
 11
208.7169324109342
 21
231.5717836687217
 31
0.0
  0
ATTRIB
  5
79C1
330
7842
100
AcDbEntity
  8
0
100
AcDbText
 10
208.3525891552567
 20
219.0304845286744
 30
0.0
 40
2.0
  1
2
  7
ISOCP
 72
     1
 11
209.0505058219233
 21
220.0304845286744
 31
0.0
100
AcDbAttribute
  2
WIRING
 70
     5
 74
     2
280
     1
 71
     1
 72
     0
 11
209.0505058219233
 21
220.0304845286744
 31
0.0
  0
ATTRIB
  5
79C2
330
7842
100
AcDbEntity
  8
0
100
AcDbText
 10
207.36382248859
 20
215.2975845286744
 30
0.0
 40
2.0
  1
LR1
  7
ISOCP
 72
     1
 11
209.3534058219233
 21
216.2975845286744
 31
0.0
100
AcDbAttribute
  2
DOC
 70
     5
 74
     2
280
     1
 71
     1
 72
     0
 11
209.3534058219233
 21
216.2975845286744
 31
0.0
  0
SEQEND
  5
7848
330
7842
100
AcDbEntity
  8
0
  0
INSERT
  5
7849
330
1F
100
AcDbEntity
  8
0
100
AcDbBlockReference
 66
     1
  2
RC_Ckt
 10
276.7770044815892
 20
218.3926791459222
 30
0.0
 41
0.6068114739418548
 42
0.6068114739418548
 43
0.6068114739418548
  0
ATTRIB
  5
784A
330
7849
100
AcDbEntity
  8
0
  6
Continuous
100
AcDbText
 10
275.9873804135017
 20
213.9173787930097
 30
0.0
 40
1.334985242672081
  1

 41
0.7
  7
ISOCP
 72
     1
 11
275.9873804135017
 21
213.9173787930097
 31
0.0
100
AcDbAttribute
  2
RC_POS
 70
     0
280
     1
 71
     1
 72
     0
 11
275.9873804135017
 21
213.9173787930097
 31
0.0
  0
ATTRIB
  5
784B
330
7849
100
AcDbEntity
  8
0
100
AcDbText
 10
214.9384272909172
 20
205.6597456863386
 30
0.0
 40
1.334985242672081
  1
50V DC
  7
ISOCP
 72
     1
 11
217.7474587390397
 21
206.3272383076746
 31
0.0
100
AcDbAttribute
  2
VOLTAGE
 70
     0
 74
     2
280
     0
 71
     1
 72
     0
 11
217.7474587390397
 21
206.3272383076746
 31
0.0
  0
SEQEND
  5
784C
330
7849
100
AcDbEntity
  8
0
  0
INSERT
  5
784D
330
1F
100
AcDbEntity
  8
0
100
AcDbBlockReference
 66
     1
  2
CTR
 10
209.2254775864815
 20
209.2905070367944
 30
0.0
 41
-1.0
  0
ATTRIB
  5
784E
330
784D
100
AcDbEntity
  8
0
100
AcDbText
 10
209.2254775864815
 20
211.3210575230292
 30
0.0
 40
2.2
  1

  7
ISOCP
 72
     1
 11
209.2254775864815
 21
212.4210575230292
 31
0.0
100
AcDbAttribute
  2
CTR
 70
     0
 74
     2
280
     0
 71
     1
 72
     0
 11
209.2254775864815
 21
212.4210575230292
 31
0.0
  0
ATTRIB
  5
784F
330
784D
100
AcDbEntity
  8
0
 62
     0
100
AcDbText
 10
209.2254775864815
 20
205.0905070367944
 30
0.0
 40
2.2
  1

  7
ISOCP
 72
     1
 11
209.2254775864815
 21
207.2905070367944
 31
0.0
100
AcDbAttribute
  2
POS
 70
     0
 74
     3
280
     0
 71
     1
 72
     0
 11
209.2254775864815
 21
207.2905070367944
 31
0.0
  0
SEQEND
  5
7850
330
784D
100
AcDbEntity
  8
0
  0
INSERT
  5
7851
330
1F
100
AcDbEntity
  8
0
100
AcDbBlockReference
 66
     1
  2
Front_Contact
 10
195.8536307943791
 20
209.2905070367944
 30
0.0
  0
ATTRIB
  5
7852
330
7851
100
AcDbEntity
  8
0
100
AcDbText
 10
199.9693214748063
 20
217.8678626824996
 30
0.0
 40
2.2
  1

  7
ISOCP
 72
     1
 11
199.9693214748063
 21
218.9678626824996
 31
0.0
100
AcDbAttribute
  2
R(POS)
 70
     0
 74
     2
280
     0
 71
     1
 72
     0
 11
199.9693214748063
 21
218.9678626824996
 31
0.0
  0
ATTRIB
  5
7853
330
7851
100
AcDbEntity
  8
0
100
AcDbText
 10
194.8027974610457
 20
211.2595170542951
 30
0.0
 40
2.2
  1
HHECPR
  7
ISOCP
 72
     1
 11
199.8536307943791
 21
212.3595170542951
 31
0.0
100
AcDbAttribute
  2
R_NAME
 70
     0
 74
     2
280
     0
 71
     1
 72
     0
 11
199.8536307943791
 21
212.3595170542951
 31
0.0
  0
ATTRIB
  5
7854
330
7851
100
AcDbEntity
  8
0
 62
     0
100
AcDbText
 10
194.9827974610457
 20
205.5905070367944
 30
0.0
 40
2.2
  1
4
  7
ISOCP
 72
     1
 11
195.8536307943791
 21
207.7905070367944
 31
0.0
100
AcDbAttribute
  2
A
 70
     0
 74
     3
280
     0
 71
     1
 72
     0
 11
195.8536307943791
 21
207.7905070367944
 31
0.0
  0
ATTRIB
  5
7855
330
7851
100
AcDbEntity
  8
0
 62
     0
100
AcDbText
 10
203.0859224610458
 20
205.5905070367944
 30
0.0
 40
2.2
  1
3
  7
ISOCP
 72
     1
 11
203.8536307943791
 21
207.7905070367944
 31
0.0
100
AcDbAttribute
  2
F
 70
     0
 74
     3
280
     0
 71
     1
 72
     0
 11
203.8536307943791
 21
207.7905070367944
 31
0.0
  0
ATTRIB
  5
7856
330
7851
100
AcDbEntity
  8
0
100
AcDbText
 10
198.8746050934373
 20
205.6583055857212
 30
0.0
 40
2.2
  1
C
  7
ISOCP
 72
     1
 11
199.6423134267706
 21
206.7583055857212
 31
0.0
100
AcDbAttribute
  2
C
 70
     0
 74
     2
280
     0
 71
     1
 72
     0
 11
199.6423134267706
 21
206.7583055857212
 31
0.0
  0
ATTRIB
  5
7857
330
7851
100
AcDbEntity
  8
0
100
AcDbText
 10
199.0859224610458
 20
214.9415219195012
 30
0.0
 40
2.2
  1
*
  7
ISOCP
 72
     1
 11
199.8536307943791
 21
216.0415219195012
 31
0.0
100
AcDbAttribute
  2
S_NAME
 70
     0
 74
     2
280
     0
 71
     1
 72
     0
 11
199.8536307943791
 21
216.0415219195012
 31
0.0
  0
ATTRIB
  5
7981
330
7851
100
AcDbEntity
  8
0
100
AcDbText
 10
198.6624052414397
 20
198.6374427230974
 30
0.0
 40
2.0
  1
RF
  7
ISOCP
 72
     1
 11
200.1603219081064
 21
199.6374427230974
 31
0.0
100
AcDbAttribute
  2
DOC
 70
     5
 74
     2
280
     1
 71
     1
 72
     0
 11
200.1603219081064
 21
199.6374427230974
 31
0.0
  0
ATTRIB
  5
7982
330
7851
100
AcDbEntity
  8
0
100
AcDbText
 10
199.3678385747731
 20
202.3703427230974
 30
0.0
 40
2.0
  1
1
  7
ISOCP
 72
     1
 11
199.8574219081064
 21
203.3703427230974
 31
0.0
100
AcDbAttribute
  2
WIRING
 70
     5
 74
     2
280
     1
 71
     1
 72
     0
 11
199.8574219081064
 21
203.3703427230974
 31
0.0
  0
SEQEND
  5
7858
330
7851
100
AcDbEntity
  8
0
  0
LINE
  5
7859
330
1F
100
AcDbEntity
  8
0
100
AcDbLine
 10
198.0902619764807
 20
226.3036850678472
 30
0.0
 11
188.4975785381796
 21
221.5506424874084
 31
0.0
  0
LINE
  5
785A
330
1F
100
AcDbEntity
  8
0
100
AcDbLine
 10
195.8536307943791
 20
209.2905070367944
 30
0.0
 11
188.4975785381796
 21
209.2905070367944
 31
0.0
  0
LINE
  5
785B
330
1F
100
AcDbEntity
  8
0
100
AcDbLine
 10
203.8536307943791
 20
209.2905070367944
 30
0.0
 11
209.2254775864815
 21
209.2905070367944
 31
0.0
  0
LINE
  5
785C
330
1F
100
AcDbEntity
  8
0
100
AcDbLine
 10
219.7512159551061
 20
226.3036850678472
 30
0.0
 11
247.9153286828166
 21
218.4284847837987
 31
0.0
  0
LINE
  5
785D
330
1F
100
AcDbEntity
  8
0
100
AcDbLine
 10
247.9153286828166
 20
218.4265757455587
 30
0.0
 11
247.9153286828166
 21
196.6738695502702
 31
0.0
  0
INSERT
  5
785E
330
1F
100
AcDbEntity
  8
0
100
AcDbBlockReference
 66
     1
  2
Relay_Coil
 10
219.7570685520487
 20
196.6738695502701
 30
0.0
  0
ATTRIB
  5
785F
330
785E
100
AcDbEntity
  8
0
 62
     0
100
AcDbText
 10
208.0397126223929
 20
197.9462087975028
 30
0.0
 40
2.223824894598334
  1
*
  7
ISOCP
 72
     1
 11
208.8157348512371
 21
199.058121244802
 31
0.0
100
AcDbAttribute
  2
S_NAME
 70
     0
 74
     2
280
     0
 71
     1
 72
     0
 11
208.8157348512371
 21
199.058121244802
 31
0.0
  0
ATTRIB
  5
7860
330
785E
100
AcDbEntity
  8
0
 62
     0
100
AcDbText
 10
204.628502453426
 20
193.0619571029709
 30
0.0
 40
2.223824894598334
  1
HECPR
  7
ISOCP
 72
     1
 11
208.844503816102
 21
194.1738695502701
 31
0.0
100
AcDbAttribute
  2
R_NAME
 70
     0
 74
     2
280
     0
 71
     1
 72
     0
 11
208.844503816102
 21
194.1738695502701
 31
0.0
  0
ATTRIB
  5
7861
330
785E
100
AcDbEntity
  8
0
 62
     0
100
AcDbText
 10
196.6941307912772
 20
197.5619571029709
 30
0.0
 40
2.223824894598334
  1
R1
  7
ISOCP
 72
     1
 11
198.1280345514401
 21
198.6738695502701
 31
0.0
100
AcDbAttribute
  2
L+
 70
     0
 74
     2
280
     0
 71
     1
 72
     0
 11
198.1280345514401
 21
198.6738695502701
 31
0.0
  0
ATTRIB
  5
7862
330
785E
100
AcDbEntity
  8
0
 62
     0
100
AcDbText
 10
218.9305623867398
 20
197.5619571029709
 30
0.0
 40
2.223824894598334
  1
R2
  7
ISOCP
 72
     1
 11
220.5961145734233
 21
198.6738695502701
 31
0.0
100
AcDbAttribute
  2
L-
 70
     0
 74
     2
280
     0
 71
     1
 72
     0
 11
220.5961145734233
 21
198.6738695502701
 31
0.0
  0
ATTRIB
  5
7863
330
785E
100
AcDbEntity
  8
0
100
AcDbText
 10
203.723811963561
 20
200.8300557038454
 30
0.0
 40
2.223824894598334
  1
XXXXX
  7
ISOCP
 72
     1
 11
208.7227850078768
 21
201.9419681511446
 31
0.0
100
AcDbAttribute
  2
R(POS)
 70
     0
 74
     2
280
     0
 71
     1
 72
     0
 11
208.7227850078768
 21
201.9419681511446
 31
0.0
  0
ATTRIB
  5
79C3
330
785E
100
AcDbEntity
  8
0
100
AcDbText
 10
207.8667750855327
 20
189.4006690110973
 30
0.0
 40
2.0
  1
21
  7
ISOCP
 72
     1
 11
209.056358418866
 21
190.4006690110973
 31
0.0
100
AcDbAttribute
  2
WIRING
 70
     5
 74
     2
280
     1
 71
     1
 72
     0
 11
209.056358418866
 21
190.4006690110973
 31
0.0
  0
ATTRIB
  5
79C4
330
785E
100
AcDbEntity
  8
0
100
AcDbText
 10
207.3696750855325
 20
185.6677690110973
 30
0.0
 40
2.0
  1
LR1
  7
ISOCP
 72
     1
 11
209.3592584188659
 21
186.6677690110973
 31
0.0
100
AcDbAttribute
  2
DOC
 70
     5
 74
     2
280
     1
 71
     1
 72
     0
 11
209.3592584188659
 21
186.6677690110973
 31
0.0
  0
SEQEND
  5
7864
330
785E
100
AcDbEntity
  8
0
  0
INSERT
  5
7865
330
1F
100
AcDbEntity
  8
0
100
AcDbBlockReference
 66
     1
  2
RC_Ckt
 10
276.7828570785317
 20
188.7628636283451
 30
0.0
 41
0.6068114739418548
 42
0.6068114739418548
 43
0.6068114739418548
  0
ATTRIB
  5
7866
330
7865
100
AcDbEntity
  8
0
  6
Continuous
100
AcDbText
 10
275.9932330104442
 20
184.2875632754325
 30
0.0
 40
1.334985242672081
  1

 41
0.7
  7
ISOCP
 72
     1
 11
275.9932330104442
 21
184.2875632754325
 31
0.0
100
AcDbAttribute
  2
RC_POS
 70
     0
280
     1
 71
     1
 72
     0
 11
275.9932330104442
 21
184.2875632754325
 31
0.0
  0
ATTRIB
  5
7867
330
7865
100
AcDbEntity
  8
0
100
AcDbText
 10
214.9442798878598
 20
176.0299301687615
 30
0.0
 40
1.334985242672081
  1
50V DC
  7
ISOCP
 72
     1
 11
217.7533113359823
 21
176.6974227900975
 31
0.0
100
AcDbAttribute
  2
VOLTAGE
 70
     0
 74
     2
280
     0
 71
     1
 72
     0
 11
217.7533113359823
 21
176.6974227900975
 31
0.0
  0
SEQEND
  5
7868
330
7865
100
AcDbEntity
  8
0
  0
INSERT
  5
7869
330
1F
100
AcDbEntity
  8
0
100
AcDbBlockReference
 66
     1
  2
CTR
 10
209.231330183424
 20
179.6606915192173
 30
0.0
 41
-1.0
  0
ATTRIB
  5
786A
330
7869
100
AcDbEntity
  8
0
100
AcDbText
 10
209.231330183424
 20
181.691242005452
 30
0.0
 40
2.2
  1

  7
ISOCP
 72
     1
 11
209.231330183424
 21
182.791242005452
 31
0.0
100
AcDbAttribute
  2
CTR
 70
     0
 74
     2
280
     0
 71
     1
 72
     0
 11
209.231330183424
 21
182.791242005452
 31
0.0
  0
ATTRIB
  5
786B
330
7869
100
AcDbEntity
  8
0
 62
     0
100
AcDbText
 10
209.231330183424
 20
175.4606915192173
 30
0.0
 40
2.2
  1

  7
ISOCP
 72
     1
 11
209.231330183424
 21
177.6606915192173
 31
0.0
100
AcDbAttribute
  2
POS
 70
     0
 74
     3
280
     0
 71
     1
 72
     0
 11
209.231330183424
 21
177.6606915192173
 31
0.0
  0
SEQEND
  5
786C
330
7869
100
AcDbEntity
  8
0
  0
INSERT
  5
786D
330
1F
100
AcDbEntity
  8
0
100
AcDbBlockReference
 66
     1
  2
Front_Contact
 10
195.8594833913218
 20
179.6606915192173
 30
0.0
  0
ATTRIB
  5
786E
330
786D
100
AcDbEntity
  8
0
100
AcDbText
 10
199.975174071749
 20
188.2380471649225
 30
0.0
 40
2.2
  1

  7
ISOCP
 72
     1
 11
199.975174071749
 21
189.3380471649225
 31
0.0
100
AcDbAttribute
  2
R(POS)
 70
     0
 74
     2
280
     0
 71
     1
 72
     0
 11
199.975174071749
 21
189.3380471649225
 31
0.0
  0
ATTRIB
  5
786F
330
786D
100
AcDbEntity
  8
0
100
AcDbText
 10
195.6886500579885
 20
181.629701536718
 30
0.0
 40
2.2
  1
HECPR
  7
ISOCP
 72
     1
 11
199.8594833913218
 21
182.729701536718
 31
0.0
100
AcDbAttribute
  2
R_NAME
 70
     0
 74
     2
280
     0
 71
     1
 72
     0
 11
199.8594833913218
 21
182.729701536718
 31
0.0
  0
ATTRIB
  5
7870
330
786D
100
AcDbEntity
  8
0
 62
     0
100
AcDbText
 10
194.9886500579885
 20
175.9606915192173
 30
0.0
 40
2.2
  1
4
  7
ISOCP
 72
     1
 11
195.8594833913218
 21
178.1606915192173
 31
0.0
100
AcDbAttribute
  2
A
 70
     0
 74
     3
280
     0
 71
     1
 72
     0
 11
195.8594833913218
 21
178.1606915192173
 31
0.0
  0
ATTRIB
  5
7871
330
786D
100
AcDbEntity
  8
0
 62
     0
100
AcDbText
 10
203.0917750579885
 20
175.9606915192173
 30
0.0
 40
2.2
  1
3
  7
ISOCP
 72
     1
 11
203.8594833913218
 21
178.1606915192173
 31
0.0
100
AcDbAttribute
  2
F
 70
     0
 74
     3
280
     0
 71
     1
 72
     0
 11
203.8594833913218
 21
178.1606915192173
 31
0.0
  0
ATTRIB
  5
7872
330
786D
100
AcDbEntity
  8
0
100
AcDbText
 10
198.88045769038
 20
176.0284900681441
 30
0.0
 40
2.2
  1
C
  7
ISOCP
 72
     1
 11
199.6481660237133
 21
177.1284900681441
 31
0.0
100
AcDbAttribute
  2
C
 70
     0
 74
     2
280
     0
 71
     1
 72
     0
 11
199.6481660237133
 21
177.1284900681441
 31
0.0
  0
ATTRIB
  5
7873
330
786D
100
AcDbEntity
  8
0
100
AcDbText
 10
199.0917750579885
 20
185.3117064019241
 30
0.0
 40
2.2
  1
*
  7
ISOCP
 72
     1
 11
199.8594833913218
 21
186.4117064019241
 31
0.0
100
AcDbAttribute
  2
S_NAME
 70
     0
 74
     2
280
     0
 71
     1
 72
     0
 11
199.8594833913218
 21
186.4117064019241
 31
0.0
  0
ATTRIB
  5
7983
330
786D
100
AcDbEntity
  8
0
100
AcDbText
 10
198.6682578383824
 20
169.0076272055203
 30
0.0
 40
2.0
  1
RF
  7
ISOCP
 72
     1
 11
200.1661745050491
 21
170.0076272055203
 31
0.0
100
AcDbAttribute
  2
DOC
 70
     5
 74
     2
280
     1
 71
     1
 72
     0
 11
200.1661745050491
 21
170.0076272055203
 31
0.0
  0
ATTRIB
  5
7984
330
786D
100
AcDbEntity
  8
0
100
AcDbText
 10
199.3736911717158
 20
172.7405272055203
 30
0.0
 40
2.0
  1
1
  7
ISOCP
 72
     1
 11
199.8632745050491
 21
173.7405272055203
 31
0.0
100
AcDbAttribute
  2
WIRING
 70
     5
 74
     2
280
     1
 71
     1
 72
     0
 11
199.8632745050491
 21
173.7405272055203
 31
0.0
  0
SEQEND
  5
7874
330
786D
100
AcDbEntity
  8
0
  0
LINE
  5
7875
330
1F
100
AcDbEntity
  8
0
100
AcDbLine
 10
198.0961145734233
 20
196.6738695502701
 30
0.0
 11
188.5034311351223
 21
191.9208269698313
 31
0.0
  0
LINE
  5
7876
330
1F
100
AcDbEntity
  8
0
100
AcDbLine
 10
188.5034311351223
 20
191.9208269698313
 30
0.0
 11
188.5034311351224
 21
180.9390349785347
 31
0.0
  0
LINE
  5
7877
330
1F
100
AcDbEntity
  8
0
100
AcDbLine
 10
195.8594833913218
 20
179.6606915192173
 30
0.0
 11
188.5034311351222
 21
179.6606915192173
 31
0.0
  0
LINE
  5
7878
330
1F
100
AcDbEntity
  8
0
100
AcDbLine
 10
203.8594833913217
 20
179.6606915192173
 30
0.0
 11
209.231330183424
 21
179.6606915192173
 31
0.0
  0
LINE
  5
7879
330
1F
100
AcDbEntity
  8
0
100
AcDbLine
 10
219.7512159551061
 20
226.3036850678472
 30
0.0
 11
247.9153286828166
 21
226.3036850678472
 31
0.0
  0
LINE
  5
787A
330
1F
100
AcDbEntity
  8
0
100
AcDbLine
 10
219.7570685520487
 20
196.6738695502701
 30
0.0
 11
247.9153286828166
 21
196.6738695502701
 31
0.0
  0
LINE
  5
787B
330
1F
100
AcDbEntity
  8
0
100
AcDbLine
 10
246.7514772515648
 20
240.1203225543714
 30
0.0
 11
246.9153286828166
 21
240.1203225543714
 31
0.0
  0
LINE
  5
787C
330
1F
100
AcDbEntity
  8
0
100
AcDbLine
 10
248.9153286828166
 20
240.1203225543714
 30
0.0
 11
262.0807534276064
 21
240.1203225543714
 31
0.0
  0
LINE
  5
787D
330
1F
100
AcDbEntity
  8
0
100
AcDbLine
 10
246.7514772515649
 20
209.2905070367944
 30
0.0
 11
246.9153286828166
 21
209.2905070367944
 31
0.0
  0
LINE
  5
787E
330
1F
100
AcDbEntity
  8
0
100
AcDbLine
 10
248.9153286828166
 20
209.2905070367944
 30
0.0
 11
262.0807534276064
 21
209.2905070367944
 31
0.0
  0
LINE
  5
787F
330
1F
100
AcDbEntity
  8
0
100
AcDbLine
 10
246.7573298485075
 20
179.6606915192173
 30
0.0
 11
262.0807534276064
 21
179.6606915192173
 31
0.0
  0
LINE
  5
7880
330
1F
100
AcDbEntity
  8
0
100
AcDbLine
 10
149.4418629285579
 20
209.3887773090587
 30
0.0
 11
149.4418629285579
 21
196.6738695502701
 31
0.0
  0
LINE
  5
7881
330
1F
100
AcDbEntity
  8
0
100
AcDbLine
 10
149.4418629285579
 20
196.6738695502701
 30
0.0
 11
156.4477155255005
 21
196.6738695502701
 31
0.0
  0
LINE
  5
7882
330
1F
100
AcDbEntity
  8
0
100
AcDbLine
 10
156.4418629285579
 20
242.2185928266358
 30
0.0
 11
149.4418629285579
 21
240.2185928266358
 31
0.0
  0
LINE
  5
7883
330
1F
100
AcDbEntity
  8
0
100
AcDbLine
 10
149.4418629285579
 20
240.2185928266358
 30
0.0
 11
149.4418629285579
 21
226.3036850678472
 31
0.0
  0
LINE
  5
7884
330
1F
100
AcDbEntity
  8
0
100
AcDbLine
 10
149.4418629285579
 20
226.3036850678472
 30
0.0
 11
156.4477155255005
 21
226.3036850678472
 31
0.0
  0
LWPOLYLINE
  5
7885
330
1F
100
AcDbEntity
  8
0
100
AcDbPolyline
 90
        6
 70
     0
 43
0.0
 10
156.4418629285579
 20
257.1335005854244
 10
149.4418629285579
 20
255.1335005854244
 10
149.4418629285579
 20
242.2185928266358
 10
171.4418629285579
 20
242.2185928266358
 10
171.4418629285579
 20
255.1335005854244
 10
164.4418629285579
 20
257.1335005854244
  0
LINE
  5
7886
330
1F
100
AcDbEntity
  8
0
100
AcDbLine
 10
188.4975785381796
 20
221.5506424874084
 30
0.0
 11
188.4975785381796
 21
209.2905070367944
 31
0.0
  0
LINE
  5
7887
330
1F
100
AcDbEntity
  8
0
100
AcDbLine
 10
188.5034311351223
 20
191.9208269698313
 30
0.0
 11
188.5034311351223
 21
179.6606915192173
 31
0.0
  0
LWPOLYLINE
  5
7888
330
1F
100
AcDbEntity
  8
0
100
AcDbPolyline
 90
        6
 70
     0
 43
0.0
 10
156.4418629285579
 20
226.3036850678472
 10
149.4418629285579
 20
224.3036850678472
 10
149.4418629285579
 20
211.3887773090587
 10
171.4418629285579
 20
211.3887773090587
 10
171.4418629285579
 20
224.3036850678472
 10
164.4418629285579
 20
226.3036850678472
  0
LWPOLYLINE
  5
7889
330
1F
100
AcDbEntity
  8
0
100
AcDbPolyline
 90
        6
 70
     0
 43
0.0
 10
156.4477155255005
 20
196.6738695502701
 10
149.4477155255005
 20
194.6738695502701
 10
149.4477155255005
 20
181.7589617914815
 10
171.4477155255005
 20
181.7589617914815
 10
171.4477155255005
 20
194.6738695502701
 10
164.4477155255005
 20
196.6738695502701
  0
ARC
  5
788A
330
1F
100
AcDbEntity
  8
0
100
AcDbCircle
 10
247.9153286828166
 20
240.1203225543716
 30
0.0
 40
1.0
100
AcDbArc
 50
0.0
 51
179.9999999999967
  0
ARC
  5
788B
330
1F
100
AcDbEntity
  8
0
100
AcDbCircle
 10
247.9153286828166
 20
209.2905070367945
 30
0.0
 40
1.0
100
AcDbArc
 50
0.0
 51
179.9999999999967
  0
LINE
  5
788C
330
1F
100
AcDbEntity
  8
0
100
AcDbLine
 10
247.9153286828166
 20
249.2563912631359
 30
0.0
 11
247.9153286828166
 21
226.3036850678472
 31
0.0
  0
INSERT
  5
788D
330
1F
100
AcDbEntity
  8
0
100
AcDbBlockReference
 66
     1
  2
RC_Ckt
 10
276.7770044815892
 20
249.2224946634993
 30
0.0
 41
0.6068114739418548
 42
0.6068114739418548
 43
0.6068114739418548
  0
ATTRIB
  5
788E
330
788D
100
AcDbEntity
  8
0
  6
Continuous
100
AcDbText
 10
275.9873804135017
 20
244.7471943105868
 30
0.0
 40
1.334985242672081
  1

 41
0.7
  7
ISOCP
 72
     1
 11
275.9873804135017
 21
244.7471943105868
 31
0.0
100
AcDbAttribute
  2
RC_POS
 70
     0
280
     1
 71
     1
 72
     0
 11
275.9873804135017
 21
244.7471943105868
 31
0.0
  0
ATTRIB
  5
788F
330
788D
100
AcDbEntity
  8
0
100
AcDbText
 10
214.9384272909172
 20
236.4895612039157
 30
0.0
 40
1.334985242672081
  1
50V DC
  7
ISOCP
 72
     1
 11
217.7474587390397
 21
237.1570538252517
 31
0.0
100
AcDbAttribute
  2
VOLTAGE
 70
     0
 74
     2
280
     0
 71
     1
 72
     0
 11
217.7474587390397
 21
237.1570538252517
 31
0.0
  0
SEQEND
  5
7890
330
788D
100
AcDbEntity
  8
0
  0
INSERT
  5
7891
330
1F
100
AcDbEntity
  8
0
100
AcDbBlockReference
 66
     1
  2
CTR
 10
209.2254775864815
 20
240.1203225543716
 30
0.0
 41
-1.0
  0
ATTRIB
  5
7892
330
7891
100
AcDbEntity
  8
0
100
AcDbText
 10
209.2254775864815
 20
242.1508730406063
 30
0.0
 40
2.2
  1

  7
ISOCP
 72
     1
 11
209.2254775864815
 21
243.2508730406063
 31
0.0
100
AcDbAttribute
  2
CTR
 70
     0
 74
     2
280
     0
 71
     1
 72
     0
 11
209.2254775864815
 21
243.2508730406063
 31
0.0
  0
ATTRIB
  5
7893
330
7891
100
AcDbEntity
  8
0
 62
     0
100
AcDbText
 10
209.2254775864815
 20
235.9203225543716
 30
0.0
 40
2.2
  1

  7
ISOCP
 72
     1
 11
209.2254775864815
 21
238.1203225543716
 31
0.0
100
AcDbAttribute
  2
POS
 70
     0
 74
     3
280
     0
 71
     1
 72
     0
 11
209.2254775864815
 21
238.1203225543716
 31
0.0
  0
SEQEND
  5
7894
330
7891
100
AcDbEntity
  8
0
  0
MTEXT
  5
7895
330
1F
100
AcDbEntity
  8
0
100
AcDbMText
 10
212.046466086965
 20
277.3157399694281
 30
0.0
 40
2.464
 41
24.02088855743003
 46
2.464
 71
     5
 72
     5
  1
{\LHUT NAME}
  7
ISOCP
 73
     1
 44
1.0
1001
AcadAnnotative
1000
AnnotativeData
1002
{
1070
     1
1070
     0
1002
}
  0
LINE
  5
7896
330
1F
100
AcDbEntity
  8
0
100
AcDbLine
 10
262.0807534276064
 20
240.1203225543716
 30
0.0
 11
262.0807534276063
 21
249.256391263136
 31
0.0
  0
LINE
  5
7897
330
1F
100
AcDbEntity
  8
0
100
AcDbLine
 10
262.0807534276063
 20
249.256391263136
 30
0.0
 11
262.0807534276063
 21
254.7621863381182
 31
0.0
  0
LINE
  5
7898
330
1F
100
AcDbEntity
  8
0
100
AcDbLine
 10
262.0807534276063
 20
254.7621863381182
 30
0.0
 11
264.4585692903029
 21
257.1335005854244
 31
0.0
  0
INSERT
  5
7899
330
1F
100
AcDbEntity
  8
0
100
AcDbBlockReference
 66
     1
  2
CTR
 10
256.0189531297995
 20
240.1203225543714
 30
0.0
 41
1.024762559949282
 42
1.024762559949282
 43
1.024762559949282
  0
ATTRIB
  5
789A
330
7899
100
AcDbEntity
  8
0
100
AcDbText
 10
256.0189531297995
 20
242.2011546687516
 30
0.0
 40
2.25447763188842
  1

  7
ISOCP
 72
     1
 11
256.0189531297995
 21
243.3283934846958
 31
0.0
100
AcDbAttribute
  2
CTR
 70
     0
 74
     2
280
     0
 71
     1
 72
     0
 11
256.0189531297995
 21
243.3283934846958
 31
0.0
  0
ATTRIB
  5
789B
330
7899
100
AcDbEntity
  8
0
 62
     0
100
AcDbText
 10
256.0189531297995
 20
235.8163198025845
 30
0.0
 40
2.25447763188842
  1

  7
ISOCP
 72
     1
 11
256.0189531297995
 21
238.0707974344729
 31
0.0
100
AcDbAttribute
  2
POS
 70
     0
 74
     3
280
     0
 71
     1
 72
     0
 11
256.0189531297995
 21
238.0707974344729
 31
0.0
  0
SEQEND
  5
789C
330
7899
100
AcDbEntity
  8
0
  0
INSERT
  5
789D
330
1F
100
AcDbEntity
  8
0
100
AcDbBlockReference
 66
     1
  2
CTR
 10
256.0189531297995
 20
209.2905070367944
 30
0.0
 41
1.024762559949282
 42
1.024762559949282
 43
1.024762559949282
  0
ATTRIB
  5
789E
330
789D
100
AcDbEntity
  8
0
100
AcDbText
 10
256.0189531297995
 20
211.3713391511745
 30
0.0
 40
2.25447763188842
  1

  7
ISOCP
 72
     1
 11
256.0189531297995
 21
212.4985779671187
 31
0.0
100
AcDbAttribute
  2
CTR
 70
     0
 74
     2
280
     0
 71
     1
 72
     0
 11
256.0189531297995
 21
212.4985779671187
 31
0.0
  0
ATTRIB
  5
789F
330
789D
100
AcDbEntity
  8
0
 62
     0
100
AcDbText
 10
256.0189531297995
 20
204.9865042850074
 30
0.0
 40
2.25447763188842
  1

  7
ISOCP
 72
     1
 11
256.0189531297995
 21
207.2409819168958
 31
0.0
100
AcDbAttribute
  2
POS
 70
     0
 74
     3
280
     0
 71
     1
 72
     0
 11
256.0189531297995
 21
207.2409819168958
 31
0.0
  0
SEQEND
  5
78A0
330
789D
100
AcDbEntity
  8
0
  0
INSERT
  5
78A1
330
1F
100
AcDbEntity
  8
0
100
AcDbBlockReference
 66
     1
  2
CTR
 10
256.0189531297995
 20
179.6606915192173
 30
0.0
 41
1.024762559949282
 42
1.024762559949282
 43
1.024762559949282
  0
ATTRIB
  5
78A2
330
78A1
100
AcDbEntity
  8
0
100
AcDbText
 10
256.0189531297995
 20
181.7415236335974
 30
0.0
 40
2.25447763188842
  1

  7
ISOCP
 72
     1
 11
256.0189531297995
 21
182.8687624495416
 31
0.0
100
AcDbAttribute
  2
CTR
 70
     0
 74
     2
280
     0
 71
     1
 72
     0
 11
256.0189531297995
 21
182.8687624495416
 31
0.0
  0
ATTRIB
  5
78A3
330
78A1
100
AcDbEntity
  8
0
 62
     0
100
AcDbText
 10
256.0189531297995
 20
175.3566887674303
 30
0.0
 40
2.25447763188842
  1

  7
ISOCP
 72
     1
 11
256.0189531297995
 21
177.6111663993187
 31
0.0
100
AcDbAttribute
  2
POS
 70
     0
 74
     3
280
     0
 71
     1
 72
     0
 11
256.0189531297995
 21
177.6111663993187
 31
0.0
  0
SEQEND
  5
78A4
330
78A1
100
AcDbEntity
  8
0
  0
LINE
  5
78A5
330
1F
100
AcDbEntity
  8
0
100
AcDbLine
 10
262.0807534276064
 20
179.6606915192173
 30
0.0
 11
262.0807534276064
 21
202.6766441534781
 31
0.0
  0
LINE
  5
78A6
330
1F
100
AcDbEntity
  8
0
100
AcDbLine
 10
262.0807534276064
 20
209.2905070367944
 30
0.0
 11
262.0807534276064
 21
232.3064596710552
 31
0.0
  0
LINE
  5
78A7
330
1F
100
AcDbEntity
  8
0
100
AcDbLine
 10
262.0807534276064
 20
232.3064596710552
 30
0.0
 11
256.0189531297995
 21
240.1203225543714
 31
0.0
  0
LINE
  5
78A8
330
1F
100
AcDbEntity
  8
0
100
AcDbLine
 10
262.0807534276064
 20
202.6766441534781
 30
0.0
 11
256.0189531297995
 21
209.521078612783
 31
0.0
  0
INSERT
  5
78F1
330
1F
100
AcDbEntity
  8
0
100
AcDbBlockReference
 66
     1
  2
FRONT_REPEATER
 10
96.70556993468287
 20
-66.50916103944132
 30
0.0
  0
ATTRIB
  5
78F2
330
78F1
100
AcDbEntity
  8
0
100
AcDbText
 10
263.7855836385414
 20
140.8883688378487
 30
0.0
 40
2.17643035283774
  1
*
  7
ISOCP
 72
     1
 11
264.5450671470837
 21
141.9765840142676
 31
0.0
100
AcDbAttribute
  2
S_NAME
 70
     0
 74
     2
280
     0
 71
     1
 72
     0
 11
264.5450671470837
 21
141.9765840142676
 31
0.0
  0
ATTRIB
  5
78F3
330
78F1
100
AcDbEntity
  8
0
100
AcDbText
 10
260.963025524705
 20
137.2458110433346
 30
0.0
 40
2.17643035283774
  1
AHPR
  7
ISOCP
 72
     1
 11
264.5450671470837
 21
138.3340262197535
 31
0.0
100
AcDbAttribute
  2
R_NAME
 70
     0
 74
     2
280
     0
 71
     1
 72
     0
 11
264.5450671470837
 21
138.3340262197535
 31
0.0
  0
ATTRIB
  5
78F4
330
78F1
100
AcDbEntity
  8
0
 62
     0
100
AcDbText
 10
260.5879210510151
 20
131.637535828503
 30
0.0
 40
2.17643035283774
  1

  7
ISOCP
 72
     1
 11
260.5879210510151
 21
133.8139661813408
 31
0.0
100
AcDbAttribute
  2
A
 70
     0
 74
     3
280
     0
 71
     1
 72
     0
 11
260.5879210510151
 21
133.8139661813408
 31
0.0
  0
ATTRIB
  5
78F5
330
78F1
100
AcDbEntity
  8
0
 62
     0
100
AcDbText
 10
268.5022132431523
 20
131.637535828503
 30
0.0
 40
2.17643035283774
  1

  7
ISOCP
 72
     1
 11
268.5022132431523
 21
133.8139661813408
 31
0.0
100
AcDbAttribute
  2
F
 70
     0
 74
     3
280
     0
 71
     1
 72
     0
 11
268.5022132431523
 21
133.8139661813408
 31
0.0
  0
ATTRIB
  5
78F6
330
78F1
100
AcDbEntity
  8
0
100
AcDbText
 10
264.3360137230178
 20
131.7046080193042
 30
0.0
 40
2.17643035283774
  1

  7
ISOCP
 72
     1
 11
264.3360137230178
 21
132.7928231957231
 31
0.0
100
AcDbAttribute
  2
C
 70
     0
 74
     2
280
     0
 71
     1
 72
     0
 11
264.3360137230178
 21
132.7928231957231
 31
0.0
  0
ATTRIB
  5
78F7
330
78F1
100
AcDbEntity
  8
0
100
AcDbText
 10
264.6595183781847
 20
143.783358319365
 30
0.0
 40
2.17643035283774
  1

  7
ISOCP
 72
     1
 11
264.6595183781847
 21
144.8715734957839
 31
0.0
100
AcDbAttribute
  2
R(POS)
 70
     0
 74
     2
280
     0
 71
     1
 72
     0
 11
264.6595183781847
 21
144.8715734957839
 31
0.0
  0
SEQEND
  5
78F8
330
78F1
100
AcDbEntity
  8
0
  0
INSERT
  5
78F9
330
1F
100
AcDbEntity
  8
0
100
AcDbBlockReference
 66
     1
  2
FRONT_REPEATER
 10
96.70556993468267
 20
-82.4111707802792
 30
0.0
  0
ATTRIB
  5
78FA
330
78F9
100
AcDbEntity
  8
0
100
AcDbText
 10
263.7855836385411
 20
124.9863590970108
 30
0.0
 40
2.17643035283774
  1
*
  7
ISOCP
 72
     1
 11
264.5450671470835
 21
126.0745742734297
 31
0.0
100
AcDbAttribute
  2
S_NAME
 70
     0
 74
     2
280
     0
 71
     1
 72
     0
 11
264.5450671470835
 21
126.0745742734297
 31
0.0
  0
ATTRIB
  5
78FB
330
78F9
100
AcDbEntity
  8
0
100
AcDbText
 10
260.9630255247047
 20
121.3438013024967
 30
0.0
 40
2.17643035283774
  1
AHPR
  7
ISOCP
 72
     1
 11
264.5450671470835
 21
122.4320164789156
 31
0.0
100
AcDbAttribute
  2
R_NAME
 70
     0
 74
     2
280
     0
 71
     1
 72
     0
 11
264.5450671470835
 21
122.4320164789156
 31
0.0
  0
ATTRIB
  5
78FC
330
78F9
100
AcDbEntity
  8
0
 62
     0
100
AcDbText
 10
260.5879210510149
 20
115.7355260876652
 30
0.0
 40
2.17643035283774
  1

  7
ISOCP
 72
     1
 11
260.5879210510149
 21
117.9119564405029
 31
0.0
100
AcDbAttribute
  2
A
 70
     0
 74
     3
280
     0
 71
     1
 72
     0
 11
260.5879210510149
 21
117.9119564405029
 31
0.0
  0
ATTRIB
  5
78FD
330
78F9
100
AcDbEntity
  8
0
 62
     0
100
AcDbText
 10
268.5022132431521
 20
115.7355260876652
 30
0.0
 40
2.17643035283774
  1

  7
ISOCP
 72
     1
 11
268.5022132431521
 21
117.9119564405029
 31
0.0
100
AcDbAttribute
  2
F
 70
     0
 74
     3
280
     0
 71
     1
 72
     0
 11
268.5022132431521
 21
117.9119564405029
 31
0.0
  0
ATTRIB
  5
78FE
330
78F9
100
AcDbEntity
  8
0
100
AcDbText
 10
264.3360137230176
 20
115.8025982784664
 30
0.0
 40
2.17643035283774
  1

  7
ISOCP
 72
     1
 11
264.3360137230176
 21
116.8908134548853
 31
0.0
100
AcDbAttribute
  2
C
 70
     0
 74
     2
280
     0
 71
     1
 72
     0
 11
264.3360137230176
 21
116.8908134548853
 31
0.0
  0
ATTRIB
  5
78FF
330
78F9
100
AcDbEntity
  8
0
100
AcDbText
 10
264.6595183781844
 20
127.8813485785272
 30
0.0
 40
2.17643035283774
  1

  7
ISOCP
 72
     1
 11
264.6595183781844
 21
128.9695637549461
 31
0.0
100
AcDbAttribute
  2
R(POS)
 70
     0
 74
     2
280
     0
 71
     1
 72
     0
 11
264.6595183781844
 21
128.9695637549461
 31
0.0
  0
SEQEND
  5
7900
330
78F9
100
AcDbEntity
  8
0
  0
INSERT
  5
7901
330
1F
100
AcDbEntity
  8
0
100
AcDbBlockReference
 66
     1
  2
FRONT_REPEATER
 10
96.70789047644925
 20
-125.5904784092545
 30
0.0
  0
ATTRIB
  5
7902
330
7901
100
AcDbEntity
  8
0
100
AcDbText
 10
263.7879041803077
 20
81.80705146803554
 30
0.0
 40
2.17643035283774
  1
*
  7
ISOCP
 72
     1
 11
264.5473876888501
 21
82.89526664445441
 31
0.0
100
AcDbAttribute
  2
S_NAME
 70
     0
 74
     2
280
     0
 71
     1
 72
     0
 11
264.5473876888501
 21
82.89526664445441
 31
0.0
  0
ATTRIB
  5
7903
330
7901
100
AcDbEntity
  8
0
100
AcDbText
 10
260.9653460664713
 20
78.16449367352145
 30
0.0
 40
2.17643035283774
  1
AHPR
  7
ISOCP
 72
     1
 11
264.5473876888501
 21
79.25270884994032
 31
0.0
100
AcDbAttribute
  2
R_NAME
 70
     0
 74
     2
280
     0
 71
     1
 72
     0
 11
264.5473876888501
 21
79.25270884994032
 31
0.0
  0
ATTRIB
  5
7904
330
7901
100
AcDbEntity
  8
0
 62
     0
100
AcDbText
 10
260.5902415927815
 20
72.55621845868981
 30
0.0
 40
2.17643035283774
  1

  7
ISOCP
 72
     1
 11
260.5902415927815
 21
74.73264881152755
 31
0.0
100
AcDbAttribute
  2
A
 70
     0
 74
     3
280
     0
 71
     1
 72
     0
 11
260.5902415927815
 21
74.73264881152755
 31
0.0
  0
ATTRIB
  5
7905
330
7901
100
AcDbEntity
  8
0
 62
     0
100
AcDbText
 10
268.5045337849186
 20
72.55621845868981
 30
0.0
 40
2.17643035283774
  1

  7
ISOCP
 72
     1
 11
268.5045337849186
 21
74.73264881152755
 31
0.0
100
AcDbAttribute
  2
F
 70
     0
 74
     3
280
     0
 71
     1
 72
     0
 11
268.5045337849186
 21
74.73264881152755
 31
0.0
  0
ATTRIB
  5
7906
330
7901
100
AcDbEntity
  8
0
100
AcDbText
 10
264.3383342647842
 20
72.62329064949107
 30
0.0
 40
2.17643035283774
  1

  7
ISOCP
 72
     1
 11
264.3383342647842
 21
73.71150582590994
 31
0.0
100
AcDbAttribute
  2
C
 70
     0
 74
     2
280
     0
 71
     1
 72
     0
 11
264.3383342647842
 21
73.71150582590994
 31
0.0
  0
ATTRIB
  5
7907
330
7901
100
AcDbEntity
  8
0
100
AcDbText
 10
264.661838919951
 20
84.70204094955186
 30
0.0
 40
2.17643035283774
  1

  7
ISOCP
 72
     1
 11
264.661838919951
 21
85.79025612597073
 31
0.0
100
AcDbAttribute
  2
R(POS)
 70
     0
 74
     2
280
     0
 71
     1
 72
     0
 11
264.661838919951
 21
85.79025612597073
 31
0.0
  0
SEQEND
  5
7908
330
7901
100
AcDbEntity
  8
0
  0
INSERT
  5
7909
330
1F
100
AcDbEntity
  8
0
100
AcDbBlockReference
 66
     1
  2
FRONT_REPEATER
 10
97.0788729229559
 20
-109.631713565733
 30
0.0
  0
ATTRIB
  5
790A
330
7909
100
AcDbEntity
  8
0
100
AcDbText
 10
264.1588866268144
 20
97.76581631155703
 30
0.0
 40
2.17643035283774
  1
*
  7
ISOCP
 72
     1
 11
264.9183701353567
 21
98.8540314879759
 31
0.0
100
AcDbAttribute
  2
S_NAME
 70
     0
 74
     2
280
     0
 71
     1
 72
     0
 11
264.9183701353567
 21
98.8540314879759
 31
0.0
  0
ATTRIB
  5
790B
330
7909
100
AcDbEntity
  8
0
100
AcDbText
 10
261.336328512978
 20
94.12325851704294
 30
0.0
 40
2.17643035283774
  1
AHPR
  7
ISOCP
 72
     1
 11
264.9183701353567
 21
95.21147369346181
 31
0.0
100
AcDbAttribute
  2
R_NAME
 70
     0
 74
     2
280
     0
 71
     1
 72
     0
 11
264.9183701353567
 21
95.21147369346181
 31
0.0
  0
ATTRIB
  5
790C
330
7909
100
AcDbEntity
  8
0
 62
     0
100
AcDbText
 10
260.9612240392881
 20
88.5149833022113
 30
0.0
 40
2.17643035283774
  1

  7
ISOCP
 72
     1
 11
260.9612240392881
 21
90.69141365504905
 31
0.0
100
AcDbAttribute
  2
A
 70
     0
 74
     3
280
     0
 71
     1
 72
     0
 11
260.9612240392881
 21
90.69141365504905
 31
0.0
  0
ATTRIB
  5
790D
330
7909
100
AcDbEntity
  8
0
 62
     0
100
AcDbText
 10
268.8755162314253
 20
88.5149833022113
 30
0.0
 40
2.17643035283774
  1

  7
ISOCP
 72
     1
 11
268.8755162314253
 21
90.69141365504905
 31
0.0
100
AcDbAttribute
  2
F
 70
     0
 74
     3
280
     0
 71
     1
 72
     0
 11
268.8755162314253
 21
90.69141365504905
 31
0.0
  0
ATTRIB
  5
790E
330
7909
100
AcDbEntity
  8
0
100
AcDbText
 10
264.7093167112909
 20
88.58205549301256
 30
0.0
 40
2.17643035283774
  1

  7
ISOCP
 72
     1
 11
264.7093167112909
 21
89.67027066943143
 31
0.0
100
AcDbAttribute
  2
C
 70
     0
 74
     2
280
     0
 71
     1
 72
     0
 11
264.7093167112909
 21
89.67027066943143
 31
0.0
  0
ATTRIB
  5
790F
330
7909
100
AcDbEntity
  8
0
100
AcDbText
 10
265.0328213664577
 20
100.6608057930733
 30
0.0
 40
2.17643035283774
  1

  7
ISOCP
 72
     1
 11
265.0328213664577
 21
101.7490209694922
 31
0.0
100
AcDbAttribute
  2
R(POS)
 70
     0
 74
     2
280
     0
 71
     1
 72
     0
 11
265.0328213664577
 21
101.7490209694922
 31
0.0
  0
SEQEND
  5
7910
330
7909
100
AcDbEntity
  8
0
  0
MTEXT
  5
7914
330
1F
100
AcDbEntity
  8
0
100
AcDbMText
 10
167.7973676494544
 20
154.0922340517622
 30
0.0
 40
2.464
 41
24.02088855743003
 46
2.464
 71
     5
 72
     5
  1
{\LHUT NAME}
  7
ISOCP
 73
     1
 44
1.0
1001
AcadAnnotative
1000
AnnotativeData
1002
{
1070
     1
1070
     0
1002
}
  0
INSERT
  5
7923
330
1F
100
AcDbEntity
  8
0
100
AcDbBlockReference
 66
     1
  2
ASPECTS
 10
0.0
 20
0.0
 30
0.0
  0
ATTRIB
  5
7924
330
7923
100
AcDbEntity
  8
0
 62
     0
100
AcDbText
 10
328.0395868556243
 20
77.57717932435506
 30
0.0
 40
2.278892491867531
  1
*
  7
ISOCP
 72
     1
 11
328.8348253814322
 21
78.71662557028883
 31
0.0
100
AcDbAttribute
  2
S_NAME
 70
     0
 74
     2
280
     0
 71
     1
 72
     0
 11
328.8348253814322
 21
78.71662557028883
 31
0.0
  0
ATTRIB
  5
7925
330
7923
100
AcDbEntity
  8
0
 62
     0
100
AcDbText
 10
326.1320095956189
 20
72.57198105442988
 30
0.0
 40
2.278892491867531
  1
AGE
  7
ISOCP
 72
     1
 11
328.8643067395142
 21
73.71142730036365
 31
0.0
100
AcDbAttribute
  2
R_NAME
 70
     0
 74
     2
280
     0
 71
     1
 72
     0
 11
328.8643067395142
 21
73.71142730036365
 31
0.0
  0
ATTRIB
  5
7926
330
7923
100
AcDbEntity
  8
0
 62
     0
100
AcDbText
 10
316.413059374256
 20
77.18341257420165
 30
0.0
 40
2.278892491867531
  1
R1
  7
ISOCP
 72
     1
 11
317.8824702622414
 21
78.32285882013542
 31
0.0
100
AcDbAttribute
  2
L+
 70
     0
 74
     2
280
     0
 71
     1
 72
     0
 11
317.8824702622414
 21
78.32285882013542
 31
0.0
  0
ATTRIB
  5
7927
330
7923
100
AcDbEntity
  8
0
 62
     0
100
AcDbText
 10
339.2001219401594
 20
77.18341257420165
 30
0.0
 40
2.278892491867531
  1
R2
  7
ISOCP
 72
     1
 11
340.9069174627143
 21
78.32285882013542
 31
0.0
100
AcDbAttribute
  2
L-
 70
     0
 74
     2
280
     0
 71
     1
 72
     0
 11
340.9069174627143
 21
78.32285882013542
 31
0.0
  0
SEQEND
  5
7928
330
7923
100
AcDbEntity
  8
0
  0
MTEXT
  5
79EE
330
1F
100
AcDbEntity
  8
0
100
AcDbMText
 10
260.5854690154672
 20
154.0922340517622
 30
0.0
 40
2.464
 41
24.02088855743
 46
2.464
 71
     5
 72
     5
  1
{\LLOCATION}
  7
ISOCP
 73
     1
 44
1.0
1001
AcadAnnotative
1000
AnnotativeData
1002
{
1070
     1
1070
     0
1002
}
  0
INSERT
  5
7A47
330
1F
100
AcDbEntity
  8
0
100
AcDbBlockReference
 66
     1
  2
LCPR_FRONT
 10
-160.7471275052039
 20
-7.446408700119093
 30
0.0
  0
ATTRIB
  5
7A48
330
7A47
100
AcDbEntity
  8
0
100
AcDbText
 10
138.2600916558267
 20
124.9863590970108
 30
0.0
 40
2.17643035283774
  1
@
  7
ISOCP
 72
     1
 11
139.4503270050348
 21
126.0745742734297
 31
0.0
100
AcDbAttribute
  2
S_NAME
 70
     0
 74
     2
280
     0
 71
     1
 72
     0
 11
139.4503270050348
 21
126.0745742734297
 31
0.0
  0
ATTRIB
  5
7A49
330
7A47
100
AcDbEntity
  8
0
100
AcDbText
 10
136.0947499355816
 20
121.3438013024968
 30
0.0
 40
2.17643035283774
  1
LCPR
  7
ISOCP
 72
     1
 11
139.3503270050347
 21
122.4320164789157
 31
0.0
100
AcDbAttribute
  2
R_NAME
 70
     0
 74
     2
280
     0
 71
     1
 72
     0
 11
139.3503270050347
 21
122.4320164789157
 31
0.0
  0
ATTRIB
  5
7A4A
330
7A47
100
AcDbEntity
  8
0
 62
     0
100
AcDbText
 10
134.5183214800909
 20
115.7355260876652
 30
0.0
 40
2.17643035283774
  1
X
  7
ISOCP
 72
     1
 11
135.4931809089661
 21
117.9119564405029
 31
0.0
100
AcDbAttribute
  2
A
 70
     0
 74
     3
280
     0
 71
     1
 72
     0
 11
135.4931809089661
 21
117.9119564405029
 31
0.0
  0
ATTRIB
  5
7A4B
330
7A47
100
AcDbEntity
  8
0
 62
     0
100
AcDbText
 10
142.4326136722281
 20
115.7355260876652
 30
0.0
 40
2.17643035283774
  1
X
  7
ISOCP
 72
     1
 11
143.4074731011033
 21
117.9119564405029
 31
0.0
100
AcDbAttribute
  2
F
 70
     0
 74
     3
280
     0
 71
     1
 72
     0
 11
143.4074731011033
 21
117.9119564405029
 31
0.0
  0
ATTRIB
  5
7A4C
330
7A47
100
AcDbEntity
  8
0
100
AcDbText
 10
138.2664141520937
 20
115.8025982784663
 30
0.0
 40
2.17643035283774
  1
X
  7
ISOCP
 72
     1
 11
139.2412735809689
 21
116.8908134548852
 31
0.0
100
AcDbAttribute
  2
C
 70
     0
 74
     2
280
     0
 71
     1
 72
     0
 11
139.2412735809689
 21
116.8908134548852
 31
0.0
  0
ATTRIB
  5
7A4D
330
7A47
100
AcDbEntity
  8
0
100
AcDbText
 10
134.5723441721525
 20
127.8813485785272
 30
0.0
 40
2.17643035283774
  1
XXXXX
  7
ISOCP
 72
     1
 11
139.4647782361357
 21
128.9695637549461
 31
0.0
100
AcDbAttribute
  2
R(POS)
 70
     0
 74
     2
280
     0
 71
     1
 72
     0
 11
139.4647782361357
 21
128.9695637549461
 31
0.0
  0
ATTRIB
  5
7A4E
330
7A47
100
AcDbEntity
  8
0
100
AcDbText
 10
138.804384934531
 20
113.3333143339953
 30
0.0
 40
1.978573048034309
  1
2
  7
ISOCP
 72
     1
 11
139.4948244877513
 21
114.3226008580125
 31
0.0
100
AcDbAttribute
  2
WIRING
 70
     5
 74
     2
280
     1
 71
     1
 72
     0
 11
139.4948244877513
 21
114.3226008580125
 31
0.0
  0
ATTRIB
  5
7A4F
330
7A47
100
AcDbEntity
  8
0
100
AcDbText
 10
138.3126106034421
 20
109.6404066684916
 30
0.0
 40
1.978573048034309
  1
RF
  7
ISOCP
 72
     1
 11
139.7944793758761
 21
110.6296931925088
 31
0.0
100
AcDbAttribute
  2
DOC
 70
     5
 74
     2
280
     1
 71
     1
 72
     0
 11
139.7944793758761
 21
110.6296931925088
 31
0.0
  0
SEQEND
  5
7A50
330
7A47
100
AcDbEntity
  8
0
  0
INSERT
  5
7A51
330
1F
100
AcDbEntity
  8
0
100
AcDbBlockReference
 66
     1
  2
LCPR_FRONT
 10
-160.7471275052039
 20
8.45560104071879
 30
0.0
  0
ATTRIB
  5
7A52
330
7A51
100
AcDbEntity
  8
0
100
AcDbText
 10
138.2600916558267
 20
140.8883688378487
 30
0.0
 40
2.17643035283774
  1
@
  7
ISOCP
 72
     1
 11
139.4503270050348
 21
141.9765840142676
 31
0.0
100
AcDbAttribute
  2
S_NAME
 70
     0
 74
     2
280
     0
 71
     1
 72
     0
 11
139.4503270050348
 21
141.9765840142676
 31
0.0
  0
ATTRIB
  5
7A53
330
7A51
100
AcDbEntity
  8
0
100
AcDbText
 10
136.0947499355816
 20
137.2458110433348
 30
0.0
 40
2.17643035283774
  1
LCPR
  7
ISOCP
 72
     1
 11
139.3503270050347
 21
138.3340262197536
 31
0.0
100
AcDbAttribute
  2
R_NAME
 70
     0
 74
     2
280
     0
 71
     1
 72
     0
 11
139.3503270050347
 21
138.3340262197536
 31
0.0
  0
ATTRIB
  5
7A54
330
7A51
100
AcDbEntity
  8
0
 62
     0
100
AcDbText
 10
134.5183214800909
 20
131.637535828503
 30
0.0
 40
2.17643035283774
  1
X
  7
ISOCP
 72
     1
 11
135.4931809089661
 21
133.8139661813408
 31
0.0
100
AcDbAttribute
  2
A
 70
     0
 74
     3
280
     0
 71
     1
 72
     0
 11
135.4931809089661
 21
133.8139661813408
 31
0.0
  0
ATTRIB
  5
7A55
330
7A51
100
AcDbEntity
  8
0
 62
     0
100
AcDbText
 10
142.4326136722281
 20
131.637535828503
 30
0.0
 40
2.17643035283774
  1
X
  7
ISOCP
 72
     1
 11
143.4074731011033
 21
133.8139661813408
 31
0.0
100
AcDbAttribute
  2
F
 70
     0
 74
     3
280
     0
 71
     1
 72
     0
 11
143.4074731011033
 21
133.8139661813408
 31
0.0
  0
ATTRIB
  5
7A56
330
7A51
100
AcDbEntity
  8
0
100
AcDbText
 10
138.2664141520937
 20
131.7046080193042
 30
0.0
 40
2.17643035283774
  1
X
  7
ISOCP
 72
     1
 11
139.2412735809689
 21
132.7928231957231
 31
0.0
100
AcDbAttribute
  2
C
 70
     0
 74
     2
280
     0
 71
     1
 72
     0
 11
139.2412735809689
 21
132.7928231957231
 31
0.0
  0
ATTRIB
  5
7A57
330
7A51
100
AcDbEntity
  8
0
100
AcDbText
 10
134.5723441721525
 20
143.783358319365
 30
0.0
 40
2.17643035283774
  1
XXXXX
  7
ISOCP
 72
     1
 11
139.4647782361357
 21
144.8715734957839
 31
0.0
100
AcDbAttribute
  2
R(POS)
 70
     0
 74
     2
280
     0
 71
     1
 72
     0
 11
139.4647782361357
 21
144.8715734957839
 31
0.0
  0
ATTRIB
  5
7A58
330
7A51
100
AcDbEntity
  8
0
100
AcDbText
 10
138.804384934531
 20
129.2353240748331
 30
0.0
 40
1.978573048034309
  1
2
  7
ISOCP
 72
     1
 11
139.4948244877513
 21
130.2246105988503
 31
0.0
100
AcDbAttribute
  2
WIRING
 70
     5
 74
     2
280
     1
 71
     1
 72
     0
 11
139.4948244877513
 21
130.2246105988503
 31
0.0
  0
ATTRIB
  5
7A59
330
7A51
100
AcDbEntity
  8
0
100
AcDbText
 10
138.3126106034421
 20
125.5424164093295
 30
0.0
 40
1.978573048034309
  1
RF
  7
ISOCP
 72
     1
 11
139.7944793758761
 21
126.5317029333467
 31
0.0
100
AcDbAttribute
  2
DOC
 70
     5
 74
     2
280
     1
 71
     1
 72
     0
 11
139.7944793758761
 21
126.5317029333467
 31
0.0
  0
SEQEND
  5
7A5A
330
7A51
100
AcDbEntity
  8
0
  0
INSERT
  5
7A5B
330
1F
100
AcDbEntity
  8
0
100
AcDbBlockReference
 66
     1
  2
LCPR_FRONT
 10
-160.8083466473863
 20
-50.56896122641086
 30
0.0
  0
ATTRIB
  5
7A5C
330
7A5B
100
AcDbEntity
  8
0
100
AcDbText
 10
138.1988725136442
 20
81.86380657071909
 30
0.0
 40
2.17643035283774
  1
@
  7
ISOCP
 72
     1
 11
139.3891078628523
 21
82.95202174713796
 31
0.0
100
AcDbAttribute
  2
S_NAME
 70
     0
 74
     2
280
     0
 71
     1
 72
     0
 11
139.3891078628523
 21
82.95202174713796
 31
0.0
  0
ATTRIB
  5
7A5D
330
7A5B
100
AcDbEntity
  8
0
100
AcDbText
 10
136.0335307933992
 20
78.22124877620503
 30
0.0
 40
2.17643035283774
  1
LCPR
  7
ISOCP
 72
     1
 11
139.2891078628523
 21
79.3094639526239
 31
0.0
100
AcDbAttribute
  2
R_NAME
 70
     0
 74
     2
280
     0
 71
     1
 72
     0
 11
139.2891078628523
 21
79.3094639526239
 31
0.0
  0
ATTRIB
  5
7A5E
330
7A5B
100
AcDbEntity
  8
0
 62
     0
100
AcDbText
 10
134.4571023379085
 20
72.61297356137337
 30
0.0
 40
2.17643035283774
  1
X
  7
ISOCP
 72
     1
 11
135.4319617667837
 21
74.7894039142111
 31
0.0
100
AcDbAttribute
  2
A
 70
     0
 74
     3
280
     0
 71
     1
 72
     0
 11
135.4319617667837
 21
74.7894039142111
 31
0.0
  0
ATTRIB
  5
7A5F
330
7A5B
100
AcDbEntity
  8
0
 62
     0
100
AcDbText
 10
142.3713945300456
 20
72.61297356137337
 30
0.0
 40
2.17643035283774
  1
X
  7
ISOCP
 72
     1
 11
143.3462539589209
 21
74.7894039142111
 31
0.0
100
AcDbAttribute
  2
F
 70
     0
 74
     3
280
     0
 71
     1
 72
     0
 11
143.3462539589209
 21
74.7894039142111
 31
0.0
  0
ATTRIB
  5
7A60
330
7A5B
100
AcDbEntity
  8
0
100
AcDbText
 10
138.2051950099112
 20
72.6800457521746
 30
0.0
 40
2.17643035283774
  1
X
  7
ISOCP
 72
     1
 11
139.1800544387864
 21
73.76826092859348
 31
0.0
100
AcDbAttribute
  2
C
 70
     0
 74
     2
280
     0
 71
     1
 72
     0
 11
139.1800544387864
 21
73.76826092859348
 31
0.0
  0
ATTRIB
  5
7A61
330
7A5B
100
AcDbEntity
  8
0
100
AcDbText
 10
134.5111250299701
 20
84.75879605223541
 30
0.0
 40
2.17643035283774
  1
XXXXX
  7
ISOCP
 72
     1
 11
139.4035590939533
 21
85.84701122865428
 31
0.0
100
AcDbAttribute
  2
R(POS)
 70
     0
 74
     2
280
     0
 71
     1
 72
     0
 11
139.4035590939533
 21
85.84701122865428
 31
0.0
  0
ATTRIB
  5
7A62
330
7A5B
100
AcDbEntity
  8
0
100
AcDbText
 10
138.7431657923485
 20
70.21076180770355
 30
0.0
 40
1.978573048034309
  1
2
  7
ISOCP
 72
     1
 11
139.4336053455688
 21
71.20004833172071
 31
0.0
100
AcDbAttribute
  2
WIRING
 70
     5
 74
     2
280
     1
 71
     1
 72
     0
 11
139.4336053455688
 21
71.20004833172071
 31
0.0
  0
ATTRIB
  5
7A63
330
7A5B
100
AcDbEntity
  8
0
100
AcDbText
 10
138.2513914612596
 20
66.51785414219991
 30
0.0
 40
1.978573048034309
  1
RF
  7
ISOCP
 72
     1
 11
139.7332602336936
 21
67.50714066621707
 31
0.0
100
AcDbAttribute
  2
DOC
 70
     5
 74
     2
280
     1
 71
     1
 72
     0
 11
139.7332602336936
 21
67.50714066621707
 31
0.0
  0
SEQEND
  5
7A64
330
7A5B
100
AcDbEntity
  8
0
  0
INSERT
  5
7A65
330
1F
100
AcDbEntity
  8
0
100
AcDbBlockReference
 66
     1
  2
LCPR_FRONT
 10
-160.8083466473863
 20
-34.66695148557298
 30
0.0
  0
ATTRIB
  5
7A66
330
7A65
100
AcDbEntity
  8
0
100
AcDbText
 10
138.1988725136442
 20
97.76581631155697
 30
0.0
 40
2.17643035283774
  1
@
  7
ISOCP
 72
     1
 11
139.3891078628523
 21
98.85403148797585
 31
0.0
100
AcDbAttribute
  2
S_NAME
 70
     0
 74
     2
280
     0
 71
     1
 72
     0
 11
139.3891078628523
 21
98.85403148797585
 31
0.0
  0
ATTRIB
  5
7A67
330
7A65
100
AcDbEntity
  8
0
100
AcDbText
 10
136.0335307933992
 20
94.12325851704291
 30
0.0
 40
2.17643035283774
  1
LCPR
  7
ISOCP
 72
     1
 11
139.2891078628523
 21
95.21147369346178
 31
0.0
100
AcDbAttribute
  2
R_NAME
 70
     0
 74
     2
280
     0
 71
     1
 72
     0
 11
139.2891078628523
 21
95.21147369346178
 31
0.0
  0
ATTRIB
  5
7A68
330
7A65
100
AcDbEntity
  8
0
 62
     0
100
AcDbText
 10
134.4571023379085
 20
88.51498330221125
 30
0.0
 40
2.17643035283774
  1
X
  7
ISOCP
 72
     1
 11
135.4319617667837
 21
90.69141365504899
 31
0.0
100
AcDbAttribute
  2
A
 70
     0
 74
     3
280
     0
 71
     1
 72
     0
 11
135.4319617667837
 21
90.69141365504899
 31
0.0
  0
ATTRIB
  5
7A69
330
7A65
100
AcDbEntity
  8
0
 62
     0
100
AcDbText
 10
142.3713945300456
 20
88.51498330221125
 30
0.0
 40
2.17643035283774
  1
X
  7
ISOCP
 72
     1
 11
143.3462539589209
 21
90.69141365504899
 31
0.0
100
AcDbAttribute
  2
F
 70
     0
 74
     3
280
     0
 71
     1
 72
     0
 11
143.3462539589209
 21
90.69141365504899
 31
0.0
  0
ATTRIB
  5
7A6A
330
7A65
100
AcDbEntity
  8
0
100
AcDbText
 10
138.2051950099112
 20
88.5820554930125
 30
0.0
 40
2.17643035283774
  1
X
  7
ISOCP
 72
     1
 11
139.1800544387864
 21
89.67027066943137
 31
0.0
100
AcDbAttribute
  2
C
 70
     0
 74
     2
280
     0
 71
     1
 72
     0
 11
139.1800544387864
 21
89.67027066943137
 31
0.0
  0
ATTRIB
  5
7A6B
330
7A65
100
AcDbEntity
  8
0
100
AcDbText
 10
134.5111250299701
 20
100.6608057930733
 30
0.0
 40
2.17643035283774
  1
XXXXX
  7
ISOCP
 72
     1
 11
139.4035590939533
 21
101.7490209694922
 31
0.0
100
AcDbAttribute
  2
R(POS)
 70
     0
 74
     2
280
     0
 71
     1
 72
     0
 11
139.4035590939533
 21
101.7490209694922
 31
0.0
  0
ATTRIB
  5
7A6C
330
7A65
100
AcDbEntity
  8
0
100
AcDbText
 10
138.7431657923485
 20
86.11277154854142
 30
0.0
 40
1.978573048034309
  1
2
  7
ISOCP
 72
     1
 11
139.4336053455688
 21
87.10205807255858
 31
0.0
100
AcDbAttribute
  2
WIRING
 70
     5
 74
     2
280
     1
 71
     1
 72
     0
 11
139.4336053455688
 21
87.10205807255858
 31
0.0
  0
ATTRIB
  5
7A6D
330
7A65
100
AcDbEntity
  8
0
100
AcDbText
 10
138.2513914612596
 20
82.41986388303779
 30
0.0
 40
1.978573048034309
  1
RF
  7
ISOCP
 72
     1
 11
139.7332602336936
 21
83.40915040705495
 31
0.0
100
AcDbAttribute
  2
DOC
 70
     5
 74
     2
280
     1
 71
     1
 72
     0
 11
139.7332602336936
 21
83.40915040705495
 31
0.0
  0
SEQEND
  5
7A6E
330
7A65
100
AcDbEntity
  8
0
  0
ENDSEC
  0
SECTION
  2
OBJECTS
  0
DICTIONARY
  5
C
330
0
100
AcDbDictionary
281
     1
  3
ACAD_CIP_PREVIOUS_PRODUCT_INFO
350
1A5
  3
ACAD_COLOR
350
73
  3
ACAD_DATALINK
350
4518
  3
ACAD_DETAILVIEWSTYLE
350
1AB
  3
ACAD_DGNDEFINITIONS
350
59D7
  3
ACAD_DWFDEFINITIONS
350
59D6
  3
ACAD_FIELDLIST
350
6293
  3
ACAD_GROUP
350
D
  3
ACAD_IMAGE_DICT
350
6CAB
  3
ACAD_IMAGE_VARS
350
4517
  3
ACAD_LAST_SAVED_VERSION_INFO
350
2F6
  3
ACAD_LAYOUT
350
1A
  3
ACAD_MATERIAL
350
72
  3
ACAD_MLEADERSTYLE
350
D7
  3
ACAD_MLINESTYLE
350
17
  3
ACAD_PDFDEFINITIONS
350
59D5
  3
ACAD_PLOTSETTINGS
350
19
  3
ACAD_PLOTSTYLENAME
350
E
  3
ACAD_SCALELIST
350
B6
  3
ACAD_SECTIONVIEWSTYLE
350
1A8
  3
ACAD_TABLESTYLE
350
86
  3
ACAD_VISUALSTYLE
350
99
  3
ACDB_RECOMPOSE_DATA
350
7A74
  3
AcDbVariableDictionary
350
66
  3
APPDATA
350
4515
  3
EZDXF_META
350
64E6
  0
SUN
  5
7A15
330
7A14
100
AcDbSun
 90
        1
290
     0
 63
     7
421
 16777215
 40
1.0
291
     1
 91
  2455826
 92
 54000000
292
     0
 70
     2
 71
   256
280
     1
  0
DICTIONARY
  5
18E
330
2
100
AcDbDictionary
280
     1
281
     1
  3
ACAD_LAYERSTATES
360
18F
  0
DICTIONARY
  5
15D
330
1F
100
AcDbDictionary
280
     1
281
     1
  3
ACAD_SORTENTS
360
2F5
  0
DICTIONARY
  5
7959
330
6528
100
AcDbDictionary
280
     1
281
     1
  3
ACAD_SORTENTS
360
795A
  0
DICTIONARY
  5
79AE
330
6548
100
AcDbDictionary
280
     1
281
     1
  3
ACAD_SORTENTS
360
79AF
  0
DICTIONARY
  5
655B
330
655A
100
AcDbDictionary
280
     1
281
     1
  3
ACAD_SORTENTS
360
655C
  0
DICTIONARY
  5
68E0
330
68DF
100
AcDbDictionary
280
     1
281
     1
  3
ACAD_SORTENTS
360
68E1
  0
DICTIONARY
  5
690D
330
690C
100
AcDbDictionary
280
     1
281
     1
  3
ACAD_SORTENTS
360
690E
  0
XRECORD
  5
1A5
102
{ACAD_REACTORS
330
C
102
}
330
C
100
AcDbXrecord
280
     1
300
ACDLT
300
2026
300

  0
DICTIONARY
  5
73
102
{ACAD_REACTORS
330
C
102
}
330
C
100
AcDbDictionary
281
     1
  0
DICTIONARY
  5
4518
102
{ACAD_REACTORS
330
C
102
}
330
C
100
AcDbDictionary
281
     1
  0
DICTIONARY
  5
1AB
102
{ACAD_REACTORS
330
C
102
}
330
C
100
AcDbDictionary
281
     1
  3
Imperial24
350
1AC
  3
Metric50
350
4CB
  0
DICTIONARY
  5
59D7
102
{ACAD_REACTORS
330
C
102
}
330
C
100
AcDbDictionary
281
     1
  0
DICTIONARY
  5
59D6
102
{ACAD_REACTORS
330
C
102
}
330
C
100
AcDbDictionary
281
     1
  0
FIELDLIST
  5
6293
102
{ACAD_REACTORS
330
C
102
}
330
C
100
AcDbIdSet
 90
        0
100
AcDbFieldList
  0
DICTIONARY
  5
D
102
{ACAD_REACTORS
330
C
102
}
330
C
100
AcDbDictionary
281
     1
  0
DICTIONARY
  5
6CAB
102
{ACAD_REACTORS
330
C
102
}
330
C
100
AcDbDictionary
281
     1
  0
RASTERVARIABLES
  5
4517
102
{ACAD_REACTORS
330
C
102
}
330
C
100
AcDbRasterVariables
 90
        0
 70
     1
 71
     1
 72
     1
  0
XRECORD
  5
2F6
102
{ACAD_REACTORS
330
C
102
}
330
C
100
AcDbXrecord
280
     1
300
{AC927C51-178B-EB44-8EF6-9688895737A5}
301
{83EC8E86-7B4D-EC4E-AEC1-F55E562DED58}
302
{AC927C51-178B-EB44-8EF6-9688895737A5}
303
E:\PROJECTS\MSDAC\004. PV - TBM MSDAC Autohut IFC\6.WIP\MASTER\05.03.2026\PV HUT_20260228\CCT.SR.MAS.PV-TBM AUTO SECTION(PV HUT)_004.dwg
301
{82EB644E-55E7-4F43-9AB8-B3F8A5425404}
302
{93E83A88-CE58-AF47-8EA7-485882509085}
303
F:\OTHER EMPLOYEES\SAMPATH\MSDAC\004. PV - TBM MSDAC Autohut IFC\6.WIP\MASTER\22.05.2025\PV-TBM MSDAC IFC Files_CMP HUT_2025022\PROJ_SG_CMP_H_190_2024_004.dwg
301
{C9920A38-6A04-264B-9454-41A36F739E0E}
302
{D4BFDC91-FFB0-7749-8068-4A19A793E356}
303
E:\Kamesh\MSDAC\kAMESH\PROJ_SG_CMP_H_190_2024_004.dwg
301
{FCBD3254-E0E2-DB4D-ABBD-F78BE941E849}
302
{E4E84BE4-B7B1-DC43-8065-DE7AFBF2D7FF}
303
E:\MSDAC INPUTS\PV-TMB COMMENTS\PV-TBM MSDAC IFC Files_CMP HUT_20250130\PROJ_SG_CMP_H_190_2024_004.dwg
301
{66B35012-EF34-084D-A7CE-AF922FCFD18F}
302
{6614B57F-5241-594B-8C29-84FC7FBF09DD}
303
E:\Projects\2.Southern Railway\MSDAC\INDU-ST-24-25-0128-MSDAC-PV-TBM\Wip\PV-TBM MSDAC IFC Files_CMP HUT_20241207\PROJ_SG_CMP_H_190_2024_004.dwg
301
{3ED469F7-5113-6042-B98D-58F8E4C2CD5F}
302
{C01CF6FF-FB2F-3C40-839C-4D60E287515F}
303
D:\KAVISH\New folder\PV - TBM\WIP\A LINE SIGNAL LIGHTING  CIRCUIT\PROJ_SG_MN_H_51_2024_004.dwg
301
{58EAC9EC-1C40-734A-BA55-564FEB07B8DC}
302
{97A0B94A-21D7-F447-8C8B-EC3E9EF3CF1B}
303
D:\kavish\MSDAC\MN HUT_20241014\CAD FILES\PROJ_SG_MN_H_51_2024_004.dwg
301
{8EB32431-7D61-2F49-94D3-E993B794812B}
302
{740F0FC9-776D-B541-85AB-DCB10AB8D7D5}
303
E:\USTS\Projects\1. Signalling\11. Southern Railway\MSDAC\STM-PV\003. STM - PV MSDAC Autohut IFC\2.Deliverables\09.09.2024\PROJ_SG_MS_51_2024_000.dwg
301
{CD559B23-52C7-3B43-9974-35D7C51204F6}
302
{CC267E36-CCCA-0542-94AA-6D18A9E56A2F}
303
D:\PYTHON\PYTHON PROJECTS\Testing_Automation_2024\pdf\PROJ_SG_MS_51_2024_000.dwg
301
{797CFB49-9665-AA4C-920A-CCFC6A046875}
302
{7AFA9336-ECD4-9741-B888-CDEAB16B249B}
303
D:\Interface Circuits\8.Southern Railway\MSDAC\INDU-ST-24-25-0006-MSDAC-STM - PV\6.WIP\FINAL FILE\PROJ_SG_MS_51_2024_000.dwg
  0
DICTIONARY
  5
1A
102
{ACAD_REACTORS
330
C
102
}
330
C
100
AcDbDictionary
281
     1
  3
Layout1
350
59
  3
Layout2
350
5E
  3
Model
350
22
  0
DICTIONARY
  5
72
102
{ACAD_REACTORS
330
C
102
}
330
C
100
AcDbDictionary
281
     1
  3
ByBlock
350
97
  3
ByLayer
350
96
  3
Global
350
98
  0
DICTIONARY
  5
D7
102
{ACAD_REACTORS
330
C
102
}
330
C
100
AcDbDictionary
281
     1
  3
Standard
350
D8
  0
DICTIONARY
  5
17
102
{ACAD_REACTORS
330
C
102
}
330
C
100
AcDbDictionary
281
     1
  3
Standard
350
18
  0
DICTIONARY
  5
59D5
102
{ACAD_REACTORS
330
C
102
}
330
C
100
AcDbDictionary
281
     1
  0
DICTIONARY
  5
19
102
{ACAD_REACTORS
330
C
102
}
330
C
100
AcDbDictionary
281
     1
  0
ACDBDICTIONARYWDFLT
  5
E
102
{ACAD_REACTORS
330
C
102
}
330
C
100
AcDbDictionary
281
     1
  3
Normal
350
F
100
AcDbDictionaryWithDefault
340
F
  0
DICTIONARY
  5
B6
102
{ACAD_REACTORS
330
C
102
}
330
C
100
AcDbDictionary
281
     1
  3
A0
350
B7
  3
A1
350
124
  3
A2
350
125
  3
A3
350
126
  3
A4
350
127
  3
A5
350
128
  3
A6
350
129
  3
A7
350
12A
  3
A8
350
12B
  3
A9
350
12C
  3
B0
350
12D
  3
B1
350
12E
  3
B2
350
12F
  3
B3
350
130
  3
B4
350
131
  3
B5
350
132
  3
B6
350
133
  3
B7
350
134
  3
B8
350
135
  3
B9
350
136
  3
C0
350
137
  3
C1
350
138
  3
C2
350
139
  3
C3
350
13A
  3
C4
350
13B
  3
C5
350
13C
  3
C6
350
13D
  3
C7
350
13E
  3
C8
350
13F
  3
C9
350
140
  3
D0
350
141
  3
D1
350
142
  3
D2
350
143
  0
DICTIONARY
  5
1A8
102
{ACAD_REACTORS
330
C
102
}
330
C
100
AcDbDictionary
281
     1
  3
Imperial24
350
1AA
  3
Metric50
350
4CA
  0
DICTIONARY
  5
86
102
{ACAD_REACTORS
330
C
102
}
330
C
100
AcDbDictionary
281
     1
  3
Standard
350
87
  0
DICTIONARY
  5
99
102
{ACAD_REACTORS
330
C
102
}
330
C
100
AcDbDictionary
281
     1
  3
2dWireframe
350
9F
  3
3dWireframe
350
38DD
  3
Basic
350
9E
  3
Brighten
350
A5
  3
ColorChange
350
A9
  3
Conceptual
350
A2
  3
Dim
350
A4
  3
EdgeColorOff
350
175
  3
Facepattern
350
A8
  3
Flat
350
9A
  3
FlatWithEdges
350
9B
  3
Gouraud
350
9C
  3
GouraudWithEdges
350
9D
  3
Hidden
350
A1
  3
JitterOff
350
173
  3
Linepattern
350
A7
  3
OverhangOff
350
174
  3
Realistic
350
A3
  3
Shaded
350
182
  3
Shaded with edges
350
181
  3
Shades of Gray
350
17E
  3
Sketchy
350
17F
  3
Thicken
350
A6
  3
Wireframe
350
A0
  3
X-Ray
350
180
  0
XRECORD
  5
7A74
102
{ACAD_REACTORS
330
C
102
}
330
C
100
AcDbXrecord
280
     1
 90
        1
330
87
  0
DICTIONARY
  5
66
102
{ACAD_REACTORS
330
C
102
}
330
C
100
AcDbDictionary
281
     1
  3
CANNOSCALE
350
F0
  3
CMLEADERSTYLE
350
EF
  3
CTABLESTYLE
350
89
  3
CVIEWDETAILSTYLE
350
1B7
  3
CVIEWSECTIONSTYLE
350
1B8
  3
DIMASSOC
350
67
  3
HIDETEXT
350
6B
  3
HPCOLOR
350
1FFB
  3
HPTRANSPARENCY
350
1FFA
  3
LAYEREVAL
350
14D
  3
LAYERNOTIFY
350
14E
  3
XCLIPFRAME
350
6F3A
  0
DICTIONARY
  5
4515
102
{ACAD_REACTORS
330
C
102
}
330
C
100
AcDbDictionary
281
     1
  0
DICTIONARY
  5
64E6
330
C
100
AcDbDictionary
281
     1
  3
WRITTEN_BY_EZDXF
350
64E7
  0
DICTIONARY
  5
18F
102
{ACAD_REACTORS
330
18E
102
}
330
18E
100
AcDbDictionary
281
     1
  0
SORTENTSTABLE
  5
2F5
102
{ACAD_REACTORS
330
15D
102
}
330
15D
100
AcDbSortentsTable
330
1F
  0
SORTENTSTABLE
  5
795A
102
{ACAD_REACTORS
330
7959
102
}
330
7959
100
AcDbSortentsTable
330
6528
  0
SORTENTSTABLE
  5
79AF
102
{ACAD_REACTORS
330
79AE
102
}
330
79AE
100
AcDbSortentsTable
330
6548
  0
SORTENTSTABLE
  5
655C
102
{ACAD_REACTORS
330
655B
102
}
330
655B
100
AcDbSortentsTable
330
655A
  0
SORTENTSTABLE
  5
68E1
102
{ACAD_REACTORS
330
68E0
102
}
330
68E0
100
AcDbSortentsTable
330
68DF
  0
SORTENTSTABLE
  5
690E
102
{ACAD_REACTORS
330
690D
102
}
330
690D
100
AcDbSortentsTable
330
690C
  0
ACDBDETAILVIEWSTYLE
  5
1AC
102
{ACAD_REACTORS
330
1AB
102
}
102
{ACAD_XDICTIONARY
360
59CC
102
}
330
1AB
100
AcDbModelDocViewStyle
 70
     0
  3
Imperial24
290
     0
300
Imperial24
 90
        0
100
AcDbDetailViewStyle
 70
     0
 71
     0
 90
        3
 71
     1
340
11
 62
   256
 40
0.24
340
0
 62
   256
 40
0.24
300

 40
0.36
280
     3
 71
     2
340
16
 90
       25
 62
   256
 71
     3
340
11
 62
   256
 40
0.24
 90
        1
 40
0.75
 90
        1
300
%<\AcVar ViewType \f "%tc1">% %<\AcVar ViewDetailId>%\PSCALE %<\AcVar ViewScale \f "%sn">%
 71
     4
340
16
 90
       25
 62
   256
340
16
 90
       25
 62
   256
280
     0
  0
ACDBDETAILVIEWSTYLE
  5
4CB
102
{ACAD_REACTORS
330
1AB
102
}
102
{ACAD_XDICTIONARY
360
59D0
102
}
330
1AB
100
AcDbModelDocViewStyle
 70
     0
  3
Metric50
290
     0
300
Metric50
 90
        0
100
AcDbDetailViewStyle
 70
     0
 71
     0
 90
        3
 71
     1
340
11
 62
   256
 40
5.0
340
0
 62
   256
 40
5.0
300

 40
0.0
280
     1
 71
     2
340
16
 90
       25
 62
   256
 71
     3
340
11
 62
   256
 40
5.0
 90
        0
 40
15.0
 90
        1
300
%<\AcVar ViewDetailId>% (%<\AcVar ViewScale \f "%sn">%)
 71
     4
340
16
 90
       25
 62
   256
340
16
 90
       25
 62
   256
280
     0
  0
LAYOUT
  5
59
102
{ACAD_REACTORS
330
1A
102
}
330
1A
100
AcDbPlotSettings
  1

  2
None
  4

  6

 40
0.0
 41
0.0
 42
0.0
 43
0.0
 44
0.0
 45
0.0
 46
0.0
 47
0.0
 48
0.0
 49
0.0
140
0.0
141
0.0
142
1.0
143
1.0
 70
   688
 72
     0
 73
     0
 74
     5
  7

 75
    16
 76
     0
 77
     2
 78
   300
147
1.0
148
0.0
149
0.0
100
AcDbLayout
  1
Layout1
 70
     1
 71
     1
 10
0.0
 20
0.0
 11
12.0
 21
9.0
 12
0.0
 22
0.0
 32
0.0
 14
0.0
 24
0.0
 34
0.0
 15
0.0
 25
0.0
 35
0.0
146
0.0
 13
0.0
 23
0.0
 33
0.0
 16
1.0
 26
0.0
 36
0.0
 17
0.0
 27
1.0
 37
0.0
 76
     0
330
58
  0
LAYOUT
  5
5E
102
{ACAD_REACTORS
330
1A
102
}
330
1A
100
AcDbPlotSettings
  1

  2
None
  4

  6

 40
0.0
 41
0.0
 42
0.0
 43
0.0
 44
0.0
 45
0.0
 46
0.0
 47
0.0
 48
0.0
 49
0.0
140
0.0
141
0.0
142
1.0
143
1.0
 70
   688
 72
     0
 73
     0
 74
     5
  7

 75
    16
 76
     0
 77
     2
 78
   300
147
1.0
148
0.0
149
0.0
100
AcDbLayout
  1
Layout2
 70
     1
 71
     2
 10
0.0
 20
0.0
 11
12.0
 21
9.0
 12
0.0
 22
0.0
 32
0.0
 14
0.0
 24
0.0
 34
0.0
 15
0.0
 25
0.0
 35
0.0
146
0.0
 13
0.0
 23
0.0
 33
0.0
 16
1.0
 26
0.0
 36
0.0
 17
0.0
 27
1.0
 37
0.0
 76
     0
330
5D
  0
LAYOUT
  5
22
102
{ACAD_REACTORS
330
1A
102
}
330
1A
100
AcDbPlotSettings
  1

  2
none_device
  4
ANSI_A_(8.50_x_11.00_Inches)
  6

 40
6.349999904632568
 41
19.04999923706055
 42
6.350006103515625
 43
19.04998779296875
 44
215.8999938964844
 45
279.3999938964844
 46
0.0
 47
0.0
 48
0.0
 49
0.0
140
0.0
141
0.0
142
1.0
143
2.584895464708374
 70
 11952
 72
     0
 73
     1
 74
     0
  7

 75
     0
 76
     0
 77
     2
 78
   300
147
0.3868628397755418
148
0.0
149
0.0
100
AcDbLayout
  1
Model
 70
     1
 71
     0
 10
0.0
 20
0.0
 11
12.0
 21
9.0
 12
0.0
 22
0.0
 32
0.0
 14
46.86212904410101
 24
65.8471944729726
 34
0.0
 15
351.967299180531
 25
278.6658066360948
 35
0.849233469199126
146
0.0
 13
0.0
 23
0.0
 33
0.0
 16
1.0
 26
0.0
 36
0.0
 17
0.0
 27
1.0
 37
0.0
 76
     0
330
1F
331
7A14
  0
MATERIAL
  5
97
102
{ACAD_REACTORS
330
72
102
}
102
{ACAD_XDICTIONARY
360
188
102
}
330
72
100
AcDbMaterial
  1
ByBlock
 72
     1
 78
     2
172
     2
176
     2
270
     2
273
     1
274
     2
 94
       63
  0
MATERIAL
  5
96
102
{ACAD_REACTORS
330
72
102
}
102
{ACAD_XDICTIONARY
360
186
102
}
330
72
100
AcDbMaterial
  1
ByLayer
 72
     1
 78
     2
172
     2
176
     2
270
     2
273
     1
274
     2
 94
       63
  0
MATERIAL
  5
98
102
{ACAD_REACTORS
330
72
102
}
102
{ACAD_XDICTIONARY
360
110
102
}
330
72
100
AcDbMaterial
  1
Global
 72
     1
 43
0.0208000000566244
 43
0.0
 43
0.0
 43
0.0
 43
0.0
 43
0.0208000000566244
 43
0.0
 43
0.0
 43
0.0
 43
0.0
 43
1.0
 43
0.0
 43
0.0
 43
0.0
 43
0.0
 43
1.0
 78
     2
172
     2
 49
0.0208000000566244
 49
0.0
 49
0.0
 49
0.0
 49
0.0
 49
0.0208000000566244
 49
0.0
 49
0.0
 49
0.0
 49
0.0
 49
1.0
 49
0.0
 49
0.0
 49
0.0
 49
0.0
 49
1.0
176
     2
142
0.0208000000566244
142
0.0
142
0.0
142
0.0
142
0.0
142
0.0208000000566244
142
0.0
142
0.0
142
0.0
142
0.0
142
1.0
142
0.0
142
0.0
142
0.0
142
0.0
142
1.0
270
     2
144
0.0208000000566244
144
0.0
144
0.0
144
0.0
144
0.0
144
0.0208000000566244
144
0.0
144
0.0
144
0.0
144
0.0
144
1.0
144
0.0
144
0.0
144
0.0
144
0.0
144
1.0
273
     1
274
     2
 94
       63
1001
ACAD
1070
    -1
1070
     3
1070
     0
1000

1071
        0
1070
     0
  0
MLEADERSTYLE
  5
D8
102
{ACAD_REACTORS
330
D7
102
}
330
D7
100
AcDbMLeaderStyle
179
     2
170
     2
171
     1
172
     0
 90
        2
 40
0.0
 41
0.0
173
     1
 91
-1056964608
340
14
 92
       -2
290
     1
 42
0.09
291
     1
 43
0.36
  3
Standard
341
0
 44
0.18
300

342
11
174
     1
178
     1
175
     1
176
     0
 93
-1056964608
 45
0.18
292
     0
297
     0
 46
0.18
343
0
 94
-1056964608
 47
1.0
 49
1.0
140
1.0
293
     1
141
0.0
294
     1
177
     0
142
1.0
295
     0
296
     0
143
0.125
271
     0
272
     9
273
     9
298
     0
  0
MLINESTYLE
  5
18
102
{ACAD_REACTORS
330
17
102
}
330
17
100
AcDbMlineStyle
  2
STANDARD
 70
     0
  3

 62
   256
 51
90.0
 52
90.0
 71
     2
 49
0.5
 62
   256
  6
BYLAYER
 49
-0.5
 62
   256
  6
BYLAYER
  0
ACDBPLACEHOLDER
  5
F
102
{ACAD_REACTORS
330
E
102
}
330
E
  0
SCALE
  5
B7
102
{ACAD_REACTORS
330
B6
102
}
330
B6
100
AcDbScale
 70
     0
300
1:1
140
1.0
141
1.0
290
     1
  0
SCALE
  5
124
102
{ACAD_REACTORS
330
B6
102
}
330
B6
100
AcDbScale
 70
     0
300
1:2
140
1.0
141
2.0
290
     0
  0
SCALE
  5
125
102
{ACAD_REACTORS
330
B6
102
}
330
B6
100
AcDbScale
 70
     0
300
1:4
140
1.0
141
4.0
290
     0
  0
SCALE
  5
126
102
{ACAD_REACTORS
330
B6
102
}
330
B6
100
AcDbScale
 70
     0
300
1:5
140
1.0
141
5.0
290
     0
  0
SCALE
  5
127
102
{ACAD_REACTORS
330
B6
102
}
330
B6
100
AcDbScale
 70
     0
300
1:8
140
1.0
141
8.0
290
     0
  0
SCALE
  5
128
102
{ACAD_REACTORS
330
B6
102
}
330
B6
100
AcDbScale
 70
     0
300
1:10
140
1.0
141
10.0
290
     0
  0
SCALE
  5
129
102
{ACAD_REACTORS
330
B6
102
}
330
B6
100
AcDbScale
 70
     0
300
1:16
140
1.0
141
16.0
290
     0
  0
SCALE
  5
12A
102
{ACAD_REACTORS
330
B6
102
}
330
B6
100
AcDbScale
 70
     0
300
1:20
140
1.0
141
20.0
290
     0
  0
SCALE
  5
12B
102
{ACAD_REACTORS
330
B6
102
}
330
B6
100
AcDbScale
 70
     0
300
1:30
140
1.0
141
30.0
290
     0
  0
SCALE
  5
12C
102
{ACAD_REACTORS
330
B6
102
}
330
B6
100
AcDbScale
 70
     0
300
1:40
140
1.0
141
40.0
290
     0
  0
SCALE
  5
12D
102
{ACAD_REACTORS
330
B6
102
}
330
B6
100
AcDbScale
 70
     0
300
1:50
140
1.0
141
50.0
290
     0
  0
SCALE
  5
12E
102
{ACAD_REACTORS
330
B6
102
}
330
B6
100
AcDbScale
 70
     0
300
1:100
140
1.0
141
100.0
290
     0
  0
SCALE
  5
12F
102
{ACAD_REACTORS
330
B6
102
}
330
B6
100
AcDbScale
 70
     0
300
2:1
140
2.0
141
1.0
290
     0
  0
SCALE
  5
130
102
{ACAD_REACTORS
330
B6
102
}
330
B6
100
AcDbScale
 70
     0
300
4:1
140
4.0
141
1.0
290
     0
  0
SCALE
  5
131
102
{ACAD_REACTORS
330
B6
102
}
330
B6
100
AcDbScale
 70
     0
300
8:1
140
8.0
141
1.0
290
     0
  0
SCALE
  5
132
102
{ACAD_REACTORS
330
B6
102
}
330
B6
100
AcDbScale
 70
     0
300
10:1
140
10.0
141
1.0
290
     0
  0
SCALE
  5
133
102
{ACAD_REACTORS
330
B6
102
}
330
B6
100
AcDbScale
 70
     0
300
100:1
140
100.0
141
1.0
290
     0
  0
SCALE
  5
134
102
{ACAD_REACTORS
330
B6
102
}
330
B6
100
AcDbScale
 70
     0
300
1/128" = 1'-0"
140
0.0078125
141
12.0
290
     0
  0
SCALE
  5
135
102
{ACAD_REACTORS
330
B6
102
}
330
B6
100
AcDbScale
 70
     0
300
1/64" = 1'-0"
140
0.015625
141
12.0
290
     0
  0
SCALE
  5
136
102
{ACAD_REACTORS
330
B6
102
}
330
B6
100
AcDbScale
 70
     0
300
1/32" = 1'-0"
140
0.03125
141
12.0
290
     0
  0
SCALE
  5
137
102
{ACAD_REACTORS
330
B6
102
}
330
B6
100
AcDbScale
 70
     0
300
1/16" = 1'-0"
140
0.0625
141
12.0
290
     0
  0
SCALE
  5
138
102
{ACAD_REACTORS
330
B6
102
}
330
B6
100
AcDbScale
 70
     0
300
3/32" = 1'-0"
140
0.09375
141
12.0
290
     0
  0
SCALE
  5
139
102
{ACAD_REACTORS
330
B6
102
}
330
B6
100
AcDbScale
 70
     0
300
1/8" = 1'-0"
140
0.125
141
12.0
290
     0
  0
SCALE
  5
13A
102
{ACAD_REACTORS
330
B6
102
}
330
B6
100
AcDbScale
 70
     0
300
3/16" = 1'-0"
140
0.1875
141
12.0
290
     0
  0
SCALE
  5
13B
102
{ACAD_REACTORS
330
B6
102
}
330
B6
100
AcDbScale
 70
     0
300
1/4" = 1'-0"
140
0.25
141
12.0
290
     0
  0
SCALE
  5
13C
102
{ACAD_REACTORS
330
B6
102
}
330
B6
100
AcDbScale
 70
     0
300
3/8" = 1'-0"
140
0.375
141
12.0
290
     0
  0
SCALE
  5
13D
102
{ACAD_REACTORS
330
B6
102
}
330
B6
100
AcDbScale
 70
     0
300
1/2" = 1'-0"
140
0.5
141
12.0
290
     0
  0
SCALE
  5
13E
102
{ACAD_REACTORS
330
B6
102
}
330
B6
100
AcDbScale
 70
     0
300
3/4" = 1'-0"
140
0.75
141
12.0
290
     0
  0
SCALE
  5
13F
102
{ACAD_REACTORS
330
B6
102
}
330
B6
100
AcDbScale
 70
     0
300
1" = 1'-0"
140
1.0
141
12.0
290
     0
  0
SCALE
  5
140
102
{ACAD_REACTORS
330
B6
102
}
330
B6
100
AcDbScale
 70
     0
300
1-1/2" = 1'-0"
140
1.5
141
12.0
290
     0
  0
SCALE
  5
141
102
{ACAD_REACTORS
330
B6
102
}
330
B6
100
AcDbScale
 70
     0
300
3" = 1'-0"
140
3.0
141
12.0
290
     0
  0
SCALE
  5
142
102
{ACAD_REACTORS
330
B6
102
}
330
B6
100
AcDbScale
 70
     0
300
6" = 1'-0"
140
6.0
141
12.0
290
     0
  0
SCALE
  5
143
102
{ACAD_REACTORS
330
B6
102
}
330
B6
100
AcDbScale
 70
     0
300
1'-0" = 1'-0"
140
12.0
141
12.0
290
     0
  0
ACDBSECTIONVIEWSTYLE
  5
1AA
102
{ACAD_REACTORS
330
1A8
102
}
102
{ACAD_XDICTIONARY
360
59CA
102
}
330
1A8
100
AcDbModelDocViewStyle
 70
     0
  3
Imperial24
290
     0
300
Imperial24
 90
        0
100
AcDbSectionViewStyle
 70
     0
 71
     0
 90
       78
 71
     1
340
11
 62
   256
 40
0.24
340
0
340
0
 62
   256
 40
0.24
300
I, O, Q, S, X, Z
 40
0.48
 90
        3
 40
0.18
 90
        1
 71
     2
340
16
 90
       25
 62
   256
340
16
 90
       50
 62
   256
 40
0.24
 40
0.0
 40
0.24
 71
     3
340
11
 62
   256
 40
0.24
 90
        1
 40
0.75
 90
        1
300
%<\AcVar ViewType \f "%tc1">% %<\AcVar ViewSectionStartId>%-%<\AcVar ViewSectionEndId>%\PSCALE %<\AcVar ViewScale \f "%sn">%
 71
     4
 62
   256
 62
   257
300
ANSI31
 40
1.0
 90
        0
290
     0
290
     0
 90
        6
 40
0.0
 40
1.570796326794897
 40
0.2617993877991494
 40
1.308996938995747
 40
-0.2617993877991494
 40
1.832595714594046
  0
ACDBSECTIONVIEWSTYLE
  5
4CA
102
{ACAD_REACTORS
330
1A8
102
}
102
{ACAD_XDICTIONARY
360
59CE
102
}
330
1A8
100
AcDbModelDocViewStyle
 70
     0
  3
Metric50
290
     0
300
Metric50
 90
        0
100
AcDbSectionViewStyle
 70
     0
 71
     0
 90
      102
 71
     1
340
11
 62
   256
 40
5.0
340
0
340
0
 62
   256
 40
5.0
300
I, O, Q, S, X, Z
 40
10.0
 90
        0
 40
2.5
 90
        0
 71
     2
340
16
 90
       25
 62
   256
340
16
 90
       50
 62
   256
 40
5.0
 40
2.5
 40
5.0
 71
     3
340
11
 62
   256
 40
5.0
 90
        0
 40
15.0
 90
        1
300
%<\AcVar ViewSectionStartId>%-%<\AcVar ViewSectionEndId>% (%<\AcVar ViewScale \f "%sn">%)
 71
     4
 62
   256
 62
   257
300
ANSI31
 40
1.0
 90
        0
290
     0
290
     0
 90
        6
 40
0.0
 40
1.570796326794897
 40
0.2617993877991494
 40
1.308996938995747
 40
-0.2617993877991494
 40
1.832595714594046
  0
TABLESTYLE
  5
87
102
{ACAD_REACTORS
330
86
102
}
102
{ACAD_XDICTIONARY
360
7A72
102
}
330
86
100
AcDbTableStyle
  3
Standard
 70
     0
 71
     0
 40
0.06
 41
0.06
280
     0
281
     0
  7
Standard
140
0.18
170
     2
 62
     0
 63
   257
283
     0
 90
      512
 91
        0
  1

274
    -2
284
     1
 64
     0
275
    -2
285
     1
 65
     0
276
    -2
286
     1
 66
     0
277
    -2
287
     1
 67
     0
278
    -2
288
     1
 68
     0
279
    -2
289
     1
 69
     0
  7
Standard
140
0.25
170
     5
 62
     0
 63
   257
283
     0
 90
      512
 91
        0
  1

274
    -2
284
     1
 64
     0
275
    -2
285
     1
 65
     0
276
    -2
286
     1
 66
     0
277
    -2
287
     1
 67
     0
278
    -2
288
     1
 68
     0
279
    -2
289
     1
 69
     0
  7
Standard
140
0.18
170
     5
 62
     0
 63
   257
283
     0
 90
      512
 91
        0
  1

274
    -2
284
     1
 64
     0
275
    -2
285
     1
 65
     0
276
    -2
286
     1
 66
     0
277
    -2
287
     1
 67
     0
278
    -2
288
     1
 68
     0
279
    -2
289
     1
 69
     0
  0
VISUALSTYLE
  5
9F
102
{ACAD_REACTORS
330
99
102
}
330
99
100
AcDbVisualStyle
  2
2dWireframe
 70
     4
177
     3
291
     0
 70
    58
 90
        0
176
     1
 90
        2
176
     1
 90
        1
176
     1
 90
        0
176
     1
 40
0.6
176
     1
 40
30.0
176
     1
 62
     7
420
 16777215
176
     1
 90
        1
176
     1
 90
        4
176
     1
 62
     7
176
     1
 62
   257
176
     1
 90
        1
176
     1
 90
        1
176
     1
 40
1.0
176
     1
 90
        0
176
     1
 62
   257
176
     1
 40
1.0
176
     1
 90
        1
176
     1
 90
        6
176
     1
 90
        2
176
     1
 62
     7
176
     1
 90
        5
176
     1
 90
        0
176
     1
 90
        0
176
     1
290
     0
176
     1
 90
        1
176
     1
 40
0.0
176
     1
 90
        0
176
     1
290
     1
176
     1
290
     1
176
     1
290
     0
176
     1
290
     0
176
     1
290
     0
176
     1
290
     0
176
     1
290
     0
176
     1
290
     0
176
     1
290
     0
176
     1
 90
       50
176
     1
 40
0.0
176
     1
 40
1.0
176
     1
 90
        0
176
     1
 62
    18
420
        0
176
     1
 90
       50
176
     1
 90
        3
176
     1
 62
     5
420
      255
176
     1
290
     0
176
     1
 90
       50
176
     1
 90
       50
176
     1
 90
       50
176
     1
290
     0
176
     1
 90
       50
176
     1
 62
   256
176
     0
 40
1.0
176
     0
 90
        2
176
     1
  1
strokes_ogs.tif
176
     1
290
     0
176
     1
 40
1.0
176
     1
 40
1.0
176
     1
  0
VISUALSTYLE
  5
38DD
102
{ACAD_REACTORS
330
99
102
}
330
99
100
AcDbVisualStyle
  2
3dWireframe
 70
     5
177
     3
291
     0
 70
    58
 90
        0
176
     1
 90
        2
176
     1
 90
        0
176
     1
 90
        0
176
     1
 40
0.6
176
     1
 40
30.0
176
     1
 62
     7
176
     1
 90
        1
176
     1
 90
        4
176
     1
 62
     7
176
     1
 62
   257
176
     1
 90
        1
176
     1
 90
        1
176
     1
 40
1.0
176
     1
 90
        0
176
     1
 62
   257
176
     1
 40
1.0
176
     1
 90
        1
176
     1
 90
        6
176
     1
 90
        2
176
     1
 62
     7
176
     1
 90
        5
176
     1
 90
        0
176
     1
 90
        0
176
     1
290
     0
176
     1
 90
        1
176
     1
 40
0.0
176
     1
 90
        0
176
     1
290
     0
176
     1
290
     1
176
     1
290
     1
176
     1
290
     0
176
     1
290
     0
176
     1
290
     0
176
     1
290
     0
176
     1
290
     0
176
     1
290
     0
176
     1
 90
       50
176
     1
 40
0.0
176
     1
 40
1.0
176
     1
 90
        0
176
     1
 62
    18
420
        0
176
     1
 90
       50
176
     1
 90
        3
176
     1
 62
     5
420
      255
176
     1
290
     0
176
     1
 90
       50
176
     1
 90
       50
176
     1
 90
       50
176
     1
290
     0
176
     1
 90
       50
176
     1
 62
   256
176
     0
 40
1.0
176
     0
 90
        2
176
     1
  1
strokes_ogs.tif
176
     1
290
     0
176
     1
 40
1.0
176
     1
 40
1.0
176
     1
1001
ACAD
1000
AcRTDxfName
1000
VISUALSTYLE
1000
AcRTDxfName
1000
VISUALSTYLE
1000
AcRTDxfName
1000
VISUALSTYLE
1000
AcRTDxfName
1000
VISUALSTYLE
1000
AcRTDxfName
1000
VISUALSTYLE
1000
AcRTDxfName
1000
VISUALSTYLE
1000
AcRTDxfName
1000
VISUALSTYLE
1000
AcRTDxfName
1000
VISUALSTYLE
1000
AcRTDxfName
1000
VISUALSTYLE
1000
AcRTDxfName
1000
VISUALSTYLE
1000
AcRTDxfName
1000
VISUALSTYLE
1000
AcRTDxfName
1000
VISUALSTYLE
1000
AcRTDxfName
1000
VISUALSTYLE
1000
AcRTDxfName
1000
VISUALSTYLE
1000
AcRTDxfName
1000
VISUALSTYLE
1000
AcRTDxfName
1000
VISUALSTYLE
1000
AcRTDxfName
1000
VISUALSTYLE
1000
AcRTDxfName
1000
VISUALSTYLE
1000
AcRTDxfName
1000
VISUALSTYLE
1000
AcRTDxfName
1000
VISUALSTYLE
1000
AcRTDxfName
1000
VISUALSTYLE
1000
AcRTDxfName
1000
VISUALSTYLE
1000
AcRTDxfName
1000
VISUALSTYLE
1000
AcRTDxfName
1000
VISUALSTYLE
1000
AcRTDxfName
1000
VISUALSTYLE
1000
AcRTDxfName
1000
VISUALSTYLE
1000
AcRTDxfName
1000
VISUALSTYLE
1000
AcRTDxfName
1000
VISUALSTYLE
1000
AcRTDxfName
1000
VISUALSTYLE
1000
AcRTDxfName
1000
VISUALSTYLE
1000
AcRTDxfName
1000
VISUALSTYLE
1000
AcRTDxfName
1000
VISUALSTYLE
1000
AcRTDxfName
1000
VISUALSTYLE
1000
AcRTDxfName
1000
VISUALSTYLE
1000
AcRTDxfName
1000
VISUALSTYLE
1000
AcRTDxfName
1000
VISUALSTYLE
1000
AcRTDxfName
1000
VISUALSTYLE
1000
AcRTDxfName
1000
VISUALSTYLE
1000
AcRTDxfName
1000
VISUALSTYLE
1000
AcRTDxfName
1000
VISUALSTYLE
1000
AcRTDxfName
1000
VISUALSTYLE
1000
AcRTDxfName
1000
VISUALSTYLE
1000
AcRTDxfName
1000
VISUALSTYLE
1000
AcRTDxfName
1000
VISUALSTYLE
1000
AcRTDxfName
1000
VISUALSTYLE
1000
AcRTDxfName
1000
VISUALSTYLE
1000
AcRTDxfName
1000
VISUALSTYLE
1000
AcRTDxfName
1000
VISUALSTYLE
1000
AcRTDxfName
1000
VISUALSTYLE
1000
AcRTDxfName
1000
VISUALSTYLE
1000
AcRTDxfName
1000
VISUALSTYLE
1000
AcRTDxfName
1000
VISUALSTYLE
1000
AcRTDxfName
1000
VISUALSTYLE
1000
AcRTDxfName
1000
VISUALSTYLE
1000
AcRTDxfName
1000
VISUALSTYLE
1000
AcRTDxfName
1000
VISUALSTYLE
1000
AcRTDxfName
1000
VISUALSTYLE
1000
AcRTDxfName
1000
VISUALSTYLE
1000
AcRTDxfName
1000
VISUALSTYLE
1000
AcRTDxfName
1000
VISUALSTYLE
1000
AcRTDxfName
1000
VISUALSTYLE
1000
AcRTDxfName
1000
VISUALSTYLE
1000
AcRTDxfName
1000
VISUALSTYLE
1000
AcRTDxfName
1000
VISUALSTYLE
1000
AcRTDxfName
1000
VISUALSTYLE
1000
AcRTDxfName
1000
VISUALSTYLE
1000
AcRTDxfName
1000
VISUALSTYLE
1000
AcRTDxfName
1000
VISUALSTYLE
1000
AcRTDxfName
1000
VISUALSTYLE
1000
AcRTDxfName
1000
VISUALSTYLE
1000
AcRTDxfName
1000
VISUALSTYLE
1000
AcRTDxfName
1000
VISUALSTYLE
1000
AcRTDxfName
1000
VISUALSTYLE
1000
AcRTDxfName
1000
VISUALSTYLE
1000
AcRTDxfName
1000
VISUALSTYLE
1000
AcRTDxfName
1000
VISUALSTYLE
1000
AcRTDxfName
1000
VISUALSTYLE
1000
AcRTDxfName
1000
VISUALSTYLE
1000
AcRTDxfName
1000
VISUALSTYLE
1000
AcRTDxfName
1000
VISUALSTYLE
1000
AcRTDxfName
1000
VISUALSTYLE
1000
AcRTDxfName
1000
VISUALSTYLE
1000
AcRTDxfName
1000
VISUALSTYLE
1000
AcRTDxfName
1000
VISUALSTYLE
1000
AcRTDxfName
1000
VISUALSTYLE
1000
AcRTDxfName
1000
VISUALSTYLE
1000
AcRTDxfName
1000
VISUALSTYLE
1000
AcRTDxfName
1000
VISUALSTYLE
1000
AcRTDxfName
1000
VISUALSTYLE
1000
AcRTDxfName
1000
VISUALSTYLE
1000
AcRTDxfName
1000
VISUALSTYLE
1000
AcRTDxfName
1000
VISUALSTYLE
1000
AcRTDxfName
1000
VISUALSTYLE
1000
AcRTDxfName
1000
VISUALSTYLE
1000
AcRTDxfName
1000
VISUALSTYLE
1000
AcRTDxfName
1000
VISUALSTYLE
1000
AcRTDxfName
1000
VISUALSTYLE
1000
AcRTDxfName
1000
VISUALSTYLE
1000
AcRTDxfName
1000
VISUALSTYLE
1000
AcRTDxfName
1000
VISUALSTYLE
1000
AcRTDxfName
1000
VISUALSTYLE
1000
AcRTDxfName
1000
VISUALSTYLE
1000
AcRTDxfName
1000
VISUALSTYLE
1000
AcRTDxfName
1000
VISUALSTYLE
1000
AcRTDxfName
1000
VISUALSTYLE
1000
AcRTDxfName
1000
VISUALSTYLE
1000
AcRTDxfName
1000
VISUALSTYLE
1000
AcRTDxfName
1000
VISUALSTYLE
1000
AcRTDxfName
1000
VISUALSTYLE
1000
AcRTDxfName
1000
VISUALSTYLE
1000
AcRTDxfName
1000
VISUALSTYLE
1000
AcRTDxfName
1000
VISUALSTYLE
1000
AcRTDxfName
1000
VISUALSTYLE
1000
AcRTDxfName
1000
VISUALSTYLE
1000
AcRTDxfName
1000
VISUALSTYLE
1000
AcRTDxfName
1000
VISUALSTYLE
1000
AcRTDxfName
1000
VISUALSTYLE
1000
AcRTDxfName
1000
VISUALSTYLE
1000
AcRTDxfName
1000
VISUALSTYLE
1000
AcRTDxfName
1000
VISUALSTYLE
1000
AcRTDxfName
1000
VISUALSTYLE
1000
AcRTDxfName
1000
VISUALSTYLE
1000
AcRTDxfName
1000
VISUALSTYLE
1000
AcRTDxfName
1000
VISUALSTYLE
1000
AcRTDxfName
1000
VISUALSTYLE
1000
AcRTDxfName
1000
VISUALSTYLE
1000
AcRTDxfName
1000
VISUALSTYLE
1000
AcRTDxfName
1000
VISUALSTYLE
1000
AcRTDxfName
1000
VISUALSTYLE
1000
AcRTDxfName
1000
VISUALSTYLE
1000
AcRTDxfName
1000
VISUALSTYLE
1000
AcRTDxfName
1000
VISUALSTYLE
1000
AcRTDxfName
1000
VISUALSTYLE
1000
AcRTDxfName
1000
VISUALSTYLE
1000
AcRTDxfName
1000
VISUALSTYLE
1000
AcRTDxfName
1000
VISUALSTYLE
1000
AcRTDxfName
1000
VISUALSTYLE
1000
AcRTDxfName
1000
VISUALSTYLE
1000
AcRTDxfName
1000
VISUALSTYLE
1000
AcRTDxfName
1000
VISUALSTYLE
1000
AcRTDxfName
1000
VISUALSTYLE
1000
AcRTDxfName
1000
VISUALSTYLE
1000
AcRTDxfName
1000
VISUALSTYLE
1000
AcRTDxfName
1000
VISUALSTYLE
1000
AcRTDxfName
1000
VISUALSTYLE
1000
AcRTDxfName
1000
VISUALSTYLE
1000
AcRTDxfName
1000
VISUALSTYLE
1000
AcRTDxfName
1000
VISUALSTYLE
1000
AcRTDxfName
1000
VISUALSTYLE
1000
AcRTDxfName
1000
VISUALSTYLE
1000
AcRTDxfName
1000
VISUALSTYLE
1000
AcRTDxfName
1000
VISUALSTYLE
1000
AcRTDxfName
1000
VISUALSTYLE
1000
AcRTDxfName
1000
VISUALSTYLE
1000
AcRTDxfName
1000
VISUALSTYLE
1000
AcRTDxfName
1000
VISUALSTYLE
1000
AcRTDxfName
1000
VISUALSTYLE
1000
AcRTDxfName
1000
VISUALSTYLE
1000
AcRTDxfName
1000
VISUALSTYLE
1000
AcRTDxfName
1000
VISUALSTYLE
1000
AcRTDxfName
1000
VISUALSTYLE
1000
AcRTDxfName
1000
VISUALSTYLE
1000
AcRTDxfName
1000
VISUALSTYLE
1000
AcRTDxfName
1000
VISUALSTYLE
1000
AcRTDxfName
1000
VISUALSTYLE
1000
AcRTDxfName
1000
VISUALSTYLE
1000
AcRTDxfName
1000
VISUALSTYLE
1000
AcRTDxfName
1000
VISUALSTYLE
1000
AcRTDxfName
1000
VISUALSTYLE
1000
AcRTDxfName
1000
VISUALSTYLE
1000
AcRTDxfName
1000
VISUALSTYLE
1000
AcRTDxfName
1000
VISUALSTYLE
1000
AcRTDxfName
1000
VISUALSTYLE
1000
AcRTDxfName
1000
VISUALSTYLE
1000
AcRTDxfName
1000
VISUALSTYLE
1000
AcRTDxfName
1000
VISUALSTYLE
1000
AcRTDxfName
1000
VISUALSTYLE
1000
AcRTDxfName
1000
VISUALSTYLE
1000
AcRTDxfName
1000
VISUALSTYLE
1000
AcRTDxfName
1000
VISUALSTYLE
1000
AcRTDxfName
1000
VISUALSTYLE
1000
AcRTDxfName
1000
VISUALSTYLE
1000
AcRTDxfName
1000
VISUALSTYLE
1000
AcRTDxfName
1000
VISUALSTYLE
1000
AcRTDxfName
1000
VISUALSTYLE
1000
AcRTDxfName
1000
VISUALSTYLE
1000
AcRTDxfName
1000
VISUALSTYLE
1000
AcRTDxfName
1000
VISUALSTYLE
1000
AcRTDxfName
1000
VISUALSTYLE
1000
AcRTDxfName
1000
VISUALSTYLE
1000
AcRTDxfName
1000
VISUALSTYLE
1000
AcRTDxfName
1000
VISUALSTYLE
1000
AcRTDxfName
1000
VISUALSTYLE
1000
AcRTDxfName
1000
VISUALSTYLE
1000
AcRTDxfName
1000
VISUALSTYLE
1000
AcRTDxfName
1000
VISUALSTYLE
1000
AcRTDxfName
1000
VISUALSTYLE
1000
AcRTDxfName
1000
VISUALSTYLE
1000
AcRTDxfName
1000
VISUALSTYLE
1000
AcRTDxfName
1000
VISUALSTYLE
1000
AcRTDxfName
1000
VISUALSTYLE
1000
AcRTDxfName
1000
VISUALSTYLE
1000
AcRTDxfName
1000
VISUALSTYLE
1000
AcRTDxfName
1000
VISUALSTYLE
1000
AcRTDxfName
1000
VISUALSTYLE
1000
AcRTDxfName
1000
VISUALSTYLE
1000
AcRTDxfName
1000
VISUALSTYLE
1000
AcRTDxfName
1000
VISUALSTYLE
1000
AcRTDxfName
1000
VISUALSTYLE
1000
AcRTDxfName
1000
VISUALSTYLE
1000
AcRTDxfName
1000
VISUALSTYLE
1000
AcRTDxfName
1000
VISUALSTYLE
1000
AcRTDxfName
1000
VISUALSTYLE
1000
AcRTDxfName
1000
VISUALSTYLE
1000
AcRTDxfName
1000
VISUALSTYLE
1000
AcRTDxfName
1000
VISUALSTYLE
1000
AcRTDxfName
1000
VISUALSTYLE
1000
AcRTDxfName
1000
VISUALSTYLE
1000
AcRTDxfName
1000
VISUALSTYLE
1000
AcRTDxfName
1000
VISUALSTYLE
1000
AcRTDxfName
1000
VISUALSTYLE
1000
AcRTDxfName
1000
VISUALSTYLE
1000
AcRTDxfName
1000
VISUALSTYLE
1000
AcRTDxfName
1000
VISUALSTYLE
1000
AcRTDxfName
1000
VISUALSTYLE
1000
AcRTDxfName
1000
VISUALSTYLE
1000
AcRTDxfName
1000
VISUALSTYLE
1000
AcRTDxfName
1000
VISUALSTYLE
1000
AcRTDxfName
1000
VISUALSTYLE
1000
AcRTDxfName
1000
VISUALSTYLE
1000
AcRTDxfName
1000
VISUALSTYLE
1000
AcRTDxfName
1000
VISUALSTYLE
1000
AcRTDxfName
1000
VISUALSTYLE
1000
AcRTDxfName
1000
VISUALSTYLE
1000
AcRTDxfName
1000
VISUALSTYLE
1000
AcRTDxfName
1000
VISUALSTYLE
1000
AcRTDxfName
1000
VISUALSTYLE
1000
AcRTDxfName
1000
VISUALSTYLE
1000
AcRTDxfName
1000
VISUALSTYLE
1000
AcRTDxfName
1000
VISUALSTYLE
1000
AcRTDxfName
1000
VISUALSTYLE
1000
AcRTDxfName
1000
VISUALSTYLE
1000
AcRTDxfName
1000
VISUALSTYLE
1000
AcRTDxfName
1000
VISUALSTYLE
1000
AcRTDxfName
1000
VISUALSTYLE
1000
AcRTDxfName
1000
VISUALSTYLE
1000
AcRTDxfName
1000
VISUALSTYLE
1000
AcRTDxfName
1000
VISUALSTYLE
1000
AcRTDxfName
1000
VISUALSTYLE
1000
AcRTDxfName
1000
VISUALSTYLE
1000
AcRTDxfName
1000
VISUALSTYLE
1000
AcRTDxfName
1000
VISUALSTYLE
1000
AcRTDxfName
1000
VISUALSTYLE
1000
AcRTDxfName
1000
VISUALSTYLE
1000
AcRTDxfName
1000
VISUALSTYLE
1000
AcRTDxfName
1000
VISUALSTYLE
1000
AcRTDxfName
1000
VISUALSTYLE
1000
AcRTDxfName
1000
VISUALSTYLE
1000
AcRTDxfName
1000
VISUALSTYLE
1000
AcRTDxfName
1000
VISUALSTYLE
1000
AcRTDxfName
1000
VISUALSTYLE
1000
AcRTDxfName
1000
VISUALSTYLE
1000
AcRTDxfName
1000
VISUALSTYLE
1000
AcRTDxfName
1000
VISUALSTYLE
1000
AcRTDxfName
1000
VISUALSTYLE
1000
AcRTDxfName
1000
VISUALSTYLE
1000
AcRTDxfName
1000
VISUALSTYLE
1000
AcRTDxfName
1000
VISUALSTYLE
1000
AcRTDxfName
1000
VISUALSTYLE
1000
AcRTDxfName
1000
VISUALSTYLE
1000
AcRTDxfName
1000
VISUALSTYLE
1000
AcRTDxfName
1000
VISUALSTYLE
1000
AcRTDxfName
1000
VISUALSTYLE
1000
AcRTDxfName
1000
VISUALSTYLE
1000
AcRTDxfName
1000
VISUALSTYLE
1000
AcRTDxfName
1000
VISUALSTYLE
1000
AcRTDxfName
1000
VISUALSTYLE
1000
AcRTDxfName
1000
VISUALSTYLE
1000
AcRTDxfName
1000
VISUALSTYLE
1000
AcRTDxfName
1000
VISUALSTYLE
1000
AcRTDxfName
1000
VISUALSTYLE
1000
AcRTDxfName
1000
VISUALSTYLE
1000
AcRTDxfName
1000
VISUALSTYLE
1000
AcRTDxfName
1000
VISUALSTYLE
1000
AcRTDxfName
1000
VISUALSTYLE
1000
AcRTDxfName
1000
VISUALSTYLE
1000
AcRTDxfName
1000
VISUALSTYLE
1000
AcRTDxfName
1000
VISUALSTYLE
1000
AcRTDxfName
1000
VISUALSTYLE
1000
AcRTDxfName
1000
VISUALSTYLE
1000
AcRTDxfName
1000
VISUALSTYLE
1000
AcRTDxfName
1000
VISUALSTYLE
1000
AcRTDxfName
1000
VISUALSTYLE
  0
VISUALSTYLE
  5
9E
102
{ACAD_REACTORS
330
99
102
}
330
99
100
AcDbVisualStyle
  2
Basic
 70
     7
177
     3
291
     1
 70
    58
 90
        1
176
     1
 90
        0
176
     1
 90
        1
176
     1
 90
        0
176
     1
 40
0.6
176
     1
 40
30.0
176
     1
 62
     7
420
 16777215
176
     1
 90
        0
176
     1
 90
        4
176
     1
 62
     7
176
     1
 62
   257
176
     1
 90
        1
176
     1
 90
        1
176
     1
 40
1.0
176
     1
 90
        8
176
     1
 62
     7
176
     1
 40
1.0
176
     1
 90
        1
176
     1
 90
        6
176
     1
 90
        2
176
     1
 62
     7
176
     1
 90
        5
176
     1
 90
        0
176
     1
 90
        0
176
     1
290
     0
176
     1
 90
        1
176
     1
 40
0.0
176
     1
 90
        0
176
     1
290
     0
176
     1
290
     1
176
     1
290
     1
176
     1
290
     0
176
     1
290
     0
176
     1
290
     0
176
     1
290
     0
176
     1
290
     0
176
     1
290
     0
176
     1
 90
       50
176
     1
 40
0.0
176
     1
 40
1.0
176
     1
 90
        0
176
     1
 62
    18
420
        0
176
     1
 90
       50
176
     1
 90
        3
176
     1
 62
     5
420
      255
176
     1
290
     0
176
     1
 90
       50
176
     1
 90
       50
176
     1
 90
       50
176
     1
290
     0
176
     1
 90
       50
176
     1
 62
   256
176
     0
 40
1.0
176
     0
 90
        2
176
     1
  1
strokes_ogs.tif
176
     1
290
     0
176
     1
 40
1.0
176
     1
 40
1.0
176
     1
  0
VISUALSTYLE
  5
A5
102
{ACAD_REACTORS
330
99
102
}
330
99
100
AcDbVisualStyle
  2
Brighten
 70
    12
177
     3
291
     1
 70
    58
 90
        2
176
     1
 90
        2
176
     1
 90
        1
176
     1
 90
        0
176
     1
 40
0.6
176
     1
 40
30.0
176
     1
 62
     7
420
 16777215
176
     1
 90
        1
176
     1
 90
        4
176
     1
 62
     7
176
     1
 62
   257
176
     1
 90
        1
176
     1
 90
        1
176
     1
 40
1.0
176
     1
 90
        8
176
     1
 62
     7
176
     1
 40
1.0
176
     1
 90
        1
176
     1
 90
        6
176
     1
 90
        2
176
     1
 62
     7
176
     1
 90
        5
176
     1
 90
        0
176
     1
 90
        0
176
     1
290
     0
176
     1
 90
        1
176
     1
 40
50.0
176
     1
 90
        0
176
     1
290
     0
176
     1
290
     1
176
     1
290
     1
176
     1
290
     0
176
     1
290
     0
176
     1
290
     0
176
     1
290
     0
176
     1
290
     0
176
     1
290
     0
176
     1
 90
       50
176
     1
 40
0.0
176
     1
 40
1.0
176
     1
 90
        0
176
     1
 62
    18
420
        0
176
     1
 90
       50
176
     1
 90
        3
176
     1
 62
     5
420
      255
176
     1
290
     0
176
     1
 90
       50
176
     1
 90
       50
176
     1
 90
       50
176
     1
290
     0
176
     1
 90
       50
176
     1
 62
   256
176
     0
 40
1.0
176
     0
 90
        2
176
     1
  1
strokes_ogs.tif
176
     1
290
     0
176
     1
 40
1.0
176
     1
 40
1.0
176
     1
  0
VISUALSTYLE
  5
A9
102
{ACAD_REACTORS
330
99
102
}
330
99
100
AcDbVisualStyle
  2
ColorChange
 70
    16
177
     3
291
     1
 70
    58
 90
        2
176
     1
 90
        2
176
     1
 90
        3
176
     1
 90
        0
176
     1
 40
0.6
176
     1
 40
30.0
176
     1
 62
     8
420
  8421504
176
     1
 90
        1
176
     1
 90
        4
176
     1
 62
     7
176
     1
 62
   257
176
     1
 90
        1
176
     1
 90
        1
176
     1
 40
1.0
176
     1
 90
        8
176
     1
 62
     8
420
  8421504
176
     1
 40
1.0
176
     1
 90
        1
176
     1
 90
        6
176
     1
 90
        2
176
     1
 62
     7
176
     1
 90
        5
176
     1
 90
        0
176
     1
 90
        0
176
     1
290
     0
176
     1
 90
        1
176
     1
 40
0.0
176
     1
 90
        0
176
     1
290
     0
176
     1
290
     1
176
     1
290
     1
176
     1
290
     0
176
     1
290
     0
176
     1
290
     0
176
     1
290
     0
176
     1
290
     0
176
     1
290
     0
176
     1
 90
       50
176
     1
 40
0.0
176
     1
 40
1.0
176
     1
 90
        0
176
     1
 62
    18
420
        0
176
     1
 90
       50
176
     1
 90
        3
176
     1
 62
     5
420
      255
176
     1
290
     0
176
     1
 90
       50
176
     1
 90
       50
176
     1
 90
       50
176
     1
290
     0
176
     1
 90
       50
176
     1
 62
   256
176
     0
 40
1.0
176
     0
 90
        2
176
     1
  1
strokes_ogs.tif
176
     1
290
     0
176
     1
 40
1.0
176
     1
 40
1.0
176
     1
  0
VISUALSTYLE
  5
A2
102
{ACAD_REACTORS
330
99
102
}
330
99
100
AcDbVisualStyle
  2
Conceptual
 70
     9
177
     3
291
     0
 70
    58
 90
        3
176
     1
 90
        2
176
     1
 90
        1
176
     1
 90
        0
176
     1
 40
0.6
176
     1
 40
30.0
176
     1
 62
     7
420
 16777215
176
     1
 90
        2
176
     1
 90
        2
176
     1
 62
     7
176
     1
 62
   257
176
     1
 90
        1
176
     1
 90
        1
176
     1
 40
40.0
176
     1
 90
        8
176
     1
 62
     7
176
     1
 40
1.0
176
     1
 90
        1
176
     1
 90
        6
176
     1
 90
        2
176
     1
 62
     7
176
     1
 90
        3
176
     1
 90
        0
176
     1
 90
        0
176
     1
290
     0
176
     1
 90
        1
176
     1
 40
0.0
176
     1
 90
        0
176
     1
290
     0
176
     1
290
     1
176
     1
290
     1
176
     1
290
     0
176
     1
290
     0
176
     1
290
     0
176
     1
290
     0
176
     1
290
     0
176
     1
290
     0
176
     1
 90
       50
176
     1
 40
0.0
176
     1
 40
1.0
176
     1
 90
        0
176
     1
 62
    18
420
        0
176
     1
 90
       50
176
     1
 90
        3
176
     1
 62
     5
420
      255
176
     1
290
     0
176
     1
 90
       50
176
     1
 90
       50
176
     1
 90
       50
176
     1
290
     0
176
     1
 90
       50
176
     1
 62
   256
176
     0
 40
1.0
176
     0
 90
        2
176
     1
  1
strokes_ogs.tif
176
     1
290
     0
176
     1
 40
1.0
176
     1
 40
1.0
176
     1
  0
VISUALSTYLE
  5
A4
102
{ACAD_REACTORS
330
99
102
}
330
99
100
AcDbVisualStyle
  2
Dim
 70
    11
177
     3
291
     1
 70
    58
 90
        2
176
     1
 90
        2
176
     1
 90
        1
176
     1
 90
        0
176
     1
 40
0.6
176
     1
 40
30.0
176
     1
 62
     7
420
 16777215
176
     1
 90
        1
176
     1
 90
        4
176
     1
 62
     7
176
     1
 62
   257
176
     1
 90
        1
176
     1
 90
        1
176
     1
 40
1.0
176
     1
 90
        8
176
     1
 62
     7
176
     1
 40
1.0
176
     1
 90
        1
176
     1
 90
        6
176
     1
 90
        2
176
     1
 62
     7
176
     1
 90
        5
176
     1
 90
        0
176
     1
 90
        0
176
     1
290
     0
176
     1
 90
        1
176
     1
 40
-50.0
176
     1
 90
        0
176
     1
290
     0
176
     1
290
     1
176
     1
290
     1
176
     1
290
     0
176
     1
290
     0
176
     1
290
     0
176
     1
290
     0
176
     1
290
     0
176
     1
290
     0
176
     1
 90
       50
176
     1
 40
0.0
176
     1
 40
1.0
176
     1
 90
        0
176
     1
 62
    18
420
        0
176
     1
 90
       50
176
     1
 90
        3
176
     1
 62
     5
420
      255
176
     1
290
     0
176
     1
 90
       50
176
     1
 90
       50
176
     1
 90
       50
176
     1
290
     0
176
     1
 90
       50
176
     1
 62
   256
176
     0
 40
1.0
176
     0
 90
        2
176
     1
  1
strokes_ogs.tif
176
     1
290
     0
176
     1
 40
1.0
176
     1
 40
1.0
176
     1
  0
VISUALSTYLE
  5
175
102
{ACAD_REACTORS
330
99
102
}
330
99
100
AcDbVisualStyle
  2
EdgeColorOff
 70
    22
177
     3
291
     1
 70
    58
 90
        2
176
     0
 90
        2
176
     0
 90
        0
176
     0
 90
        0
176
     0
 40
0.6
176
     0
 40
30.0
176
     0
 62
     7
420
 16777215
176
     0
 90
        1
176
     0
 90
        4
176
     0
 62
     7
176
     0
 62
   257
176
     0
 90
        1
176
     0
 90
        1
176
     0
 40
1.0
176
     0
 90
        8
176
     2
 62
     7
176
     0
 40
1.0
176
     0
 90
        1
176
     0
 90
        6
176
     0
 90
        2
176
     0
 62
     7
176
     0
 90
        5
176
     0
 90
        0
176
     0
 90
        0
176
     0
290
     0
176
     0
 90
        1
176
     0
 40
0.0
176
     0
 90
        0
176
     0
290
     0
176
     1
290
     1
176
     1
290
     1
176
     1
290
     0
176
     1
290
     0
176
     1
290
     0
176
     1
290
     0
176
     1
290
     0
176
     1
290
     0
176
     1
 90
       50
176
     1
 40
0.0
176
     1
 40
1.0
176
     1
 90
        0
176
     1
 62
    18
420
        0
176
     1
 90
       50
176
     1
 90
        3
176
     1
 62
     5
420
      255
176
     1
290
     0
176
     1
 90
       50
176
     1
 90
       50
176
     1
 90
       50
176
     1
290
     0
176
     1
 90
       50
176
     1
 62
   256
176
     0
 40
1.0
176
     0
 90
        2
176
     1
  1
strokes_ogs.tif
176
     1
290
     0
176
     1
 40
1.0
176
     1
 40
1.0
176
     1
  0
VISUALSTYLE
  5
A8
102
{ACAD_REACTORS
330
99
102
}
330
99
100
AcDbVisualStyle
  2
Facepattern
 70
    15
177
     3
291
     1
 70
    58
 90
        2
176
     1
 90
        2
176
     1
 90
        1
176
     1
 90
        0
176
     1
 40
0.6
176
     1
 40
30.0
176
     1
 62
     7
420
 16777215
176
     1
 90
        1
176
     1
 90
        4
176
     1
 62
     7
176
     1
 62
   257
176
     1
 90
        1
176
     1
 90
        1
176
     1
 40
1.0
176
     1
 90
        8
176
     1
 62
     7
176
     1
 40
1.0
176
     1
 90
        1
176
     1
 90
        6
176
     1
 90
        2
176
     1
 62
     7
176
     1
 90
        5
176
     1
 90
        0
176
     1
 90
        0
176
     1
290
     0
176
     1
 90
        1
176
     1
 40
0.0
176
     1
 90
        0
176
     1
290
     0
176
     1
290
     1
176
     1
290
     1
176
     1
290
     0
176
     1
290
     0
176
     1
290
     0
176
     1
290
     0
176
     1
290
     0
176
     1
290
     0
176
     1
 90
       50
176
     1
 40
0.0
176
     1
 40
1.0
176
     1
 90
        0
176
     1
 62
    18
420
        0
176
     1
 90
       50
176
     1
 90
        3
176
     1
 62
     5
420
      255
176
     1
290
     0
176
     1
 90
       50
176
     1
 90
       50
176
     1
 90
       50
176
     1
290
     0
176
     1
 90
       50
176
     1
 62
   256
176
     0
 40
1.0
176
     0
 90
        2
176
     1
  1
strokes_ogs.tif
176
     1
290
     0
176
     1
 40
1.0
176
     1
 40
1.0
176
     1
  0
VISUALSTYLE
  5
9A
102
{ACAD_REACTORS
330
99
102
}
330
99
100
AcDbVisualStyle
  2
Flat
 70
     0
177
     3
291
     1
 70
    58
 90
        2
176
     1
 90
        1
176
     1
 90
        1
176
     1
 90
        2
176
     1
 40
0.6
176
     1
 40
30.0
176
     1
 62
     7
420
 16777215
176
     1
 90
        0
176
     1
 90
        0
176
     1
 62
     7
176
     1
 62
   257
176
     1
 90
        1
176
     1
 90
        1
176
     1
 40
1.0
176
     1
 90
        8
176
     1
 62
     7
176
     1
 40
1.0
176
     1
 90
        1
176
     1
 90
        6
176
     1
 90
        2
176
     1
 62
     7
176
     1
 90
        5
176
     1
 90
        0
176
     1
 90
        0
176
     1
290
     0
176
     1
 90
       13
176
     1
 40
0.0
176
     1
 90
        0
176
     1
290
     0
176
     1
290
     1
176
     1
290
     1
176
     1
290
     0
176
     1
290
     0
176
     1
290
     0
176
     1
290
     0
176
     1
290
     0
176
     1
290
     0
176
     1
 90
       50
176
     1
 40
0.0
176
     1
 40
1.0
176
     1
 90
        0
176
     1
 62
    18
420
        0
176
     1
 90
       50
176
     1
 90
        3
176
     1
 62
     5
420
      255
176
     1
290
     0
176
     1
 90
       50
176
     1
 90
       50
176
     1
 90
       50
176
     1
290
     0
176
     1
 90
       50
176
     1
 62
   256
176
     0
 40
1.0
176
     0
 90
        2
176
     1
  1
strokes_ogs.tif
176
     1
290
     0
176
     1
 40
1.0
176
     1
 40
1.0
176
     1
  0
VISUALSTYLE
  5
9B
102
{ACAD_REACTORS
330
99
102
}
330
99
100
AcDbVisualStyle
  2
FlatWithEdges
 70
     1
177
     3
291
     1
 70
    58
 90
        2
176
     1
 90
        1
176
     1
 90
        1
176
     1
 90
        2
176
     1
 40
0.6
176
     1
 40
30.0
176
     1
 62
     7
420
 16777215
176
     1
 90
        1
176
     1
 90
        0
176
     1
 62
     7
176
     1
 62
   257
176
     1
 90
        1
176
     1
 90
        1
176
     1
 40
1.0
176
     1
 90
        0
176
     1
 62
   257
176
     1
 40
1.0
176
     1
 90
        1
176
     1
 90
        6
176
     1
 90
        2
176
     1
 62
     7
176
     1
 90
        5
176
     1
 90
        0
176
     1
 90
        0
176
     1
290
     0
176
     1
 90
       13
176
     1
 40
0.0
176
     1
 90
        0
176
     1
290
     0
176
     1
290
     1
176
     1
290
     1
176
     1
290
     0
176
     1
290
     0
176
     1
290
     0
176
     1
290
     0
176
     1
290
     0
176
     1
290
     0
176
     1
 90
       50
176
     1
 40
0.0
176
     1
 40
1.0
176
     1
 90
        0
176
     1
 62
    18
420
        0
176
     1
 90
       50
176
     1
 90
        3
176
     1
 62
     5
420
      255
176
     1
290
     0
176
     1
 90
       50
176
     1
 90
       50
176
     1
 90
       50
176
     1
290
     0
176
     1
 90
       50
176
     1
 62
   256
176
     0
 40
1.0
176
     0
 90
        2
176
     1
  1
strokes_ogs.tif
176
     1
290
     0
176
     1
 40
1.0
176
     1
 40
1.0
176
     1
  0
VISUALSTYLE
  5
9C
102
{ACAD_REACTORS
330
99
102
}
330
99
100
AcDbVisualStyle
  2
Gouraud
 70
     2
177
     3
291
     1
 70
    58
 90
        2
176
     1
 90
        2
176
     1
 90
        1
176
     1
 90
        2
176
     1
 40
0.6
176
     1
 40
30.0
176
     1
 62
     7
420
 16777215
176
     1
 90
        0
176
     1
 90
        0
176
     1
 62
     7
176
     1
 62
   257
176
     1
 90
        1
176
     1
 90
        1
176
     1
 40
1.0
176
     1
 90
        0
176
     1
 62
     7
176
     1
 40
1.0
176
     1
 90
        1
176
     1
 90
        6
176
     1
 90
        2
176
     1
 62
     7
176
     1
 90
        5
176
     1
 90
        0
176
     1
 90
        0
176
     1
290
     0
176
     1
 90
       13
176
     1
 40
0.0
176
     1
 90
        0
176
     1
290
     0
176
     1
290
     1
176
     1
290
     1
176
     1
290
     0
176
     1
290
     0
176
     1
290
     0
176
     1
290
     0
176
     1
290
     0
176
     1
290
     0
176
     1
 90
       50
176
     1
 40
0.0
176
     1
 40
1.0
176
     1
 90
        0
176
     1
 62
    18
420
        0
176
     1
 90
       50
176
     1
 90
        3
176
     1
 62
     5
420
      255
176
     1
290
     0
176
     1
 90
       50
176
     1
 90
       50
176
     1
 90
       50
176
     1
290
     0
176
     1
 90
       50
176
     1
 62
   256
176
     0
 40
1.0
176
     0
 90
        2
176
     1
  1
strokes_ogs.tif
176
     1
290
     0
176
     1
 40
1.0
176
     1
 40
1.0
176
     1
  0
VISUALSTYLE
  5
9D
102
{ACAD_REACTORS
330
99
102
}
330
99
100
AcDbVisualStyle
  2
GouraudWithEdges
 70
     3
177
     3
291
     1
 70
    58
 90
        2
176
     1
 90
        2
176
     1
 90
        1
176
     1
 90
        2
176
     1
 40
0.6
176
     1
 40
30.0
176
     1
 62
     7
420
 16777215
176
     1
 90
        1
176
     1
 90
        0
176
     1
 62
     7
176
     1
 62
   257
176
     1
 90
        1
176
     1
 90
        1
176
     1
 40
1.0
176
     1
 90
        0
176
     1
 62
   257
176
     1
 40
1.0
176
     1
 90
        1
176
     1
 90
        6
176
     1
 90
        2
176
     1
 62
     7
176
     1
 90
        5
176
     1
 90
        0
176
     1
 90
        0
176
     1
290
     0
176
     1
 90
       13
176
     1
 40
0.0
176
     1
 90
        0
176
     1
290
     0
176
     1
290
     1
176
     1
290
     1
176
     1
290
     0
176
     1
290
     0
176
     1
290
     0
176
     1
290
     0
176
     1
290
     0
176
     1
290
     0
176
     1
 90
       50
176
     1
 40
0.0
176
     1
 40
1.0
176
     1
 90
        0
176
     1
 62
    18
420
        0
176
     1
 90
       50
176
     1
 90
        3
176
     1
 62
     5
420
      255
176
     1
290
     0
176
     1
 90
       50
176
     1
 90
       50
176
     1
 90
       50
176
     1
290
     0
176
     1
 90
       50
176
     1
 62
   256
176
     0
 40
1.0
176
     0
 90
        2
176
     1
  1
strokes_ogs.tif
176
     1
290
     0
176
     1
 40
1.0
176
     1
 40
1.0
176
     1
  0
VISUALSTYLE
  5
A1
102
{ACAD_REACTORS
330
99
102
}
330
99
100
AcDbVisualStyle
  2
Hidden
 70
     6
177
     3
291
     0
 70
    58
 90
        1
176
     1
 90
        2
176
     1
 90
        2
176
     1
 90
        0
176
     1
 40
0.6
176
     1
 40
30.0
176
     1
 62
     7
420
 16777215
176
     1
 90
        2
176
     1
 90
        2
176
     1
 62
     7
176
     1
 62
   257
176
     1
 90
        2
176
     1
 90
        1
176
     1
 40
40.0
176
     1
 90
        0
176
     1
 62
   257
176
     1
 40
1.0
176
     1
 90
        1
176
     1
 90
        6
176
     1
 90
        2
176
     1
 62
     7
176
     1
 90
        3
176
     1
 90
        0
176
     1
 90
        0
176
     1
290
     0
176
     1
 90
        1
176
     1
 40
0.0
176
     1
 90
        0
176
     1
290
     0
176
     1
290
     1
176
     1
290
     1
176
     1
290
     0
176
     1
290
     0
176
     1
290
     0
176
     1
290
     0
176
     1
290
     0
176
     1
290
     0
176
     1
 90
       50
176
     1
 40
0.0
176
     1
 40
1.0
176
     1
 90
        0
176
     1
 62
    18
420
        0
176
     1
 90
       50
176
     1
 90
        3
176
     1
 62
     5
420
      255
176
     1
290
     0
176
     1
 90
       50
176
     1
 90
       50
176
     1
 90
       50
176
     1
290
     0
176
     1
 90
       50
176
     1
 62
   256
176
     0
 40
1.0
176
     0
 90
        2
176
     1
  1
strokes_ogs.tif
176
     1
290
     0
176
     1
 40
1.0
176
     1
 40
1.0
176
     1
  0
VISUALSTYLE
  5
173
102
{ACAD_REACTORS
330
99
102
}
330
99
100
AcDbVisualStyle
  2
JitterOff
 70
    20
177
     3
291
     1
 70
    58
 90
        2
176
     0
 90
        2
176
     0
 90
        0
176
     0
 90
        0
176
     0
 40
0.6
176
     0
 40
30.0
176
     0
 62
     7
420
 16777215
176
     0
 90
        1
176
     0
 90
        4
176
     0
 62
     7
176
     0
 62
   257
176
     0
 90
        1
176
     0
 90
        1
176
     0
 40
1.0
176
     0
 90
       10
176
     2
 62
     7
176
     0
 40
1.0
176
     0
 90
        1
176
     0
 90
        6
176
     0
 90
        2
176
     0
 62
     7
176
     0
 90
        5
176
     0
 90
        0
176
     0
 90
        0
176
     0
290
     0
176
     0
 90
        1
176
     0
 40
0.0
176
     0
 90
        0
176
     0
290
     0
176
     1
290
     1
176
     1
290
     1
176
     1
290
     0
176
     1
290
     0
176
     1
290
     0
176
     1
290
     0
176
     1
290
     0
176
     1
290
     0
176
     1
 90
       50
176
     1
 40
0.0
176
     1
 40
1.0
176
     1
 90
        0
176
     1
 62
    18
420
        0
176
     1
 90
       50
176
     1
 90
        3
176
     1
 62
     5
420
      255
176
     1
290
     0
176
     1
 90
       50
176
     1
 90
       50
176
     1
 90
       50
176
     1
290
     0
176
     1
 90
       50
176
     1
 62
   256
176
     0
 40
1.0
176
     0
 90
        2
176
     1
  1
strokes_ogs.tif
176
     1
290
     0
176
     1
 40
1.0
176
     1
 40
1.0
176
     1
  0
VISUALSTYLE
  5
A7
102
{ACAD_REACTORS
330
99
102
}
330
99
100
AcDbVisualStyle
  2
Linepattern
 70
    14
177
     3
291
     1
 70
    58
 90
        2
176
     1
 90
        2
176
     1
 90
        1
176
     1
 90
        0
176
     1
 40
0.6
176
     1
 40
30.0
176
     1
 62
     7
420
 16777215
176
     1
 90
        1
176
     1
 90
        4
176
     1
 62
     7
176
     1
 62
   257
176
     1
 90
        7
176
     1
 90
        7
176
     1
 40
1.0
176
     1
 90
        8
176
     1
 62
     7
176
     1
 40
1.0
176
     1
 90
        1
176
     1
 90
        6
176
     1
 90
        2
176
     1
 62
     7
176
     1
 90
        5
176
     1
 90
        0
176
     1
 90
        0
176
     1
290
     0
176
     1
 90
        1
176
     1
 40
0.0
176
     1
 90
        0
176
     1
290
     0
176
     1
290
     1
176
     1
290
     1
176
     1
290
     0
176
     1
290
     0
176
     1
290
     0
176
     1
290
     0
176
     1
290
     0
176
     1
290
     0
176
     1
 90
       50
176
     1
 40
0.0
176
     1
 40
1.0
176
     1
 90
        0
176
     1
 62
    18
420
        0
176
     1
 90
       50
176
     1
 90
        3
176
     1
 62
     5
420
      255
176
     1
290
     0
176
     1
 90
       50
176
     1
 90
       50
176
     1
 90
       50
176
     1
290
     0
176
     1
 90
       50
176
     1
 62
   256
176
     0
 40
1.0
176
     0
 90
        2
176
     1
  1
strokes_ogs.tif
176
     1
290
     0
176
     1
 40
1.0
176
     1
 40
1.0
176
     1
  0
VISUALSTYLE
  5
174
102
{ACAD_REACTORS
330
99
102
}
330
99
100
AcDbVisualStyle
  2
OverhangOff
 70
    21
177
     3
291
     1
 70
    58
 90
        2
176
     0
 90
        2
176
     0
 90
        0
176
     0
 90
        0
176
     0
 40
0.6
176
     0
 40
30.0
176
     0
 62
     7
420
 16777215
176
     0
 90
        1
176
     0
 90
        4
176
     0
 62
     7
176
     0
 62
   257
176
     0
 90
        1
176
     0
 90
        1
176
     0
 40
1.0
176
     0
 90
        9
176
     2
 62
     7
176
     0
 40
1.0
176
     0
 90
        1
176
     0
 90
        6
176
     0
 90
        2
176
     0
 62
     7
176
     0
 90
        5
176
     0
 90
        0
176
     0
 90
        0
176
     0
290
     0
176
     0
 90
        1
176
     0
 40
0.0
176
     0
 90
        0
176
     0
290
     0
176
     1
290
     1
176
     1
290
     1
176
     1
290
     0
176
     1
290
     0
176
     1
290
     0
176
     1
290
     0
176
     1
290
     0
176
     1
290
     0
176
     1
 90
       50
176
     1
 40
0.0
176
     1
 40
1.0
176
     1
 90
        0
176
     1
 62
    18
420
        0
176
     1
 90
       50
176
     1
 90
        3
176
     1
 62
     5
420
      255
176
     1
290
     0
176
     1
 90
       50
176
     1
 90
       50
176
     1
 90
       50
176
     1
290
     0
176
     1
 90
       50
176
     1
 62
   256
176
     0
 40
1.0
176
     0
 90
        2
176
     1
  1
strokes_ogs.tif
176
     1
290
     0
176
     1
 40
1.0
176
     1
 40
1.0
176
     1
  0
VISUALSTYLE
  5
A3
102
{ACAD_REACTORS
330
99
102
}
330
99
100
AcDbVisualStyle
  2
Realistic
 70
     8
177
     3
291
     0
 70
    58
 90
        2
176
     1
 90
        2
176
     1
 90
        0
176
     1
 90
        2
176
     1
 40
0.6
176
     1
 40
30.0
176
     1
 62
     7
420
 16777215
176
     1
 90
        0
176
     1
 90
        0
176
     1
 62
     7
176
     1
 62
   257
176
     1
 90
        1
176
     1
 90
        1
176
     1
 40
1.0
176
     1
 90
        8
176
     1
 62
   257
176
     1
 40
1.0
176
     1
 90
        1
176
     1
 90
        6
176
     1
 90
        2
176
     1
 62
     7
176
     1
 90
        3
176
     1
 90
        0
176
     1
 90
        0
176
     1
290
     0
176
     1
 90
       13
176
     1
 40
0.0
176
     1
 90
        0
176
     1
290
     0
176
     1
290
     1
176
     1
290
     1
176
     1
290
     0
176
     1
290
     0
176
     1
290
     0
176
     1
290
     0
176
     1
290
     0
176
     1
290
     0
176
     1
 90
       50
176
     1
 40
0.0
176
     1
 40
1.0
176
     1
 90
        0
176
     1
 62
    18
420
        0
176
     1
 90
       50
176
     1
 90
        3
176
     1
 62
     5
420
      255
176
     1
290
     0
176
     1
 90
       50
176
     1
 90
       50
176
     1
 90
       50
176
     1
290
     0
176
     1
 90
       50
176
     1
 62
   256
176
     0
 40
1.0
176
     0
 90
        2
176
     1
  1
strokes_ogs.tif
176
     1
290
     0
176
     1
 40
1.0
176
     1
 40
1.0
176
     1
  0
VISUALSTYLE
  5
182
102
{ACAD_REACTORS
330
99
102
}
330
99
100
AcDbVisualStyle
  2
Shaded
 70
    27
177
     3
291
     0
 70
    58
 90
        2
176
     1
 90
        2
176
     1
 90
        1
176
     1
 90
        2
176
     1
 40
0.6
176
     1
 40
30.0
176
     1
 62
     7
420
 16777215
176
     1
 90
        0
176
     1
 90
        4
176
     1
 62
     7
176
     1
 62
   257
176
     1
 90
        1
176
     1
 90
        1
176
     1
 40
1.0
176
     1
 90
        8
176
     1
 62
   257
176
     1
 40
1.0
176
     1
 90
        1
176
     1
 90
        6
176
     1
 90
        2
176
     1
 62
     8
420
  7895160
176
     1
 90
        3
176
     1
 90
        0
176
     1
 90
        0
176
     1
290
     0
176
     1
 90
        5
176
     1
 40
0.0
176
     1
 90
        0
176
     1
290
     0
176
     1
290
     1
176
     1
290
     1
176
     1
290
     0
176
     1
290
     0
176
     1
290
     0
176
     1
290
     0
176
     1
290
     0
176
     1
290
     0
176
     1
 90
       50
176
     1
 40
0.0
176
     1
 40
1.0
176
     1
 90
        0
176
     1
 62
    18
420
        0
176
     1
 90
       50
176
     1
 90
        3
176
     1
 62
     5
420
      255
176
     1
290
     0
176
     1
 90
       50
176
     1
 90
       50
176
     1
 90
       50
176
     1
290
     0
176
     1
 90
       50
176
     1
 62
   256
176
     0
 40
1.0
176
     0
 90
        2
176
     1
  1
strokes_ogs.tif
176
     1
290
     0
176
     1
 40
1.0
176
     1
 40
1.0
176
     1
  0
VISUALSTYLE
  5
181
102
{ACAD_REACTORS
330
99
102
}
330
99
100
AcDbVisualStyle
  2
Shaded with edges
 70
    26
177
     3
291
     0
 70
    58
 90
        2
176
     1
 90
        2
176
     1
 90
        1
176
     1
 90
        2
176
     1
 40
0.6
176
     1
 40
30.0
176
     1
 62
     7
420
 16777215
176
     1
 90
        1
176
     1
 90
        2
176
     1
 62
     7
176
     1
 62
   257
176
     1
 90
        2
176
     1
 90
        1
176
     1
 40
1.0
176
     1
 90
        8
176
     1
 62
   257
176
     1
 40
1.0
176
     1
 90
        1
176
     1
 90
        6
176
     1
 90
        2
176
     1
 62
     7
176
     1
 90
        3
176
     1
 90
        0
176
     1
 90
        0
176
     1
290
     0
176
     1
 90
        5
176
     1
 40
0.0
176
     1
 90
        0
176
     1
290
     0
176
     1
290
     1
176
     1
290
     1
176
     1
290
     0
176
     1
290
     0
176
     1
290
     0
176
     1
290
     0
176
     1
290
     0
176
     1
290
     0
176
     1
 90
       50
176
     1
 40
0.0
176
     1
 40
1.0
176
     1
 90
        0
176
     1
 62
    18
420
        0
176
     1
 90
       50
176
     1
 90
        3
176
     1
 62
     5
420
      255
176
     1
290
     0
176
     1
 90
       50
176
     1
 90
       50
176
     1
 90
       50
176
     1
290
     0
176
     1
 90
       50
176
     1
 62
   256
176
     0
 40
1.0
176
     0
 90
        2
176
     1
  1
strokes_ogs.tif
176
     1
290
     0
176
     1
 40
1.0
176
     1
 40
1.0
176
     1
  0
VISUALSTYLE
  5
17E
102
{ACAD_REACTORS
330
99
102
}
330
99
100
AcDbVisualStyle
  2
Shades of Gray
 70
    23
177
     3
291
     0
 70
    58
 90
        2
176
     1
 90
        2
176
     1
 90
        3
176
     1
 90
        0
176
     1
 40
0.6
176
     1
 40
30.0
176
     1
 62
     7
420
 16777215
176
     1
 90
        2
176
     1
 90
        2
176
     1
 62
     7
176
     1
 62
     7
176
     1
 90
        1
176
     1
 90
        1
176
     1
 40
40.0
176
     1
 90
        8
176
     1
 62
     7
176
     1
 40
1.0
176
     1
 90
        1
176
     1
 90
        6
176
     1
 90
        2
176
     1
 62
     7
176
     1
 90
        3
176
     1
 90
        0
176
     1
 90
        0
176
     1
290
     0
176
     1
 90
        1
176
     1
 40
0.0
176
     1
 90
        0
176
     1
290
     0
176
     1
290
     1
176
     1
290
     1
176
     1
290
     0
176
     1
290
     0
176
     1
290
     0
176
     1
290
     0
176
     1
290
     0
176
     1
290
     0
176
     1
 90
       50
176
     1
 40
0.0
176
     1
 40
1.0
176
     1
 90
        0
176
     1
 62
    18
420
        0
176
     1
 90
       50
176
     1
 90
        3
176
     1
 62
     5
420
      255
176
     1
290
     0
176
     1
 90
       50
176
     1
 90
       50
176
     1
 90
       50
176
     1
290
     0
176
     1
 90
       50
176
     1
 62
   256
176
     0
 40
1.0
176
     0
 90
        2
176
     1
  1
strokes_ogs.tif
176
     1
290
     0
176
     1
 40
1.0
176
     1
 40
1.0
176
     1
  0
VISUALSTYLE
  5
17F
102
{ACAD_REACTORS
330
99
102
}
330
99
100
AcDbVisualStyle
  2
Sketchy
 70
    24
177
     3
291
     0
 70
    58
 90
        1
176
     1
 90
        2
176
     1
 90
        2
176
     1
 90
        0
176
     1
 40
0.6
176
     1
 40
30.0
176
     1
 62
     7
420
 16777215
176
     1
 90
        2
176
     1
 90
        2
176
     1
 62
     7
176
     1
 62
     7
176
     1
 90
        1
176
     1
 90
        1
176
     1
 40
40.0
176
     1
 90
       11
176
     1
 62
     7
176
     1
 40
1.0
176
     1
 90
        1
176
     1
 90
        6
176
     1
 90
        2
176
     1
 62
     7
176
     1
 90
        6
176
     1
 90
        0
176
     1
 90
        0
176
     1
290
     0
176
     1
 90
        1
176
     1
 40
0.0
176
     1
 90
        0
176
     1
290
     0
176
     1
290
     1
176
     1
290
     1
176
     1
290
     0
176
     1
290
     0
176
     1
290
     0
176
     1
290
     0
176
     1
290
     0
176
     1
290
     0
176
     1
 90
       50
176
     1
 40
0.0
176
     1
 40
1.0
176
     1
 90
        0
176
     1
 62
    18
420
        0
176
     1
 90
       50
176
     1
 90
        3
176
     1
 62
     5
420
      255
176
     1
290
     0
176
     1
 90
       50
176
     1
 90
       50
176
     1
 90
       50
176
     1
290
     0
176
     1
 90
       50
176
     1
 62
   256
176
     0
 40
1.0
176
     0
 90
        2
176
     1
  1
strokes_ogs.tif
176
     1
290
     0
176
     1
 40
1.0
176
     1
 40
1.0
176
     1
  0
VISUALSTYLE
  5
A6
102
{ACAD_REACTORS
330
99
102
}
330
99
100
AcDbVisualStyle
  2
Thicken
 70
    13
177
     3
291
     1
 70
    58
 90
        2
176
     1
 90
        2
176
     1
 90
        1
176
     1
 90
        0
176
     1
 40
0.6
176
     1
 40
30.0
176
     1
 62
     7
420
 16777215
176
     1
 90
        1
176
     1
 90
        4
176
     1
 62
     7
176
     1
 62
   257
176
     1
 90
        1
176
     1
 90
        1
176
     1
 40
1.0
176
     1
 90
       12
176
     1
 62
     7
176
     1
 40
1.0
176
     1
 90
        1
176
     1
 90
        6
176
     1
 90
        2
176
     1
 62
     7
176
     1
 90
        5
176
     1
 90
        0
176
     1
 90
        0
176
     1
290
     0
176
     1
 90
        1
176
     1
 40
0.0
176
     1
 90
        0
176
     1
290
     0
176
     1
290
     1
176
     1
290
     1
176
     1
290
     0
176
     1
290
     0
176
     1
290
     0
176
     1
290
     0
176
     1
290
     0
176
     1
290
     0
176
     1
 90
       50
176
     1
 40
0.0
176
     1
 40
1.0
176
     1
 90
        0
176
     1
 62
    18
420
        0
176
     1
 90
       50
176
     1
 90
        3
176
     1
 62
     5
420
      255
176
     1
290
     0
176
     1
 90
       50
176
     1
 90
       50
176
     1
 90
       50
176
     1
290
     0
176
     1
 90
       50
176
     1
 62
   256
176
     0
 40
1.0
176
     0
 90
        2
176
     1
  1
strokes_ogs.tif
176
     1
290
     0
176
     1
 40
1.0
176
     1
 40
1.0
176
     1
  0
VISUALSTYLE
  5
A0
102
{ACAD_REACTORS
330
99
102
}
330
99
100
AcDbVisualStyle
  2
Wireframe
 70
     5
177
     3
291
     0
 70
    58
 90
        0
176
     1
 90
        2
176
     1
 90
        0
176
     1
 90
        0
176
     1
 40
0.6
176
     1
 40
30.0
176
     1
 62
     7
420
 16777215
176
     1
 90
        1
176
     1
 90
        4
176
     1
 62
     7
176
     1
 62
   257
176
     1
 90
        1
176
     1
 90
        1
176
     1
 40
1.0
176
     1
 90
        0
176
     1
 62
   257
176
     1
 40
1.0
176
     1
 90
        1
176
     1
 90
        6
176
     1
 90
        2
176
     1
 62
     7
176
     1
 90
        3
176
     1
 90
        0
176
     1
 90
        0
176
     1
290
     0
176
     1
 90
        1
176
     1
 40
0.0
176
     1
 90
        0
176
     1
290
     0
176
     1
290
     1
176
     1
290
     1
176
     1
290
     0
176
     1
290
     0
176
     1
290
     0
176
     1
290
     0
176
     1
290
     0
176
     1
290
     0
176
     1
 90
       50
176
     1
 40
0.0
176
     1
 40
1.0
176
     1
 90
        0
176
     1
 62
    18
420
        0
176
     1
 90
       50
176
     1
 90
        3
176
     1
 62
     5
420
      255
176
     1
290
     0
176
     1
 90
       50
176
     1
 90
       50
176
     1
 90
       50
176
     1
290
     0
176
     1
 90
       50
176
     1
 62
   256
176
     0
 40
1.0
176
     0
 90
        2
176
     1
  1
strokes_ogs.tif
176
     1
290
     0
176
     1
 40
1.0
176
     1
 40
1.0
176
     1
  0
VISUALSTYLE
  5
180
102
{ACAD_REACTORS
330
99
102
}
330
99
100
AcDbVisualStyle
  2
X-Ray
 70
    25
177
     3
291
     0
 70
    58
 90
        2
176
     1
 90
        2
176
     1
 90
        1
176
     1
 90
        1
176
     1
 40
0.5
176
     1
 40
30.0
176
     1
 62
     7
420
 16777215
176
     1
 90
        1
176
     1
 90
        0
176
     1
 62
     7
176
     1
 62
   257
176
     1
 90
        1
176
     1
 90
        1
176
     1
 40
1.0
176
     1
 90
        8
176
     1
 62
     7
176
     1
 40
1.0
176
     1
 90
        1
176
     1
 90
        6
176
     1
 90
        2
176
     1
 62
     7
176
     1
 90
        3
176
     1
 90
        0
176
     1
 90
        0
176
     1
290
     0
176
     1
 90
       13
176
     1
 40
0.0
176
     1
 90
        0
176
     1
290
     0
176
     1
290
     1
176
     1
290
     1
176
     1
290
     0
176
     1
290
     0
176
     1
290
     0
176
     1
290
     0
176
     1
290
     0
176
     1
290
     0
176
     1
 90
       50
176
     1
 40
0.0
176
     1
 40
1.0
176
     1
 90
        0
176
     1
 62
    18
420
        0
176
     1
 90
       50
176
     1
 90
        3
176
     1
 62
     5
420
      255
176
     1
290
     0
176
     1
 90
       50
176
     1
 90
       50
176
     1
 90
       50
176
     1
290
     0
176
     1
 90
       50
176
     1
 62
   256
176
     0
 40
1.0
176
     0
 90
        2
176
     1
  1
strokes_ogs.tif
176
     1
290
     0
176
     1
 40
1.0
176
     1
 40
1.0
176
     1
  0
DICTIONARYVAR
  5
F0
102
{ACAD_REACTORS
330
66
102
}
330
66
100
DictionaryVariables
280
     0
  1
1:1
  0
DICTIONARYVAR
  5
EF
102
{ACAD_REACTORS
330
66
102
}
330
66
100
DictionaryVariables
280
     0
  1
Standard
  0
DICTIONARYVAR
  5
89
102
{ACAD_REACTORS
330
66
102
}
330
66
100
DictionaryVariables
280
     0
  1
Standard
  0
DICTIONARYVAR
  5
1B7
102
{ACAD_REACTORS
330
66
102
}
330
66
100
DictionaryVariables
280
     0
  1
Imperial24
  0
DICTIONARYVAR
  5
1B8
102
{ACAD_REACTORS
330
66
102
}
330
66
100
DictionaryVariables
280
     0
  1
Imperial24
  0
DICTIONARYVAR
  5
67
102
{ACAD_REACTORS
330
66
102
}
330
66
100
DictionaryVariables
280
     0
  1
2
  0
DICTIONARYVAR
  5
6B
102
{ACAD_REACTORS
330
66
102
}
330
66
100
DictionaryVariables
280
     0
  1
1
  0
DICTIONARYVAR
  5
1FFB
102
{ACAD_REACTORS
330
66
102
}
330
66
100
DictionaryVariables
280
     0
  1
BYLAYER
  0
DICTIONARYVAR
  5
1FFA
102
{ACAD_REACTORS
330
66
102
}
330
66
100
DictionaryVariables
280
     0
  1
ByLayer
  0
DICTIONARYVAR
  5
14D
102
{ACAD_REACTORS
330
66
102
}
330
66
100
DictionaryVariables
280
     0
  1
0
  0
DICTIONARYVAR
  5
14E
102
{ACAD_REACTORS
330
66
102
}
330
66
100
DictionaryVariables
280
     0
  1
0
  0
DICTIONARYVAR
  5
6F3A
102
{ACAD_REACTORS
330
66
102
}
330
66
100
DictionaryVariables
280
     0
  1
2
  0
DICTIONARYVAR
  5
64E7
330
64E6
100
DictionaryVariables
280
     0
  1
1.0.3 @ 2026-04-13T12:47:57.635819+00:00
  0
DICTIONARY
  5
59CC
330
1AC
100
AcDbDictionary
280
     1
281
     1
  0
DICTIONARY
  5
59D0
330
4CB
100
AcDbDictionary
280
     1
281
     1
  0
DICTIONARY
  5
188
330
97
100
AcDbDictionary
280
     1
281
     1
  3
FBXASSET
360
189
  0
DICTIONARY
  5
186
330
96
100
AcDbDictionary
280
     1
281
     1
  3
FBXASSET
360
187
  0
DICTIONARY
  5
110
330
98
100
AcDbDictionary
280
     1
281
     1
  3
FBXASSET
360
18A
  0
DICTIONARY
  5
59CA
330
1AA
100
AcDbDictionary
280
     1
281
     1
  0
DICTIONARY
  5
59CE
330
4CA
100
AcDbDictionary
280
     1
281
     1
  0
DICTIONARY
  5
7A72
330
87
100
AcDbDictionary
280
     1
281
     1
  3
ACAD_ROUNDTRIP_2008_TABLESTYLE_CELLSTYLEMAP
360
7A73
  0
XRECORD
  5
189
102
{ACAD_REACTORS
330
188
102
}
330
188
100
AcDbXrecord
280
     1
 70
     1
 90
429727718
  1
508B35C9-AEE7-456F-BE74-D52651303AC6
310
504B03040A0000080000B670623B3DEE336E79000000790000001B0000006175746F6465736B2D64657369676E2D7061636B6167652E786D6C3C3F786D6C2076657273696F6E3D22312E302220656E636F64696E673D227574662D3822203F3E3C666F726D6174733E3C666F726D61743E687474703A2F2F736368656D612E
310
6175746F6465736B2E636F6D2F64657369676E2D7061636B6167652F323030393C2F666F726D61743E3C2F666F726D6174733E504B0304140006080800B670623BD486FD9CA0000000F4000000130000005B436F6E74656E745F54797065735D2E786D6C7D8EC10E82300C865F65E91D8A1E8C310C0EEA1BF002731658846E
310
D98AC1B77784ABF1D8FE5FBFBF75BBCE937A534CCEB38643598122B6FEE978D0B0485F9C41B54DDD7D022595594E1A469170414C76A4D9A4D207E29CF43ECE46F218070CC6BECC4078ACAA135ACF422C856C0E68EA1BF5669944DDD7BCDE7B1F8E415D77AECB980613C2E4AC91FC167A2B244592486606FC29C8FD7F045B9A
310
EF7053A7E60B504B0304140006080800B670623B28ED286BEB0000007C01000008000000636F72652E786D6C8D90416EC3201045AF82665B6183218D6D61A254764FD00B204C5C94182C03558F5F9C3852BBEB6A467FFE9B197D71FA9E6FE8CBACC17AD7012D0820E3B41FAD9B3A48F1826B40272956EFE32F1B20A766D3C1
310
268314D3EAD3B24BDABB685CCCAAF3A3D94515828980F42D371D04FD696655A814B3235C8B45E9AB9A4C419F5D8653B2237A1CB163DE672FD6AC209BF3C08E0D1B30EB19C3FC9D72FCC6EB231EFA33EDE96BDD341517E5064B11EDFCBCAF57A3A2194156843498524CAA0FCA5B7268F9E185D42D21A2DCEC7FA0B48CFF8492
310
759155FBBB0F2C80A4F991FB408A72CB22977B50B96EB9C91F504B0304140006080800B670623B55019EA25F0000007C00000007000000636E782E786D6C4DCB3B0E80201045D1AD90E915ED2CF8AC45050C11660C8261F98AB1B07AC9C97D42D718D865D3E909258CFD00CCE24AC6E326A164D74DC0B4128928FF32603847
310
2BA13128B1252AC747C6BAB984FC68F0B87FE8960A5C09FE86CFB69FBA01504B0304140006080800B670623B7BC41AC871010000D40300000C0000006662782F636F72652E786D6CC553ED6E8320147D15C2DF4501B56B6D90A64BBB27D80B50A5CE54C120983EFEAE1F4DD7A56BBA5FF3879273EEE59E7310BE393735EA95
310
ED2AA333CC428A91D2B9292A5D66D8BB63B0C26823B835C67D2BC348CB46657880B1E0A535BE9DA1DC68A7B403549B42CDA0EC3AE530CA6B5864B8CB3F552343E91D5474A7B095F949962A6421D0502778E72C0840D390E18DC5F170E664C205F7BE2A66B62A605A75AC94C522DDEEE3651AEF837817C741F2CE92E02D592D
310
83FD6ECB76EC7595A651C2C9D02CB8AB9A8BBADC2AE954814544691A3016D0E883256BBA58278B17BA5A53CAC9507ED3E4DBE2C9265F691747B3DCA9ADC382819091F8E1162272A8933DE82182932144F88C09DF060D8140C84E1EEA8B8F1340BDCA9DB1093085F157AA97B557309586747CD0EF0B4EA64E983A6E0EAEEFCE
310
889E9EF17847386AA94B30211D2C0FDE0D3AF9A4610EAD5536E8DD1969631B593F67E381C33F5157F17725E5A636F6BF1491F980C8FC7B90E13E8A2F504B0304140006080800B670623B70102A487D0000009D0000000B0000006662782F636E782E786D6C4DCCD10A83201886E15B91FFDC95A5C30335ACCDFB886521330D
310
A76397BF1A1DECE883878F57749FD5A3B74D2F17830472A901D9F088930B8B849267CC01754AA418F3DF0D5018572BE160506249B16C274D761E8BCFBB7A179E27F65CB39A0F14D396184C9921B81F34C3ACA1B4B99ABB6E6F062A25AA5F69DF23ACBE504B0304140006080800B670623B3610CA3329010000120200003100
310
00006662782F42384135303843342D343331462D343546312D424341352D3532343432364645413344462F636F72652E786D6C8D515B6EC32010BC0AE22B55850D0E446E848992B43E412FE000495162B07854397EA176A4F62F3F2C9A9D991D58BEBB8F37F0AD7D30CE76905418026DA553C65E3A98E219B510EC04F7CEC5
310
3F3408EC30EA0E16180A7EF12E4D0B249D8DDAC68C5AA7F4020E21E80881BCE54B0783FCD2E3500D296646B856D320AFC34557A4CAEDCC133C449F0380794839A138B47B86DB2345744D7A44594FD0E1B867883594369BFE63BF7EEF793D0B054FC9A8456E548E63CE46FB674D8A58F068C6477CE9F510B582A2C1F80D1182
310
70F349E816B32D65AFB8DD62CCEB42FF274A937A52948C8DEB66893BCB021484D7734370E5D2E9F608A3EF93F3119479ABA0E50B14B8C298119A43CCC4FCFCECB8A18B6388CEE7EF5D5D4F994BD86CBBA182D76543B9FCAE2FD7B24DF103504B0304140006080800B670623B1B8617914E0100003303000030000000666278
310
2F42384135303843342D343331462D343546312D424341352D3532343432364645413344462F636E782E786D6CD593C16EC32010447F0571AD6CE3D489D20813A9877E410FBD62D82434182CC055F3F75D1292E692438FBD206B7698593D61BEFD1E2DF982108D773D6D6B460938E5B571FB9ECE6957AD29D90A1EBC4F7736
310
4A9C1CA1A759A682EF839FA72269D8C9D92654AD71C72206887E0E0A22CAF926B15E498B01E0AA19451807D01A34B919F16B070157417138917400F2F6FA41FCF0092A45DEE414C19BDC21783E4BD39D891265658C3D8DEA00A3ACE59CBC8678ACB54CB26EEB6BD7839D7E9348BE70AD9C8321B9BCA7F9A4A26C542347DEE0
310
50F09802D22BA6749A800A394DD62899107273365E3C82CFC6A55557BC06C10774B7ABE7AEC3B0F34CF06446280E154026D0542C187BA9DAB6628BF7B6DBB0E5A65B3EB1F58631DE64BBE083F7B65CC218087E22CABB042E51D1F2268F1FE12B3EA24D40D63E9CFE00120194D60B9D5BC67FE6D39CDF37E20AF817881F504B
310
0304140006080800B670623BBFEF2E3B690500003C100000340000006662782F42384135303843342D343331462D343546312D424341352D3532343432364645413344462F6F626A656374732E786D6CAD575D739B3814FD2B0CFB0C98D84E931D4227B6938EA793B6534F3BFB90198F0099B001899144EAECAFDF231018B0
310
D37A3FFC609090EEE7B94757C1FB7D915B2F54C88CB31BDB7727B64559CC938CA53776A576CE956DBD0F03C1B9EA2DB32D460A7A63EB693B0C52C1ABD24C257447AA5C8D66EF177F5832A68CDA569C13296F6C193FD182B8A4523CA1F2D94D88226EBADBBBBEDB2C1C8A4D05299F46424B222853B014F30C52ACC6287F389C
310
D85E1878FA7B18E87FB36AFAF62AAFF667A83F635211161F291B8999FAB3D5DDC5FCDA99CF6653677679E13B8BFBC5CAF1DF4D27CBCBE5F2FAF6EE1A8AA51290642C117467871F101B91C581D77CEA2C36869F3229E68CD1B8F61F1ED6361B89092D294B90C78C4A68EB793D190E7D1D9BDEE7A91E1B95FDE9F3BCEAEFE809
310
6A6D6F9F7D4B79F4275C90E7A04248AA51D5C4C738DAE06F72885AC4796EBE65D22A88A22223B995679120E2D50EB1542F098381188D4EA111AE3DB043FF20AF6F2B4AE3D7D83D65E5AECA730D4D3BAC91BD05FEA992B565D95F549CD6069B90AB2A63EACA38A45E4B6A87D781574F86817E4C2FCCC72690D62E2729520E37
310
9BAF234797BAF6D62B3BFC781FED37BA1E4F2B2F052FA9501A3E80569BB8F6A9A364D4FA67654E6F803383981F82F21591FF84F23D9882BC896C3FDBCF8C162508933B2E0AE4C69DD43F6BD2BE38DDDBF10BF86CB4FA784D37F3AF16075E67EC9030DECA1FC0A55373F5DFF3378C591FA9BDF485C10B0A8C8BA909E5262639
310
A8E72163488806A595734C81CB77D1DE0ED7604A303B76913CEC0272F412782FF88EFF4636D8AA56DF7B322474C4B767303F625997056C7B032C473C592B36CEBD15F3F9FF5233B7ABCDC74D257624A60F8658567497B14CE1EC3C80B76FD02011038F9EE9EB0F2E12387A9C844D3F09855125116D1D731DF8B43D2CF4E0A0
310
79A020C6BE946BCE0B7EA1E1219331CD73C228AF5A2DDD31A4B1DA918CE91350854D40A71723140BFA92E94E62B0626016CEFA5864A50E5977E8753CEDBEE1CBB7F52780D20E17AF0BA0F5F9B02A3AD07DCC732EB6D1EBB661421BE0C39E21BABF0FE16D22EA6929407C8DE596724C88B749B6DB5512BC7B228ADFD7CB7EA6
310
3A22397E690BA8D5D8D4E40CEC8CDA23C2C0B7D5898640101CEC9C6D331CE328CB93CAFBBAC70A642DF70DF95155945B52F08AA973C23469FD69ADEF84F7BB18F983A8F8C90E37F5D35980B2139A1C523540813E824EF83448CF7C72B598CE97D7CEEDDDDD3B6736BFBC771677EF66CE6A7E7139F7A793E9EDF2B2B3A8B624
310
0CDA13AA5F8388264EC4A0129909F3B7F5A16CEDF08128E97D680ACA4B9BE7B7B58BB638F0B00700EF36AE8B32A705658A68F83EE897FC2B41573190D1CCAF0B92D233A47CFEB019D9809933F67DD1A5467F8CF69AD9A5AE859342D45355448C64F968A371DC2D596ADC6E43D93D1B466F877A64E2893E54F23C4B40388995
310
525E5005DA3983ED45412510D3EFCA13737B3863F74BD30F2A12E5B4B5E489A025CE25500DB855B11ACE5BBFA185D35DD48D8DC3CE7DC69F2944DB42AA6F6CF09BCA622ADD08C7A36E7C6AE18000BAB08E040135C2D21C9D75B3A91B77BB746C403F38018DFE6EC939DD92F16B40BC05294B9CDA035AAD6D330AE27FE4786B
310
8E45145EA34A75BE1C263A676A35A8ACC6297337400BF16C54EF515F3F77CB77EB3583889C754FFA29081AA98E2222ADEF05DA3E63D2EDEA8B8756C05A7FB6CABC4A91CBF325398202CC952E70A008A830324BA200D5E5EF8F5F04C75DB4B0EE3340E071C98B823333B83577596BF3849B69F2085AA0FAFA212F26BEFF5877
310
FDE622B28D88A42E49E43326DA82D31E8CB006401E1DA726059ECEC168F97A6599036306A135688F9AD2E61A6EA178F4CD51974A9F2CCB9F36FE5EBD14601068D9C3BF01504B0304140006080000B670623B000000000000000000000000350000006662782F42384135303843342D343331462D343546312D424341352D35
310
32343432364645413344462F76657274696365732E62696E504B0304140006080800B670623BF270F1330600000004000000360000006662782F42384135303843342D343331462D343546312D424341352D3532343432364645413344462F747269616E676C65732E62696E636660600000504B0304140006080000B67062
310
3B000000000000000000000000370000006662782F42384135303843342D343331462D343546312D424341352D3532343432364645413344462F617474726962757465732E62696E504B0304140006080800B670623B08DA0BD19000000041010000360000006662782F42384135303843342D343331462D343546312D4243
310
41352D3532343432364645413344462F6469726563746F72792E786D6C858F410AC3201045AF22B36F53E9A60B35CBEEBAE80D244E44489C6234F4F835464A48035D0DF398FF9F8AF63D0E6CC63039F212F8F9020C7D47C6792B21C5FE7403D62A1188E2E60C98D7234A5830286103A55745067B9D86B8A3CF9C7F90C11DE6
310
07FB144396D7B6A82D282E9A152AD114D5EF2CB866EEE831B8EEA07A7BB5A8D7D61A2BAAEB7FD5F70921FF497D00504B0304140006080800B670623B3B4606F3FE000000A00100003B0000006662782F42384135303843342D343331462D343546312D424341352D3532343432364645413344462F7265736F75726365732F
310
636F72652E786D6C8D504B6E833010BD0A9A6D65B08134808CA354A427E8052C332156828DFCA97AFC9A40A576D7CDCCE87D344F8F9FBEE647F689CE6B6B7A6039850C8DB2A336530F315C4903D94970676DF82583CCC8197B5861107C72362E3BA4AC096842428D1D7107A5F71820538F74F4E0D50D6799CB1892C2DFF345
310
AABB9C306779A2934E701F5C0A906D4FD609C2A1B7D129F4BCD858C163D4E3AED163FAA9AF1A1D88F67CA98E6D35906AA82A52BFB39ABCD5CD915C86331BD86BD3B665CD8BD52C78D0F34F46E550061C419494B6843142CB0F5677F4D0D58717DA7494F26295FF31C565FCA7296A13AA728FBBD93C0896823C09C18BB5AFB4
310
9E65A6BD762BBE01504B010214000A0000080000B670623B3DEE336E79000000790000001B00000000000000000000000000000000006175746F6465736B2D64657369676E2D7061636B6167652E786D6C504B01021400140006080800B670623BD486FD9CA0000000F40000001300000000000000000000000000B2000000
310
5B436F6E74656E745F54797065735D2E786D6C504B01021400140006080800B670623B28ED286BEB0000007C010000080000000000000000000000000083010000636F72652E786D6C504B01021400140006080800B670623B55019EA25F0000007C000000070000000000000000000000000094020000636E782E786D6C50
310
4B01021400140006080800B670623B7BC41AC871010000D40300000C00000000000000000000000000180300006662782F636F72652E786D6C504B01021400140006080800B670623B70102A487D0000009D0000000B00000000000000000000000000B30400006662782F636E782E786D6C504B01021400140006080800B6
310
70623B3610CA3329010000120200003100000000000000000000000000590500006662782F42384135303843342D343331462D343546312D424341352D3532343432364645413344462F636F72652E786D6C504B01021400140006080800B670623B1B8617914E010000330300003000000000000000000000000000D10600
310
006662782F42384135303843342D343331462D343546312D424341352D3532343432364645413344462F636E782E786D6C504B01021400140006080800B670623BBFEF2E3B690500003C10000034000000000000000000000000006D0800006662782F42384135303843342D343331462D343546312D424341352D35323434
310
32364645413344462F6F626A656374732E786D6C504B01021400140006080000B670623B0000000000000000000000003500000000000000000000000000280E00006662782F42384135303843342D343331462D343546312D424341352D3532343432364645413344462F76657274696365732E62696E504B010214001400
310
06080800B670623BF270F133060000000400000036000000000000000000000000007B0E00006662782F42384135303843342D343331462D343546312D424341352D3532343432364645413344462F747269616E676C65732E62696E504B01021400140006080000B670623B00000000000000000000000037000000000000
310
00000000000000D50E00006662782F42384135303843342D343331462D343546312D424341352D3532343432364645413344462F617474726962757465732E62696E504B01021400140006080800B670623B08DA0BD1900000004101000036000000000000000000000000002A0F00006662782F42384135303843342D3433
310
31462D343546312D424341352D3532343432364645413344462F6469726563746F72792E786D6C504B01021400140006080800B670623B3B4606F3FE000000A00100003B000000000000000000000000000E1000006662782F42384135303843342D343331462D343546312D424341352D3532343432364645413344462F72
310
65736F75726365732F636F72652E786D6C504B0506000000000E000E0080040000651100000000
  0
XRECORD
  5
187
102
{ACAD_REACTORS
330
186
102
}
330
186
100
AcDbXrecord
280
     1
 70
     1
 90
429727718
  1
887D55A9-D0DD-414E-B741-A7DCD4DA2B4C
310
504B03040A0000080000B670623B3DEE336E79000000790000001B0000006175746F6465736B2D64657369676E2D7061636B6167652E786D6C3C3F786D6C2076657273696F6E3D22312E302220656E636F64696E673D227574662D3822203F3E3C666F726D6174733E3C666F726D61743E687474703A2F2F736368656D612E
310
6175746F6465736B2E636F6D2F64657369676E2D7061636B6167652F323030393C2F666F726D61743E3C2F666F726D6174733E504B0304140006080800B670623BD486FD9CA0000000F4000000130000005B436F6E74656E745F54797065735D2E786D6C7D8EC10E82300C865F65E91D8A1E8C310C0EEA1BF002731658846E
310
D98AC1B77784ABF1D8FE5FBFBF75BBCE937A534CCEB38643598122B6FEE978D0B0485F9C41B54DDD7D022595594E1A469170414C76A4D9A4D207E29CF43ECE46F218070CC6BECC4078ACAA135ACF422C856C0E68EA1BF5669944DDD7BCDE7B1F8E415D77AECB980613C2E4AC91FC167A2B244592486606FC29C8FD7F045B9A
310
EF7053A7E60B504B0304140006080800B670623BBC1638F5EC0000007C01000008000000636F72652E786D6C8D90416EC3201045AF82665B61836BE2D8C24471DB9CA01740401C94182C03558F5F9C3852BBEB6A467FFE9B197D7EF89E6EE8CB2CC17AD7032D0820E394D7D68D3DA478C67B4007C117EFE32F1B202727D3C3
310
2A83E0E3E2D3BC49CABB685CCCAAF3DA6CA20CC14440EA969B1E82BA98491632C5EC08D76296EA2A4753D06797E194AC468F2356E77DF66CCD02825543D50CACC62D39ED70FDC68EB8FD68F6F8787A6784342D1DDA1D2F5758F068A7E77DB518198D065111D2624A31A93E69DD11D6D5EC85EC3B4278B9DAFF4069D6FF8492
310
75F1B5DADE7D600104CD8FDC0782976B16B9DC83CA75CD4DFC00504B0304140006080800B670623B55019EA25F0000007C00000007000000636E782E786D6C4DCB3B0E80201045D1AD90E915ED2CF8AC45050C11660C8261F98AB1B07AC9C97D42D718D865D3E909258CFD00CCE24AC6E326A164D74DC0B4128928FF326038
310
472BA13128B1252AC747C6BAB984FC68F0B87FE8960A5C09FE86CFB69FBA01504B0304140006080800B670623B3586FFB671010000D40300000C0000006662782F636F72652E786D6CC553ED6E8320147D15C2DF4541A76D6D90A6DDD627D80B50A4CE54C120983EFEAE1F4DD7A55BBA5FF3879273EEE59E7310B6393735EA
310
95ED2AA3731C851423A5A5292A5DE6D8BB63B0C268C39935C67D29C3488B46E578803167A535BE9D2169B453DA01AA4DA16650749D7218C91A1639EEE4876A4428BC838AEE14B6429E44A9C228041AEA38EB9C0501681A32BC313F1ECE8C4C3867DE57C5CC56054CAB8E95B298A7F12E5EEED224C8E87E11242FE936C8DE96
310
AB60BB7F4D295D66D12E5B30323473E6AAE6A24E5A259C2A308F29CD82280A68FC1E256B9AAE93F489AED694323294DF34F9B678B0C957DA3DC7B3DCA9ADC33C022123F1CD2D44E450277AD04338234388F01913BE0D1A0281909D38D4171F27807A259DB1093085F157AA17B557309586747CD0CF0B46A64E983A6E0EAEEF
310
CE881F9EF1FB8E70D44297604238581EBC1B74B249C31C5AAB6CD0BB33D2C636A27ECCC62F0EFF445DC5DF95244D6DEC7F2922F30191F9F720C37DE49F504B0304140006080800B670623B4220A0FF7D0000009D0000000B0000006662782F636E782E786D6C4DCCD10A83201886E15B91FFDCE542CB0335D0EC3E6259C84A
310
C3E9D8E5AF46073BFAE0E1E315DD675BD1DBA5978F41C2FD4600B9F088930F8B849267CC01754AA418F3DF0D50183727E164506249B1EC174D6E1ECB9A0F5D7D785E68DB8151CD286E5A5363CA6B8A39E90D36D40E96B086F55A43A544F52B1D7B86D517504B0304140006080800B670623B2FA3FEDE290100001202000031
310
0000006662782F45374635344235342D363743322D343832342D383044432D4334454645303536354442422F636F72652E786D6C8D515B6EC32010BC0AE22B55850D2E386E848994D7097A0117488A1283C5A3CAF10BB523B57FF961D1ECCCECC0F2ED7DBC816FED8371B687A4C210682B9D32F6D2C314CFA883602BB8772E
310
FEA141608751F7B0C050F08B77695A20E96CD43666D43AA5177008414708E42D5F7A18E4971E876A483133C2B59A06791D2EBA22556E679EE021FA1C00CC43CA09C5717D6274C7286AD7FB06D1AEA1A8C3873DDAD3E3E98859CB0EBB1DAF67A1E02919B5C88DCA71CCD968FFAC49110B1ECDF8882FBD1EA256503418BF2342
310
106E3E08DD60B6A1EC15771B8C795DE8FF4469524F8A92B1F1AD59E2CEB20005E1F5DC105CB9F4797B84D1F7C9F908CABC55D0F2050A5C61CC1AD2F27A26E6E767C7962E8E213A9FBF7775FDCC5CC266DB960A5E970DE5F2BBBE5CCB36C50F504B0304140006080800B670623B1B8617914E01000033030000300000006662
310
782F45374635344235342D363743322D343832342D383044432D4334454645303536354442422F636E782E786D6CD593C16EC32010447F0571AD6CE3D489D20813A9877E410FBD62D82434182CC055F3F75D1292E692438FBD206B7698593D61BEFD1E2DF982108D773D6D6B460938E5B571FB9ECE6957AD29D90A1EBC4F77
310
364A9C1CA1A759A682EF839FA72269D8C9D92654AD71C72206887E0E0A22CAF926B15E498B01E0AA19451807D01A34B919F16B070157417138917400F2F6FA41FCF0092A45DEE414C19BDC21783E4BD39D891265658C3D8DEA00A3ACE59CBC8678ACB54CB26EEB6BD7839D7E9348BE70AD9C8321B9BCA7F9A4A26C542347DE
310
E050F09802D22BA6749A800A394DD62899107273365E3C82CFC6A55557BC06C10774B7ABE7AEC3B0F34CF06446280E154026D0542C187BA9DAB6628BF7B6DBB0E5A65B3EB1F58631DE64BBE083F7B65CC218087E22CABB042E51D1F2268F1FE12B3EA24D40D63E9CFE00120194D60B9D5BC67FE6D39CDF37E20AF817881F50
310
4B0304140006080800B670623B29652116630500003C100000340000006662782F45374635344235342D363743322D343832342D383044432D4334454645303536354442422F6F626A656374732E786D6CAD575D739B3814FD2B0CFB0C989834C90EA1639B24E3E9A6EDD4D3CE3E64C623834CD8006224913AFDF57B040203
310
B65BEF871F0C12D2FD3CF7E8CA7FBFCB33E3957291B2E2D674ED8969D02262715A24B76625B7D6B569BC0F7CCE98EC2D338D82E4F4D654D366E0279C55A59E8AE99654991CCDDECFFF3444440B6A1A514684B83545F44C7362934AB2988A173B2692D8C97667BB76B3702836E1A47C1E092D09A78584A5982F20C5688C7287
310
C389E904BEA3BE07BEFAD7ABA6A75739B53F43FD69212429A20365233153D70BEF2E2E6FAC4BCF9B5ADEBB0BD79ADFCF43CBBD9A4E16EF168B9BD9DD0D140BC921495BC2E9D60C1E101B9E46BED37CEA2CD6861F3329624541A3DA7F7858DBAC25C6B4A4458C3CA654405BCFEBC970E8AAD8F43E4FD558ABEC4F9FE7557F47
310
4F506B7BFBEC5BCA367FC105710E2AB8A00A554D7CB4A30DFE26FBA86D18CBF4B75418399194A72433B274C3097F33032C554B027F2046A1932B842B0FCCC0DDCBEBDB8AD2F835768F59B9ADB24C41D30C6A64AF817F2A456D59FA83F2E3DA60137255A585BCD60EC9B7929AC18DEFD49381AF1ED30BFDB109A4B1CD488294
310
C3CDE6EBC8D185AABD6568061FEE37BB95AAC7E3CA4BCE4ACAA5820FA0D526AE7DAA2869B5EE5999531BE0CC20E6FBA07C41E43FA27CF7A6206F3CDD793B4F6B919C1462CB788EDCD893FA674CDA17AB7B3B7C019F8D561FAEE966FED562DFE98C1D12C6A9FC015C2A35D7FF3D7FC398F591DA4B5FE0BFA2C0189FEA50AE22
310
92817A1ED3020951A03432862970F976B33383259812CC8E5D240BBA801CBCF8CE2BBEE3BF910DB6AAD5F79E05123AE2DB33981FB1ACCB02B69D00CB014FD68AB573A7627EF9BFD4CC2C5C7D58557C4B22FAA88925A4DBB44825CECE3D78FB060D1231F0E885BE7D673C86A3874958F593906B5502D1563157814FDAC3420D
310
F69A070A22EC4B98E23CFF171A1E5311D12C23056555ABA53B8614563B92D17D02AAB009E8F46284624E5F53D5490C560CCCC2591FF1B45421EB0EBD8EA7ED13BE7C5D7E0428CD60FEF60779EB13E6664FF711CB185F6FDED60D139A001FF60CD1FD6D086F1D51474901E26B2CB794A343BC8ED3EDB612E0DD2351FCB65CF4
310
33D511C9E14B5B40ADC6A6263DB0336A8F700DDF56271A024E70B0B3629DE21847591E55DED73D56206AB927E46FAABC5C939C55853C274C93D69FD6FA4E78BF8B11DF898C9ECD60553FAD39283BA6F18984AA23E8884F83F45C5F5F859797B31B2B9C84A1E5B9DE9D35BFF25C6B76152E422F9C5DCC3D847F5801ED09D5AF
310
41441327A25FF15487F9EB725FB666F048A4701E9A827292E6F97569A32DF61DEC01C0BB8DCBBCCC684E0B49147C1FD54BF685A0AB18C868E6973949E819523E3DAC463660E68C7D9F55A9D1EFA3BD7A76A16AE1A810F95CE59B82A4D968A376DC2E8B44BBDD86B27B368CDE0ED548C7137DA860591A83706223A12CA712B4
310
7306DBF39C0A20A6DF95C7FAF670C6EED7A61F946493D1D6926782963813403548A78AE470DEF80D2D9CEAA26E4D1C76F60BFE74219A06527D6B82DF641A51616F703CAAC6A7160E08A00BEB4810A0274592A1B36E3675E36E978A0DE80727A0D6DF2D39A75BD27E0D8837276589537B40ABB56D5A41F48F1C6FCD3188C4EB
310
A6929D2FFB89CE995A4D00AE813BDD032DC48B56BD437DFDDC2DD7AED70C2272D63DE9A72068A45A92F0A4BE17A8A06B9366E16707AD80B1FC649459952097E74BB23805982B55E0401150A165964402AA8BDF9F3E7386BB686EDCA780C0D382E5392BF460A6EFB2C6EA1937D3F809B440D5F5435C4C5CF7A9EEFAF54564BD
310
2182DA24162F98680B4E7930C21A0079709CEAEB99A372305ABE0C0D7D6078105A83F6A0296DAEE1068A47DD1C55A9F4C9B2FC69E3EFD44B81028E963DF81B504B0304140006080000B670623B000000000000000000000000350000006662782F45374635344235342D363743322D343832342D383044432D433445464530
310
3536354442422F76657274696365732E62696E504B0304140006080800B670623BF270F1330600000004000000360000006662782F45374635344235342D363743322D343832342D383044432D4334454645303536354442422F747269616E676C65732E62696E636660600000504B0304140006080000B670623B00000000
310
0000000000000000370000006662782F45374635344235342D363743322D343832342D383044432D4334454645303536354442422F617474726962757465732E62696E504B0304140006080800B670623B08DA0BD19000000041010000360000006662782F45374635344235342D363743322D343832342D383044432D4334
310
454645303536354442422F6469726563746F72792E786D6C858F410AC3201045AF22B36F53E9A60B35CBEEBAE80D244E44489C6234F4F835464A48035D0DF398FF9F8AF63D0E6CC63039F212F8F9020C7D47C6792B21C5FE7403D62A1188E2E60C98D7234A5830286103A55745067B9D86B8A3CF9C7F90C11DE607FB144396
310
D7B6A82D282E9A152AD114D5EF2CB866EEE831B8EEA07A7BB5A8D7D61A2BAAEB7FD5F70921FF497D00504B0304140006080800B670623B6378F24DFF000000A00100003B0000006662782F45374635344235342D363743322D343832342D383044432D4334454645303536354442422F7265736F75726365732F636F72652E
310
786D6C8D504B6E833010BD0A9A6D65B0094E42641C85B639412F6099496225D8C89FAAC7AF09546A77DDCC8CDE47F3F4C4F16B7C149FE88371B603565228D06A37187BED20C50BD9437194C23B177FC9A0B06AC40E6618A4B87A97A615D2CE46B431A3D60DB8822A048C50E8473E3A08FA86A32A558A5911EEE5A4F45D5DB1
310
6465A6B34E8A107D0E502C4FE609D26370C96B0CA25A58295232C3AA3143FE692E063D485EF7F5AEE71BD2D2F39634AFFC44DAF7DD9E9CCE6F9CD25DCBFA762BAAD92C4534E34F46ED51451C40D694B6843142EB0FD61C283F34FC85EE0F948A6A96FF31A569F8A729191B37F51A77B105902C0779125254735F793DCBCC7B
310
EE567E03504B010214000A0000080000B670623B3DEE336E79000000790000001B00000000000000000000000000000000006175746F6465736B2D64657369676E2D7061636B6167652E786D6C504B01021400140006080800B670623BD486FD9CA0000000F40000001300000000000000000000000000B20000005B436F6E
310
74656E745F54797065735D2E786D6C504B01021400140006080800B670623BBC1638F5EC0000007C010000080000000000000000000000000083010000636F72652E786D6C504B01021400140006080800B670623B55019EA25F0000007C000000070000000000000000000000000095020000636E782E786D6C504B010214
310
00140006080800B670623B3586FFB671010000D40300000C00000000000000000000000000190300006662782F636F72652E786D6C504B01021400140006080800B670623B4220A0FF7D0000009D0000000B00000000000000000000000000B40400006662782F636E782E786D6C504B01021400140006080800B670623B2F
310
A3FEDE290100001202000031000000000000000000000000005A0500006662782F45374635344235342D363743322D343832342D383044432D4334454645303536354442422F636F72652E786D6C504B01021400140006080800B670623B1B8617914E010000330300003000000000000000000000000000D2060000666278
310
2F45374635344235342D363743322D343832342D383044432D4334454645303536354442422F636E782E786D6C504B01021400140006080800B670623B29652116630500003C10000034000000000000000000000000006E0800006662782F45374635344235342D363743322D343832342D383044432D4334454645303536
310
354442422F6F626A656374732E786D6C504B01021400140006080000B670623B0000000000000000000000003500000000000000000000000000230E00006662782F45374635344235342D363743322D343832342D383044432D4334454645303536354442422F76657274696365732E62696E504B01021400140006080800
310
B670623BF270F13306000000040000003600000000000000000000000000760E00006662782F45374635344235342D363743322D343832342D383044432D4334454645303536354442422F747269616E676C65732E62696E504B01021400140006080000B670623B0000000000000000000000003700000000000000000000
310
000000D00E00006662782F45374635344235342D363743322D343832342D383044432D4334454645303536354442422F617474726962757465732E62696E504B01021400140006080800B670623B08DA0BD190000000410100003600000000000000000000000000250F00006662782F45374635344235342D363743322D34
310
3832342D383044432D4334454645303536354442422F6469726563746F72792E786D6C504B01021400140006080800B670623B6378F24DFF000000A00100003B00000000000000000000000000091000006662782F45374635344235342D363743322D343832342D383044432D4334454645303536354442422F7265736F75
310
726365732F636F72652E786D6C504B0506000000000E000E0080040000611100000000
  0
XRECORD
  5
18A
102
{ACAD_REACTORS
330
110
102
}
330
110
100
AcDbXrecord
280
     1
 70
     0
 90
1778669749
  1
9BF507EE-FAF7-4A99-A33D-4EE51894BC40
310
504B03040A0000080000B670623B3DEE336E79000000790000001B0000006175746F6465736B2D64657369676E2D7061636B6167652E786D6C3C3F786D6C2076657273696F6E3D22312E302220656E636F64696E673D227574662D3822203F3E3C666F726D6174733E3C666F726D61743E687474703A2F2F736368656D612E
310
6175746F6465736B2E636F6D2F64657369676E2D7061636B6167652F323030393C2F666F726D61743E3C2F666F726D6174733E504B0304140006080800B670623BD486FD9CA0000000F4000000130000005B436F6E74656E745F54797065735D2E786D6C7D8EC10E82300C865F65E91D8A1E8C310C0EEA1BF002731658846E
310
D98AC1B77784ABF1D8FE5FBFBF75BBCE937A534CCEB38643598122B6FEE978D0B0485F9C41B54DDD7D022595594E1A469170414C76A4D9A4D207E29CF43ECE46F218070CC6BECC4078ACAA135ACF422C856C0E68EA1BF5669944DDD7BCDE7B1F8E415D77AECB980613C2E4AC91FC167A2B244592486606FC29C8FD7F045B9A
310
EF7053A7E60B504B0304140006080800B670623BCA089DFFEC0000007C01000008000000636F72652E786D6C8D90416E83301045AF62CDB632D8402020E32882F604BD80653BC44AB011B6AB1EBF262152BBEB6A467FFE9B197D76FA9EEFE84BAFDE38DB03CD08206DA553C64E3DC470C1474027CE56E7C22F1B202B66DDC3
310
260367D3EAE2B24BD2D9A06D48AA754AEFA2F05E0740F29E9A1EBCBCEA59642286E4F0B76C11F226269DD15797E0188D42CF2346A57DE662F40ABCAEC77628C6120F654571D50C04B7F5B9C1E3997CD4F550BE3745C3F20DE62C98F9755FAE5A04AD801784B498524C8A4F5A75E4D055873772EC0861F966FF03C545FD138A
310
C686B2D8DF7D621E384D8F3C069CE55B16A93C824A75CB8DFF00504B0304140006080800B670623B55019EA25F0000007C00000007000000636E782E786D6C4DCB3B0E80201045D1AD90E915ED2CF8AC45050C11660C8261F98AB1B07AC9C97D42D718D865D3E909258CFD00CCE24AC6E326A164D74DC0B4128928FF326038
310
472BA13128B1252AC747C6BAB984FC68F0B87FE8960A5C09FE86CFB69FBA01504B0304140006080800B670623B68FC0B7272010000D40300000C0000006662782F636F72652E786D6CC5535B6E833010BC8AE5DF0A6C1E8124328E22D29EA01770C0A128602363A31CBFCB234A53A555FA553EC09AD9F5CE8C31DB5DDA060D
310
D2F4B556190E7C8A9154852E6B5565D8D993B7C668C799D1DA7E29C3488956667884316795D1AE5BA0422B2B950554E9522EA0E87B69312A1A5864B82F3E642B7CE12C54F467BF13C55954D20F7CA0A18EB3DE1A1080E621E31BF3D3F1C2C88C73E65C5D2E6C5DC2B4FA544B8379921C36797888BC3C8A032F4E73EA6D927D
310
EA1DF6F42D49F2E8350D5346C666CE6CDD5ED515460A2B4BCC434A375E1078347C0FE22D5D6DE3D50B5D6F2965642CBF6B725DF96493AB958DC245EEDCD6631E809089F8E61622B2A81703E8219C913144F84C09DF070D8140C8561C9BAB8F3340832CAC363130A576376A108D933095FA747AD0CF0B46E64E983A6D0EAE1F
310
CE089F9EF1FB8E70D44255604258581E9D1D75B259C3125A278D37D80B52DAB4A279CEC62F0EFF44DDC43F9454E8469BFF5244960322CBEF41C6FBC83F01504B0304140006080800B670623B0F71DDB67E0000009D0000000B0000006662782F636E782E786D6C4DCCD10A83201886E15B91FFDCA54DB73F502386BB8F5816
310
32D3703976F9ABD1C18E3E78F87855FB990379BBFCF2296AE02706C4C5471A7C9C349475A408A4352AA7B4FEDD80C47E761A7606A3A69CCA72D0E0C6BE8475D3E0E3F3409428EA6B27A84079A782899AA2EC1A7AE3ECCC2FD858CB2D544655BFD2B67BD87C01504B0304140006080800B670623BE134B4FB28010000120200
310
00310000006662782F38353834323741342D343835462D343034322D383541392D4331303331363839454531452F636F72652E786D6C8D515B6EC32010BC0AE22B55850D0EA424C24451959EA0172086A42831583CAA1CBF503B52FB971F16CDCECC0EACD8DFC71BF836215AEF7A481A0C817183D7D65D7A98D3197108F652
310
04EFD31F1A044E8DA6871586525C82CFD3020DDE25E352419DD76601558C264130DCCAA58771F832A36A544E8511AFCDA486ABBA988634A55D7852C4144A00300FA927949C71DABD1D28A29C7D208A6987383B6CD13BC16BB2E1DBE3911C453B0BA5C8D9EA456E758963CFD684674DAA588A64C747FC2118958C86B2C3788B
310
0841B8FB247487D98EB257CC77188BB6D2FF89F2A49F1465EBD2BA5BE2CEB2082511EDDC9042FB7CBA3DC298FBE4430275DE2A9AE1054ADC60CC08E3A29D89E5F9C5714317C7987C28DFBBBA9E0A97B0D97643A568EB864AF95D5FA9759BF207504B0304140006080800B670623B1B8617914E010000330300003000000066
310
62782F38353834323741342D343835462D343034322D383541392D4331303331363839454531452F636E782E786D6CD593C16EC32010447F0571AD6CE3D489D20813A9877E410FBD62D82434182CC055F3F75D1292E692438FBD206B7698593D61BEFD1E2DF982108D773D6D6B460938E5B571FB9ECE6957AD29D90A1EBC4F
310
77364A9C1CA1A759A682EF839FA72269D8C9D92654AD71C72206887E0E0A22CAF926B15E498B01E0AA19451807D01A34B919F16B070157417138917400F2F6FA41FCF0092A45DEE414C19BDC21783E4BD39D891265658C3D8DEA00A3ACE59CBC8678ACB54CB26EEB6BD7839D7E9348BE70AD9C8321B9BCA7F9A4A26C542347
310
DEE050F09802D22BA6749A800A394DD62899107273365E3C82CFC6A55557BC06C10774B7ABE7AEC3B0F34CF06446280E154026D0542C187BA9DAB6628BF7B6DBB0E5A65B3EB1F58631DE64BBE083F7B65CC218087E22CABB042E51D1F2268F1FE12B3EA24D40D63E9CFE00120194D60B9D5BC67FE6D39CDF37E20AF817881F
310
504B0304140006080800B670623B5933D422630500003B100000340000006662782F38353834323741342D343835462D343034322D383541392D4331303331363839454531452F6F626A656374732E786D6CAD575B6FA33814FE2B887D0642934E9B156594264D158D3A534DD4D13E548A0C38942D60649B4EBABF7E3F8321
310
40924EF6928780CDF1B97EE762EFF32E4B8D37CA45C2F21BD3B547A641F39045491EDF98A5DC5AD7A6F1D9F73863B243661A39C9E88DA9B64DDF8B392B0BBD15D12D295339D85DDEFE618890E6D434C2940871638AF08566C426A5641115AF764424B1E3EDCE76ED9AB0CF36E6A47819302D08A7B984A6D8CFC1C5A89572FB
310
CB91E9F89EA3BEFB9EFAD754E3D3544E654F5F7E920B49F2F040D880CDD89D2CEE2E2EA7D6E56432B6269F2E5CEB7679BBB0DCABF168FE693E9FCEEEA6102C240727AD09A75BD3BF876F78127A4EFDA9D5582B7E4CA590E5390D2BFB6161A5B3E618D182E611E2985001691DAB47FDA5AB7CD3F93C566B2DB2BB7D9E55DD13
310
1D468DEECDB3AB290BFE8409E21C54704115AA6AFF68436BFC8DF65E0B184BF5B74418199194272435D224E084BF9B3E481589EFF5D828747285706581E9BB7B7E5D5D911ABFC6EE312DB7659A2A689A7E85EC0DF04FA5A8344BFEA2FCB834E8845895492EAFB541F2BDA0A63FF59C6AD3F7D4637CA13FD68E34B629891172
310
98597F1D183A57B9B75A98FE9765B05BAB7C3C2EBCE0ACA05C2AF8005A4DE09AA7F29216EB9E15397500C6F47CBE77CA7778FE2BD277AF0AE2C693DD6437D1522427B9D8329E2136F6A8FA19A3E6C56ADF0E5F50CF06D48734EDCEBF22F69C56D97EC138153F804B85E6FABFC7AFEFB32E523BE1F3BD372418E363EDCA7548
310
52949E8724474014288D94610BB57C1BEC4C7F854A89CA8E5324F55B871CBC78CE1BBEE3BFE68D6A5589EF3C730474506FCFA8FCF0659516D0ED04580EEA6425581B77CAE797FF4BCECC16EB2FEB926F49481F746159D06D922712BD730FDEAE42BD40F42C7AA5EF3F198F60E86110D6DD20645A9480B795CF95E3E3A659A8
310
C55E724F408873315335CFFB8584874484344D494E59D94869DB90C26A5B64F49C802CAC1D3ABE18A098D3B7444D123D8A9E5AE8F5214F0AE5B2B6E9B575DA3E61CBD3EA2B4009FA940524DD1305FB6A1FB294F14DF0BEA90BA109ECE1481FDC3FFAE8D60E75141700BE82725371B4873751B2DD960265F788137FACE6DD40
310
B575E4F0A5C99F46629D92131467A41EE11ABD8D4CCC039CA0AFB37C93A08B232B8F0AEFCA1E0A1015DF13FC83322B362463652ECF71D3A8B1A7D1BE65DE1D62C44F22C317D35F574FEB16153BA2D13E543D10A80E74C4A65E78A6B7CBCBD1D5DD9DB59C2DAFACC96C3AB566E3F1C29ADCDD5DBAD7D3C9ED7C822ED74F80A6
310
41755310DE4443F44A9E68373FADF6596BFA0F440AE7BECE2727AE9F4F2B1B53B1E7E00CF0DD1E5C65454A339A4BA2D0FBA05ED2EF0443458F47BDBFCA484CCFE0F2ED7E3DD0013B679C7B5499467F0ECEEADDB9CA85A34CE44B99053949D2C1416DB85DE4B136BB7165FBAC0B7AB3542BED4F8CA182A549847A1319316519
310
95A83A67147B9E5101C47487F2485F1ECE38FD568F839204296D3479219888530154036E6528FBFBC66F98E0D4107563A2D7D9AFF8D389681A08F58D89F22693900A3B407754734FC51C10C010D6D640809EE4718AC1BA3ED4AEDB53CA37283F68805A7E4B72CEB0A4EDEAD5DD8C14059A76AFAA56BA6901E13F32BC51C720
310
12AF41295B5BF61BAD3195181FB506E6B40F4C10AF5AF40EF9F5B159AE5DD1F43C72D635E94310D45C2D49785C5D0B94D3B54AB3C5A38349C0587D338AB48C11CBF339599C02CCA54A70A008A8D03C0B2201D5F9EFCF8F9CE12A9A19CB0410789EB32C63B95ECCF455D658BFE0621A3DA32C5075FB101723D77DAE867E7D0F
310
D90444509B44E2151B4DC2290B065803200FBAA9BE9D392A0603F2D5C2D00D6302A615680F66D2FA166E2079D4C551A54AB758161FCEFD4E450A14704CECFEDF504B0304140006080000B670623B000000000000000000000000350000006662782F38353834323741342D343835462D343034322D383541392D4331303331
310
363839454531452F76657274696365732E62696E504B0304140006080800B670623BF270F1330600000004000000360000006662782F38353834323741342D343835462D343034322D383541392D4331303331363839454531452F747269616E676C65732E62696E636660600000504B0304140006080000B670623B000000
310
000000000000000000370000006662782F38353834323741342D343835462D343034322D383541392D4331303331363839454531452F617474726962757465732E62696E504B0304140006080800B670623B08DA0BD19000000041010000360000006662782F38353834323741342D343835462D343034322D383541392D43
310
31303331363839454531452F6469726563746F72792E786D6C858F410AC3201045AF22B36F53E9A60B35CBEEBAE80D244E44489C6234F4F835464A48035D0DF398FF9F8AF63D0E6CC63039F212F8F9020C7D47C6792B21C5FE7403D62A1188E2E60C98D7234A5830286103A55745067B9D86B8A3CF9C7F90C11DE607FB1443
310
96D7B6A82D282E9A152AD114D5EF2CB866EEE831B8EEA07A7BB5A8D7D61A2BAAEB7FD5F70921FF497D00504B0304140006080800B670623BD9A3B367FE000000A00100003B0000006662782F38353834323741342D343835462D343034322D383541392D4331303331363839454531452F7265736F75726365732F636F7265
310
2E786D6C8D504B6E833010BD0A9A6D65B01D0201194711694FD00B586642AD043BF2A7EAF16B122AB5BB6E6646EFA3797AE2F8B5DC8A4FF4C1383B002B291468B59B8C9D0748F1420E501CA5F0CEC55F3228AC5A708015062966EFD27D83B4B3116DCCA875136EA00A012314FA968F0182FEC045952AC5AC08D7F2AEF455CD
310
58B232D3592745883E07289E4FD609D26370C96B0CA27AB252A464A64D63A6FCD35C0C7A904D73EE467EE664DCD58CD4ED4849D79C5A723ED1B7A61977AF2D6F45B59AA58866F9C9A83DAA8813484E6947182394BFB3BAA7FBBEDEBFD0434FA9A856F91F53BA4FFF342563E38E6F719FB60092E5200F428A6AED2BAF479979
310
AFDDCA6F504B010214000A0000080000B670623B3DEE336E79000000790000001B00000000000000000000000000000000006175746F6465736B2D64657369676E2D7061636B6167652E786D6C504B01021400140006080800B670623BD486FD9CA0000000F40000001300000000000000000000000000B20000005B436F6E
310
74656E745F54797065735D2E786D6C504B01021400140006080800B670623BCA089DFFEC0000007C010000080000000000000000000000000083010000636F72652E786D6C504B01021400140006080800B670623B55019EA25F0000007C000000070000000000000000000000000095020000636E782E786D6C504B010214
310
00140006080800B670623B68FC0B7272010000D40300000C00000000000000000000000000190300006662782F636F72652E786D6C504B01021400140006080800B670623B0F71DDB67E0000009D0000000B00000000000000000000000000B50400006662782F636E782E786D6C504B01021400140006080800B670623BE1
310
34B4FB280100001202000031000000000000000000000000005C0500006662782F38353834323741342D343835462D343034322D383541392D4331303331363839454531452F636F72652E786D6C504B01021400140006080800B670623B1B8617914E010000330300003000000000000000000000000000D3060000666278
310
2F38353834323741342D343835462D343034322D383541392D4331303331363839454531452F636E782E786D6C504B01021400140006080800B670623B5933D422630500003B10000034000000000000000000000000006F0800006662782F38353834323741342D343835462D343034322D383541392D4331303331363839
310
454531452F6F626A656374732E786D6C504B01021400140006080000B670623B0000000000000000000000003500000000000000000000000000240E00006662782F38353834323741342D343835462D343034322D383541392D4331303331363839454531452F76657274696365732E62696E504B01021400140006080800
310
B670623BF270F13306000000040000003600000000000000000000000000770E00006662782F38353834323741342D343835462D343034322D383541392D4331303331363839454531452F747269616E676C65732E62696E504B01021400140006080000B670623B0000000000000000000000003700000000000000000000
310
000000D10E00006662782F38353834323741342D343835462D343034322D383541392D4331303331363839454531452F617474726962757465732E62696E504B01021400140006080800B670623B08DA0BD190000000410100003600000000000000000000000000260F00006662782F38353834323741342D343835462D34
310
3034322D383541392D4331303331363839454531452F6469726563746F72792E786D6C504B01021400140006080800B670623BD9A3B367FE000000A00100003B000000000000000000000000000A1000006662782F38353834323741342D343835462D343034322D383541392D4331303331363839454531452F7265736F75
310
726365732F636F72652E786D6C504B0506000000000E000E0080040000611100000000
  0
CELLSTYLEMAP
  5
7A73
102
{ACAD_REACTORS
330
7A72
102
}
330
7A72
100
AcDbCellStyleMap
 90
        3
300
CELLSTYLE
  1
TABLEFORMAT_BEGIN
 90
        5
170
     1
 91
        0
 92
    32768
 62
   257
 93
        1
300
CONTENTFORMAT
  1
CONTENTFORMAT_BEGIN
 90
        0
 91
        0
 92
      512
 93
        0
300

 40
0.0
140
1.0
 94
        5
 62
     0
340
11
144
0.25
309
CONTENTFORMAT_END
171
     1
301
MARGIN
  1
CELLMARGIN_BEGIN
 40
0.06
 40
0.06
 40
0.06
 40
0.06
 40
0.18
 40
0.18
309
CELLMARGIN_END
 94
        6
 95
        1
302
GRIDFORMAT
  1
GRIDFORMAT_BEGIN
 90
        0
 91
        1
 62
     0
 92
       -2
340
0
 93
        0
 40
0.045
309
GRIDFORMAT_END
 95
        2
302
GRIDFORMAT
  1
GRIDFORMAT_BEGIN
 90
        0
 91
        1
 62
     0
 92
       -2
340
0
 93
        0
 40
0.045
309
GRIDFORMAT_END
 95
        4
302
GRIDFORMAT
  1
GRIDFORMAT_BEGIN
 90
        0
 91
        1
 62
     0
 92
       -2
340
0
 93
        0
 40
0.045
309
GRIDFORMAT_END
 95
        8
302
GRIDFORMAT
  1
GRIDFORMAT_BEGIN
 90
        0
 91
        1
 62
     0
 92
       -2
340
0
 93
        0
 40
0.045
309
GRIDFORMAT_END
 95
       16
302
GRIDFORMAT
  1
GRIDFORMAT_BEGIN
 90
        0
 91
        1
 62
     0
 92
       -2
340
0
 93
        0
 40
0.045
309
GRIDFORMAT_END
 95
       32
302
GRIDFORMAT
  1
GRIDFORMAT_BEGIN
 90
        0
 91
        1
 62
     0
 92
       -2
340
0
 93
        0
 40
0.045
309
GRIDFORMAT_END
309
TABLEFORMAT_END
  1
CELLSTYLE_BEGIN
 90
        1
 91
        1
300
_TITLE
309
CELLSTYLE_END
300
CELLSTYLE
  1
TABLEFORMAT_BEGIN
 90
        5
170
     1
 91
        0
 92
        0
 62
   257
 93
        1
300
CONTENTFORMAT
  1
CONTENTFORMAT_BEGIN
 90
        0
 91
        0
 92
      512
 93
        0
300

 40
0.0
140
1.0
 94
        5
 62
     0
340
11
144
0.18
309
CONTENTFORMAT_END
171
     1
301
MARGIN
  1
CELLMARGIN_BEGIN
 40
0.06
 40
0.06
 40
0.06
 40
0.06
 40
0.18
 40
0.18
309
CELLMARGIN_END
 94
        6
 95
        1
302
GRIDFORMAT
  1
GRIDFORMAT_BEGIN
 90
        0
 91
        1
 62
     0
 92
       -2
340
0
 93
        0
 40
0.045
309
GRIDFORMAT_END
 95
        2
302
GRIDFORMAT
  1
GRIDFORMAT_BEGIN
 90
        0
 91
        1
 62
     0
 92
       -2
340
0
 93
        0
 40
0.045
309
GRIDFORMAT_END
 95
        4
302
GRIDFORMAT
  1
GRIDFORMAT_BEGIN
 90
        0
 91
        1
 62
     0
 92
       -2
340
0
 93
        0
 40
0.045
309
GRIDFORMAT_END
 95
        8
302
GRIDFORMAT
  1
GRIDFORMAT_BEGIN
 90
        0
 91
        1
 62
     0
 92
       -2
340
0
 93
        0
 40
0.045
309
GRIDFORMAT_END
 95
       16
302
GRIDFORMAT
  1
GRIDFORMAT_BEGIN
 90
        0
 91
        1
 62
     0
 92
       -2
340
0
 93
        0
 40
0.045
309
GRIDFORMAT_END
 95
       32
302
GRIDFORMAT
  1
GRIDFORMAT_BEGIN
 90
        0
 91
        1
 62
     0
 92
       -2
340
0
 93
        0
 40
0.045
309
GRIDFORMAT_END
309
TABLEFORMAT_END
  1
CELLSTYLE_BEGIN
 90
        2
 91
        1
300
_HEADER
309
CELLSTYLE_END
300
CELLSTYLE
  1
TABLEFORMAT_BEGIN
 90
        5
170
     1
 91
        0
 92
        0
 62
   257
 93
        1
300
CONTENTFORMAT
  1
CONTENTFORMAT_BEGIN
 90
        0
 91
        0
 92
      512
 93
        0
300

 40
0.0
140
1.0
 94
        2
 62
     0
340
11
144
0.18
309
CONTENTFORMAT_END
171
     1
301
MARGIN
  1
CELLMARGIN_BEGIN
 40
0.06
 40
0.06
 40
0.06
 40
0.06
 40
0.18
 40
0.18
309
CELLMARGIN_END
 94
        6
 95
        1
302
GRIDFORMAT
  1
GRIDFORMAT_BEGIN
 90
        0
 91
        1
 62
     0
 92
       -2
340
0
 93
        0
 40
0.045
309
GRIDFORMAT_END
 95
        2
302
GRIDFORMAT
  1
GRIDFORMAT_BEGIN
 90
        0
 91
        1
 62
     0
 92
       -2
340
0
 93
        0
 40
0.045
309
GRIDFORMAT_END
 95
        4
302
GRIDFORMAT
  1
GRIDFORMAT_BEGIN
 90
        0
 91
        1
 62
     0
 92
       -2
340
0
 93
        0
 40
0.045
309
GRIDFORMAT_END
 95
        8
302
GRIDFORMAT
  1
GRIDFORMAT_BEGIN
 90
        0
 91
        1
 62
     0
 92
       -2
340
0
 93
        0
 40
0.045
309
GRIDFORMAT_END
 95
       16
302
GRIDFORMAT
  1
GRIDFORMAT_BEGIN
 90
        0
 91
        1
 62
     0
 92
       -2
340
0
 93
        0
 40
0.045
309
GRIDFORMAT_END
 95
       32
302
GRIDFORMAT
  1
GRIDFORMAT_BEGIN
 90
        0
 91
        1
 62
     0
 92
       -2
340
0
 93
        0
 40
0.045
309
GRIDFORMAT_END
309
TABLEFORMAT_END
  1
CELLSTYLE_BEGIN
 90
        3
 91
        2
300
_DATA
309
CELLSTYLE_END
  0
ENDSEC
  0
EOF
