  0
SECTION
  2
HEADER
  9
$ACADVER
  1
AC1032
  9
$ACADMAINTVER
 90
       55
  9
$DWGCODEPAGE
  3
ANSI_1252
  9
$LASTSAVEDBY
  1
USTS-CP-L-44 - User
  9
$REQUIREDVERSIONS
160
                 0
  9
$INSBASE
 10
0.0
 20
0.0
 30
0.0
  9
$EXTMIN
 10
36.90281169910284
 20
62.71968452547665
 30
0.0
  9
$EXTMAX
 10
406.7125817117827
 20
278.7639940133702
 30
0.8287124280195762
  9
$LIMMIN
 10
0.0
 20
0.0
  9
$LIMMAX
 10
12.0
 20
9.0
  9
$ORTHOMODE
 70
     1
  9
$REGENMODE
 70
     1
  9
$FILLMODE
 70
     1
  9
$QTEXTMODE
 70
     0
  9
$MIRRTEXT
 70
     0
  9
$LTSCALE
 40
1.0
  9
$ATTMODE
 70
     1
  9
$TEXTSIZE
 40
2.0
  9
$TRACEWID
 40
0.05
  9
$TEXTSTYLE
  7
ISOCP
  9
$CLAYER
  8
0
  9
$CELTYPE
  6
ByLayer
  9
$CECOLOR
 62
   256
  9
$CELTSCALE
 40
1.0
  9
$DISPSILH
 70
     0
  9
$DIMSCALE
 40
1.0
  9
$DIMASZ
 40
0.18
  9
$DIMEXO
 40
0.0625
  9
$DIMDLI
 40
0.38
  9
$DIMRND
 40
0.0
  9
$DIMDLE
 40
0.0
  9
$DIMEXE
 40
0.18
  9
$DIMTP
 40
0.0
  9
$DIMTM
 40
0.0
  9
$DIMTXT
 40
0.18
  9
$DIMCEN
 40
0.09
  9
$DIMTSZ
 40
0.0
  9
$DIMTOL
 70
     0
  9
$DIMLIM
 70
     0
  9
$DIMTIH
 70
     1
  9
$DIMTOH
 70
     1
  9
$DIMSE1
 70
     0
  9
$DIMSE2
 70
     0
  9
$DIMTAD
 70
     0
  9
$DIMZIN
 70
     0
  9
$DIMBLK
  1

  9
$DIMASO
 70
     1
  9
$DIMSHO
 70
     1
  9
$DIMPOST
  1

  9
$DIMAPOST
  1

  9
$DIMALT
 70
     0
  9
$DIMALTD
 70
     2
  9
$DIMALTF
 40
25.4
  9
$DIMLFAC
 40
1.0
  9
$DIMTOFL
 70
     0
  9
$DIMTVP
 40
0.0
  9
$DIMTIX
 70
     0
  9
$DIMSOXD
 70
     0
  9
$DIMSAH
 70
     0
  9
$DIMBLK1
  1

  9
$DIMBLK2
  1

  9
$DIMSTYLE
  2
Standard
  9
$DIMCLRD
 70
     0
  9
$DIMCLRE
 70
     0
  9
$DIMCLRT
 70
     0
  9
$DIMTFAC
 40
1.0
  9
$DIMGAP
 40
0.09
  9
$DIMJUST
 70
     0
  9
$DIMSD1
 70
     0
  9
$DIMSD2
 70
     0
  9
$DIMTOLJ
 70
     1
  9
$DIMTZIN
 70
     0
  9
$DIMALTZ
 70
     0
  9
$DIMALTTZ
 70
     0
  9
$DIMUPT
 70
     0
  9
$DIMDEC
 70
     4
  9
$DIMTDEC
 70
     4
  9
$DIMALTU
 70
     2
  9
$DIMALTTD
 70
     2
  9
$DIMTXSTY
  7
Standard
  9
$DIMAUNIT
 70
     0
  9
$DIMADEC
 70
     0
  9
$DIMALTRND
 40
0.0
  9
$DIMAZIN
 70
     0
  9
$DIMDSEP
 70
    46
  9
$DIMATFIT
 70
     3
  9
$DIMFRAC
 70
     0
  9
$DIMLDRBLK
  1

  9
$DIMLUNIT
 70
     2
  9
$DIMLWD
 70
    -2
  9
$DIMLWE
 70
    -2
  9
$DIMTMOVE
 70
     0
  9
$DIMFXL
 40
1.0
  9
$DIMFXLON
 70
     0
  9
$DIMJOGANG
 40
0.7853981633974483
  9
$DIMTFILL
 70
     0
  9
$DIMTFILLCLR
 70
     0
  9
$DIMARCSYM
 70
     0
  9
$DIMLTYPE
  6

  9
$DIMLTEX1
  6

  9
$DIMLTEX2
  6

  9
$DIMTXTDIRECTION
 70
     0
  9
$LUNITS
 70
     2
  9
$LUPREC
 70
     4
  9
$SKETCHINC
 40
0.1
  9
$FILLETRAD
 40
0.0
  9
$AUNITS
 70
     0
  9
$AUPREC
 70
     0
  9
$MENU
  1
.
  9
$ELEVATION
 40
0.0
  9
$PELEVATION
 40
0.0
  9
$THICKNESS
 40
0.0
  9
$LIMCHECK
 70
     0
  9
$CHAMFERA
 40
0.0
  9
$CHAMFERB
 40
0.0
  9
$CHAMFERC
 40
0.0
  9
$CHAMFERD
 40
0.0
  9
$SKPOLY
 70
     0
  9
$TDCREATE
 40
2460403.541990741
  9
$TDUCREATE
 40
2460403.312824074
  9
$TDUPDATE
 40
2461251.490312002
  9
$TDUUPDATE
 40
2461251.261145336
  9
$TDINDWG
 40
0.0
  9
$TDUSRTIMER
 40
0.0
  9
$USRTIMER
 70
     1
  9
$ANGBASE
 50
0.0
  9
$ANGDIR
 70
     0
  9
$PDMODE
 70
     0
  9
$PDSIZE
 40
0.0
  9
$PLINEWID
 40
0.0
  9
$SPLFRAME
 70
     0
  9
$SPLINETYPE
 70
     6
  9
$SPLINESEGS
 70
     8
  9
$HANDSEED
  5
90C7
  9
$SURFTAB1
 70
     6
  9
$SURFTAB2
 70
     6
  9
$SURFTYPE
 70
     6
  9
$SURFU
 70
     6
  9
$SURFV
 70
     6
  9
$UCSBASE
  2

  9
$UCSNAME
  2

  9
$UCSORG
 10
0.0
 20
0.0
 30
0.0
  9
$UCSXDIR
 10
1.0
 20
0.0
 30
0.0
  9
$UCSYDIR
 10
0.0
 20
1.0
 30
0.0
  9
$UCSORTHOREF
  2

  9
$UCSORTHOVIEW
 70
     0
  9
$UCSORGTOP
 10
0.0
 20
0.0
 30
0.0
  9
$UCSORGBOTTOM
 10
0.0
 20
0.0
 30
0.0
  9
$UCSORGLEFT
 10
0.0
 20
0.0
 30
0.0
  9
$UCSORGRIGHT
 10
0.0
 20
0.0
 30
0.0
  9
$UCSORGFRONT
 10
0.0
 20
0.0
 30
0.0
  9
$UCSORGBACK
 10
0.0
 20
0.0
 30
0.0
  9
$PUCSBASE
  2

  9
$PUCSNAME
  2

  9
$PUCSORG
 10
0.0
 20
0.0
 30
0.0
  9
$PUCSXDIR
 10
1.0
 20
0.0
 30
0.0
  9
$PUCSYDIR
 10
0.0
 20
1.0
 30
0.0
  9
$PUCSORTHOREF
  2

  9
$PUCSORTHOVIEW
 70
     0
  9
$PUCSORGTOP
 10
0.0
 20
0.0
 30
0.0
  9
$PUCSORGBOTTOM
 10
0.0
 20
0.0
 30
0.0
  9
$PUCSORGLEFT
 10
0.0
 20
0.0
 30
0.0
  9
$PUCSORGRIGHT
 10
0.0
 20
0.0
 30
0.0
  9
$PUCSORGFRONT
 10
0.0
 20
0.0
 30
0.0
  9
$PUCSORGBACK
 10
0.0
 20
0.0
 30
0.0
  9
$USERI1
 70
     0
  9
$USERI2
 70
     0
  9
$USERI3
 70
     0
  9
$USERI4
 70
     0
  9
$USERI5
 70
     0
  9
$USERR1
 40
0.0
  9
$USERR2
 40
0.0
  9
$USERR3
 40
0.0
  9
$USERR4
 40
0.0
  9
$USERR5
 40
0.0
  9
$WORLDVIEW
 70
     1
  9
$SHADEDGE
 70
     3
  9
$SHADEDIF
 70
    70
  9
$TILEMODE
 70
     1
  9
$MAXACTVP
 70
    64
  9
$PINSBASE
 10
0.0
 20
0.0
 30
0.0
  9
$PLIMCHECK
 70
     0
  9
$PEXTMIN
 10
0.0
 20
0.0
 30
0.0
  9
$PEXTMAX
 10
0.0
 20
0.0
 30
0.0
  9
$PLIMMIN
 10
0.0
 20
0.0
  9
$PLIMMAX
 10
0.0
 20
0.0
  9
$UNITMODE
 70
     0
  9
$VISRETAIN
 70
     1
  9
$PLINEGEN
 70
     0
  9
$PSLTSCALE
 70
     1
  9
$TREEDEPTH
 70
  3020
  9
$CMLSTYLE
  2
Standard
  9
$CMLJUST
 70
     0
  9
$CMLSCALE
 40
1.0
  9
$PROXYGRAPHICS
 70
     1
  9
$MEASUREMENT
 70
     0
  9
$CELWEIGHT
370
    -1
  9
$ENDCAPS
280
     0
  9
$JOINSTYLE
280
     0
  9
$LWDISPLAY
290
     0
  9
$INSUNITS
 70
     4
  9
$HYPERLINKBASE
  1

  9
$STYLESHEET
  1
acadlt.ctb
  9
$XEDIT
290
     1
  9
$CEPSNTYPE
380
     0
  9
$PSTYLEMODE
290
     1
  9
$FINGERPRINTGUID
  2
{B3C17FDA-5D3E-0449-B746-50678B212CAE}
  9
$VERSIONGUID
  2
{F6A6510F-9B69-4F6D-B764-A99F9FEBFDD5}
  9
$EXTNAMES
290
     1
  9
$PSVPSCALE
 40
0.0
  9
$OLESTARTUP
290
     0
  9
$SORTENTS
280
   127
  9
$INDEXCTL
280
     0
  9
$HIDETEXT
280
     1
  9
$XCLIPFRAME
280
     2
  9
$HALOGAP
280
     0
  9
$OBSCOLOR
 70
   257
  9
$OBSLTYPE
280
     0
  9
$INTERSECTIONDISPLAY
280
     0
  9
$INTERSECTIONCOLOR
 70
   257
  9
$DIMASSOC
280
     2
  9
$PROJECTNAME
  1

  9
$CAMERADISPLAY
290
     0
  9
$LENSLENGTH
 40
50.0
  9
$CAMERAHEIGHT
 40
0.0
  9
$STEPSPERSEC
 40
2.0
  9
$STEPSIZE
 40
6.0
  9
$3DDWFPREC
 40
2.0
  9
$PSOLWIDTH
 40
0.25
  9
$PSOLHEIGHT
 40
4.0
  9
$LOFTANG1
 40
1.570796326794897
  9
$LOFTANG2
 40
1.570796326794897
  9
$LOFTMAG1
 40
0.0
  9
$LOFTMAG2
 40
0.0
  9
$LOFTPARAM
 70
     7
  9
$LOFTNORMALS
280
     1
  9
$LATITUDE
 40
37.795
  9
$LONGITUDE
 40
-122.394
  9
$NORTHDIRECTION
 40
0.0
  9
$TIMEZONE
 70
 -8000
  9
$LIGHTGLYPHDISPLAY
280
     1
  9
$TILEMODELIGHTSYNCH
280
     1
  9
$CMATERIAL
347
96
  9
$SOLIDHIST
280
     0
  9
$SHOWHIST
280
     1
  9
$DWFFRAME
280
     2
  9
$DGNFRAME
280
     0
  9
$REALWORLDSCALE
290
     1
  9
$INTERFERECOLOR
 62
     1
  9
$CSHADOW
280
     0
  9
$SHADOWPLANELOCATION
 40
0.0
  0
ENDSEC
  0
SECTION
  2
CLASSES
  0
CLASS
  1
ACDBDICTIONARYWDFLT
  2
AcDbDictionaryWithDefault
  3
ObjectDBX Classes
 90
        0
 91
        3
280
     0
281
     0
  0
CLASS
  1
ACDBPLACEHOLDER
  2
AcDbPlaceHolder
  3
ObjectDBX Classes
 90
        0
 91
        1
280
     0
281
     0
  0
CLASS
  1
LAYOUT
  2
AcDbLayout
  3
ObjectDBX Classes
 90
        0
 91
        1
280
     0
281
     0
  0
CLASS
  1
DICTIONARYVAR
  2
AcDbDictionaryVar
  3
ObjectDBX Classes
 90
        0
 91
        3
280
     0
281
     0
  0
CLASS
  1
TABLESTYLE
  2
AcDbTableStyle
  3
ObjectDBX Classes
 90
     4095
 91
        3
280
     0
281
     0
  0
CLASS
  1
MATERIAL
  2
AcDbMaterial
  3
ObjectDBX Classes
 90
     1153
 91
        3
280
     0
281
     0
  0
CLASS
  1
VISUALSTYLE
  2
AcDbVisualStyle
  3
ObjectDBX Classes
 90
     4095
 91
        3
280
     0
281
     0
  0
CLASS
  1
SCALE
  2
AcDbScale
  3
ObjectDBX Classes
 90
     1153
 91
        3
280
     0
281
     0
  0
CLASS
  1
MLEADERSTYLE
  2
AcDbMLeaderStyle
  3
ACDB_MLEADERSTYLE_CLASS
 90
     4095
 91
        3
280
     0
281
     0
  0
CLASS
  1
CELLSTYLEMAP
  2
AcDbCellStyleMap
  3
ObjectDBX Classes
 90
     1152
 91
        3
280
     0
281
     0
  0
CLASS
  1
EXACXREFPANELOBJECT
  2
ExAcXREFPanelObject
  3
EXAC_ESW
 90
     1025
 91
        1
280
     1
281
     0
  0
CLASS
  1
NPOCOLLECTION
  2
AcDbImpNonPersistentObjectsCollection
  3
ObjectDBX Classes
 90
     1153
 91
        1
280
     1
281
     0
  0
CLASS
  1
LAYER_INDEX
  2
AcDbLayerIndex
  3
ObjectDBX Classes
 90
        0
 91
        3
280
     0
281
     0
  0
CLASS
  1
SPATIAL_INDEX
  2
AcDbSpatialIndex
  3
AutoCAD 2000
 90
        0
 91
        3
280
     0
281
     0
  0
CLASS
  1
IDBUFFER
  2
AcDbIdBuffer
  3
ObjectDBX Classes
 90
        0
 91
        3
280
     0
281
     0
  0
CLASS
  1
ACDBSECTIONVIEWSTYLE
  2
AcDbSectionViewStyle
  3
ObjectDBX Classes
 90
     1025
 91
        3
280
     0
281
     0
  0
CLASS
  1
ACDBDETAILVIEWSTYLE
  2
AcDbDetailViewStyle
  3
ObjectDBX Classes
 90
     1025
 91
        3
280
     0
281
     0
  0
CLASS
  1
ACAD_EVALUATION_GRAPH
  2
AcDbEvalGraph
  3
ObjectDBX Classes
 90
     1153
 91
        3
280
     0
281
     0
  0
CLASS
  1
ACAECUSTOBJ
  2
AcAeEditorObj
  3
AcAeEditorObj
 90
     1024
 91
        1
280
     1
281
     0
  0
CLASS
  1
ACDB_DYNAMICBLOCKPURGEPREVENTER_VERSION
  2
AcDbDynamicBlockPurgePreventer
  3
ObjectDBX Classes
 90
     1153
 91
        3
280
     0
281
     0
  0
CLASS
  1
SORTENTSTABLE
  2
AcDbSortentsTable
  3
ObjectDBX Classes
 90
        0
 91
        3
280
     0
281
     0
  0
CLASS
  1
MULTILEADER
  2
AcDbMLeader
  3
ACDB_MLEADER_CLASS
 90
     1025
 91
        3
280
     0
281
     1
  0
CLASS
  1
DIMASSOC
  2
AcDbDimAssoc
  3
"AcDbDimAssoc|Product Desc:     AcDim ARX App For Dimension|Company:          Autodesk, Inc.|WEB Address:      www.autodesk.com"
 90
        0
 91
        3
280
     0
281
     0
  0
CLASS
  1
SUN
  2
AcDbSun
  3
SCENEOE
 90
     1153
 91
        3
280
     0
281
     0
  0
CLASS
  1
RASTERVARIABLES
  2
AcDbRasterVariables
  3
ISM
 90
        0
 91
        3
280
     0
281
     0
  0
CLASS
  1
FIELD
  2
AcDbField
  3
ObjectDBX Classes
 90
     1152
 91
        3
280
     0
281
     0
  0
CLASS
  1
FIELDLIST
  2
AcDbFieldList
  3
ObjectDBX Classes
 90
     1152
 91
        3
280
     0
281
     0
  0
CLASS
  1
MENTALRAYRENDERSETTINGS
  2
AcDbMentalRayRenderSettings
  3
SCENEOE
 90
     1024
 91
        3
280
     0
281
     0
  0
ENDSEC
  0
SECTION
  2
TABLES
  0
TABLE
  2
VPORT
  5
8
330
0
100
AcDbSymbolTable
 70
     1
  0
VPORT
  5
90BF
330
8
100
AcDbSymbolTableRecord
100
AcDbViewportTableRecord
  2
*Active
 70
     0
 10
0.0
 20
0.0
 11
1.0
 21
1.0
 12
280.9050169082997
 22
252.2688776405346
 13
0.0
 23
0.0
 14
0.5
 24
0.5
 15
0.5
 25
0.5
 16
0.0
 26
0.0
 36
1.0
 17
0.0
 27
0.0
 37
0.0
 40
86.08015456158257
 41
4.01673640167364
 42
50.0
 43
0.0
 44
0.0
 50
0.0
 51
0.0
 71
    16
 72
  1000
 73
     1
 74
     3
 75
     0
 76
     1
 77
     0
 78
     1
281
     0
 65
     1
110
0.0
120
0.0
130
0.0
111
1.0
121
0.0
131
0.0
112
0.0
122
1.0
132
0.0
 79
     0
146
0.0
348
9F
 60
     3
 61
     5
292
     1
282
     1
141
0.0
142
0.0
 63
   250
421
  3355443
361
90C0
1001
ACAD_NAV_VCDISPLAY
1070
     3
  0
ENDTAB
  0
TABLE
  2
LTYPE
  5
5
330
0
100
AcDbSymbolTable
 70
     2
  0
LTYPE
  5
14
330
5
100
AcDbSymbolTableRecord
100
AcDbLinetypeTableRecord
  2
ByBlock
 70
     0
  3

 72
    65
 73
     0
 40
0.0
  0
LTYPE
  5
15
330
5
100
AcDbSymbolTableRecord
100
AcDbLinetypeTableRecord
  2
ByLayer
 70
     0
  3

 72
    65
 73
     0
 40
0.0
  0
LTYPE
  5
16
330
5
100
AcDbSymbolTableRecord
100
AcDbLinetypeTableRecord
  2
Continuous
 70
     0
  3
Solid line
 72
    65
 73
     0
 40
0.0
  0
LTYPE
  5
656B
330
5
100
AcDbSymbolTableRecord
100
AcDbLinetypeTableRecord
  2
ACAD_ISO02W100
 70
     0
  3
ISO dash __ __ __ __ __ __ __ __ __ __ __ __ __
 72
    65
 73
     2
 40
15.0
 49
12.0
 74
     0
 49
-3.0
 74
     0
  0
ENDTAB
  0
TABLE
  2
LAYER
  5
2
102
{ACAD_XDICTIONARY
360
18E
102
}
330
0
100
AcDbSymbolTable
 70
     6
  0
LAYER
  5
10
330
2
100
AcDbSymbolTableRecord
100
AcDbLayerTableRecord
  2
0
 70
     0
 62
     7
  6
Continuous
370
    -3
390
F
347
98
348
0
  0
LAYER
  5
261
330
2
100
AcDbSymbolTableRecord
100
AcDbLayerTableRecord
  2
FUZEBLOCK.INSERT
 70
     0
 62
     7
  6
Continuous
370
    -3
390
F
347
98
348
0
  0
LAYER
  5
262
330
2
100
AcDbSymbolTableRecord
100
AcDbLayerTableRecord
  2
FUZEBLOCK.LAYER
 70
     0
 62
     7
  6
Continuous
370
    -3
390
F
347
98
348
0
  0
LAYER
  5
263
330
2
100
AcDbSymbolTableRecord
100
AcDbLayerTableRecord
  2
FUZEENDBLOCK.INSERT
 70
     0
 62
     7
  6
Continuous
370
    -3
390
F
347
98
348
0
  0
LAYER
  5
264
330
2
100
AcDbSymbolTableRecord
100
AcDbLayerTableRecord
  2
FUZEENDBLOCK.LAYER
 70
     0
 62
     7
  6
Continuous
370
    -3
390
F
347
98
348
0
  0
LAYER
  5
7091
330
2
100
AcDbSymbolTableRecord
100
AcDbLayerTableRecord
  2
PPTC
 70
     0
 62
     7
  6
Continuous
370
    -3
390
F
347
98
348
0
1001
AcAecLayerStandard
1000

1000

1001
AcCmTransparency
1071
        0
  0
ENDTAB
  0
TABLE
  2
STYLE
  5
3
330
0
100
AcDbSymbolTable
 70
     3
  0
STYLE
  5
11
330
3
100
AcDbSymbolTableRecord
100
AcDbTextStyleTableRecord
  2
Standard
 70
     0
 40
0.0
 41
1.0
 50
0.0
 71
     0
 42
2.2
  3
arial.ttf
  4

1001
ACAD
1000
Arial
1071
       34
  0
STYLE
  5
266
330
3
100
AcDbSymbolTableRecord
100
AcDbTextStyleTableRecord
  2
isocp.shx
 70
     0
 40
0.0
 41
1.0
 50
0.0
 71
     0
 42
0.2
  3
isocp.shx
  4

  0
STYLE
  5
398
330
3
100
AcDbSymbolTableRecord
100
AcDbTextStyleTableRecord
  2
ISOCP
 70
     0
 40
0.0
 41
1.0
 50
0.0
 71
     0
 42
2.0
  3
isocp.shx
  4

  0
ENDTAB
  0
TABLE
  2
VIEW
  5
6
330
0
100
AcDbSymbolTable
 70
     0
  0
ENDTAB
  0
TABLE
  2
UCS
  5
7
330
0
100
AcDbSymbolTable
 70
     0
  0
ENDTAB
  0
TABLE
  2
APPID
  5
9
330
0
100
AcDbSymbolTable
 70
    25
  0
APPID
  5
12
330
9
100
AcDbSymbolTableRecord
100
AcDbRegAppTableRecord
  2
ACAD
 70
     0
  0
APPID
  5
DD
330
9
100
AcDbSymbolTableRecord
100
AcDbRegAppTableRecord
  2
AcadAnnoPO
 70
     0
  0
APPID
  5
DE
330
9
100
AcDbSymbolTableRecord
100
AcDbRegAppTableRecord
  2
AcadAnnotative
 70
     0
  0
APPID
  5
DF
330
9
100
AcDbSymbolTableRecord
100
AcDbRegAppTableRecord
  2
ACAD_DSTYLE_DIMJAG
 70
     0
  0
APPID
  5
E0
330
9
100
AcDbSymbolTableRecord
100
AcDbRegAppTableRecord
  2
ACAD_DSTYLE_DIMTALN
 70
     0
  0
APPID
  5
107
330
9
100
AcDbSymbolTableRecord
100
AcDbRegAppTableRecord
  2
ACAD_MLEADERVER
 70
     0
  0
APPID
  5
1A6
330
9
100
AcDbSymbolTableRecord
100
AcDbRegAppTableRecord
  2
ACAD_NAV_VCDISPLAY
 70
     0
  0
APPID
  5
284
330
9
100
AcDbSymbolTableRecord
100
AcDbRegAppTableRecord
  2
ACAD_EXEMPT_FROM_CAD_STANDARDS
 70
     0
  0
APPID
  5
29A
330
9
100
AcDbSymbolTableRecord
100
AcDbRegAppTableRecord
  2
AcDbDynamicBlockGUID
 70
     0
  0
APPID
  5
29B
330
9
100
AcDbSymbolTableRecord
100
AcDbRegAppTableRecord
  2
AcDbBlockRepETag
 70
     0
  0
APPID
  5
2D3
330
9
100
AcDbSymbolTableRecord
100
AcDbRegAppTableRecord
  2
ACAUTHENVIRON
 70
     0
  0
APPID
  5
2D6
330
9
100
AcDbSymbolTableRecord
100
AcDbRegAppTableRecord
  2
AcDbDynamicBlockTrueName
 70
     0
  0
APPID
  5
4C9
330
9
100
AcDbSymbolTableRecord
100
AcDbRegAppTableRecord
  2
ACAD_PSEXT
 70
     0
  0
APPID
  5
D7A
330
9
100
AcDbSymbolTableRecord
100
AcDbRegAppTableRecord
  2
GradientColor1ACI
 70
     0
  0
APPID
  5
D7B
330
9
100
AcDbSymbolTableRecord
100
AcDbRegAppTableRecord
  2
GradientColor2ACI
 70
     0
  0
APPID
  5
39C4
330
9
100
AcDbSymbolTableRecord
100
AcDbRegAppTableRecord
  2
AcAecLayerStandard
 70
     0
  0
APPID
  5
39C5
330
9
100
AcDbSymbolTableRecord
100
AcDbRegAppTableRecord
  2
AcCmTransparency
 70
     0
  0
APPID
  5
43EE
330
9
100
AcDbSymbolTableRecord
100
AcDbRegAppTableRecord
  2
Acad_TC
 70
     0
  0
APPID
  5
585A
330
9
100
AcDbSymbolTableRecord
100
AcDbRegAppTableRecord
  2
GENIUS_GENODEF_13
 70
     0
  0
APPID
  5
585B
330
9
100
AcDbSymbolTableRecord
100
AcDbRegAppTableRecord
  2
GENIUS_GENOBJ-N-CEN_13
 70
     0
  0
APPID
  5
585C
330
9
100
AcDbSymbolTableRecord
100
AcDbRegAppTableRecord
  2
GENIUS_GENCEN_19
 70
     0
  0
APPID
  5
586F
330
9
100
AcDbSymbolTableRecord
100
AcDbRegAppTableRecord
  2
AcDbDynamicBlockTrueName2
 70
     0
  0
APPID
  5
5870
330
9
100
AcDbSymbolTableRecord
100
AcDbRegAppTableRecord
  2
AcDbBlockRepBTag
 70
     0
  0
APPID
  5
8CC1
330
9
100
AcDbSymbolTableRecord
100
AcDbRegAppTableRecord
  2
HATCHBACKGROUNDCOLOR
 70
     0
  0
APPID
  5
8CC2
330
9
100
AcDbSymbolTableRecord
100
AcDbRegAppTableRecord
  2
EZDXF
 70
     0
  0
ENDTAB
  0
TABLE
  2
DIMSTYLE
  5
A
330
0
100
AcDbSymbolTable
 70
     1
100
AcDbDimStyleTable
  0
DIMSTYLE
105
27
330
A
100
AcDbSymbolTableRecord
100
AcDbDimStyleTableRecord
  2
Standard
 70
     0
 41
2.5
 42
0.625
 43
3.75
 44
1.25
 49
2.5
 73
     0
 74
     0
 77
     1
 78
     8
 79
     3
140
2.5
141
2.5
143
0.03937007874
147
0.625
171
     3
172
     1
178
     0
179
     2
271
     2
272
     2
274
     3
278
    44
283
     0
284
     8
340
11
  0
ENDTAB
  0
TABLE
  2
BLOCK_RECORD
  5
1
330
0
100
AcDbSymbolTable
 70
    11
  0
BLOCK_RECORD
  5
1F
102
{ACAD_XDICTIONARY
360
15D
102
}
330
1
100
AcDbSymbolTableRecord
100
AcDbBlockTableRecord
  2
*Model_Space
340
22
 70
     0
280
     1
281
     0
  0
BLOCK_RECORD
  5
58
330
1
100
AcDbSymbolTableRecord
100
AcDbBlockTableRecord
  2
*Paper_Space
340
59
 70
     0
280
     1
281
     0
  0
BLOCK_RECORD
  5
5D
330
1
100
AcDbSymbolTableRecord
100
AcDbBlockTableRecord
  2
*Paper_Space0
340
5E
 70
     0
280
     1
281
     0
  0
BLOCK_RECORD
  5
245
102
{ACAD_XDICTIONARY
360
90AD
102
}
330
1
100
AcDbSymbolTableRecord
100
AcDbBlockTableRecord
  2
FUZEBLOCK
340
0
102
{BLKREFS
331
8A08
331
8BE1
331
8BEB
331
8C5F
331
9066
102
}
 70
     0
280
     1
281
     0
  0
BLOCK_RECORD
  5
255
102
{ACAD_XDICTIONARY
360
1C6A
102
}
330
1
100
AcDbSymbolTableRecord
100
AcDbBlockTableRecord
  2
FUZEENDBLOCK
340
0
102
{BLKREFS
331
8A26
331
8AC2
331
8BDD
331
8BE7
331
8C23
102
}
 70
     0
280
     1
281
     0
  0
BLOCK_RECORD
  5
54E
330
1
100
AcDbSymbolTableRecord
100
AcDbBlockTableRecord
  2
CTR
340
0
102
{BLKREFS
331
8A66
331
8A82
331
8AAA
331
8AB2
331
8AB6
331
8ABA
331
8AE7
331
8AEC
331
8B53
331
8B58
331
8B5C
331
8B61
331
8B65
331
8B6A
331
8B6E
331
8B73
331
8B77
331
8B7C
102
}
 70
     4
280
     1
281
     0
1001
AcDbDynamicBlockGUID
1000
{D98DF382-C499-804D-8F9D-D42EB6DCC171}
  0
BLOCK_RECORD
  5
931
102
{ACAD_XDICTIONARY
360
8F49
102
}
330
1
100
AcDbSymbolTableRecord
100
AcDbBlockTableRecord
  2
Front_Contact
340
0
102
{BLKREFS
331
8A0D
331
8A15
331
8A2B
331
8A37
331
8A3F
331
8A48
331
8A50
331
8A6A
331
8A86
331
8AC6
331
8ACE
331
8AD7
331
8ADF
331
8AFC
331
8B04
331
8B0C
331
8B14
331
8B27
331
8B2F
331
8B37
331
8B3F
331
8C28
331
8C30
331
8C3F
331
8C47
102
}
 70
     4
280
     1
281
     0
  0
BLOCK_RECORD
  5
D4B
102
{ACAD_XDICTIONARY
360
8FDA
102
}
330
1
100
AcDbSymbolTableRecord
100
AcDbBlockTableRecord
  2
Relay_Coil
340
0
102
{BLKREFS
331
8A1F
331
8A5B
331
8A77
331
8C38
331
8C51
102
}
 70
     4
280
     1
281
     0
  0
BLOCK_RECORD
  5
52C6
330
1
100
AcDbSymbolTableRecord
100
AcDbBlockTableRecord
  2
RC_Ckt
340
0
102
{BLKREFS
331
8A62
331
8A7E
331
8AA6
102
}
 70
     4
280
     1
281
     0
1001
AcDbDynamicBlockGUID
1000
{18F52EB9-66BB-AF46-8C33-33109C5BD299}
  0
BLOCK_RECORD
  5
7075
102
{ACAD_XDICTIONARY
360
7076
102
}
330
1
100
AcDbSymbolTableRecord
100
AcDbBlockTableRecord
  2
24PPTC
340
0
102
{BLKREFS
331
8BE6
331
8BF0
331
8C64
331
906B
102
}
 70
     4
280
     0
281
     0
1001
AcDbDynamicBlockGUID
1000
{90777C36-EEB0-9F49-AED9-E1BD26B6E866}
  0
BLOCK_RECORD
  5
84C5
102
{ACAD_XDICTIONARY
360
903B
102
}
330
1
100
AcDbSymbolTableRecord
100
AcDbBlockTableRecord
  2
Back_Contact
340
0
102
{BLKREFS
331
8BF4
331
8C03
331
8C12
102
}
 70
     4
280
     1
281
     0
  0
BLOCK_RECORD
  5
8D5C
330
1
100
AcDbSymbolTableRecord
100
AcDbBlockTableRecord
  2
FRONT_REPEATER
340
0
102
{BLKREFS
331
8D8A
331
8D92
331
8D9A
331
8DA2
331
8DEC
331
8DF4
331
8DFC
331
8E04
102
}
 70
     4
280
     1
281
     0
  0
BLOCK_RECORD
  5
8EAA
330
1
100
AcDbSymbolTableRecord
100
AcDbBlockTableRecord
  2
COIL_REPEATER
340
0
102
{BLKREFS
331
8EB2
331
8EF0
331
8F0E
102
}
 70
     4
280
     1
281
     0
  0
ENDTAB
  0
ENDSEC
  0
SECTION
  2
BLOCKS
  0
BLOCK
  5
20
330
1F
100
AcDbEntity
  8
0
100
AcDbBlockBegin
  2
*Model_Space
 70
     0
 10
0.0
 20
0.0
 30
0.0
  3
*Model_Space
  1

  0
ENDBLK
  5
21
330
1F
100
AcDbEntity
  8
0
100
AcDbBlockEnd
  0
BLOCK
  5
5A
330
58
100
AcDbEntity
 67
     1
  8
0
100
AcDbBlockBegin
  2
*Paper_Space
 70
     0
 10
0.0
 20
0.0
 30
0.0
  3
*Paper_Space
  1

  0
ENDBLK
  5
5B
330
58
100
AcDbEntity
 67
     1
  8
0
100
AcDbBlockEnd
  0
BLOCK
  5
5F
330
5D
100
AcDbEntity
  8
0
100
AcDbBlockBegin
  2
*Paper_Space0
 70
     0
 10
0.0
 20
0.0
 30
0.0
  3
*Paper_Space0
  1

  0
ENDBLK
  5
60
330
5D
100
AcDbEntity
  8
0
100
AcDbBlockEnd
  0
BLOCK
  5
90B0
330
245
100
AcDbEntity
  8
FUZEBLOCK.LAYER
100
AcDbBlockBegin
  2
FUZEBLOCK
 70
     2
 10
0.0
 20
0.0
 30
0.0
  3
FUZEBLOCK
  1

  0
ATTDEF
  5
90B1
330
245
100
AcDbEntity
  8
0
100
AcDbText
 10
-12.51673290901051
 20
-0.9634273520691248
 30
1.0
 40
2.726854704138358
  1

  7
isocp.shx
 72
     1
 11
-12.51673290901051
 21
0.4000000000000543
 31
1.0
100
AcDbAttributeDefinition
  3
Enter +ve Voltage
  2
VOLT
 70
     0
 74
     2
280
     0
 71
     1
 72
     0
 11
-12.51673290901051
 21
0.4000000000000543
 31
1.0
  0
ATTDEF
  5
90B2
330
245
100
AcDbEntity
  8
0
100
AcDbText
 10
-1.299999999999992
 20
-5.463427352069122
 30
1.0
 40
2.726854704138358
  1

  7
isocp.shx
 72
     1
 11
-1.299999999999992
 21
-4.099999999999943
 31
1.0
100
AcDbAttributeDefinition
  3
Enter Terminal Number
  2
FTOT
 70
     0
 74
     2
280
     0
 71
     1
 72
     0
 11
-1.299999999999992
 21
-4.099999999999943
 31
1.0
  0
ATTDEF
  5
90B3
330
245
100
AcDbEntity
  8
0
100
AcDbText
 10
16.68326709098946
 20
2.636572647930878
 30
1.0
 40
2.726854704138358
  1

  7
isocp.shx
 72
     1
 11
16.68326709098946
 21
4.000000000000057
 31
1.0
100
AcDbAttributeDefinition
  3
Enter Fuse Rating
  2
FUSEVALUE
 70
     0
 74
     2
280
     0
 71
     1
 72
     0
 11
16.68326709098946
 21
4.000000000000057
 31
1.0
  0
POLYLINE
  5
90B4
330
245
100
AcDbEntity
  8
0
100
AcDb3dPolyline
 66
     1
 10
0.0
 20
0.0
 30
0.0
 70
     8
  0
VERTEX
  5
90B5
330
90B4
100
AcDbEntity
  8
0
100
AcDbVertex
100
AcDb3dPolylineVertex
 10
0.0
 20
1.000000000000057
 30
0.0
 70
    32
  0
VERTEX
  5
90B6
330
90B4
100
AcDbEntity
  8
0
100
AcDbVertex
100
AcDb3dPolylineVertex
 10
3.0
 20
0.0000000000000568
 30
0.0
 70
    32
  0
VERTEX
  5
90B7
330
90B4
100
AcDbEntity
  8
0
100
AcDbVertex
100
AcDb3dPolylineVertex
 10
0.0
 20
-1.0
 30
0.0
 70
    32
  0
SEQEND
  5
90B8
330
90B4
100
AcDbEntity
  8
0
  0
LINE
  5
90B9
330
245
100
AcDbEntity
  8
0
100
AcDbLine
 10
3.0
 20
0.0000000000000568
 30
0.0
 11
11.0
 21
0.0000000000000568
 31
0.0
  0
LWPOLYLINE
  5
90BA
330
245
100
AcDbEntity
  8
0
100
AcDbPolyline
 90
        2
 70
     1
 43
1.0
 10
11.25000000000001
 20
0.0000000000000568
 42
-1.0
 10
12.25000000000001
 20
0.0000000000000568
 42
-1.0
  0
ARC
  5
90BB
330
245
100
AcDbEntity
  8
0
100
AcDbCircle
 10
14.25
 20
0.0000000000000568
 30
0.0
 40
2.5
100
AcDbArc
 50
0.0
 51
180.0
  0
ARC
  5
90BC
330
245
100
AcDbEntity
  8
0
100
AcDbCircle
 10
19.25000000000001
 20
0.0000000000000568
 30
0.0
 40
2.5
100
AcDbArc
 50
180.0
 51
0.0
  0
LWPOLYLINE
  5
90BD
330
245
100
AcDbEntity
  8
0
100
AcDbPolyline
 90
        2
 70
     1
 43
1.0
 10
21.25000000000001
 20
0.0000000000000568
 42
-1.0
 10
22.25
 20
0.0000000000000568
 42
-1.0
  0
ENDBLK
  5
90BE
330
245
100
AcDbEntity
  8
FUZEBLOCK.LAYER
100
AcDbBlockEnd
  0
BLOCK
  5
256
330
255
100
AcDbEntity
  8
FUZEENDBLOCK.LAYER
100
AcDbBlockBegin
  2
FUZEENDBLOCK
 70
     2
 10
0.0
 20
0.0
 30
0.0
  3
FUZEENDBLOCK
  1

  0
ATTDEF
  5
257
330
255
100
AcDbEntity
  8
0
100
AcDbText
 10
10.85000038146969
 20
2.204714263043164
 30
1.0
 40
2.590571473913671
  1

  7
isocp.shx
 72
     1
 11
10.85000038146969
 21
3.5
 31
1.0
100
AcDbAttributeDefinition
  3
Enter -ve Voltage
  2
VOLT
 70
     0
 74
     2
280
     0
 71
     1
 72
     0
 11
10.85000038146969
 21
3.5
 31
1.0
  0
ATTDEF
  5
258
330
255
100
AcDbEntity
  8
0
100
AcDbText
 10
10.85000038146969
 20
-5.295285736956893
 30
1.0
 40
2.590571473913671
  1

  7
isocp.shx
 72
     1
 11
10.85000038146969
 21
-4.000000000000057
 31
1.0
100
AcDbAttributeDefinition
  3
Enter Terminal Number
  2
FTOT
 70
     0
 74
     2
280
     0
 71
     1
 72
     0
 11
10.85000038146969
 21
-4.000000000000057
 31
1.0
  0
POLYLINE
  5
259
330
255
100
AcDbEntity
  8
0
100
AcDb3dPolyline
 66
     1
 10
0.0
 20
0.0
 30
0.0
 70
     8
  0
VERTEX
  5
23E9
330
259
100
AcDbEntity
  8
0
100
AcDbVertex
100
AcDb3dPolylineVertex
 10
3.0
 20
1.0
 30
0.0
 70
    32
  0
VERTEX
  5
23EA
330
259
100
AcDbEntity
  8
0
100
AcDbVertex
100
AcDb3dPolylineVertex
 10
0.0
 20
0.0
 30
0.0
 70
    32
  0
VERTEX
  5
23EB
330
259
100
AcDbEntity
  8
0
100
AcDbVertex
100
AcDb3dPolylineVertex
 10
3.0
 20
-1.000000000000057
 30
0.0
 70
    32
  0
SEQEND
  5
23EC
330
259
100
AcDbEntity
  8
0
  0
LINE
  5
25E
330
255
100
AcDbEntity
  8
0
100
AcDbLine
 10
0.0
 20
0.0
 30
0.0
 11
21.75000000000001
 21
0.0
 31
0.0
  0
LWPOLYLINE
  5
25F
330
255
100
AcDbEntity
  8
0
100
AcDbPolyline
 90
        2
 70
     1
 43
1.0
 10
21.25
 20
0.0
 42
-1.0
 10
22.24999999999999
 20
0.0
 42
-1.0
  0
LWPOLYLINE
  5
23EF
330
255
100
AcDbEntity
  8
0
100
AcDbPolyline
 90
        2
 70
     1
 43
1.0
 10
10.375
 20
0.0
 42
-1.0
 10
11.37499999999999
 20
0.0
 42
-1.0
  0
ENDBLK
  5
260
330
255
100
AcDbEntity
  8
FUZEENDBLOCK.LAYER
100
AcDbBlockEnd
  0
BLOCK
  5
54F
330
54E
100
AcDbEntity
  8
0
100
AcDbBlockBegin
  2
CTR
 70
     2
 10
0.0
 20
0.0
 30
0.0
  3
CTR
  1

  0
LWPOLYLINE
  5
5B9
330
54E
100
AcDbEntity
  8
0
 62
     0
100
AcDbPolyline
 90
        2
 70
     1
 43
0.45
 10
-0.2250000000000227
 20
0.0
 42
1.0
 10
0.2250000000000227
 20
0.0
 42
1.0
  0
ARC
  5
5BA
330
54E
100
AcDbEntity
  8
0
 62
     0
100
AcDbCircle
 10
0.0000006207004047
 20
-0.0000000000001926
 30
0.0
 40
0.9999999999999999
100
AcDbArc
 50
89.99999999999999
 51
269.9999288729762
  0
ATTDEF
  5
5BB
330
54E
100
AcDbEntity
  8
0
100
AcDbText
 10
-2.520833333333333
 20
2.030550486234711
 30
0.0
 40
2.2
  1
CTR
  7
ISOCP
 72
     1
 11
0.0
 21
3.130550486234711
 31
0.0
100
AcDbAttributeDefinition
  3

  2
CTR
 70
     0
 74
     2
280
     0
 71
     1
 72
     0
 11
0.0
 21
3.130550486234711
 31
0.0
  0
ATTDEF
  5
5BC
330
54E
100
AcDbEntity
  8
0
 62
     0
100
AcDbText
 10
-1.537708333333333
 20
-4.2
 30
0.0
 40
2.2
  1
??
  7
ISOCP
 72
     1
 11
0.0
 21
-2.0
 31
0.0
100
AcDbAttributeDefinition
  3

  2
POS
 70
     0
 74
     3
280
     0
 71
     1
 72
     0
 11
0.0
 21
-2.0
 31
0.0
  0
ENDBLK
  5
554
330
54E
100
AcDbEntity
  8
0
100
AcDbBlockEnd
  0
BLOCK
  5
8F4C
330
931
100
AcDbEntity
  8
0
100
AcDbBlockBegin
  2
Front_Contact
 70
     2
 10
0.0
 20
0.0
 30
0.0
  3
Front_Contact
  1

  4
Front contact for positive supply
  0
LWPOLYLINE
  5
8F4D
330
931
100
AcDbEntity
  8
0
 62
     0
100
AcDbPolyline
 90
        2
 70
     0
 43
0.0
 10
8.000000000000014
 20
0.0
 10
-0.0000000000000142
 20
0.0
  0
LWPOLYLINE
  5
8F4E
330
931
100
AcDbEntity
  8
0
 62
     0
100
AcDbPolyline
 90
        2
 70
     1
 43
0.7500000000000004
 10
-0.3750000000000284
 20
0.0
 42
1.0
 10
0.3750000000000142
 20
0.0
 42
1.0
  0
LWPOLYLINE
  5
8F4F
330
931
100
AcDbEntity
  8
0
 62
     0
100
AcDbPolyline
 90
        3
 70
     0
 43
0.0
 10
8.749999999999986
 20
1.499999999999943
 10
8.000000000000014
 20
0.0
 10
7.250000000000114
 20
1.499999999999943
  0
ATTDEF
  5
8F50
330
931
100
AcDbEntity
  8
0
100
AcDbText
 10
-1.57954452748191
 20
4.95074480462671
 30
0.0
 40
2.146838776105253
  1
S_NAME
  7
ISOCP
 72
     1
 11
3.999999999999972
 21
6.024164192679336
 31
0.0
100
AcDbAttributeDefinition
  3
Signal Name
  2
S_NAME
 70
     0
 74
     2
280
     0
 71
     1
 72
     0
 11
3.999999999999972
 21
6.024164192679336
 31
0.0
  0
ATTDEF
  5
8F51
330
931
100
AcDbEntity
  8
0
100
AcDbText
 10
3.999999999999972
 20
1.889507054337628
 30
0.0
 40
2.146838776105253
  1

  7
ISOCP
 72
     1
 11
3.999999999999972
 21
2.962926442390255
 31
0.0
100
AcDbAttributeDefinition
  3
Relay Name
  2
R_NAME
 70
     0
 74
     2
280
     0
 71
     1
 72
     0
 11
3.999999999999972
 21
2.962926442390255
 31
0.0
  0
ATTDEF
  5
8F52
330
931
100
AcDbEntity
  8
0
 62
     0
100
AcDbText
 10
-0.0000000000000142
 20
-3.402879824275172
 30
0.0
 40
2.146838776105253
  1

  7
ISOCP
 72
     1
 11
-0.0000000000000142
 21
-1.256041048169919
 31
0.0
100
AcDbAttributeDefinition
  3
ARM
  2
A
 70
     0
 74
     3
280
     0
 71
     1
 72
     0
 11
-0.0000000000000142
 21
-1.256041048169919
 31
0.0
  0
ATTDEF
  5
8F53
330
931
100
AcDbEntity
  8
0
 62
     0
100
AcDbText
 10
8.000000000000014
 20
-3.402879824275172
 30
0.0
 40
2.146838776105253
  1

  7
ISOCP
 72
     1
 11
8.000000000000014
 21
-1.256041048169919
 31
0.0
100
AcDbAttributeDefinition
  3
FRONT
  2
F
 70
     0
 74
     3
280
     0
 71
     1
 72
     0
 11
8.000000000000014
 21
-1.256041048169919
 31
0.0
  0
ATTDEF
  5
8F54
330
931
100
AcDbEntity
  8
0
100
AcDbText
 10
3.250842718754924
 20
-3.361661887295639
 30
0.0
 40
2.146838776105253
  1
C
  7
ISOCP
 72
     1
 11
3.999999999999986
 21
-2.288242499243012
 31
0.0
100
AcDbAttributeDefinition
  3
C
  2
C
 70
     0
 74
     2
280
     0
 71
     1
 72
     0
 11
3.999999999999986
 21
-2.288242499243012
 31
0.0
  0
ATTDEF
  5
8F55
330
931
100
AcDbEntity
  8
0
100
AcDbText
 10
3.963898369493535
 20
7.824098831424181
 30
0.0
 40
2.146838776105253
  1

  7
ISOCP
 72
     1
 11
3.963898369493535
 21
8.897518219476808
 31
0.0
100
AcDbAttributeDefinition
  3
Relay position
  2
R(POS)
 70
     0
 74
     2
280
     0
 71
     1
 72
     0
 11
3.963898369493535
 21
8.897518219476808
 31
0.0
  0
ATTDEF
  5
8F56
330
931
100
AcDbEntity
  8
0
100
AcDbText
 10
3.090239143703366
 20
-6.605985805673314
 30
0.0
 40
2.0
  1

  7
ISOCP
 72
     1
 11
3.090239143703366
 21
-5.605985805673314
 31
0.0
100
AcDbAttributeDefinition
  3
WIRING_CNT
  2
WIRING
 70
     5
 74
     2
280
     1
 71
     1
 72
     0
 11
3.090239143703366
 21
-5.605985805673314
 31
0.0
  0
ATTDEF
  5
8F57
330
931
100
AcDbEntity
  8
0
100
AcDbText
 10
3.393139143703365
 20
-10.33888580567332
 30
0.0
 40
2.0
  1

  7
ISOCP
 72
     1
 11
3.393139143703365
 21
-9.338885805673318
 31
0.0
100
AcDbAttributeDefinition
  3
DIRECTION OF CONTACT
  2
DOC
 70
     5
 74
     2
280
     1
 71
     1
 72
     0
 11
3.393139143703365
 21
-9.338885805673318
 31
0.0
  0
ENDBLK
  5
8F58
330
931
100
AcDbEntity
  8
0
100
AcDbBlockEnd
  0
BLOCK
  5
8FDD
330
D4B
100
AcDbEntity
  8
0
100
AcDbBlockBegin
  2
Relay_Coil
 70
     2
 10
0.0
 20
0.0
 30
0.0
  3
Relay_Coil
  1

  4
Relay coil
  0
LWPOLYLINE
  5
8FDE
330
D4B
100
AcDbEntity
  8
0
 62
     0
100
AcDbPolyline
 90
        4
 70
     1
 43
0.0
 10
-21.66095397862534
 20
-0.0000000000000284
 10
-0.0000000000001137
 20
-0.0000000000000284
 10
-0.0000000000001137
 20
-5.000000000000028
 10
-21.66095397862534
 20
-5.000000000000028
  0
ATTDEF
  5
8FDF
330
D4B
100
AcDbEntity
  8
0
 62
     0
100
AcDbText
 10
-16.72096194250204
 20
1.272339247232773
 30
0.0
 40
2.223824894598334
  1
S_NAME
  7
ISOCP
 72
     1
 11
-10.94133370081158
 21
2.38425169453194
 31
0.0
100
AcDbAttributeDefinition
  3
Signal Name
  2
S_NAME
 70
     0
 74
     2
280
     0
 71
     1
 72
     0
 11
-10.94133370081158
 21
2.38425169453194
 31
0.0
  0
ATTDEF
  5
8FE0
330
D4B
100
AcDbEntity
  8
0
 62
     0
100
AcDbText
 10
-10.91256473594666
 20
-3.611912447299167
 30
0.0
 40
2.223824894598334
  1

  7
ISOCP
 72
     1
 11
-10.91256473594666
 21
-2.5
 31
0.0
100
AcDbAttributeDefinition
  3
Relay Name
  2
R_NAME
 70
     0
 74
     2
280
     0
 71
     1
 72
     0
 11
-10.91256473594666
 21
-2.5
 31
0.0
  0
ATTDEF
  5
8FE1
330
D4B
100
AcDbEntity
  8
0
 62
     0
100
AcDbText
 10
-21.62903400060861
 20
0.888087552700833
 30
0.0
 40
2.223824894598334
  1

  7
ISOCP
 72
     1
 11
-21.62903400060861
 21
2.0
 31
0.0
100
AcDbAttributeDefinition
  3
COIL1
  2
L+
 70
     0
 74
     2
280
     0
 71
     1
 72
     0
 11
-21.62903400060861
 21
2.0
 31
0.0
  0
ATTDEF
  5
8FE2
330
D4B
100
AcDbEntity
  8
0
 62
     0
100
AcDbText
 10
0.8390460213745996
 20
0.888087552700833
 30
0.0
 40
2.223824894598334
  1

  7
ISOCP
 72
     1
 11
0.8390460213745996
 21
2.0
 31
0.0
100
AcDbAttributeDefinition
  3
COIL2
  2
L-
 70
     0
 74
     2
280
     0
 71
     1
 72
     0
 11
0.8390460213745996
 21
2.0
 31
0.0
  0
ATTDEF
  5
8FE3
330
D4B
100
AcDbEntity
  8
0
100
AcDbText
 10
-11.0342835441719
 20
4.156186153575314
 30
0.0
 40
2.223824894598334
  1

  7
ISOCP
 72
     1
 11
-11.0342835441719
 21
5.268098600874481
 31
0.0
100
AcDbAttributeDefinition
  3
Relay Position
  2
R(POS)
 70
     0
 74
     2
280
     0
 71
     1
 72
     0
 11
-11.0342835441719
 21
5.268098600874481
 31
0.0
  0
ATTDEF
  5
8FE4
330
D4B
100
AcDbEntity
  8
0
100
AcDbText
 10
-13.92166103179812
 20
-8.393129265436253
 30
0.0
 40
2.0
  1

  7
ISOCP
 72
     1
 11
-13.92166103179812
 21
-7.393129265436253
 31
0.0
100
AcDbAttributeDefinition
  3
WIRING_CNT
  2
WIRING
 70
     5
 74
     2
280
     1
 71
     1
 72
     0
 11
-13.92166103179812
 21
-7.393129265436253
 31
0.0
  0
ATTDEF
  5
8FE5
330
D4B
100
AcDbEntity
  8
0
100
AcDbText
 10
-13.61876103179812
 20
-12.12602926543626
 30
0.0
 40
2.0
  1

  7
ISOCP
 72
     1
 11
-13.61876103179812
 21
-11.12602926543626
 31
0.0
100
AcDbAttributeDefinition
  3
DIRECTION OF CONTACT
  2
DOC
 70
     5
 74
     2
280
     1
 71
     1
 72
     0
 11
-13.61876103179812
 21
-11.12602926543626
 31
0.0
  0
ENDBLK
  5
8FE6
330
D4B
100
AcDbEntity
  8
0
100
AcDbBlockEnd
  0
BLOCK
  5
52C7
330
52C6
100
AcDbEntity
  8
0
100
AcDbBlockBegin
  2
RC_Ckt
 70
     2
 10
0.0
 20
0.0
 30
0.0
  3
RC_Ckt
  1

  4
RC connection for timer action^M^J
  0
LINE
  5
52C8
330
52C6
100
AcDbEntity
  8
0
100
AcDbLine
 10
-96.1197405714006
 20
-11.99999986060993
 30
0.0
 11
-96.11974059003933
 21
-17.99999986060993
 31
0.0
  0
LINE
  5
52C9
330
52C6
100
AcDbEntity
  8
0
100
AcDbLine
 10
-98.3785081323008
 20
-12.0
 30
0.0
 11
-98.37850815093975
 21
-18.0
 31
0.0
  0
LINE
  5
52CA
330
52C6
100
AcDbEntity
  8
0
100
AcDbLine
 10
-98.37850814162039
 20
-15.0
 30
0.0
 11
-111.3220988658834
 21
-15.0
 31
0.0
  0
LWPOLYLINE
  5
52CB
330
52C6
100
AcDbEntity
  8
0
100
AcDbPolyline
 90
        2
 70
     1
 43
0.75
 10
-64.91704351420935
 20
-15.0
 42
1.0
 10
-64.16704351420935
 20
-15.0
 42
1.0
  0
TEXT
  5
52CC
330
52C6
100
AcDbEntity
  8
0
100
AcDbText
 10
-103.0049666344852
 20
-11.28992843583853
 30
0.0
 40
2.2
  1
2200MFD
  7
ISOCP
100
AcDbText
  0
LWPOLYLINE
  5
52CD
330
52C6
100
AcDbEntity
  8
0
100
AcDbPolyline
 90
        2
 70
     1
 43
0.75
 10
-89.36743051331473
 20
-15.0
 42
1.0
 10
-88.61743051331473
 20
-15.0
 42
1.0
  0
LWPOLYLINE
  5
52CE
330
52C6
100
AcDbEntity
  8
0
370
    30
100
AcDbPolyline
 90
       14
 70
     0
 43
0.0
 10
-49.48081656231392
 20
-15.0
 10
-64.54204351420935
 20
-15.0
 10
-68.81634302435032
 20
-15.0
 10
-69.81381634976742
 20
-13.0
 10
-71.80876300060186
 20
-17.0
 10
-73.8037096514363
 20
-13.0
 10
-75.78420999530772
 20
-16.97103419892028
 10
-77.76471033917915
 20
-13.0
 10
-79.75965699001358
 20
-17.0
 10
-81.75460364084802
 20
-13.0
 10
-83.73510398471944
 20
-16.97103419892028
 10
-84.71813100317377
 20
-15.0
 10
-88.99243051331473
 20
-15.0
 10
-96.11974058071996
 20
-14.99999986060993
  0
TEXT
  5
52CF
330
52C6
100
AcDbEntity
  8
0
100
AcDbText
 10
-83.10943771688531
 20
-11.28992843583853
 30
0.0
 40
2.2
  1
100 OHMS
  7
ISOCP
100
AcDbText
  0
ATTDEF
  5
52D0
330
52C6
100
AcDbEntity
  8
0
  6
Continuous
100
AcDbText
 10
-89.89937189348527
 20
-7.375108324569013
 30
0.0
 40
2.2
  1

 41
0.7
  7
ISOCP
 72
     1
 11
-89.89937189348527
 21
-7.375108324569013
 31
0.0
100
AcDbAttributeDefinition
  3
RC Position
  2
RC_POS
 70
     0
280
     1
 71
     1
 72
     0
 11
-89.89937189348527
 21
-7.375108324569013
 31
0.0
  0
TEXT
  5
52D1
330
52C6
100
AcDbEntity
  8
0
100
AcDbText
 10
-76.6423038586176
 20
-20.1453800539928
 30
0.0
 40
2.2
  1
10 W
  7
ISOCP
100
AcDbText
  0
ATTDEF
  5
52D2
330
52C6
100
AcDbEntity
  8
0
100
AcDbText
 10
-98.3007338070557
 20
-20.98334327278014
 30
0.0
 40
2.2
  1
50V DC
  7
ISOCP
 72
     1
 11
-93.67156714038904
 21
-19.88334327278014
 31
0.0
100
AcDbAttributeDefinition
  3
V
  2
VOLTAGE
 70
     0
 74
     2
280
     0
 71
     1
 72
     0
 11
-93.67156714038904
 21
-19.88334327278014
 31
0.0
  0
ENDBLK
  5
52D3
330
52C6
100
AcDbEntity
  8
0
100
AcDbBlockEnd
  0
BLOCK
  5
7078
330
7075
100
AcDbEntity
  8
0
100
AcDbBlockBegin
  2
24PPTC
 70
     0
 10
0.0
 20
0.0
 30
0.0
  3
24PPTC
  1

  0
LINE
  5
7079
330
7075
100
AcDbEntity
  8
PPTC
370
    -2
100
AcDbLine
 10
3.015016869894012
 20
0.452093368775877
 30
0.0
 11
0.5252073726708346
 21
-4.125706351198232
 31
0.0
  0
LINE
  5
707A
330
7075
100
AcDbEntity
  8
PPTC
100
AcDbLine
 10
3.525446120363327
 20
-3.210198491313122
 30
0.0
 11
2.720194406543001
 21
-0.6725097968314913
 31
0.0
  0
LINE
  5
707B
330
7075
100
AcDbEntity
  8
PPTC
100
AcDbLine
 10
2.720194406543001
 20
-0.6725097968314913
 30
0.0
 11
2.252276228592805
 21
-3.210198491313122
 31
0.0
  0
LINE
  5
707C
330
7075
100
AcDbEntity
  8
PPTC
100
AcDbLine
 10
2.252276228592805
 20
-3.210198491313122
 30
0.0
 11
1.490550888285057
 21
-0.6725097968310365
 31
0.0
  0
LINE
  5
707D
330
7075
100
AcDbEntity
  8
PPTC
100
AcDbLine
 10
4.646751318859302
 20
-3.210198491313122
 30
0.0
 11
4.091300019096948
 21
-0.6725097968314913
 31
0.0
  0
LINE
  5
707E
330
7075
100
AcDbEntity
  8
PPTC
100
AcDbLine
 10
5.992353457754248
 20
-1.971937971625266
 30
0.0
 11
5.704841574667647
 21
-2.921388571434733
 31
0.0
  0
LINE
  5
707F
330
7075
100
AcDbEntity
  8
PPTC
100
AcDbLine
 10
4.091300019096948
 20
-0.6725097968314913
 30
0.0
 11
3.525446120363327
 21
-3.210198491313122
 31
0.0
  0
LINE
  5
7080
330
7075
100
AcDbEntity
  8
PPTC
100
AcDbLine
 10
0.9246969895514354
 20
-3.210198491312667
 30
0.0
 11
0.1194452757311097
 21
-0.6725097968310365
 31
0.0
  0
LINE
  5
7081
330
7075
100
AcDbEntity
  8
PPTC
100
AcDbLine
 10
1.490550888285057
 20
-0.6725097968310365
 30
0.0
 11
0.9246969895514354
 21
-3.210198491312667
 31
0.0
  0
LINE
  5
7082
330
7075
100
AcDbEntity
  8
PPTC
100
AcDbLine
 10
-1.802875043217739
 20
-3.144546009324927
 30
0.0
 11
-2.768708211024361
 21
-1.971937971625266
 31
0.0
  0
LINE
  5
7083
330
7075
100
AcDbEntity
  8
PPTC
100
AcDbLine
 10
0.1194452757311097
 20
-0.6725097968310365
 30
0.0
 11
-0.4464086230025117
 21
-3.210198491312667
 31
0.0
  0
LINE
  5
7084
330
7075
100
AcDbEntity
  8
PPTC
100
AcDbLine
 10
3.015016869894012
 20
0.452093368775877
 30
0.0
 11
4.235352389184541
 21
0.452093368775877
 31
0.0
  0
LINE
  5
7085
330
7075
100
AcDbEntity
  8
0
100
AcDbLine
 10
5.992353457754248
 20
-1.971937971625266
 30
0.0
 11
8.805833049227573
 21
-1.971937971625266
 31
0.0
  0
LINE
  5
7086
330
7075
100
AcDbEntity
  8
0
100
AcDbLine
 10
8.805833049227573
 20
-1.971937971625266
 30
0.0
 11
8.805833049227573
 21
3.528062028374734
 31
0.0
  0
LINE
  5
7087
330
7075
100
AcDbEntity
  8
0
100
AcDbLine
 10
-5.582187802497685
 20
-1.971937971625266
 30
0.0
 11
-5.582187802497685
 21
3.528062028374734
 31
0.0
  0
LINE
  5
7088
330
7075
100
AcDbEntity
  8
0
100
AcDbLine
 10
5.577079173217271
 20
6.026980001766105
 30
0.0
 11
8.805833049227573
 21
3.528062028374734
 31
0.0
  0
LINE
  5
7089
330
7075
100
AcDbEntity
  8
0
100
AcDbLine
 10
-5.582187802497685
 20
3.528062028374734
 30
0.0
 11
-2.297049389605831
 21
6.028062028374734
 31
0.0
  0
LINE
  5
708A
330
7075
100
AcDbEntity
  8
0
100
AcDbLine
 10
-5.582187802497685
 20
-1.971937971625266
 30
0.0
 11
-2.768708211024361
 21
-1.971937971625266
 31
0.0
  0
LINE
  5
708B
330
7075
100
AcDbEntity
  8
PPTC
100
AcDbLine
 10
-0.4464086230025117
 20
-3.210198491312667
 30
0.0
 11
-1.251660336822837
 21
-0.6725097968310365
 31
0.0
  0
LINE
  5
708C
330
7075
100
AcDbEntity
  8
PPTC
100
AcDbLine
 10
-1.251660336822837
 20
-0.6725097968310365
 30
0.0
 11
-1.802875043217739
 21
-3.144546009324898
 31
0.0
  0
LINE
  5
708D
330
7075
100
AcDbEntity
  8
PPTC
100
AcDbLine
 10
5.212605217592923
 20
-0.6725097968314913
 30
0.0
 11
4.646751318859302
 21
-3.210198491313122
 31
0.0
  0
LINE
  5
708E
330
7075
100
AcDbEntity
  8
PPTC
100
AcDbLine
 10
5.704841574667647
 20
-2.921388571434733
 30
0.0
 11
5.212605217592923
 21
-0.6725097968314913
 31
0.0
  0
LINE
  5
708F
330
7075
100
AcDbEntity
  8
PPTC
100
AcDbLine
 10
-0.6951281466196946
 20
-4.125706351198232
 30
0.0
 11
0.5252073726708346
 21
-4.125706351198232
 31
0.0
  0
ENDBLK
  5
7090
330
7075
100
AcDbEntity
  8
0
100
AcDbBlockEnd
  0
BLOCK
  5
903E
330
84C5
100
AcDbEntity
  8
0
100
AcDbBlockBegin
  2
Back_Contact
 70
     2
 10
0.0
 20
0.0
 30
0.0
  3
Back_Contact
  1

  4
Back contact for positive supply
  0
LINE
  5
903F
330
84C5
100
AcDbEntity
  8
0
 62
     0
100
AcDbLine
 10
0.7500046098836037
 20
-1.499992178913061
 30
0.0
 11
0.0000046098836037
 21
0.0000078210868821
 31
0.0
  0
LINE
  5
9040
330
84C5
100
AcDbEntity
  8
0
 62
     0
100
AcDbLine
 10
0.0000046098836037
 20
0.0000078210868821
 30
0.0
 11
-0.7499953901162968
 21
-1.499992178913061
 31
0.0
  0
LWPOLYLINE
  5
9041
330
84C5
100
AcDbEntity
  8
0
 62
     0
100
AcDbPolyline
 90
        2
 70
     1
 43
0.7500000000000003
 10
7.625004609883618
 20
0.0000156421737927
 42
1.0
 10
8.375004609883618
 20
0.0000156421737927
 42
1.0
  0
LWPOLYLINE
  5
9042
330
84C5
100
AcDbEntity
  8
0
 62
     0
100
AcDbPolyline
 90
        2
 70
     0
 43
0.0
 10
8.000004609883959
 20
-0.0000000000000284
 10
0.0000046098838311
 20
-0.0000000000000284
  0
ATTDEF
  5
9043
330
84C5
100
AcDbEntity
  8
0
100
AcDbText
 10
-2.008735650481455
 20
4.950752625713708
 30
0.0
 40
2.311980220421041
  1
S_NAME
  7
ISOCP
 72
     1
 11
4.000004609883646
 21
6.106742735924229
 31
0.0
100
AcDbAttributeDefinition
  3
Signal Name
  2
S_NAME
 70
     0
 74
     2
280
     0
 71
     1
 72
     0
 11
4.000004609883646
 21
6.106742735924229
 31
0.0
  0
ATTDEF
  5
9044
330
84C5
100
AcDbEntity
  8
0
100
AcDbText
 10
4.00000460988359
 20
1.889514875424655
 30
0.0
 40
2.311980220421041
  1

  7
ISOCP
 72
     1
 11
4.00000460988359
 21
3.045504985635176
 31
0.0
100
AcDbAttributeDefinition
  3
Relay Name
  2
R_NAME
 70
     0
 74
     2
280
     0
 71
     1
 72
     0
 11
4.00000460988359
 21
3.045504985635176
 31
0.0
  0
ATTDEF
  5
9045
330
84C5
100
AcDbEntity
  8
0
 62
     0
100
AcDbText
 10
0.0000046098839448
 20
-4.068029883895881
 30
0.0
 40
2.311980220421041
  1

  7
ISOCP
 72
     1
 11
0.0000046098839448
 21
-1.75604966347484
 31
0.0
100
AcDbAttributeDefinition
  3
ARM
  2
A
 70
     0
 74
     3
280
     0
 71
     1
 72
     0
 11
0.0000046098839448
 21
-1.75604966347484
 31
0.0
  0
ATTDEF
  5
9046
330
84C5
100
AcDbEntity
  8
0
 62
     0
100
AcDbText
 10
8.000004609883959
 20
-4.068029883895881
 30
0.0
 40
2.311980220421041
  1

  7
ISOCP
 72
     1
 11
8.000004609883959
 21
-1.75604966347484
 31
0.0
100
AcDbAttributeDefinition
  3
BACK
  2
B
 70
     0
 74
     3
280
     0
 71
     1
 72
     0
 11
8.000004609883959
 21
-1.75604966347484
 31
0.0
  0
ATTDEF
  5
9047
330
84C5
100
AcDbEntity
  8
0
100
AcDbText
 10
3.113493534292883
 20
-3.893422972032536
 30
0.0
 40
2.311980220421041
  1
C
  7
ISOCP
 72
     1
 11
3.920278298710642
 21
-2.737432861822015
 31
0.0
100
AcDbAttributeDefinition
  3
C
  2
C
 70
     0
 74
     2
280
     0
 71
     1
 72
     0
 11
3.920278298710642
 21
-2.737432861822015
 31
0.0
  0
ATTDEF
  5
9048
330
84C5
100
AcDbEntity
  8
0
100
AcDbText
 10
3.992258694013771
 20
7.82410665251118
 30
0.0
 40
2.311980220421041
  1

  7
ISOCP
 72
     1
 11
3.992258694013771
 21
8.9800967627217
 31
0.0
100
AcDbAttributeDefinition
  3
Relay position
  2
R(POS)
 70
     0
 74
     2
280
     0
 71
     1
 72
     0
 11
3.992258694013771
 21
8.9800967627217
 31
0.0
  0
ATTDEF
  5
9049
330
84C5
100
AcDbEntity
  8
0
100
AcDbText
 10
4.082146594232567
 20
-7.35934717873817
 30
0.0
 40
2.0
  1

  7
ISOCP
 72
     1
 11
4.082146594232567
 21
-6.35934717873817
 31
0.0
100
AcDbAttributeDefinition
  3
WIRING_CNT
  2
WIRING
 70
     5
 74
     2
280
     1
 71
     1
 72
     0
 11
4.082146594232567
 21
-6.35934717873817
 31
0.0
  0
ATTDEF
  5
904A
330
84C5
100
AcDbEntity
  8
0
100
AcDbText
 10
4.385046594232566
 20
-11.09224717873817
 30
0.0
 40
2.0
  1

  7
ISOCP
 72
     1
 11
4.385046594232566
 21
-10.09224717873817
 31
0.0
100
AcDbAttributeDefinition
  3
DIRECTION OF CONTACT
  2
DOC
 70
     5
 74
     2
280
     1
 71
     1
 72
     0
 11
4.385046594232566
 21
-10.09224717873817
 31
0.0
  0
ENDBLK
  5
904B
330
84C5
100
AcDbEntity
  8
0
100
AcDbBlockEnd
  0
BLOCK
  5
8D5D
330
8D5C
100
AcDbEntity
  8
0
100
AcDbBlockBegin
  2
FRONT_REPEATER
 70
     2
 10
0.0
 20
0.0
 30
0.0
  3
FRONT_REPEATER
  1

  0
LWPOLYLINE
  5
8D5E
330
8D5C
100
AcDbEntity
  8
0
 62
     0
100
AcDbPolyline
 90
        2
 70
     0
 43
0.0
 10
171.7966433084694
 20
201.8070570068078
 10
163.8823511163322
 20
201.8070570068078
  0
LWPOLYLINE
  5
8D5F
330
8D5C
100
AcDbEntity
  8
0
 62
     0
100
AcDbPolyline
 90
        2
 70
     1
 43
0.7419648930128658
 10
163.5113686698257
 20
201.8070570068078
 42
1.0
 10
164.2533335628386
 20
201.8070570068078
 42
1.0
  0
LWPOLYLINE
  5
8D60
330
8D5C
100
AcDbEntity
  8
0
 62
     0
100
AcDbPolyline
 90
        3
 70
     0
 43
0.0
 10
172.5386082014823
 20
203.2909867928335
 10
171.7966433084694
 20
201.8070570068078
 10
171.0546784154567
 20
203.2909867928335
  0
ATTDEF
  5
8D61
330
8D5C
100
AcDbEntity
  8
0
100
AcDbText
 10
162.1830454099735
 20
207.3975298772901
 30
0.0
 40
2.17643035283774
  1
S_NAME
  7
ISOCP
 72
     1
 11
167.8394972124008
 21
208.4857450537089
 31
0.0
100
AcDbAttributeDefinition
  3
Signal Name
  2
S_NAME
 70
     0
 74
     2
280
     0
 71
     1
 72
     0
 11
167.8394972124008
 21
208.4857450537089
 31
0.0
  0
ATTDEF
  5
8D62
330
8D5C
100
AcDbEntity
  8
0
100
AcDbText
 10
167.8394972124008
 20
203.7549720827759
 30
0.0
 40
2.17643035283774
  1

  7
ISOCP
 72
     1
 11
167.8394972124008
 21
204.8431872591948
 31
0.0
100
AcDbAttributeDefinition
  3
Relay Name
  2
R_NAME
 70
     0
 74
     2
280
     0
 71
     1
 72
     0
 11
167.8394972124008
 21
204.8431872591948
 31
0.0
  0
ATTDEF
  5
8D63
330
8D5C
100
AcDbEntity
  8
0
 62
     0
100
AcDbText
 10
163.8823511163322
 20
198.1466968679444
 30
0.0
 40
2.17643035283774
  1

  7
ISOCP
 72
     1
 11
163.8823511163322
 21
200.3231272207821
 31
0.0
100
AcDbAttributeDefinition
  3
ARM
  2
A
 70
     0
 74
     3
280
     0
 71
     1
 72
     0
 11
163.8823511163322
 21
200.3231272207821
 31
0.0
  0
ATTDEF
  5
8D64
330
8D5C
100
AcDbEntity
  8
0
 62
     0
100
AcDbText
 10
171.7966433084694
 20
198.1466968679444
 30
0.0
 40
2.17643035283774
  1

  7
ISOCP
 72
     1
 11
171.7966433084694
 21
200.3231272207821
 31
0.0
100
AcDbAttributeDefinition
  3
FRONT
  2
F
 70
     0
 74
     3
280
     0
 71
     1
 72
     0
 11
171.7966433084694
 21
200.3231272207821
 31
0.0
  0
ATTDEF
  5
8D65
330
8D5C
100
AcDbEntity
  8
0
100
AcDbText
 10
166.8709602797926
 20
198.2137690587456
 30
0.0
 40
2.17643035283774
  1
C
  7
ISOCP
 72
     1
 11
167.6304437883349
 21
199.3019842351645
 31
0.0
100
AcDbAttributeDefinition
  3
C
  2
C
 70
     0
 74
     2
280
     0
 71
     1
 72
     0
 11
167.6304437883349
 21
199.3019842351645
 31
0.0
  0
ATTDEF
  5
8D66
330
8D5C
100
AcDbEntity
  8
0
100
AcDbText
 10
167.9539484435018
 20
210.2925193588064
 30
0.0
 40
2.17643035283774
  1

  7
ISOCP
 72
     1
 11
167.9539484435018
 21
211.3807345352253
 31
0.0
100
AcDbAttributeDefinition
  3
Relay Position
  2
R(POS)
 70
     0
 74
     2
280
     0
 71
     1
 72
     0
 11
167.9539484435018
 21
211.3807345352253
 31
0.0
  0
ENDBLK
  5
8D67
330
8D5C
100
AcDbEntity
  8
0
100
AcDbBlockEnd
  0
BLOCK
  5
8EE3
330
8EAA
100
AcDbEntity
  8
0
100
AcDbBlockBegin
  2
COIL_REPEATER
 70
     2
 10
0.0
 20
0.0
 30
0.0
  3
COIL_REPEATER
  1

  0
LWPOLYLINE
  5
8EE4
330
8EAA
100
AcDbEntity
  8
0
 62
     0
100
AcDbPolyline
 90
        4
 70
     1
 43
0.0
 10
376.527679196638
 20
258.1121765259111
 10
401.7952501498324
 20
258.1121765259111
 10
401.7952501498324
 20
253.1121765259111
 10
376.527679196638
 20
253.112176525911
  0
ATTDEF
  5
8EE5
330
8EAA
100
AcDbEntity
  8
0
 62
     0
100
AcDbText
 10
383.3530674666797
 20
259.3845157731438
 30
0.0
 40
2.223824894598334
  1
S_NAME
  7
ISOCP
 72
     1
 11
389.1326957083702
 21
260.496428220443
 31
0.0
100
AcDbAttributeDefinition
  3
Signal Name
  2
S_NAME
 70
     0
 74
     2
280
     0
 71
     1
 72
     0
 11
389.1326957083702
 21
260.496428220443
 31
0.0
  0
ATTDEF
  5
8EE6
330
8EAA
100
AcDbEntity
  8
0
 62
     0
100
AcDbText
 10
389.1614646732352
 20
254.5002640786119
 30
0.0
 40
2.223824894598334
  1

  7
ISOCP
 72
     1
 11
389.1614646732352
 21
255.6121765259111
 31
0.0
100
AcDbAttributeDefinition
  3
Relay Name
  2
R_NAME
 70
     0
 74
     2
280
     0
 71
     1
 72
     0
 11
389.1614646732352
 21
255.6121765259111
 31
0.0
  0
ATTDEF
  5
8EE7
330
8EAA
100
AcDbEntity
  8
0
 62
     0
100
AcDbText
 10
376.7662161492232
 20
259.0002640786119
 30
0.0
 40
2.223824894598334
  1

  7
ISOCP
 72
     1
 11
376.7662161492232
 21
260.1121765259111
 31
0.0
100
AcDbAttributeDefinition
  3
COIL1
  2
L+
 70
     0
 74
     2
280
     0
 71
     1
 72
     0
 11
376.7662161492232
 21
260.1121765259111
 31
0.0
  0
ATTDEF
  5
8EE8
330
8EAA
100
AcDbEntity
  8
0
 62
     0
100
AcDbText
 10
402.6342961712072
 20
259.0002640786119
 30
0.0
 40
2.223824894598334
  1

  7
ISOCP
 72
     1
 11
402.6342961712072
 21
260.1121765259111
 31
0.0
100
AcDbAttributeDefinition
  3
COIL2
  2
L-
 70
     0
 74
     2
280
     0
 71
     1
 72
     0
 11
402.6342961712072
 21
260.1121765259111
 31
0.0
  0
LWPOLYLINE
  5
8EE9
330
8EAA
100
AcDbEntity
  8
0
100
AcDbPolyline
 90
        4
 70
     1
 43
0.0
 10
405.2538720856065
 20
258.1121765259111
 10
401.7952501498324
 20
258.1121765259111
 10
401.7952501498324
 20
253.1121765259111
 10
405.2538720856065
 20
253.1121765259111
  0
LWPOLYLINE
  5
8EEA
330
8EAA
100
AcDbEntity
  8
0
100
AcDbPolyline
 90
        3
 70
     0
 43
0.1
 10
402.255401542657
 20
255.3580949358672
 42
-1.180671751720236
 10
403.5550080296773
 20
255.5443609463309
 42
1.180671751720108
 10
404.8546145166976
 20
255.7306269567946
 42
0.9999999999999997
  0
LWPOLYLINE
  5
8EEB
330
8EAA
100
AcDbEntity
  8
0
100
AcDbPolyline
 90
        2
 70
     0
 43
0.1
 10
403.5550080296773
 20
256.816041472596
 10
403.5550080296773
 20
254.4469492890919
  0
LINE
  5
8EEC
330
8EAA
100
AcDbEntity
  8
0
100
AcDbLine
 10
403.5550080296773
 20
254.4469492890919
 30
0.0
 11
403.5550080296773
 21
256.816041472596
 31
0.0
  0
ENDBLK
  5
8EED
330
8EAA
100
AcDbEntity
  8
0
100
AcDbBlockEnd
  0
ENDSEC
  0
SECTION
  2
ENTITIES
  0
INSERT
  5
8A08
330
1F
100
AcDbEntity
  8
FUZEBLOCK.INSERT
 62
     0
100
AcDbBlockReference
 66
     1
  2
FUZEBLOCK
 10
52.77279271984003
 20
257.2316879626998
 30
0.0
 41
0.7872948906471413
 42
0.7872948906471413
 43
0.7872948906471413
  0
ATTRIB
  5
8A09
330
8A08
100
AcDbEntity
  8
0
100
AcDbText
 10
36.58973104425418
 20
256.473186530906
 30
0.7872948906471413
 40
2.146838776105251
  1
B24INT(#)
  7
isocp.shx
 72
     1
 11
42.91843285298112
 21
257.5466059189587
 31
0.7872948906471413
100
AcDbAttribute
  2
VOLT
 70
     0
 74
     2
280
     0
 71
     1
 72
     0
 11
42.91843285298112
 21
257.5466059189587
 31
0.7872948906471413
  0
ATTRIB
  5
8A0A
330
8A08
100
AcDbEntity
  8
0
100
AcDbText
 10
48.85554959504021
 20
252.930359522994
 30
0.7872948906471413
 40
2.146838776105251
  1
XXX
  7
isocp.shx
 72
     1
 11
51.74930936199875
 21
254.0037789110466
 31
0.7872948906471413
100
AcDbAttribute
  2
FTOT
 70
     0
 74
     2
280
     0
 71
     1
 72
     0
 11
51.74930936199875
 21
254.0037789110466
 31
0.7872948906471413
  0
ATTRIB
  5
8A0B
330
8A08
100
AcDbEntity
  8
0
100
AcDbText
 10
65.90744365987763
 20
259.3074481372358
 30
0.7872948906471413
 40
2.146838776105251
  1

  7
isocp.shx
 72
     1
 11
65.90744365987763
 21
260.3808675252884
 31
0.7872948906471413
100
AcDbAttribute
  2
FUSEVALUE
 70
     0
 74
     2
280
     0
 71
     1
 72
     0
 11
65.90744365987763
 21
260.3808675252884
 31
0.7872948906471413
  0
SEQEND
  5
8A0C
330
8A08
100
AcDbEntity
  8
FUZEBLOCK.INSERT
 62
     0
  0
INSERT
  5
8A0D
330
1F
100
AcDbEntity
  8
0
100
AcDbBlockReference
 66
     1
  2
Front_Contact
 10
81.08474646116167
 20
257.2316879626998
 30
0.0
  0
ATTRIB
  5
8A0E
330
8A0D
100
AcDbEntity
  8
0
100
AcDbText
 10
80.22273016520194
 20
265.0557867941239
 30
0.0
 40
2.146838776105253
  1
XXXXX
  7
ISOCP
 72
     1
 11
85.0486448306552
 21
266.1292061821766
 31
0.0
100
AcDbAttribute
  2
R(POS)
 70
     0
 74
     2
280
     0
 71
     1
 72
     0
 11
85.0486448306552
 21
266.1292061821766
 31
0.0
  0
ATTRIB
  5
8A0F
330
8A0D
100
AcDbEntity
  8
0
100
AcDbText
 10
81.87343345857087
 20
259.1211950170375
 30
0.0
 40
2.146838776105253
  1
DECR
  7
ISOCP
 72
     1
 11
85.08474646116164
 21
260.1946144050901
 31
0.0
100
AcDbAttribute
  2
R_NAME
 70
     0
 74
     2
280
     0
 71
     1
 72
     0
 11
85.08474646116164
 21
260.1946144050901
 31
0.0
  0
ATTRIB
  5
8A10
330
8A0D
100
AcDbEntity
  8
0
 62
     0
100
AcDbText
 10
80.3355891799166
 20
253.8288081384246
 30
0.0
 40
2.146838776105253
  1
2
  7
ISOCP
 72
     1
 11
81.08474646116166
 21
255.9756469145299
 31
0.0
100
AcDbAttribute
  2
A
 70
     0
 74
     3
280
     0
 71
     1
 72
     0
 11
81.08474646116166
 21
255.9756469145299
 31
0.0
  0
ATTRIB
  5
8A11
330
8A0D
100
AcDbEntity
  8
0
 62
     0
100
AcDbText
 10
88.55921821909425
 20
253.8288081384246
 30
0.0
 40
2.146838776105253
  1
1
  7
ISOCP
 72
     1
 11
89.08474646116169
 21
255.9756469145299
 31
0.0
100
AcDbAttribute
  2
F
 70
     0
 74
     3
280
     0
 71
     1
 72
     0
 11
89.08474646116169
 21
255.9756469145299
 31
0.0
  0
ATTRIB
  5
8A12
330
8A0D
100
AcDbEntity
  8
0
100
AcDbText
 10
84.12314159269785
 20
253.8700260754042
 30
0.0
 40
2.146838776105253
  1
A
  7
ISOCP
 72
     1
 11
85.08474646116166
 21
254.9434454634568
 31
0.0
100
AcDbAttribute
  2
C
 70
     0
 74
     2
280
     0
 71
     1
 72
     0
 11
85.08474646116166
 21
254.9434454634568
 31
0.0
  0
ATTRIB
  5
8A13
330
8A0D
100
AcDbEntity
  8
0
100
AcDbText
 10
84.33558917991658
 20
262.1824327673266
 30
0.0
 40
2.146838776105253
  1
*
  7
ISOCP
 72
     1
 11
85.08474646116164
 21
263.2558521553792
 31
0.0
100
AcDbAttribute
  2
S_NAME
 70
     0
 74
     2
280
     0
 71
     1
 72
     0
 11
85.08474646116164
 21
263.2558521553792
 31
0.0
  0
ATTRIB
  5
8F5B
330
8A0D
100
AcDbEntity
  8
0
100
AcDbText
 10
82.97996893819837
 20
246.8928021570265
 30
0.0
 40
2.0
  1
RF
  7
ISOCP
 72
     1
 11
84.47788560486504
 21
247.8928021570265
 31
0.0
100
AcDbAttribute
  2
DOC
 70
     5
 74
     2
280
     1
 71
     1
 72
     0
 11
84.47788560486504
 21
247.8928021570265
 31
0.0
  0
ATTRIB
  5
8F5C
330
8A0D
100
AcDbEntity
  8
0
100
AcDbText
 10
83.47706893819837
 20
250.6257021570265
 30
0.0
 40
2.0
  1
2
  7
ISOCP
 72
     1
 11
84.17498560486504
 21
251.6257021570265
 31
0.0
100
AcDbAttribute
  2
WIRING
 70
     5
 74
     2
280
     1
 71
     1
 72
     0
 11
84.17498560486504
 21
251.6257021570265
 31
0.0
  0
SEQEND
  5
8A14
330
8A0D
100
AcDbEntity
  8
0
  0
INSERT
  5
8A15
330
1F
100
AcDbEntity
  8
0
100
AcDbBlockReference
 66
     1
  2
Front_Contact
 10
81.08474646116167
 20
242.3167802039112
 30
0.0
  0
ATTRIB
  5
8A16
330
8A15
100
AcDbEntity
  8
0
100
AcDbText
 10
80.22273016520194
 20
250.1408790353354
 30
0.0
 40
2.146838776105253
  1
XXXXX
  7
ISOCP
 72
     1
 11
85.0486448306552
 21
251.214298423388
 31
0.0
100
AcDbAttribute
  2
R(POS)
 70
     0
 74
     2
280
     0
 71
     1
 72
     0
 11
85.0486448306552
 21
251.214298423388
 31
0.0
  0
ATTRIB
  5
8A17
330
8A15
100
AcDbEntity
  8
0
100
AcDbText
 10
81.87343345857087
 20
244.2062872582489
 30
0.0
 40
2.146838776105253
  1
DECR
  7
ISOCP
 72
     1
 11
85.08474646116164
 21
245.2797066463015
 31
0.0
100
AcDbAttribute
  2
R_NAME
 70
     0
 74
     2
280
     0
 71
     1
 72
     0
 11
85.08474646116164
 21
245.2797066463015
 31
0.0
  0
ATTRIB
  5
8A18
330
8A15
100
AcDbEntity
  8
0
 62
     0
100
AcDbText
 10
80.3355891799166
 20
238.913900379636
 30
0.0
 40
2.146838776105253
  1
2
  7
ISOCP
 72
     1
 11
81.08474646116166
 21
241.0607391557413
 31
0.0
100
AcDbAttribute
  2
A
 70
     0
 74
     3
280
     0
 71
     1
 72
     0
 11
81.08474646116166
 21
241.0607391557413
 31
0.0
  0
ATTRIB
  5
8A19
330
8A15
100
AcDbEntity
  8
0
 62
     0
100
AcDbText
 10
88.55921821909425
 20
238.913900379636
 30
0.0
 40
2.146838776105253
  1
1
  7
ISOCP
 72
     1
 11
89.08474646116169
 21
241.0607391557413
 31
0.0
100
AcDbAttribute
  2
F
 70
     0
 74
     3
280
     0
 71
     1
 72
     0
 11
89.08474646116169
 21
241.0607391557413
 31
0.0
  0
ATTRIB
  5
8A1A
330
8A15
100
AcDbEntity
  8
0
100
AcDbText
 10
84.23495611228667
 20
238.9551183166156
 30
0.0
 40
2.146838776105253
  1
D
  7
ISOCP
 72
     1
 11
85.08474646116166
 21
240.0285377046682
 31
0.0
100
AcDbAttribute
  2
C
 70
     0
 74
     2
280
     0
 71
     1
 72
     0
 11
85.08474646116166
 21
240.0285377046682
 31
0.0
  0
ATTRIB
  5
8A1B
330
8A15
100
AcDbEntity
  8
0
100
AcDbText
 10
84.33558917991658
 20
247.2675250085379
 30
0.0
 40
2.146838776105253
  1
*
  7
ISOCP
 72
     1
 11
85.08474646116164
 21
248.3409443965905
 31
0.0
100
AcDbAttribute
  2
S_NAME
 70
     0
 74
     2
280
     0
 71
     1
 72
     0
 11
85.08474646116164
 21
248.3409443965905
 31
0.0
  0
ATTRIB
  5
8F5D
330
8A15
100
AcDbEntity
  8
0
100
AcDbText
 10
82.97996893819837
 20
231.9778943982379
 30
0.0
 40
2.0
  1
RF
  7
ISOCP
 72
     1
 11
84.47788560486504
 21
232.9778943982379
 31
0.0
100
AcDbAttribute
  2
DOC
 70
     5
 74
     2
280
     1
 71
     1
 72
     0
 11
84.47788560486504
 21
232.9778943982379
 31
0.0
  0
ATTRIB
  5
8F5E
330
8A15
100
AcDbEntity
  8
0
100
AcDbText
 10
82.98540227153171
 20
235.7107943982379
 30
0.0
 40
2.0
  1
21
  7
ISOCP
 72
     1
 11
84.17498560486504
 21
236.7107943982379
 31
0.0
100
AcDbAttribute
  2
WIRING
 70
     5
 74
     2
280
     1
 71
     1
 72
     0
 11
84.17498560486504
 21
236.7107943982379
 31
0.0
  0
SEQEND
  5
8A1C
330
8A15
100
AcDbEntity
  8
0
  0
LINE
  5
8A1D
330
1F
100
AcDbEntity
  8
0
100
AcDbLine
 10
69.89645659141536
 20
257.2316879626998
 30
0.0
 11
81.08474646116167
 21
257.2316879626998
 31
0.0
  0
LINE
  5
8A1E
330
1F
100
AcDbEntity
  8
0
100
AcDbLine
 10
89.08474646116167
 20
257.2316879626998
 30
0.0
 11
122.7331455090845
 21
257.2316879626998
 31
0.0
  0
INSERT
  5
8A1F
330
1F
100
AcDbEntity
  8
0
100
AcDbBlockReference
 66
     1
  2
Relay_Coil
 10
144.3940994877099
 20
257.2316879626998
 30
0.0
  0
ATTRIB
  5
8A20
330
8A1F
100
AcDbEntity
  8
0
 62
     0
100
AcDbText
 10
132.6767435580541
 20
258.5040272099326
 30
0.0
 40
2.223824894598334
  1
*
  7
ISOCP
 72
     1
 11
133.4527657868983
 21
259.6159396572318
 31
0.0
100
AcDbAttribute
  2
S_NAME
 70
     0
 74
     2
280
     0
 71
     1
 72
     0
 11
133.4527657868983
 21
259.6159396572318
 31
0.0
  0
ATTRIB
  5
8A21
330
8A1F
100
AcDbEntity
  8
0
 62
     0
100
AcDbText
 10
129.2655333890872
 20
253.6197755154006
 30
0.0
 40
2.223824894598334
  1
DECPR
  7
ISOCP
 72
     1
 11
133.4815347517632
 21
254.7316879626998
 31
0.0
100
AcDbAttribute
  2
R_NAME
 70
     0
 74
     2
280
     0
 71
     1
 72
     0
 11
133.4815347517632
 21
254.7316879626998
 31
0.0
  0
ATTRIB
  5
8A22
330
8A1F
100
AcDbEntity
  8
0
 62
     0
100
AcDbText
 10
121.3311617269384
 20
258.1197755154006
 30
0.0
 40
2.223824894598334
  1
R1
  7
ISOCP
 72
     1
 11
122.7650654871013
 21
259.2316879626998
 31
0.0
100
AcDbAttribute
  2
L+
 70
     0
 74
     2
280
     0
 71
     1
 72
     0
 11
122.7650654871013
 21
259.2316879626998
 31
0.0
  0
ATTRIB
  5
8A23
330
8A1F
100
AcDbEntity
  8
0
 62
     0
100
AcDbText
 10
143.5675933224009
 20
258.1197755154006
 30
0.0
 40
2.223824894598334
  1
R2
  7
ISOCP
 72
     1
 11
145.2331455090845
 21
259.2316879626998
 31
0.0
100
AcDbAttribute
  2
L-
 70
     0
 74
     2
280
     0
 71
     1
 72
     0
 11
145.2331455090845
 21
259.2316879626998
 31
0.0
  0
ATTRIB
  5
8A24
330
8A1F
100
AcDbEntity
  8
0
100
AcDbText
 10
128.3608428992221
 20
261.3878741162751
 30
0.0
 40
2.223824894598334
  1
XXXXX
  7
ISOCP
 72
     1
 11
133.359815943538
 21
262.4997865635743
 31
0.0
100
AcDbAttribute
  2
R(POS)
 70
     0
 74
     2
280
     0
 71
     1
 72
     0
 11
133.359815943538
 21
262.4997865635743
 31
0.0
  0
ATTRIB
  5
8FE9
330
8A1F
100
AcDbEntity
  8
0
100
AcDbText
 10
129.7745217892451
 20
248.8385586972636
 30
0.0
 40
2.0
  1
2
  7
ISOCP
 72
     1
 11
130.4724384559118
 21
249.8385586972636
 31
0.0
100
AcDbAttribute
  2
WIRING
 70
     5
 74
     2
280
     1
 71
     1
 72
     0
 11
130.4724384559118
 21
249.8385586972636
 31
0.0
  0
ATTRIB
  5
8FEA
330
8A1F
100
AcDbEntity
  8
0
100
AcDbText
 10
128.7857551225785
 20
245.1056586972636
 30
0.0
 40
2.0
  1
LR1
  7
ISOCP
 72
     1
 11
130.7753384559118
 21
246.1056586972636
 31
0.0
100
AcDbAttribute
  2
DOC
 70
     5
 74
     2
280
     1
 71
     1
 72
     0
 11
130.7753384559118
 21
246.1056586972636
 31
0.0
  0
SEQEND
  5
8A25
330
8A1F
100
AcDbEntity
  8
0
  0
INSERT
  5
8A26
330
1F
100
AcDbEntity
  8
FUZEENDBLOCK.INSERT
 62
     0
100
AcDbBlockReference
 66
     1
  2
FUZEENDBLOCK
 10
207.1259481323325
 20
257.2316879626998
 30
0.0
 41
-0.8287124280195762
 42
0.8287124280195762
 43
0.8287124280195762
  0
ATTRIB
  5
8A27
330
8A26
100
AcDbEntity
  8
0
100
AcDbText
 10
192.0269800261096
 20
259.0962909257439
 30
0.8287124280195762
 40
2.071781070048941
  1
N24INT(#)
  7
isocp.shx
 72
     1
 11
198.1344179721914
 21
260.1321814607683
 31
0.8287124280195762
100
AcDbAttribute
  2
VOLT
 70
     0
 74
     2
280
     0
 71
     1
 72
     0
 11
198.1344179721914
 21
260.1321814607683
 31
0.8287124280195762
  0
ATTRIB
  5
8A28
330
8A26
100
AcDbEntity
  8
0
100
AcDbText
 10
195.3418297381879
 20
252.880947715597
 30
0.8287124280195762
 40
2.071781070048941
  1
XXX
  7
isocp.shx
 72
     1
 11
198.1344179721914
 21
253.9168382506215
 31
0.8287124280195762
100
AcDbAttribute
  2
FTOT
 70
     0
 74
     2
280
     0
 71
     1
 72
     0
 11
198.1344179721914
 21
253.9168382506215
 31
0.8287124280195762
  0
SEQEND
  5
8A29
330
8A26
100
AcDbEntity
  8
FUZEENDBLOCK.INSERT
 62
     0
  0
LINE
  5
8A2A
330
1F
100
AcDbEntity
  8
0
100
AcDbLine
 10
144.3940994877099
 20
257.2316879626998
 30
0.0
 11
189.1014528229067
 21
257.2316879626998
 31
0.0
  0
INSERT
  5
8A2B
330
1F
100
AcDbEntity
  8
0
100
AcDbBlockReference
 66
     1
  2
Front_Contact
 10
120.4965143269829
 20
240.218509931647
 30
0.0
  0
ATTRIB
  5
8A2C
330
8A2B
100
AcDbEntity
  8
0
100
AcDbText
 10
119.6344980310231
 20
248.0426087630712
 30
0.0
 40
2.146838776105253
  1
XXXXX
  7
ISOCP
 72
     1
 11
124.4604126964764
 21
249.1160281511238
 31
0.0
100
AcDbAttribute
  2
R(POS)
 70
     0
 74
     2
280
     0
 71
     1
 72
     0
 11
124.4604126964764
 21
249.1160281511238
 31
0.0
  0
ATTRIB
  5
8A2D
330
8A2B
100
AcDbEntity
  8
0
100
AcDbText
 10
120.42646581395
 20
242.1080169859846
 30
0.0
 40
2.146838776105253
  1
DECPR
  7
ISOCP
 72
     1
 11
124.4965143269829
 21
243.1814363740372
 31
0.0
100
AcDbAttribute
  2
R_NAME
 70
     0
 74
     2
280
     0
 71
     1
 72
     0
 11
124.4965143269829
 21
243.1814363740372
 31
0.0
  0
ATTRIB
  5
8A2E
330
8A2B
100
AcDbEntity
  8
0
 62
     0
100
AcDbText
 10
119.6467239781079
 20
236.8156301073718
 30
0.0
 40
2.146838776105253
  1
4
  7
ISOCP
 72
     1
 11
120.4965143269829
 21
238.9624688834771
 31
0.0
100
AcDbAttribute
  2
A
 70
     0
 74
     3
280
     0
 71
     1
 72
     0
 11
120.4965143269829
 21
238.9624688834771
 31
0.0
  0
ATTRIB
  5
8A2F
330
8A2B
100
AcDbEntity
  8
0
 62
     0
100
AcDbText
 10
127.7473570457378
 20
236.8156301073718
 30
0.0
 40
2.146838776105253
  1
3
  7
ISOCP
 72
     1
 11
128.4965143269829
 21
238.9624688834771
 31
0.0
100
AcDbAttribute
  2
F
 70
     0
 74
     3
280
     0
 71
     1
 72
     0
 11
128.4965143269829
 21
238.9624688834771
 31
0.0
  0
ATTRIB
  5
8A30
330
8A2B
100
AcDbEntity
  8
0
100
AcDbText
 10
123.7473570457378
 20
236.8568480443514
 30
0.0
 40
2.146838776105253
  1
C
  7
ISOCP
 72
     1
 11
124.4965143269829
 21
237.930267432404
 31
0.0
100
AcDbAttribute
  2
C
 70
     0
 74
     2
280
     0
 71
     1
 72
     0
 11
124.4965143269829
 21
237.930267432404
 31
0.0
  0
ATTRIB
  5
8A31
330
8A2B
100
AcDbEntity
  8
0
100
AcDbText
 10
123.7473570457378
 20
245.1692547362737
 30
0.0
 40
2.146838776105253
  1
*
  7
ISOCP
 72
     1
 11
124.4965143269829
 21
246.2426741243263
 31
0.0
100
AcDbAttribute
  2
S_NAME
 70
     0
 74
     2
280
     0
 71
     1
 72
     0
 11
124.4965143269829
 21
246.2426741243263
 31
0.0
  0
ATTRIB
  5
8F5F
330
8A2B
100
AcDbEntity
  8
0
100
AcDbText
 10
122.3917368040196
 20
229.8796241259737
 30
0.0
 40
2.0
  1
RF
  7
ISOCP
 72
     1
 11
123.8896534706863
 21
230.8796241259737
 31
0.0
100
AcDbAttribute
  2
DOC
 70
     5
 74
     2
280
     1
 71
     1
 72
     0
 11
123.8896534706863
 21
230.8796241259737
 31
0.0
  0
ATTRIB
  5
8F60
330
8A2B
100
AcDbEntity
  8
0
100
AcDbText
 10
123.097170137353
 20
233.6125241259737
 30
0.0
 40
2.0
  1
1
  7
ISOCP
 72
     1
 11
123.5867534706863
 21
234.6125241259737
 31
0.0
100
AcDbAttribute
  2
WIRING
 70
     5
 74
     2
280
     1
 71
     1
 72
     0
 11
123.5867534706863
 21
234.6125241259737
 31
0.0
  0
SEQEND
  5
8A32
330
8A2B
100
AcDbEntity
  8
0
  0
LINE
  5
8A33
330
1F
100
AcDbEntity
  8
0
100
AcDbLine
 10
122.7331455090845
 20
257.2316879626998
 30
0.0
 11
113.1404620707834
 21
252.478645382261
 31
0.0
  0
LINE
  5
8A34
330
1F
100
AcDbEntity
  8
0
100
AcDbLine
 10
113.1404620707834
 20
252.478645382261
 30
0.0
 11
113.1404620707834
 21
240.218509931647
 31
0.0
  0
LINE
  5
8A35
330
1F
100
AcDbEntity
  8
0
100
AcDbLine
 10
120.4965143269829
 20
240.218509931647
 30
0.0
 11
113.1404620707834
 21
240.218509931647
 31
0.0
  0
LINE
  5
8A36
330
1F
100
AcDbEntity
  8
0
100
AcDbLine
 10
128.4965143269829
 20
240.218509931647
 30
0.0
 11
133.8683611190853
 21
240.218509931647
 31
0.0
  0
INSERT
  5
8A37
330
1F
100
AcDbEntity
  8
0
100
AcDbBlockReference
 66
     1
  2
Front_Contact
 10
81.08474646116167
 20
226.4018724451226
 30
0.0
  0
ATTRIB
  5
8A38
330
8A37
100
AcDbEntity
  8
0
100
AcDbText
 10
80.22273016520194
 20
234.2259712765468
 30
0.0
 40
2.146838776105253
  1
XXXXX
  7
ISOCP
 72
     1
 11
85.0486448306552
 21
235.2993906645994
 31
0.0
100
AcDbAttribute
  2
R(POS)
 70
     0
 74
     2
280
     0
 71
     1
 72
     0
 11
85.0486448306552
 21
235.2993906645994
 31
0.0
  0
ATTRIB
  5
8A39
330
8A37
100
AcDbEntity
  8
0
100
AcDbText
 10
81.01469794812877
 20
228.2913794994602
 30
0.0
 40
2.146838776105253
  1
HHECR
  7
ISOCP
 72
     1
 11
85.08474646116164
 21
229.3647988875128
 31
0.0
100
AcDbAttribute
  2
R_NAME
 70
     0
 74
     2
280
     0
 71
     1
 72
     0
 11
85.08474646116164
 21
229.3647988875128
 31
0.0
  0
ATTRIB
  5
8A3A
330
8A37
100
AcDbEntity
  8
0
 62
     0
100
AcDbText
 10
80.3355891799166
 20
222.9989926208474
 30
0.0
 40
2.146838776105253
  1
2
  7
ISOCP
 72
     1
 11
81.08474646116166
 21
225.1458313969527
 31
0.0
100
AcDbAttribute
  2
A
 70
     0
 74
     3
280
     0
 71
     1
 72
     0
 11
81.08474646116166
 21
225.1458313969527
 31
0.0
  0
ATTRIB
  5
8A3B
330
8A37
100
AcDbEntity
  8
0
 62
     0
100
AcDbText
 10
88.55921821909425
 20
222.9989926208474
 30
0.0
 40
2.146838776105253
  1
1
  7
ISOCP
 72
     1
 11
89.08474646116169
 21
225.1458313969527
 31
0.0
100
AcDbAttribute
  2
F
 70
     0
 74
     3
280
     0
 71
     1
 72
     0
 11
89.08474646116169
 21
225.1458313969527
 31
0.0
  0
ATTRIB
  5
8A3C
330
8A37
100
AcDbEntity
  8
0
100
AcDbText
 10
84.12314159269785
 20
223.040210557827
 30
0.0
 40
2.146838776105253
  1
A
  7
ISOCP
 72
     1
 11
85.08474646116166
 21
224.1136299458796
 31
0.0
100
AcDbAttribute
  2
C
 70
     0
 74
     2
280
     0
 71
     1
 72
     0
 11
85.08474646116166
 21
224.1136299458796
 31
0.0
  0
ATTRIB
  5
8A3D
330
8A37
100
AcDbEntity
  8
0
100
AcDbText
 10
84.33558917991658
 20
231.3526172497493
 30
0.0
 40
2.146838776105253
  1
*
  7
ISOCP
 72
     1
 11
85.08474646116164
 21
232.4260366378019
 31
0.0
100
AcDbAttribute
  2
S_NAME
 70
     0
 74
     2
280
     0
 71
     1
 72
     0
 11
85.08474646116164
 21
232.4260366378019
 31
0.0
  0
ATTRIB
  5
8F61
330
8A37
100
AcDbEntity
  8
0
100
AcDbText
 10
82.97996893819837
 20
216.0629866394493
 30
0.0
 40
2.0
  1
RF
  7
ISOCP
 72
     1
 11
84.47788560486504
 21
217.0629866394493
 31
0.0
100
AcDbAttribute
  2
DOC
 70
     5
 74
     2
280
     1
 71
     1
 72
     0
 11
84.47788560486504
 21
217.0629866394493
 31
0.0
  0
ATTRIB
  5
8F62
330
8A37
100
AcDbEntity
  8
0
100
AcDbText
 10
83.47706893819837
 20
219.7958866394493
 30
0.0
 40
2.0
  1
2
  7
ISOCP
 72
     1
 11
84.17498560486504
 21
220.7958866394493
 31
0.0
100
AcDbAttribute
  2
WIRING
 70
     5
 74
     2
280
     1
 71
     1
 72
     0
 11
84.17498560486504
 21
220.7958866394493
 31
0.0
  0
SEQEND
  5
8A3E
330
8A37
100
AcDbEntity
  8
0
  0
INSERT
  5
8A3F
330
1F
100
AcDbEntity
  8
0
100
AcDbBlockReference
 66
     1
  2
Front_Contact
 10
81.08474646116167
 20
211.4869646863341
 30
0.0
  0
ATTRIB
  5
8A40
330
8A3F
100
AcDbEntity
  8
0
100
AcDbText
 10
80.22273016520194
 20
219.3110635177583
 30
0.0
 40
2.146838776105253
  1
XXXXX
  7
ISOCP
 72
     1
 11
85.0486448306552
 21
220.3844829058109
 31
0.0
100
AcDbAttribute
  2
R(POS)
 70
     0
 74
     2
280
     0
 71
     1
 72
     0
 11
85.0486448306552
 21
220.3844829058109
 31
0.0
  0
ATTRIB
  5
8A41
330
8A3F
100
AcDbEntity
  8
0
100
AcDbText
 10
81.01469794812877
 20
213.3764717406717
 30
0.0
 40
2.146838776105253
  1
HHECR
  7
ISOCP
 72
     1
 11
85.08474646116164
 21
214.4498911287243
 31
0.0
100
AcDbAttribute
  2
R_NAME
 70
     0
 74
     2
280
     0
 71
     1
 72
     0
 11
85.08474646116164
 21
214.4498911287243
 31
0.0
  0
ATTRIB
  5
8A42
330
8A3F
100
AcDbEntity
  8
0
 62
     0
100
AcDbText
 10
80.3355891799166
 20
208.0840848620589
 30
0.0
 40
2.146838776105253
  1
2
  7
ISOCP
 72
     1
 11
81.08474646116166
 21
210.2309236381642
 31
0.0
100
AcDbAttribute
  2
A
 70
     0
 74
     3
280
     0
 71
     1
 72
     0
 11
81.08474646116166
 21
210.2309236381642
 31
0.0
  0
ATTRIB
  5
8A43
330
8A3F
100
AcDbEntity
  8
0
 62
     0
100
AcDbText
 10
88.55921821909425
 20
208.0840848620589
 30
0.0
 40
2.146838776105253
  1
1
  7
ISOCP
 72
     1
 11
89.08474646116169
 21
210.2309236381642
 31
0.0
100
AcDbAttribute
  2
F
 70
     0
 74
     3
280
     0
 71
     1
 72
     0
 11
89.08474646116169
 21
210.2309236381642
 31
0.0
  0
ATTRIB
  5
8A44
330
8A3F
100
AcDbEntity
  8
0
100
AcDbText
 10
84.23495611228667
 20
208.1253027990385
 30
0.0
 40
2.146838776105253
  1
D
  7
ISOCP
 72
     1
 11
85.08474646116166
 21
209.1987221870911
 31
0.0
100
AcDbAttribute
  2
C
 70
     0
 74
     2
280
     0
 71
     1
 72
     0
 11
85.08474646116166
 21
209.1987221870911
 31
0.0
  0
ATTRIB
  5
8A45
330
8A3F
100
AcDbEntity
  8
0
100
AcDbText
 10
84.33558917991658
 20
216.4377094909608
 30
0.0
 40
2.146838776105253
  1
*
  7
ISOCP
 72
     1
 11
85.08474646116164
 21
217.5111288790134
 31
0.0
100
AcDbAttribute
  2
S_NAME
 70
     0
 74
     2
280
     0
 71
     1
 72
     0
 11
85.08474646116164
 21
217.5111288790134
 31
0.0
  0
ATTRIB
  5
8F63
330
8A3F
100
AcDbEntity
  8
0
100
AcDbText
 10
82.97996893819837
 20
201.1480788806608
 30
0.0
 40
2.0
  1
RF
  7
ISOCP
 72
     1
 11
84.47788560486504
 21
202.1480788806608
 31
0.0
100
AcDbAttribute
  2
DOC
 70
     5
 74
     2
280
     1
 71
     1
 72
     0
 11
84.47788560486504
 21
202.1480788806608
 31
0.0
  0
ATTRIB
  5
8F64
330
8A3F
100
AcDbEntity
  8
0
100
AcDbText
 10
82.98540227153171
 20
204.8809788806608
 30
0.0
 40
2.0
  1
21
  7
ISOCP
 72
     1
 11
84.17498560486504
 21
205.8809788806608
 31
0.0
100
AcDbAttribute
  2
WIRING
 70
     5
 74
     2
280
     1
 71
     1
 72
     0
 11
84.17498560486504
 21
205.8809788806608
 31
0.0
  0
SEQEND
  5
8A46
330
8A3F
100
AcDbEntity
  8
0
  0
LINE
  5
8A47
330
1F
100
AcDbEntity
  8
0
100
AcDbLine
 10
81.08474646116167
 20
211.4869646863341
 30
0.0
 11
74.08474646116167
 21
209.4869646863341
 31
0.0
  0
INSERT
  5
8A48
330
1F
100
AcDbEntity
  8
0
100
AcDbBlockReference
 66
     1
  2
Front_Contact
 10
81.09059905810432
 20
196.7720569275455
 30
0.0
  0
ATTRIB
  5
8A49
330
8A48
100
AcDbEntity
  8
0
100
AcDbText
 10
80.22858276214458
 20
204.5961557589697
 30
0.0
 40
2.146838776105253
  1
XXXXX
  7
ISOCP
 72
     1
 11
85.05449742759785
 21
205.6695751470223
 31
0.0
100
AcDbAttribute
  2
R(POS)
 70
     0
 74
     2
280
     0
 71
     1
 72
     0
 11
85.05449742759785
 21
205.6695751470223
 31
0.0
  0
ATTRIB
  5
8A4A
330
8A48
100
AcDbEntity
  8
0
100
AcDbText
 10
81.87928605551352
 20
198.6615639818831
 30
0.0
 40
2.146838776105253
  1
HECR
  7
ISOCP
 72
     1
 11
85.09059905810429
 21
199.7349833699357
 31
0.0
100
AcDbAttribute
  2
R_NAME
 70
     0
 74
     2
280
     0
 71
     1
 72
     0
 11
85.09059905810429
 21
199.7349833699357
 31
0.0
  0
ATTRIB
  5
8A4B
330
8A48
100
AcDbEntity
  8
0
 62
     0
100
AcDbText
 10
80.34144177685924
 20
193.3691771032703
 30
0.0
 40
2.146838776105253
  1
2
  7
ISOCP
 72
     1
 11
81.0905990581043
 21
195.5160158793756
 31
0.0
100
AcDbAttribute
  2
A
 70
     0
 74
     3
280
     0
 71
     1
 72
     0
 11
81.0905990581043
 21
195.5160158793756
 31
0.0
  0
ATTRIB
  5
8A4C
330
8A48
100
AcDbEntity
  8
0
 62
     0
100
AcDbText
 10
88.5650708160369
 20
193.3691771032703
 30
0.0
 40
2.146838776105253
  1
1
  7
ISOCP
 72
     1
 11
89.09059905810433
 21
195.5160158793756
 31
0.0
100
AcDbAttribute
  2
F
 70
     0
 74
     3
280
     0
 71
     1
 72
     0
 11
89.09059905810433
 21
195.5160158793756
 31
0.0
  0
ATTRIB
  5
8A4D
330
8A48
100
AcDbEntity
  8
0
100
AcDbText
 10
84.1289941896405
 20
193.4103950402499
 30
0.0
 40
2.146838776105253
  1
A
  7
ISOCP
 72
     1
 11
85.0905990581043
 21
194.4838144283025
 31
0.0
100
AcDbAttribute
  2
C
 70
     0
 74
     2
280
     0
 71
     1
 72
     0
 11
85.0905990581043
 21
194.4838144283025
 31
0.0
  0
ATTRIB
  5
8A4E
330
8A48
100
AcDbEntity
  8
0
100
AcDbText
 10
84.34144177685923
 20
201.7228017321722
 30
0.0
 40
2.146838776105253
  1
*
  7
ISOCP
 72
     1
 11
85.09059905810429
 21
202.7962211202248
 31
0.0
100
AcDbAttribute
  2
S_NAME
 70
     0
 74
     2
280
     0
 71
     1
 72
     0
 11
85.09059905810429
 21
202.7962211202248
 31
0.0
  0
ATTRIB
  5
8F65
330
8A48
100
AcDbEntity
  8
0
100
AcDbText
 10
82.98582153514101
 20
186.4331711218722
 30
0.0
 40
2.0
  1
RF
  7
ISOCP
 72
     1
 11
84.48373820180768
 21
187.4331711218722
 31
0.0
100
AcDbAttribute
  2
DOC
 70
     5
 74
     2
280
     1
 71
     1
 72
     0
 11
84.48373820180768
 21
187.4331711218722
 31
0.0
  0
ATTRIB
  5
8F66
330
8A48
100
AcDbEntity
  8
0
100
AcDbText
 10
83.48292153514102
 20
190.1660711218722
 30
0.0
 40
2.0
  1
2
  7
ISOCP
 72
     1
 11
84.18083820180769
 21
191.1660711218722
 31
0.0
100
AcDbAttribute
  2
WIRING
 70
     5
 74
     2
280
     1
 71
     1
 72
     0
 11
84.18083820180769
 21
191.1660711218722
 31
0.0
  0
SEQEND
  5
8A4F
330
8A48
100
AcDbEntity
  8
0
  0
INSERT
  5
8A50
330
1F
100
AcDbEntity
  8
0
100
AcDbBlockReference
 66
     1
  2
Front_Contact
 10
81.08474646116167
 20
181.8571491687569
 30
0.0
  0
ATTRIB
  5
8A51
330
8A50
100
AcDbEntity
  8
0
100
AcDbText
 10
80.22273016520194
 20
189.6812480001811
 30
0.0
 40
2.146838776105253
  1
XXXXX
  7
ISOCP
 72
     1
 11
85.0486448306552
 21
190.7546673882337
 31
0.0
100
AcDbAttribute
  2
R(POS)
 70
     0
 74
     2
280
     0
 71
     1
 72
     0
 11
85.0486448306552
 21
190.7546673882337
 31
0.0
  0
ATTRIB
  5
8A52
330
8A50
100
AcDbEntity
  8
0
100
AcDbText
 10
81.87343345857087
 20
183.7466562230946
 30
0.0
 40
2.146838776105253
  1
HECR
  7
ISOCP
 72
     1
 11
85.08474646116164
 21
184.8200756111472
 31
0.0
100
AcDbAttribute
  2
R_NAME
 70
     0
 74
     2
280
     0
 71
     1
 72
     0
 11
85.08474646116164
 21
184.8200756111472
 31
0.0
  0
ATTRIB
  5
8A53
330
8A50
100
AcDbEntity
  8
0
 62
     0
100
AcDbText
 10
80.3355891799166
 20
178.4542693444818
 30
0.0
 40
2.146838776105253
  1
2
  7
ISOCP
 72
     1
 11
81.08474646116166
 21
180.601108120587
 31
0.0
100
AcDbAttribute
  2
A
 70
     0
 74
     3
280
     0
 71
     1
 72
     0
 11
81.08474646116166
 21
180.601108120587
 31
0.0
  0
ATTRIB
  5
8A54
330
8A50
100
AcDbEntity
  8
0
 62
     0
100
AcDbText
 10
88.55921821909425
 20
178.4542693444818
 30
0.0
 40
2.146838776105253
  1
1
  7
ISOCP
 72
     1
 11
89.08474646116169
 21
180.601108120587
 31
0.0
100
AcDbAttribute
  2
F
 70
     0
 74
     3
280
     0
 71
     1
 72
     0
 11
89.08474646116169
 21
180.601108120587
 31
0.0
  0
ATTRIB
  5
8A55
330
8A50
100
AcDbEntity
  8
0
100
AcDbText
 10
84.23495611228667
 20
178.4954872814613
 30
0.0
 40
2.146838776105253
  1
D
  7
ISOCP
 72
     1
 11
85.08474646116166
 21
179.5689066695139
 31
0.0
100
AcDbAttribute
  2
C
 70
     0
 74
     2
280
     0
 71
     1
 72
     0
 11
85.08474646116166
 21
179.5689066695139
 31
0.0
  0
ATTRIB
  5
8A56
330
8A50
100
AcDbEntity
  8
0
100
AcDbText
 10
84.33558917991658
 20
186.8078939733836
 30
0.0
 40
2.146838776105253
  1
*
  7
ISOCP
 72
     1
 11
85.08474646116164
 21
187.8813133614362
 31
0.0
100
AcDbAttribute
  2
S_NAME
 70
     0
 74
     2
280
     0
 71
     1
 72
     0
 11
85.08474646116164
 21
187.8813133614362
 31
0.0
  0
ATTRIB
  5
8F67
330
8A50
100
AcDbEntity
  8
0
100
AcDbText
 10
82.97996893819837
 20
171.5182633630836
 30
0.0
 40
2.0
  1
RF
  7
ISOCP
 72
     1
 11
84.47788560486504
 21
172.5182633630836
 31
0.0
100
AcDbAttribute
  2
DOC
 70
     5
 74
     2
280
     1
 71
     1
 72
     0
 11
84.47788560486504
 21
172.5182633630836
 31
0.0
  0
ATTRIB
  5
8F68
330
8A50
100
AcDbEntity
  8
0
100
AcDbText
 10
83.68540227153171
 20
175.2511633630836
 30
0.0
 40
2.0
  1
1
  7
ISOCP
 72
     1
 11
84.17498560486504
 21
176.2511633630836
 31
0.0
100
AcDbAttribute
  2
WIRING
 70
     5
 74
     2
280
     1
 71
     1
 72
     0
 11
84.17498560486504
 21
176.2511633630836
 31
0.0
  0
SEQEND
  5
8A57
330
8A50
100
AcDbEntity
  8
0
  0
LINE
  5
8A58
330
1F
100
AcDbEntity
  8
0
100
AcDbLine
 10
89.08474646116167
 20
226.4018724451226
 30
0.0
 11
122.7331455090845
 21
226.4018724451226
 31
0.0
  0
LINE
  5
8A59
330
1F
100
AcDbEntity
  8
0
100
AcDbLine
 10
89.09059905810432
 20
196.7720569275455
 30
0.0
 11
122.7389981060271
 21
196.7720569275455
 31
0.0
  0
LINE
  5
8A5A
330
1F
100
AcDbEntity
  8
0
100
AcDbLine
 10
144.3940994877099
 20
257.2316879626998
 30
0.0
 11
172.5582122154204
 21
249.3545786404113
 31
0.0
  0
INSERT
  5
8A5B
330
1F
100
AcDbEntity
  8
0
100
AcDbBlockReference
 66
     1
  2
Relay_Coil
 10
144.3940994877099
 20
226.4018724451226
 30
0.0
  0
ATTRIB
  5
8A5C
330
8A5B
100
AcDbEntity
  8
0
 62
     0
100
AcDbText
 10
132.6767435580541
 20
227.6742116923553
 30
0.0
 40
2.223824894598334
  1
*
  7
ISOCP
 72
     1
 11
133.4527657868983
 21
228.7861241396545
 31
0.0
100
AcDbAttribute
  2
S_NAME
 70
     0
 74
     2
280
     0
 71
     1
 72
     0
 11
133.4527657868983
 21
228.7861241396545
 31
0.0
  0
ATTRIB
  5
8A5D
330
8A5B
100
AcDbEntity
  8
0
 62
     0
100
AcDbText
 10
128.3760034312479
 20
222.7899599978234
 30
0.0
 40
2.223824894598334
  1
HHECPR
  7
ISOCP
 72
     1
 11
133.4815347517632
 21
223.9018724451226
 31
0.0
100
AcDbAttribute
  2
R_NAME
 70
     0
 74
     2
280
     0
 71
     1
 72
     0
 11
133.4815347517632
 21
223.9018724451226
 31
0.0
  0
ATTRIB
  5
8A5E
330
8A5B
100
AcDbEntity
  8
0
 62
     0
100
AcDbText
 10
121.3311617269384
 20
227.2899599978234
 30
0.0
 40
2.223824894598334
  1
R1
  7
ISOCP
 72
     1
 11
122.7650654871013
 21
228.4018724451226
 31
0.0
100
AcDbAttribute
  2
L+
 70
     0
 74
     2
280
     0
 71
     1
 72
     0
 11
122.7650654871013
 21
228.4018724451226
 31
0.0
  0
ATTRIB
  5
8A5F
330
8A5B
100
AcDbEntity
  8
0
 62
     0
100
AcDbText
 10
143.5675933224009
 20
227.2899599978234
 30
0.0
 40
2.223824894598334
  1
R2
  7
ISOCP
 72
     1
 11
145.2331455090845
 21
228.4018724451226
 31
0.0
100
AcDbAttribute
  2
L-
 70
     0
 74
     2
280
     0
 71
     1
 72
     0
 11
145.2331455090845
 21
228.4018724451226
 31
0.0
  0
ATTRIB
  5
8A60
330
8A5B
100
AcDbEntity
  8
0
100
AcDbText
 10
128.3608428992221
 20
230.5580585986979
 30
0.0
 40
2.223824894598334
  1
XXXXX
  7
ISOCP
 72
     1
 11
133.359815943538
 21
231.6699710459971
 31
0.0
100
AcDbAttribute
  2
R(POS)
 70
     0
 74
     2
280
     0
 71
     1
 72
     0
 11
133.359815943538
 21
231.6699710459971
 31
0.0
  0
ATTRIB
  5
8FEB
330
8A5B
100
AcDbEntity
  8
0
100
AcDbText
 10
129.7745217892451
 20
218.0087431796863
 30
0.0
 40
2.0
  1
2
  7
ISOCP
 72
     1
 11
130.4724384559118
 21
219.0087431796863
 31
0.0
100
AcDbAttribute
  2
WIRING
 70
     5
 74
     2
280
     1
 71
     1
 72
     0
 11
130.4724384559118
 21
219.0087431796863
 31
0.0
  0
ATTRIB
  5
8FEC
330
8A5B
100
AcDbEntity
  8
0
100
AcDbText
 10
128.7857551225785
 20
214.2758431796863
 30
0.0
 40
2.0
  1
LR1
  7
ISOCP
 72
     1
 11
130.7753384559118
 21
215.2758431796863
 31
0.0
100
AcDbAttribute
  2
DOC
 70
     5
 74
     2
280
     1
 71
     1
 72
     0
 11
130.7753384559118
 21
215.2758431796863
 31
0.0
  0
SEQEND
  5
8A61
330
8A5B
100
AcDbEntity
  8
0
  0
INSERT
  5
8A62
330
1F
100
AcDbEntity
  8
0
100
AcDbBlockReference
 66
     1
  2
RC_Ckt
 10
201.419888014193
 20
218.4908665231976
 30
0.0
 41
0.6068114739418548
 42
0.6068114739418548
 43
0.6068114739418548
  0
ATTRIB
  5
8A63
330
8A62
100
AcDbEntity
  8
0
  6
Continuous
100
AcDbText
 10
200.6302639461055
 20
214.0155661702851
 30
0.0
 40
1.334985242672081
  1

 41
0.7
  7
ISOCP
 72
     1
 11
200.6302639461055
 21
214.0155661702851
 31
0.0
100
AcDbAttribute
  2
RC_POS
 70
     0
280
     1
 71
     1
 72
     0
 11
200.6302639461055
 21
214.0155661702851
 31
0.0
  0
ATTRIB
  5
8A64
330
8A62
100
AcDbEntity
  8
0
100
AcDbText
 10
139.581310823521
 20
205.757933063614
 30
0.0
 40
1.334985242672081
  1
50V DC
  7
ISOCP
 72
     1
 11
142.3903422716435
 21
206.42542568495
 31
0.0
100
AcDbAttribute
  2
VOLTAGE
 70
     0
 74
     2
280
     0
 71
     1
 72
     0
 11
142.3903422716435
 21
206.42542568495
 31
0.0
  0
SEQEND
  5
8A65
330
8A62
100
AcDbEntity
  8
0
  0
INSERT
  5
8A66
330
1F
100
AcDbEntity
  8
0
100
AcDbBlockReference
 66
     1
  2
CTR
 10
133.8683611190853
 20
209.3886944140698
 30
0.0
 41
-1.0
  0
ATTRIB
  5
8A67
330
8A66
100
AcDbEntity
  8
0
100
AcDbText
 10
133.8683611190853
 20
211.4192449003046
 30
0.0
 40
2.2
  1

  7
ISOCP
 72
     1
 11
133.8683611190853
 21
212.5192449003046
 31
0.0
100
AcDbAttribute
  2
CTR
 70
     0
 74
     2
280
     0
 71
     1
 72
     0
 11
133.8683611190853
 21
212.5192449003046
 31
0.0
  0
ATTRIB
  5
8A68
330
8A66
100
AcDbEntity
  8
0
 62
     0
100
AcDbText
 10
133.8683611190853
 20
205.1886944140698
 30
0.0
 40
2.2
  1

  7
ISOCP
 72
     1
 11
133.8683611190853
 21
207.3886944140698
 31
0.0
100
AcDbAttribute
  2
POS
 70
     0
 74
     3
280
     0
 71
     1
 72
     0
 11
133.8683611190853
 21
207.3886944140698
 31
0.0
  0
SEQEND
  5
8A69
330
8A66
100
AcDbEntity
  8
0
  0
INSERT
  5
8A6A
330
1F
100
AcDbEntity
  8
0
100
AcDbBlockReference
 66
     1
  2
Front_Contact
 10
120.4965143269829
 20
209.3886944140698
 30
0.0
  0
ATTRIB
  5
8A6B
330
8A6A
100
AcDbEntity
  8
0
100
AcDbText
 10
119.6344980310231
 20
217.212793245494
 30
0.0
 40
2.146838776105253
  1
XXXXX
  7
ISOCP
 72
     1
 11
124.4604126964764
 21
218.2862126335466
 31
0.0
100
AcDbAttribute
  2
R(POS)
 70
     0
 74
     2
280
     0
 71
     1
 72
     0
 11
124.4604126964764
 21
218.2862126335466
 31
0.0
  0
ATTRIB
  5
8A6C
330
8A6A
100
AcDbEntity
  8
0
100
AcDbText
 10
119.5677303035079
 20
211.2782014684074
 30
0.0
 40
2.146838776105253
  1
HHECPR
  7
ISOCP
 72
     1
 11
124.4965143269829
 21
212.35162085646
 31
0.0
100
AcDbAttribute
  2
R_NAME
 70
     0
 74
     2
280
     0
 71
     1
 72
     0
 11
124.4965143269829
 21
212.35162085646
 31
0.0
  0
ATTRIB
  5
8A6D
330
8A6A
100
AcDbEntity
  8
0
 62
     0
100
AcDbText
 10
119.6467239781079
 20
205.9858145897946
 30
0.0
 40
2.146838776105253
  1
4
  7
ISOCP
 72
     1
 11
120.4965143269829
 21
208.1326533658999
 31
0.0
100
AcDbAttribute
  2
A
 70
     0
 74
     3
280
     0
 71
     1
 72
     0
 11
120.4965143269829
 21
208.1326533658999
 31
0.0
  0
ATTRIB
  5
8A6E
330
8A6A
100
AcDbEntity
  8
0
 62
     0
100
AcDbText
 10
127.7473570457378
 20
205.9858145897946
 30
0.0
 40
2.146838776105253
  1
3
  7
ISOCP
 72
     1
 11
128.4965143269829
 21
208.1326533658999
 31
0.0
100
AcDbAttribute
  2
F
 70
     0
 74
     3
280
     0
 71
     1
 72
     0
 11
128.4965143269829
 21
208.1326533658999
 31
0.0
  0
ATTRIB
  5
8A6F
330
8A6A
100
AcDbEntity
  8
0
100
AcDbText
 10
123.7473570457378
 20
206.0270325267742
 30
0.0
 40
2.146838776105253
  1
C
  7
ISOCP
 72
     1
 11
124.4965143269829
 21
207.1004519148268
 31
0.0
100
AcDbAttribute
  2
C
 70
     0
 74
     2
280
     0
 71
     1
 72
     0
 11
124.4965143269829
 21
207.1004519148268
 31
0.0
  0
ATTRIB
  5
8A70
330
8A6A
100
AcDbEntity
  8
0
100
AcDbText
 10
123.7473570457378
 20
214.3394392186965
 30
0.0
 40
2.146838776105253
  1
*
  7
ISOCP
 72
     1
 11
124.4965143269829
 21
215.4128586067491
 31
0.0
100
AcDbAttribute
  2
S_NAME
 70
     0
 74
     2
280
     0
 71
     1
 72
     0
 11
124.4965143269829
 21
215.4128586067491
 31
0.0
  0
ATTRIB
  5
8F69
330
8A6A
100
AcDbEntity
  8
0
100
AcDbText
 10
122.3917368040196
 20
199.0498086083965
 30
0.0
 40
2.0
  1
RF
  7
ISOCP
 72
     1
 11
123.8896534706863
 21
200.0498086083965
 31
0.0
100
AcDbAttribute
  2
DOC
 70
     5
 74
     2
280
     1
 71
     1
 72
     0
 11
123.8896534706863
 21
200.0498086083965
 31
0.0
  0
ATTRIB
  5
8F6A
330
8A6A
100
AcDbEntity
  8
0
100
AcDbText
 10
123.097170137353
 20
202.7827086083965
 30
0.0
 40
2.0
  1
1
  7
ISOCP
 72
     1
 11
123.5867534706863
 21
203.7827086083965
 31
0.0
100
AcDbAttribute
  2
WIRING
 70
     5
 74
     2
280
     1
 71
     1
 72
     0
 11
123.5867534706863
 21
203.7827086083965
 31
0.0
  0
SEQEND
  5
8A71
330
8A6A
100
AcDbEntity
  8
0
  0
LINE
  5
8A72
330
1F
100
AcDbEntity
  8
0
100
AcDbLine
 10
122.7331455090845
 20
226.4018724451226
 30
0.0
 11
113.1404620707834
 21
221.6488298646838
 31
0.0
  0
LINE
  5
8A73
330
1F
100
AcDbEntity
  8
0
100
AcDbLine
 10
120.4965143269829
 20
209.3886944140698
 30
0.0
 11
113.1404620707834
 21
209.3886944140698
 31
0.0
  0
LINE
  5
8A74
330
1F
100
AcDbEntity
  8
0
100
AcDbLine
 10
128.4965143269829
 20
209.3886944140698
 30
0.0
 11
133.8683611190853
 21
209.3886944140698
 31
0.0
  0
LINE
  5
8A75
330
1F
100
AcDbEntity
  8
0
100
AcDbLine
 10
144.3940994877099
 20
226.4018724451226
 30
0.0
 11
172.5582122154204
 21
218.5266721610741
 31
0.0
  0
LINE
  5
8A76
330
1F
100
AcDbEntity
  8
0
100
AcDbLine
 10
172.5582122154204
 20
218.5247631228341
 30
0.0
 11
172.5582122154204
 21
196.7720569275456
 31
0.0
  0
INSERT
  5
8A77
330
1F
100
AcDbEntity
  8
0
100
AcDbBlockReference
 66
     1
  2
Relay_Coil
 10
144.3999520846525
 20
196.7720569275455
 30
0.0
  0
ATTRIB
  5
8A78
330
8A77
100
AcDbEntity
  8
0
 62
     0
100
AcDbText
 10
132.6825961549967
 20
198.0443961747782
 30
0.0
 40
2.223824894598334
  1
*
  7
ISOCP
 72
     1
 11
133.4586183838409
 21
199.1563086220774
 31
0.0
100
AcDbAttribute
  2
S_NAME
 70
     0
 74
     2
280
     0
 71
     1
 72
     0
 11
133.4586183838409
 21
199.1563086220774
 31
0.0
  0
ATTRIB
  5
8A79
330
8A77
100
AcDbEntity
  8
0
 62
     0
100
AcDbText
 10
129.2713859860299
 20
193.1601444802463
 30
0.0
 40
2.223824894598334
  1
HECPR
  7
ISOCP
 72
     1
 11
133.4873873487059
 21
194.2720569275455
 31
0.0
100
AcDbAttribute
  2
R_NAME
 70
     0
 74
     2
280
     0
 71
     1
 72
     0
 11
133.4873873487059
 21
194.2720569275455
 31
0.0
  0
ATTRIB
  5
8A7A
330
8A77
100
AcDbEntity
  8
0
 62
     0
100
AcDbText
 10
121.337014323881
 20
197.6601444802463
 30
0.0
 40
2.223824894598334
  1
R1
  7
ISOCP
 72
     1
 11
122.7709180840439
 21
198.7720569275455
 31
0.0
100
AcDbAttribute
  2
L+
 70
     0
 74
     2
280
     0
 71
     1
 72
     0
 11
122.7709180840439
 21
198.7720569275455
 31
0.0
  0
ATTRIB
  5
8A7B
330
8A77
100
AcDbEntity
  8
0
 62
     0
100
AcDbText
 10
143.5734459193436
 20
197.6601444802463
 30
0.0
 40
2.223824894598334
  1
R2
  7
ISOCP
 72
     1
 11
145.2389981060271
 21
198.7720569275455
 31
0.0
100
AcDbAttribute
  2
L-
 70
     0
 74
     2
280
     0
 71
     1
 72
     0
 11
145.2389981060271
 21
198.7720569275455
 31
0.0
  0
ATTRIB
  5
8A7C
330
8A77
100
AcDbEntity
  8
0
100
AcDbText
 10
128.3666954961648
 20
200.9282430811208
 30
0.0
 40
2.223824894598334
  1
XXXXX
  7
ISOCP
 72
     1
 11
133.3656685404806
 21
202.04015552842
 31
0.0
100
AcDbAttribute
  2
R(POS)
 70
     0
 74
     2
280
     0
 71
     1
 72
     0
 11
133.3656685404806
 21
202.04015552842
 31
0.0
  0
ATTRIB
  5
8FED
330
8A77
100
AcDbEntity
  8
0
100
AcDbText
 10
129.2887077195211
 20
188.3789276621092
 30
0.0
 40
2.0
  1
21
  7
ISOCP
 72
     1
 11
130.4782910528544
 21
189.3789276621092
 31
0.0
100
AcDbAttribute
  2
WIRING
 70
     5
 74
     2
280
     1
 71
     1
 72
     0
 11
130.4782910528544
 21
189.3789276621092
 31
0.0
  0
ATTRIB
  5
8FEE
330
8A77
100
AcDbEntity
  8
0
100
AcDbText
 10
128.7916077195211
 20
184.6460276621092
 30
0.0
 40
2.0
  1
LR1
  7
ISOCP
 72
     1
 11
130.7811910528544
 21
185.6460276621092
 31
0.0
100
AcDbAttribute
  2
DOC
 70
     5
 74
     2
280
     1
 71
     1
 72
     0
 11
130.7811910528544
 21
185.6460276621092
 31
0.0
  0
SEQEND
  5
8A7D
330
8A77
100
AcDbEntity
  8
0
  0
INSERT
  5
8A7E
330
1F
100
AcDbEntity
  8
0
100
AcDbBlockReference
 66
     1
  2
RC_Ckt
 10
201.4257406111355
 20
188.8610510056205
 30
0.0
 41
0.6068114739418548
 42
0.6068114739418548
 43
0.6068114739418548
  0
ATTRIB
  5
8A7F
330
8A7E
100
AcDbEntity
  8
0
  6
Continuous
100
AcDbText
 10
200.636116543048
 20
184.3857506527079
 30
0.0
 40
1.334985242672081
  1

 41
0.7
  7
ISOCP
 72
     1
 11
200.636116543048
 21
184.3857506527079
 31
0.0
100
AcDbAttribute
  2
RC_POS
 70
     0
280
     1
 71
     1
 72
     0
 11
200.636116543048
 21
184.3857506527079
 31
0.0
  0
ATTRIB
  5
8A80
330
8A7E
100
AcDbEntity
  8
0
100
AcDbText
 10
139.5871634204636
 20
176.1281175460369
 30
0.0
 40
1.334985242672081
  1
50V DC
  7
ISOCP
 72
     1
 11
142.3961948685861
 21
176.7956101673729
 31
0.0
100
AcDbAttribute
  2
VOLTAGE
 70
     0
 74
     2
280
     0
 71
     1
 72
     0
 11
142.3961948685861
 21
176.7956101673729
 31
0.0
  0
SEQEND
  5
8A81
330
8A7E
100
AcDbEntity
  8
0
  0
INSERT
  5
8A82
330
1F
100
AcDbEntity
  8
0
100
AcDbBlockReference
 66
     1
  2
CTR
 10
133.8742137160278
 20
179.7588788964927
 30
0.0
 41
-1.0
  0
ATTRIB
  5
8A83
330
8A82
100
AcDbEntity
  8
0
100
AcDbText
 10
133.8742137160278
 20
181.7894293827274
 30
0.0
 40
2.2
  1

  7
ISOCP
 72
     1
 11
133.8742137160278
 21
182.8894293827274
 31
0.0
100
AcDbAttribute
  2
CTR
 70
     0
 74
     2
280
     0
 71
     1
 72
     0
 11
133.8742137160278
 21
182.8894293827274
 31
0.0
  0
ATTRIB
  5
8A84
330
8A82
100
AcDbEntity
  8
0
 62
     0
100
AcDbText
 10
133.8742137160278
 20
175.5588788964927
 30
0.0
 40
2.2
  1

  7
ISOCP
 72
     1
 11
133.8742137160278
 21
177.7588788964927
 31
0.0
100
AcDbAttribute
  2
POS
 70
     0
 74
     3
280
     0
 71
     1
 72
     0
 11
133.8742137160278
 21
177.7588788964927
 31
0.0
  0
SEQEND
  5
8A85
330
8A82
100
AcDbEntity
  8
0
  0
INSERT
  5
8A86
330
1F
100
AcDbEntity
  8
0
100
AcDbBlockReference
 66
     1
  2
Front_Contact
 10
120.5023669239256
 20
179.7588788964927
 30
0.0
  0
ATTRIB
  5
8A87
330
8A86
100
AcDbEntity
  8
0
100
AcDbText
 10
119.6403506279658
 20
187.5829777279169
 30
0.0
 40
2.146838776105253
  1
XXXXX
  7
ISOCP
 72
     1
 11
124.4662652934191
 21
188.6563971159695
 31
0.0
100
AcDbAttribute
  2
R(POS)
 70
     0
 74
     2
280
     0
 71
     1
 72
     0
 11
124.4662652934191
 21
188.6563971159695
 31
0.0
  0
ATTRIB
  5
8A88
330
8A86
100
AcDbEntity
  8
0
100
AcDbText
 10
120.4323184108927
 20
181.6483859508303
 30
0.0
 40
2.146838776105253
  1
HECPR
  7
ISOCP
 72
     1
 11
124.5023669239256
 21
182.7218053388829
 31
0.0
100
AcDbAttribute
  2
R_NAME
 70
     0
 74
     2
280
     0
 71
     1
 72
     0
 11
124.5023669239256
 21
182.7218053388829
 31
0.0
  0
ATTRIB
  5
8A89
330
8A86
100
AcDbEntity
  8
0
 62
     0
100
AcDbText
 10
119.6525765750506
 20
176.3559990722175
 30
0.0
 40
2.146838776105253
  1
4
  7
ISOCP
 72
     1
 11
120.5023669239256
 21
178.5028378483228
 31
0.0
100
AcDbAttribute
  2
A
 70
     0
 74
     3
280
     0
 71
     1
 72
     0
 11
120.5023669239256
 21
178.5028378483228
 31
0.0
  0
ATTRIB
  5
8A8A
330
8A86
100
AcDbEntity
  8
0
 62
     0
100
AcDbText
 10
127.7532096426805
 20
176.3559990722175
 30
0.0
 40
2.146838776105253
  1
3
  7
ISOCP
 72
     1
 11
128.5023669239256
 21
178.5028378483228
 31
0.0
100
AcDbAttribute
  2
F
 70
     0
 74
     3
280
     0
 71
     1
 72
     0
 11
128.5023669239256
 21
178.5028378483228
 31
0.0
  0
ATTRIB
  5
8A8B
330
8A86
100
AcDbEntity
  8
0
100
AcDbText
 10
123.7532096426805
 20
176.3972170091971
 30
0.0
 40
2.146838776105253
  1
C
  7
ISOCP
 72
     1
 11
124.5023669239256
 21
177.4706363972497
 31
0.0
100
AcDbAttribute
  2
C
 70
     0
 74
     2
280
     0
 71
     1
 72
     0
 11
124.5023669239256
 21
177.4706363972497
 31
0.0
  0
ATTRIB
  5
8A8C
330
8A86
100
AcDbEntity
  8
0
100
AcDbText
 10
123.7532096426805
 20
184.7096237011194
 30
0.0
 40
2.146838776105253
  1
*
  7
ISOCP
 72
     1
 11
124.5023669239256
 21
185.783043089172
 31
0.0
100
AcDbAttribute
  2
S_NAME
 70
     0
 74
     2
280
     0
 71
     1
 72
     0
 11
124.5023669239256
 21
185.783043089172
 31
0.0
  0
ATTRIB
  5
8F6B
330
8A86
100
AcDbEntity
  8
0
100
AcDbText
 10
122.3975894009623
 20
169.4199930908194
 30
0.0
 40
2.0
  1
RF
  7
ISOCP
 72
     1
 11
123.895506067629
 21
170.4199930908194
 31
0.0
100
AcDbAttribute
  2
DOC
 70
     5
 74
     2
280
     1
 71
     1
 72
     0
 11
123.895506067629
 21
170.4199930908194
 31
0.0
  0
ATTRIB
  5
8F6C
330
8A86
100
AcDbEntity
  8
0
100
AcDbText
 10
123.1030227342957
 20
173.1528930908194
 30
0.0
 40
2.0
  1
1
  7
ISOCP
 72
     1
 11
123.592606067629
 21
174.1528930908194
 31
0.0
100
AcDbAttribute
  2
WIRING
 70
     5
 74
     2
280
     1
 71
     1
 72
     0
 11
123.592606067629
 21
174.1528930908194
 31
0.0
  0
SEQEND
  5
8A8D
330
8A86
100
AcDbEntity
  8
0
  0
LINE
  5
8A8E
330
1F
100
AcDbEntity
  8
0
100
AcDbLine
 10
122.7389981060271
 20
196.7720569275455
 30
0.0
 11
113.1463146677261
 21
192.0190143471067
 31
0.0
  0
LINE
  5
8A8F
330
1F
100
AcDbEntity
  8
0
100
AcDbLine
 10
113.1463146677261
 20
192.0190143471067
 30
0.0
 11
113.1463146677262
 21
181.0372223558101
 31
0.0
  0
LINE
  5
8A90
330
1F
100
AcDbEntity
  8
0
100
AcDbLine
 10
120.5023669239256
 20
179.7588788964927
 30
0.0
 11
113.146314667726
 21
179.7588788964927
 31
0.0
  0
LINE
  5
8A91
330
1F
100
AcDbEntity
  8
0
100
AcDbLine
 10
128.5023669239255
 20
179.7588788964927
 30
0.0
 11
133.8742137160278
 21
179.7588788964927
 31
0.0
  0
LINE
  5
8A92
330
1F
100
AcDbEntity
  8
0
100
AcDbLine
 10
144.3940994877099
 20
226.4018724451226
 30
0.0
 11
172.5582122154204
 21
226.4018724451226
 31
0.0
  0
LINE
  5
8A93
330
1F
100
AcDbEntity
  8
0
100
AcDbLine
 10
144.3999520846525
 20
196.7720569275455
 30
0.0
 11
172.5582122154204
 21
196.7720569275455
 31
0.0
  0
LINE
  5
8A94
330
1F
100
AcDbEntity
  8
0
100
AcDbLine
 10
171.3943607841686
 20
240.2185099316468
 30
0.0
 11
171.5582122154204
 21
240.2185099316468
 31
0.0
  0
LINE
  5
8A95
330
1F
100
AcDbEntity
  8
0
100
AcDbLine
 10
173.5582122154204
 20
240.2185099316468
 30
0.0
 11
186.7236369602102
 21
240.2185099316468
 31
0.0
  0
LINE
  5
8A96
330
1F
100
AcDbEntity
  8
0
100
AcDbLine
 10
171.3943607841687
 20
209.3886944140698
 30
0.0
 11
171.5582122154204
 21
209.3886944140698
 31
0.0
  0
LINE
  5
8A97
330
1F
100
AcDbEntity
  8
0
100
AcDbLine
 10
173.5582122154204
 20
209.3886944140698
 30
0.0
 11
186.7236369602102
 21
209.3886944140698
 31
0.0
  0
LINE
  5
8A98
330
1F
100
AcDbEntity
  8
0
100
AcDbLine
 10
171.4002133811113
 20
179.7588788964927
 30
0.0
 11
186.7236369602102
 21
179.7588788964927
 31
0.0
  0
LINE
  5
8A99
330
1F
100
AcDbEntity
  8
0
100
AcDbLine
 10
74.08474646116167
 20
209.4869646863341
 30
0.0
 11
74.08474646116167
 21
196.7720569275455
 31
0.0
  0
LINE
  5
8A9A
330
1F
100
AcDbEntity
  8
0
100
AcDbLine
 10
74.08474646116167
 20
196.7720569275455
 30
0.0
 11
81.09059905810432
 21
196.7720569275455
 31
0.0
  0
LINE
  5
8A9B
330
1F
100
AcDbEntity
  8
0
100
AcDbLine
 10
81.08474646116167
 20
242.3167802039112
 30
0.0
 11
74.08474646116167
 21
240.3167802039112
 31
0.0
  0
LINE
  5
8A9C
330
1F
100
AcDbEntity
  8
0
100
AcDbLine
 10
74.08474646116167
 20
240.3167802039112
 30
0.0
 11
74.08474646116167
 21
226.4018724451226
 31
0.0
  0
LINE
  5
8A9D
330
1F
100
AcDbEntity
  8
0
100
AcDbLine
 10
74.08474646116167
 20
226.4018724451226
 30
0.0
 11
81.09059905810432
 21
226.4018724451226
 31
0.0
  0
LWPOLYLINE
  5
8A9E
330
1F
100
AcDbEntity
  8
0
100
AcDbPolyline
 90
        6
 70
     0
 43
0.0
 10
81.08474646116167
 20
257.2316879626998
 10
74.08474646116167
 20
255.2316879626998
 10
74.08474646116167
 20
242.3167802039112
 10
96.08474646116167
 20
242.3167802039112
 10
96.08474646116167
 20
255.2316879626998
 10
89.08474646116167
 20
257.2316879626998
  0
LINE
  5
8A9F
330
1F
100
AcDbEntity
  8
0
100
AcDbLine
 10
113.1404620707834
 20
221.6488298646838
 30
0.0
 11
113.1404620707834
 21
209.3886944140698
 31
0.0
  0
LINE
  5
8AA0
330
1F
100
AcDbEntity
  8
0
100
AcDbLine
 10
113.1463146677261
 20
192.0190143471067
 30
0.0
 11
113.1463146677261
 21
179.7588788964927
 31
0.0
  0
LWPOLYLINE
  5
8AA1
330
1F
100
AcDbEntity
  8
0
100
AcDbPolyline
 90
        6
 70
     0
 43
0.0
 10
81.08474646116167
 20
226.4018724451226
 10
74.08474646116167
 20
224.4018724451226
 10
74.08474646116167
 20
211.4869646863341
 10
96.08474646116167
 20
211.4869646863341
 10
96.08474646116167
 20
224.4018724451226
 10
89.08474646116167
 20
226.4018724451226
  0
LWPOLYLINE
  5
8AA2
330
1F
100
AcDbEntity
  8
0
100
AcDbPolyline
 90
        6
 70
     0
 43
0.0
 10
81.09059905810432
 20
196.7720569275455
 10
74.09059905810432
 20
194.7720569275455
 10
74.09059905810432
 20
181.8571491687569
 10
96.09059905810432
 20
181.8571491687569
 10
96.09059905810432
 20
194.7720569275455
 10
89.09059905810432
 20
196.7720569275455
  0
ARC
  5
8AA3
330
1F
100
AcDbEntity
  8
0
100
AcDbCircle
 10
172.5582122154204
 20
240.218509931647
 30
0.0
 40
1.0
100
AcDbArc
 50
0.0
 51
179.9999999999967
  0
ARC
  5
8AA4
330
1F
100
AcDbEntity
  8
0
100
AcDbCircle
 10
172.5582122154204
 20
209.3886944140699
 30
0.0
 40
1.0
100
AcDbArc
 50
0.0
 51
179.9999999999967
  0
LINE
  5
8AA5
330
1F
100
AcDbEntity
  8
0
100
AcDbLine
 10
172.5582122154204
 20
249.3545786404113
 30
0.0
 11
172.5582122154204
 21
226.4018724451226
 31
0.0
  0
INSERT
  5
8AA6
330
1F
100
AcDbEntity
  8
0
100
AcDbBlockReference
 66
     1
  2
RC_Ckt
 10
201.419888014193
 20
249.3206820407747
 30
0.0
 41
0.6068114739418548
 42
0.6068114739418548
 43
0.6068114739418548
  0
ATTRIB
  5
8AA7
330
8AA6
100
AcDbEntity
  8
0
  6
Continuous
100
AcDbText
 10
200.6302639461055
 20
244.8453816878622
 30
0.0
 40
1.334985242672081
  1

 41
0.7
  7
ISOCP
 72
     1
 11
200.6302639461055
 21
244.8453816878622
 31
0.0
100
AcDbAttribute
  2
RC_POS
 70
     0
280
     1
 71
     1
 72
     0
 11
200.6302639461055
 21
244.8453816878622
 31
0.0
  0
ATTRIB
  5
8AA8
330
8AA6
100
AcDbEntity
  8
0
100
AcDbText
 10
139.581310823521
 20
236.5877485811911
 30
0.0
 40
1.334985242672081
  1
50V DC
  7
ISOCP
 72
     1
 11
142.3903422716435
 21
237.2552412025271
 31
0.0
100
AcDbAttribute
  2
VOLTAGE
 70
     0
 74
     2
280
     0
 71
     1
 72
     0
 11
142.3903422716435
 21
237.2552412025271
 31
0.0
  0
SEQEND
  5
8AA9
330
8AA6
100
AcDbEntity
  8
0
  0
INSERT
  5
8AAA
330
1F
100
AcDbEntity
  8
0
100
AcDbBlockReference
 66
     1
  2
CTR
 10
133.8683611190853
 20
240.218509931647
 30
0.0
 41
-1.0
  0
ATTRIB
  5
8AAB
330
8AAA
100
AcDbEntity
  8
0
100
AcDbText
 10
133.8683611190853
 20
242.2490604178817
 30
0.0
 40
2.2
  1

  7
ISOCP
 72
     1
 11
133.8683611190853
 21
243.3490604178817
 31
0.0
100
AcDbAttribute
  2
CTR
 70
     0
 74
     2
280
     0
 71
     1
 72
     0
 11
133.8683611190853
 21
243.3490604178817
 31
0.0
  0
ATTRIB
  5
8AAC
330
8AAA
100
AcDbEntity
  8
0
 62
     0
100
AcDbText
 10
133.8683611190853
 20
236.018509931647
 30
0.0
 40
2.2
  1

  7
ISOCP
 72
     1
 11
133.8683611190853
 21
238.218509931647
 31
0.0
100
AcDbAttribute
  2
POS
 70
     0
 74
     3
280
     0
 71
     1
 72
     0
 11
133.8683611190853
 21
238.218509931647
 31
0.0
  0
SEQEND
  5
8AAD
330
8AAA
100
AcDbEntity
  8
0
  0
MTEXT
  5
8AAE
330
1F
100
AcDbEntity
  8
0
100
AcDbMText
 10
136.6893496195688
 20
277.4139273467035
 30
0.0
 40
2.464
 41
24.02088855743006
 46
2.464
 71
     5
 72
     5
  1
{\LHUT NAME}
  7
ISOCP
 73
     1
 44
1.0
1001
AcadAnnotative
1000
AnnotativeData
1002
{
1070
     1
1070
     0
1002
}
  0
LINE
  5
8AAF
330
1F
100
AcDbEntity
  8
0
100
AcDbLine
 10
186.7236369602102
 20
240.218509931647
 30
0.0
 11
186.7236369602101
 21
249.3545786404114
 31
0.0
  0
LINE
  5
8AB0
330
1F
100
AcDbEntity
  8
0
100
AcDbLine
 10
186.7236369602101
 20
249.3545786404114
 30
0.0
 11
186.7236369602101
 21
254.8603737153936
 31
0.0
  0
LINE
  5
8AB1
330
1F
100
AcDbEntity
  8
0
100
AcDbLine
 10
186.7236369602101
 20
254.8603737153936
 30
0.0
 11
189.1014528229067
 21
257.2316879626998
 31
0.0
  0
INSERT
  5
8AB2
330
1F
100
AcDbEntity
  8
0
100
AcDbBlockReference
 66
     1
  2
CTR
 10
180.6618366624033
 20
240.2185099316468
 30
0.0
 41
1.024762559949282
 42
1.024762559949282
 43
1.024762559949282
  0
ATTRIB
  5
8AB3
330
8AB2
100
AcDbEntity
  8
0
100
AcDbText
 10
180.6618366624033
 20
242.299342046027
 30
0.0
 40
2.25447763188842
  1

  7
ISOCP
 72
     1
 11
180.6618366624033
 21
243.4265808619712
 31
0.0
100
AcDbAttribute
  2
CTR
 70
     0
 74
     2
280
     0
 71
     1
 72
     0
 11
180.6618366624033
 21
243.4265808619712
 31
0.0
  0
ATTRIB
  5
8AB4
330
8AB2
100
AcDbEntity
  8
0
 62
     0
100
AcDbText
 10
180.6618366624033
 20
235.9145071798599
 30
0.0
 40
2.25447763188842
  1

  7
ISOCP
 72
     1
 11
180.6618366624033
 21
238.1689848117483
 31
0.0
100
AcDbAttribute
  2
POS
 70
     0
 74
     3
280
     0
 71
     1
 72
     0
 11
180.6618366624033
 21
238.1689848117483
 31
0.0
  0
SEQEND
  5
8AB5
330
8AB2
100
AcDbEntity
  8
0
  0
INSERT
  5
8AB6
330
1F
100
AcDbEntity
  8
0
100
AcDbBlockReference
 66
     1
  2
CTR
 10
180.6618366624033
 20
209.3886944140698
 30
0.0
 41
1.024762559949282
 42
1.024762559949282
 43
1.024762559949282
  0
ATTRIB
  5
8AB7
330
8AB6
100
AcDbEntity
  8
0
100
AcDbText
 10
180.6618366624033
 20
211.4695265284499
 30
0.0
 40
2.25447763188842
  1

  7
ISOCP
 72
     1
 11
180.6618366624033
 21
212.5967653443941
 31
0.0
100
AcDbAttribute
  2
CTR
 70
     0
 74
     2
280
     0
 71
     1
 72
     0
 11
180.6618366624033
 21
212.5967653443941
 31
0.0
  0
ATTRIB
  5
8AB8
330
8AB6
100
AcDbEntity
  8
0
 62
     0
100
AcDbText
 10
180.6618366624033
 20
205.0846916622828
 30
0.0
 40
2.25447763188842
  1

  7
ISOCP
 72
     1
 11
180.6618366624033
 21
207.3391692941712
 31
0.0
100
AcDbAttribute
  2
POS
 70
     0
 74
     3
280
     0
 71
     1
 72
     0
 11
180.6618366624033
 21
207.3391692941712
 31
0.0
  0
SEQEND
  5
8AB9
330
8AB6
100
AcDbEntity
  8
0
  0
INSERT
  5
8ABA
330
1F
100
AcDbEntity
  8
0
100
AcDbBlockReference
 66
     1
  2
CTR
 10
180.6618366624033
 20
179.7588788964927
 30
0.0
 41
1.024762559949282
 42
1.024762559949282
 43
1.024762559949282
  0
ATTRIB
  5
8ABB
330
8ABA
100
AcDbEntity
  8
0
100
AcDbText
 10
180.6618366624033
 20
181.8397110108728
 30
0.0
 40
2.25447763188842
  1

  7
ISOCP
 72
     1
 11
180.6618366624033
 21
182.966949826817
 31
0.0
100
AcDbAttribute
  2
CTR
 70
     0
 74
     2
280
     0
 71
     1
 72
     0
 11
180.6618366624033
 21
182.966949826817
 31
0.0
  0
ATTRIB
  5
8ABC
330
8ABA
100
AcDbEntity
  8
0
 62
     0
100
AcDbText
 10
180.6618366624033
 20
175.4548761447057
 30
0.0
 40
2.25447763188842
  1

  7
ISOCP
 72
     1
 11
180.6618366624033
 21
177.7093537765941
 31
0.0
100
AcDbAttribute
  2
POS
 70
     0
 74
     3
280
     0
 71
     1
 72
     0
 11
180.6618366624033
 21
177.7093537765941
 31
0.0
  0
SEQEND
  5
8ABD
330
8ABA
100
AcDbEntity
  8
0
  0
LINE
  5
8ABE
330
1F
100
AcDbEntity
  8
0
100
AcDbLine
 10
186.7236369602102
 20
179.7588788964927
 30
0.0
 11
186.7236369602102
 21
202.7748315307535
 31
0.0
  0
LINE
  5
8ABF
330
1F
100
AcDbEntity
  8
0
100
AcDbLine
 10
186.7236369602102
 20
209.3886944140698
 30
0.0
 11
186.7236369602102
 21
232.4046470483306
 31
0.0
  0
LINE
  5
8AC0
330
1F
100
AcDbEntity
  8
0
100
AcDbLine
 10
186.7236369602102
 20
232.4046470483306
 30
0.0
 11
180.6618366624033
 21
240.2185099316468
 31
0.0
  0
LINE
  5
8AC1
330
1F
100
AcDbEntity
  8
0
100
AcDbLine
 10
186.7236369602102
 20
202.7748315307535
 30
0.0
 11
180.6618366624033
 21
209.6192659900584
 31
0.0
  0
INSERT
  5
8AC2
330
1F
100
AcDbEntity
  8
FUZEENDBLOCK.INSERT
 62
     0
100
AcDbBlockReference
 66
     1
  2
FUZEENDBLOCK
 10
242.87091358424
 20
228.2053263540589
 30
0.0
 41
0.8198340373253029
 42
0.8198340373253029
 43
0.8198340373253029
  0
ATTRIB
  5
8AC3
330
8AC2
100
AcDbEntity
  8
0
100
AcDbText
 10
244.9742541204552
 20
230.0128261494782
 30
0.8198340373253029
 40
2.123838670438406
  1
N24(EXT)#
  7
isocp.shx
 72
     1
 11
251.7661132019614
 21
231.0747454846974
 31
0.8198340373253029
100
AcDbAttribute
  2
VOLT
 70
     0
 74
     2
280
     0
 71
     1
 72
     0
 11
251.7661132019614
 21
231.0747454846974
 31
0.8198340373253029
  0
ATTRIB
  5
8AC4
330
8AC2
100
AcDbEntity
  8
0
100
AcDbText
 10
248.9033556607663
 20
223.8640708695384
 30
0.8198340373253029
 40
2.123838670438406
  1
XXX
  7
isocp.shx
 72
     1
 11
251.7661132019614
 21
224.9259902047576
 31
0.8198340373253029
100
AcDbAttribute
  2
FTOT
 70
     0
 74
     2
280
     0
 71
     1
 72
     0
 11
251.7661132019614
 21
224.9259902047576
 31
0.8198340373253029
  0
SEQEND
  5
8AC5
330
8AC2
100
AcDbEntity
  8
FUZEENDBLOCK.INSERT
 62
     0
  0
INSERT
  5
8AC6
330
1F
100
AcDbEntity
  8
0
100
AcDbBlockReference
 66
     1
  2
Front_Contact
 10
280.4472362949882
 20
258.1121765259111
 30
0.0
 41
0.9892865240171544
 42
0.9892865240171544
 43
0.9892865240171544
  0
ATTRIB
  5
8AC7
330
8AC6
100
AcDbEntity
  8
0
100
AcDbText
 10
283.6632511883518
 20
263.0098816449762
 30
0.0
 40
2.123838670438408
  1
*
  7
ISOCP
 72
     1
 11
284.4043823910568
 21
264.0718009801954
 31
0.0
100
AcDbAttribute
  2
S_NAME
 70
     0
 74
     2
280
     0
 71
     1
 72
     0
 11
284.4043823910568
 21
264.0718009801954
 31
0.0
  0
ATTRIB
  5
8AC8
330
8AC6
100
AcDbEntity
  8
0
100
AcDbText
 10
281.1146447838257
 20
259.9814403918026
 30
0.0
 40
2.123838670438408
  1
HRP2
  7
ISOCP
 72
     1
 11
284.4043823910568
 21
261.0433597270218
 31
0.0
100
AcDbAttribute
  2
R_NAME
 70
     0
 74
     2
280
     0
 71
     1
 72
     0
 11
284.4043823910568
 21
261.0433597270218
 31
0.0
  0
ATTRIB
  5
8AC9
330
8AC6
100
AcDbEntity
  8
0
 62
     0
100
AcDbText
 10
279.7061050922832
 20
254.7457533729058
 30
0.0
 40
2.123838670438408
  1
2
  7
ISOCP
 72
     1
 11
280.4472362949882
 21
256.8695920433442
 31
0.0
100
AcDbAttribute
  2
A
 70
     0
 74
     3
280
     0
 71
     1
 72
     0
 11
280.4472362949882
 21
256.8695920433442
 31
0.0
  0
ATTRIB
  5
8ACA
330
8AC6
100
AcDbEntity
  8
0
 62
     0
100
AcDbText
 10
287.8416304792577
 20
254.7457533729058
 30
0.0
 40
2.123838670438408
  1
1
  7
ISOCP
 72
     1
 11
288.3615284871254
 21
256.8695920433442
 31
0.0
100
AcDbAttribute
  2
F
 70
     0
 74
     3
280
     0
 71
     1
 72
     0
 11
288.3615284871254
 21
256.8695920433442
 31
0.0
  0
ATTRIB
  5
8ACB
330
8AC6
100
AcDbEntity
  8
0
100
AcDbText
 10
283.6632511883518
 20
254.7865297225074
 30
0.0
 40
2.123838670438408
  1
C
  7
ISOCP
 72
     1
 11
284.4043823910568
 21
255.8484490577266
 31
0.0
100
AcDbAttribute
  2
C
 70
     0
 74
     2
280
     0
 71
     1
 72
     0
 11
284.4043823910568
 21
255.8484490577266
 31
0.0
  0
ATTRIB
  5
8ACC
330
8AC6
100
AcDbEntity
  8
0
100
AcDbText
 10
279.5944551899121
 20
265.8524520624174
 30
0.0
 40
2.123838670438408
  1
XXXXX
  7
ISOCP
 72
     1
 11
284.3686675345018
 21
266.9143713976366
 31
0.0
100
AcDbAttribute
  2
R(POS)
 70
     0
 74
     2
280
     0
 71
     1
 72
     0
 11
284.3686675345018
 21
266.9143713976366
 31
0.0
  0
ATTRIB
  5
8F6D
330
8AC6
100
AcDbEntity
  8
0
100
AcDbText
 10
282.3221543515349
 20
247.8840561250063
 30
0.0
 40
1.978573048034309
  1
RF
  7
ISOCP
 72
     1
 11
283.804023123969
 21
248.8733426490234
 31
0.0
100
AcDbAttribute
  2
DOC
 70
     5
 74
     2
280
     1
 71
     1
 72
     0
 11
283.804023123969
 21
248.8733426490234
 31
0.0
  0
ATTRIB
  5
8F6E
330
8AC6
100
AcDbEntity
  8
0
100
AcDbText
 10
282.813928682624
 20
251.5769637905098
 30
0.0
 40
1.978573048034309
  1
2
  7
ISOCP
 72
     1
 11
283.5043682358443
 21
252.566250314527
 31
0.0
100
AcDbAttribute
  2
WIRING
 70
     5
 74
     2
280
     1
 71
     1
 72
     0
 11
283.5043682358443
 21
252.566250314527
 31
0.0
  0
SEQEND
  5
8ACD
330
8AC6
100
AcDbEntity
  8
0
  0
INSERT
  5
8ACE
330
1F
100
AcDbEntity
  8
0
100
AcDbBlockReference
 66
     1
  2
Front_Contact
 10
280.4472362949882
 20
243.6628595240873
 30
0.0
 41
0.9892865240171544
 42
0.9892865240171544
 43
0.9892865240171544
  0
ATTRIB
  5
8ACF
330
8ACE
100
AcDbEntity
  8
0
100
AcDbText
 10
283.6632511883518
 20
248.5605646431525
 30
0.0
 40
2.123838670438408
  1
*
  7
ISOCP
 72
     1
 11
284.4043823910568
 21
249.6224839783717
 31
0.0
100
AcDbAttribute
  2
S_NAME
 70
     0
 74
     2
280
     0
 71
     1
 72
     0
 11
284.4043823910568
 21
249.6224839783717
 31
0.0
  0
ATTRIB
  5
8AD0
330
8ACE
100
AcDbEntity
  8
0
100
AcDbText
 10
281.1146447838257
 20
245.5321233899789
 30
0.0
 40
2.123838670438408
  1
HRP2
  7
ISOCP
 72
     1
 11
284.4043823910568
 21
246.5940427251981
 31
0.0
100
AcDbAttribute
  2
R_NAME
 70
     0
 74
     2
280
     0
 71
     1
 72
     0
 11
284.4043823910568
 21
246.5940427251981
 31
0.0
  0
ATTRIB
  5
8AD1
330
8ACE
100
AcDbEntity
  8
0
 62
     0
100
AcDbText
 10
279.6065501546063
 20
240.296436371082
 30
0.0
 40
2.123838670438408
  1
4
  7
ISOCP
 72
     1
 11
280.4472362949882
 21
242.4202750415204
 31
0.0
100
AcDbAttribute
  2
A
 70
     0
 74
     3
280
     0
 71
     1
 72
     0
 11
280.4472362949882
 21
242.4202750415204
 31
0.0
  0
ATTRIB
  5
8AD2
330
8ACE
100
AcDbEntity
  8
0
 62
     0
100
AcDbText
 10
287.6203972844203
 20
240.296436371082
 30
0.0
 40
2.123838670438408
  1
3
  7
ISOCP
 72
     1
 11
288.3615284871254
 21
242.4202750415204
 31
0.0
100
AcDbAttribute
  2
F
 70
     0
 74
     3
280
     0
 71
     1
 72
     0
 11
288.3615284871254
 21
242.4202750415204
 31
0.0
  0
ATTRIB
  5
8AD3
330
8ACE
100
AcDbEntity
  8
0
100
AcDbText
 10
283.6632511883518
 20
240.3372127206837
 30
0.0
 40
2.123838670438408
  1
C
  7
ISOCP
 72
     1
 11
284.4043823910568
 21
241.3991320559029
 31
0.0
100
AcDbAttribute
  2
C
 70
     0
 74
     2
280
     0
 71
     1
 72
     0
 11
284.4043823910568
 21
241.3991320559029
 31
0.0
  0
ATTRIB
  5
8AD4
330
8ACE
100
AcDbEntity
  8
0
100
AcDbText
 10
279.5944551899121
 20
251.4031350605936
 30
0.0
 40
2.123838670438408
  1
XXXXX
  7
ISOCP
 72
     1
 11
284.3686675345018
 21
252.4650543958128
 31
0.0
100
AcDbAttribute
  2
R(POS)
 70
     0
 74
     2
280
     0
 71
     1
 72
     0
 11
284.3686675345018
 21
252.4650543958128
 31
0.0
  0
ATTRIB
  5
8F6F
330
8ACE
100
AcDbEntity
  8
0
100
AcDbText
 10
282.3221543515349
 20
233.4347391231825
 30
0.0
 40
1.978573048034309
  1
RF
  7
ISOCP
 72
     1
 11
283.804023123969
 21
234.4240256471996
 31
0.0
100
AcDbAttribute
  2
DOC
 70
     5
 74
     2
280
     1
 71
     1
 72
     0
 11
283.804023123969
 21
234.4240256471996
 31
0.0
  0
ATTRIB
  5
8F70
330
8ACE
100
AcDbEntity
  8
0
100
AcDbText
 10
283.0200300417943
 20
237.1276467886861
 30
0.0
 40
1.978573048034309
  1
1
  7
ISOCP
 72
     1
 11
283.5043682358443
 21
238.1169333127033
 31
0.0
100
AcDbAttribute
  2
WIRING
 70
     5
 74
     2
280
     1
 71
     1
 72
     0
 11
283.5043682358443
 21
238.1169333127033
 31
0.0
  0
SEQEND
  5
8AD5
330
8ACE
100
AcDbEntity
  8
0
  0
LINE
  5
8AD6
330
1F
100
AcDbEntity
  8
0
100
AcDbLine
 10
259.9316922279277
 20
258.1121765259111
 30
0.0
 11
280.4472362949882
 21
258.1121765259111
 31
0.0
  0
INSERT
  5
8AD7
330
1F
100
AcDbEntity
  8
0
100
AcDbBlockReference
 66
     1
  2
Front_Contact
 10
280.4472362949882
 20
228.2053263540589
 30
0.0
 41
0.9892865240171544
 42
0.9892865240171544
 43
0.9892865240171544
  0
ATTRIB
  5
8AD8
330
8AD7
100
AcDbEntity
  8
0
100
AcDbText
 10
283.6632511883518
 20
233.1030314731241
 30
0.0
 40
2.123838670438408
  1
*
  7
ISOCP
 72
     1
 11
284.4043823910568
 21
234.1649508083433
 31
0.0
100
AcDbAttribute
  2
S_NAME
 70
     0
 74
     2
280
     0
 71
     1
 72
     0
 11
284.4043823910568
 21
234.1649508083433
 31
0.0
  0
ATTRIB
  5
8AD9
330
8AD7
100
AcDbEntity
  8
0
100
AcDbText
 10
281.1146447838257
 20
230.0745902199505
 30
0.0
 40
2.123838670438408
  1
HRP2
  7
ISOCP
 72
     1
 11
284.4043823910568
 21
231.1365095551697
 31
0.0
100
AcDbAttribute
  2
R_NAME
 70
     0
 74
     2
280
     0
 71
     1
 72
     0
 11
284.4043823910568
 21
231.1365095551697
 31
0.0
  0
ATTRIB
  5
8ADA
330
8AD7
100
AcDbEntity
  8
0
 62
     0
100
AcDbText
 10
279.6065501546063
 20
224.8389032010536
 30
0.0
 40
2.123838670438408
  1
4
  7
ISOCP
 72
     1
 11
280.4472362949882
 21
226.962741871492
 31
0.0
100
AcDbAttribute
  2
A
 70
     0
 74
     3
280
     0
 71
     1
 72
     0
 11
280.4472362949882
 21
226.962741871492
 31
0.0
  0
ATTRIB
  5
8ADB
330
8AD7
100
AcDbEntity
  8
0
 62
     0
100
AcDbText
 10
287.6203972844203
 20
224.8389032010536
 30
0.0
 40
2.123838670438408
  1
3
  7
ISOCP
 72
     1
 11
288.3615284871254
 21
226.962741871492
 31
0.0
100
AcDbAttribute
  2
F
 70
     0
 74
     3
280
     0
 71
     1
 72
     0
 11
288.3615284871254
 21
226.962741871492
 31
0.0
  0
ATTRIB
  5
8ADC
330
8AD7
100
AcDbEntity
  8
0
100
AcDbText
 10
283.4530796532563
 20
224.8796795506553
 30
0.0
 40
2.123838670438408
  1
A
  7
ISOCP
 72
     1
 11
284.4043823910568
 21
225.9415988858745
 31
0.0
100
AcDbAttribute
  2
C
 70
     0
 74
     2
280
     0
 71
     1
 72
     0
 11
284.4043823910568
 21
225.9415988858745
 31
0.0
  0
ATTRIB
  5
8ADD
330
8AD7
100
AcDbEntity
  8
0
100
AcDbText
 10
279.5944551899121
 20
235.9456018905652
 30
0.0
 40
2.123838670438408
  1
XXXXX
  7
ISOCP
 72
     1
 11
284.3686675345018
 21
237.0075212257844
 31
0.0
100
AcDbAttribute
  2
R(POS)
 70
     0
 74
     2
280
     0
 71
     1
 72
     0
 11
284.3686675345018
 21
237.0075212257844
 31
0.0
  0
ATTRIB
  5
8F71
330
8AD7
100
AcDbEntity
  8
0
100
AcDbText
 10
282.3221543515349
 20
217.977205953154
 30
0.0
 40
1.978573048034309
  1
RF
  7
ISOCP
 72
     1
 11
283.804023123969
 21
218.9664924771712
 31
0.0
100
AcDbAttribute
  2
DOC
 70
     5
 74
     2
280
     1
 71
     1
 72
     0
 11
283.804023123969
 21
218.9664924771712
 31
0.0
  0
ATTRIB
  5
8F72
330
8AD7
100
AcDbEntity
  8
0
100
AcDbText
 10
282.813928682624
 20
221.6701136186578
 30
0.0
 40
1.978573048034309
  1
2
  7
ISOCP
 72
     1
 11
283.5043682358443
 21
222.6594001426749
 31
0.0
100
AcDbAttribute
  2
WIRING
 70
     5
 74
     2
280
     1
 71
     1
 72
     0
 11
283.5043682358443
 21
222.6594001426749
 31
0.0
  0
SEQEND
  5
8ADE
330
8AD7
100
AcDbEntity
  8
0
  0
INSERT
  5
8ADF
330
1F
100
AcDbEntity
  8
0
100
AcDbBlockReference
 66
     1
  2
Front_Contact
 10
280.4472362949882
 20
213.7981535319041
 30
0.0
 41
0.9892865240171544
 42
0.9892865240171544
 43
0.9892865240171544
  0
ATTRIB
  5
8AE0
330
8ADF
100
AcDbEntity
  8
0
100
AcDbText
 10
283.6632511883518
 20
218.6958586509692
 30
0.0
 40
2.123838670438408
  1
*
  7
ISOCP
 72
     1
 11
284.4043823910568
 21
219.7577779861884
 31
0.0
100
AcDbAttribute
  2
S_NAME
 70
     0
 74
     2
280
     0
 71
     1
 72
     0
 11
284.4043823910568
 21
219.7577779861884
 31
0.0
  0
ATTRIB
  5
8AE1
330
8ADF
100
AcDbEntity
  8
0
100
AcDbText
 10
281.1146447838257
 20
215.6674173977957
 30
0.0
 40
2.123838670438408
  1
HRP2
  7
ISOCP
 72
     1
 11
284.4043823910568
 21
216.7293367330149
 31
0.0
100
AcDbAttribute
  2
R_NAME
 70
     0
 74
     2
280
     0
 71
     1
 72
     0
 11
284.4043823910568
 21
216.7293367330149
 31
0.0
  0
ATTRIB
  5
8AE2
330
8ADF
100
AcDbEntity
  8
0
 62
     0
100
AcDbText
 10
279.6065501546063
 20
210.4317303788988
 30
0.0
 40
2.123838670438408
  1
4
  7
ISOCP
 72
     1
 11
280.4472362949882
 21
212.5555690493372
 31
0.0
100
AcDbAttribute
  2
A
 70
     0
 74
     3
280
     0
 71
     1
 72
     0
 11
280.4472362949882
 21
212.5555690493372
 31
0.0
  0
ATTRIB
  5
8AE3
330
8ADF
100
AcDbEntity
  8
0
 62
     0
100
AcDbText
 10
287.6203972844203
 20
210.4317303788988
 30
0.0
 40
2.123838670438408
  1
3
  7
ISOCP
 72
     1
 11
288.3615284871254
 21
212.5555690493372
 31
0.0
100
AcDbAttribute
  2
F
 70
     0
 74
     3
280
     0
 71
     1
 72
     0
 11
288.3615284871254
 21
212.5555690493372
 31
0.0
  0
ATTRIB
  5
8AE4
330
8ADF
100
AcDbEntity
  8
0
100
AcDbText
 10
283.5636962506749
 20
210.4725067285004
 30
0.0
 40
2.123838670438408
  1
D
  7
ISOCP
 72
     1
 11
284.4043823910568
 21
211.5344260637196
 31
0.0
100
AcDbAttribute
  2
C
 70
     0
 74
     2
280
     0
 71
     1
 72
     0
 11
284.4043823910568
 21
211.5344260637196
 31
0.0
  0
ATTRIB
  5
8AE5
330
8ADF
100
AcDbEntity
  8
0
100
AcDbText
 10
279.5944551899121
 20
221.5384290684104
 30
0.0
 40
2.123838670438408
  1
XXXXX
  7
ISOCP
 72
     1
 11
284.3686675345018
 21
222.6003484036296
 31
0.0
100
AcDbAttribute
  2
R(POS)
 70
     0
 74
     2
280
     0
 71
     1
 72
     0
 11
284.3686675345018
 21
222.6003484036296
 31
0.0
  0
ATTRIB
  5
8F73
330
8ADF
100
AcDbEntity
  8
0
100
AcDbText
 10
282.3221543515349
 20
203.5700331309992
 30
0.0
 40
1.978573048034309
  1
RF
  7
ISOCP
 72
     1
 11
283.804023123969
 21
204.5593196550164
 31
0.0
100
AcDbAttribute
  2
DOC
 70
     5
 74
     2
280
     1
 71
     1
 72
     0
 11
283.804023123969
 21
204.5593196550164
 31
0.0
  0
ATTRIB
  5
8F74
330
8ADF
100
AcDbEntity
  8
0
100
AcDbText
 10
283.0200300417943
 20
207.2629407965028
 30
0.0
 40
1.978573048034309
  1
1
  7
ISOCP
 72
     1
 11
283.5043682358443
 21
208.25222732052
 31
0.0
100
AcDbAttribute
  2
WIRING
 70
     5
 74
     2
280
     1
 71
     1
 72
     0
 11
283.5043682358443
 21
208.25222732052
 31
0.0
  0
SEQEND
  5
8AE6
330
8ADF
100
AcDbEntity
  8
0
  0
INSERT
  5
8AE7
330
1F
100
AcDbEntity
  8
0
100
AcDbBlockReference
 66
     1
  2
CTR
 10
337.2523997869638
 20
258.1121765259111
 30
0.0
 41
-0.9892865240171544
 42
0.9892865240171544
 43
0.9892865240171544
  0
ATTRIB
  5
8AE8
330
8AE7
100
AcDbEntity
  8
0
100
AcDbText
 10
334.7585733410039
 20
260.1209727582796
 30
0.0
 40
2.17643035283774
  1
CTR
  7
ISOCP
 72
     1
 11
337.2523997869638
 21
261.2091879346985
 31
0.0
100
AcDbAttribute
  2
CTR
 70
     0
 74
     2
280
     0
 71
     1
 72
     0
 11
337.2523997869638
 21
261.2091879346985
 31
0.0
  0
ATTRIB
  5
8AE9
330
8AE7
100
AcDbEntity
  8
0
 62
     0
100
AcDbText
 10
337.2523997869638
 20
253.9571731250391
 30
0.0
 40
2.17643035283774
  1

  7
ISOCP
 72
     1
 11
337.2523997869638
 21
256.1336034778768
 31
0.0
100
AcDbAttribute
  2
POS
 70
     0
 74
     3
280
     0
 71
     1
 72
     0
 11
337.2523997869638
 21
256.1336034778768
 31
0.0
  0
SEQEND
  5
8AEA
330
8AE7
100
AcDbEntity
  8
0
  0
LINE
  5
8AEB
330
1F
100
AcDbEntity
  8
0
100
AcDbLine
 10
337.2523997869638
 20
258.1121765259111
 30
0.0
 11
348.0298055331994
 21
258.1121765259111
 31
0.0
  0
INSERT
  5
8AEC
330
1F
100
AcDbEntity
  8
0
100
AcDbBlockReference
 66
     1
  2
CTR
 10
348.0298055331994
 20
258.1121765259111
 30
0.0
 41
0.9892865240171544
 42
0.9892865240171544
 43
0.9892865240171544
  0
ATTRIB
  5
8AED
330
8AEC
100
AcDbEntity
  8
0
100
AcDbText
 10
345.5359790872395
 20
260.1209727582796
 30
0.0
 40
2.17643035283774
  1
CTR
  7
ISOCP
 72
     1
 11
348.0298055331994
 21
261.2091879346985
 31
0.0
100
AcDbAttribute
  2
CTR
 70
     0
 74
     2
280
     0
 71
     1
 72
     0
 11
348.0298055331994
 21
261.2091879346985
 31
0.0
  0
ATTRIB
  5
8AEE
330
8AEC
100
AcDbEntity
  8
0
 62
     0
100
AcDbText
 10
348.0298055331994
 20
253.9571731250391
 30
0.0
 40
2.17643035283774
  1

  7
ISOCP
 72
     1
 11
348.0298055331994
 21
256.1336034778768
 31
0.0
100
AcDbAttribute
  2
POS
 70
     0
 74
     3
280
     0
 71
     1
 72
     0
 11
348.0298055331994
 21
256.1336034778768
 31
0.0
  0
SEQEND
  5
8AEF
330
8AEC
100
AcDbEntity
  8
0
  0
LINE
  5
8AF0
330
1F
100
AcDbEntity
  8
0
100
AcDbLine
 10
288.3615284871253
 20
258.1121765259111
 30
0.0
 11
318.7555872892691
 21
258.1121765259111
 31
0.0
  0
LINE
  5
8AF1
330
1F
100
AcDbEntity
  8
0
100
AcDbLine
 10
322.3434986009193
 20
258.1121765259111
 30
0.0
 11
337.0298103190599
 21
258.1121765259111
 31
0.0
  0
LINE
  5
8AF2
330
1F
100
AcDbEntity
  8
0
100
AcDbLine
 10
288.3615284871253
 20
228.2053263540589
 30
0.0
 11
303.362813951183
 21
228.2053263540589
 31
0.0
  0
LINE
  5
8AF3
330
1F
100
AcDbEntity
  8
0
100
AcDbLine
 10
348.0298055331994
 20
258.1121765259111
 30
0.0
 11
376.6756742354329
 21
258.1121765259111
 31
0.0
  0
LINE
  5
8AF4
330
1F
100
AcDbEntity
  8
0
100
AcDbLine
 10
299.659653494321
 20
228.2053263540589
 30
0.0
 11
303.362813951183
 21
228.2053263540589
 31
0.0
  0
LINE
  5
8AF5
330
1F
100
AcDbEntity
  8
0
100
AcDbLine
 10
306.9377904107932
 20
228.2053263540589
 30
0.0
 11
337.0298103190599
 21
228.2053263540589
 31
0.0
  0
LINE
  5
8AF6
330
1F
100
AcDbEntity
  8
0
100
AcDbLine
 10
401.7952501498324
 20
258.1121765259111
 30
0.0
 11
406.7125817117827
 21
258.1121765259111
 31
0.0
  0
LINE
  5
8AF7
330
1F
100
AcDbEntity
  8
0
100
AcDbLine
 10
348.0298055331994
 20
228.2053263540589
 30
0.0
 11
406.7125817117825
 21
228.2053263540584
 31
0.0
  0
LWPOLYLINE
  5
8AF8
330
1F
100
AcDbEntity
  8
0
100
AcDbPolyline
 90
        6
 70
     0
 43
0.0
 10
280.4472362949882
 20
258.1121765259111
 10
274.5498978340274
 20
256.326161778571
 10
274.5498978340274
 20
243.7050037037564
 10
295.0291001508626
 20
243.7050037037564
 10
295.0291001508626
 20
256.326161778571
 10
288.3615284871253
 20
258.1121765259111
  0
LINE
  5
8AF9
330
1F
100
AcDbEntity
  8
0
100
AcDbLine
 10
260.7023038960654
 20
228.2053263540589
 30
0.0
 11
280.4472362949882
 21
228.2053263540589
 31
0.0
  0
LWPOLYLINE
  5
8AFA
330
1F
100
AcDbEntity
  8
0
100
AcDbPolyline
 90
        6
 70
     0
 43
0.0
 10
280.4472362949882
 20
228.2053263540589
 10
274.5498978340274
 20
226.4193116067187
 10
274.5498978340274
 20
213.7981535319041
 10
295.0291001508626
 20
213.7981535319041
 10
295.0291001508626
 20
226.4193116067187
 10
288.3615284871253
 20
228.2053263540589
  0
LINE
  5
8AFB
330
1F
100
AcDbEntity
  8
0
100
AcDbLine
 10
406.7125817117827
 20
258.1121765259111
 30
0.0
 11
406.7125817117825
 21
228.2053263540589
 31
0.0
  0
INSERT
  5
8AFC
330
1F
100
AcDbEntity
  8
0
100
AcDbBlockReference
 66
     1
  2
Front_Contact
 10
280.4472362949882
 20
189.5542857501828
 30
0.0
 41
0.9892865240171544
 42
0.9892865240171544
 43
0.9892865240171544
  0
ATTRIB
  5
8AFD
330
8AFC
100
AcDbEntity
  8
0
100
AcDbText
 10
283.6632511883518
 20
194.451990869248
 30
0.0
 40
2.123838670438408
  1
*
  7
ISOCP
 72
     1
 11
284.4043823910568
 21
195.5139102044672
 31
0.0
100
AcDbAttribute
  2
S_NAME
 70
     0
 74
     2
280
     0
 71
     1
 72
     0
 11
284.4043823910568
 21
195.5139102044672
 31
0.0
  0
ATTRIB
  5
8AFE
330
8AFC
100
AcDbEntity
  8
0
100
AcDbText
 10
280.4863425104876
 20
191.4235496160744
 30
0.0
 40
2.123838670438408
  1
HHRP1
  7
ISOCP
 72
     1
 11
284.4043823910568
 21
192.4854689512936
 31
0.0
100
AcDbAttribute
  2
R_NAME
 70
     0
 74
     2
280
     0
 71
     1
 72
     0
 11
284.4043823910568
 21
192.4854689512936
 31
0.0
  0
ATTRIB
  5
8AFF
330
8AFC
100
AcDbEntity
  8
0
 62
     0
100
AcDbText
 10
279.7061050922832
 20
186.1878625971775
 30
0.0
 40
2.123838670438408
  1
2
  7
ISOCP
 72
     1
 11
280.4472362949882
 21
188.3117012676159
 31
0.0
100
AcDbAttribute
  2
A
 70
     0
 74
     3
280
     0
 71
     1
 72
     0
 11
280.4472362949882
 21
188.3117012676159
 31
0.0
  0
ATTRIB
  5
8B00
330
8AFC
100
AcDbEntity
  8
0
 62
     0
100
AcDbText
 10
287.8416304792577
 20
186.1878625971775
 30
0.0
 40
2.123838670438408
  1
1
  7
ISOCP
 72
     1
 11
288.3615284871254
 21
188.3117012676159
 31
0.0
100
AcDbAttribute
  2
F
 70
     0
 74
     3
280
     0
 71
     1
 72
     0
 11
288.3615284871254
 21
188.3117012676159
 31
0.0
  0
ATTRIB
  5
8B01
330
8AFC
100
AcDbEntity
  8
0
100
AcDbText
 10
283.6632511883518
 20
186.2286389467792
 30
0.0
 40
2.123838670438408
  1
C
  7
ISOCP
 72
     1
 11
284.4043823910568
 21
187.2905582819984
 31
0.0
100
AcDbAttribute
  2
C
 70
     0
 74
     2
280
     0
 71
     1
 72
     0
 11
284.4043823910568
 21
187.2905582819984
 31
0.0
  0
ATTRIB
  5
8B02
330
8AFC
100
AcDbEntity
  8
0
100
AcDbText
 10
279.5944551899121
 20
197.2945612866891
 30
0.0
 40
2.123838670438408
  1
XXXXX
  7
ISOCP
 72
     1
 11
284.3686675345018
 21
198.3564806219083
 31
0.0
100
AcDbAttribute
  2
R(POS)
 70
     0
 74
     2
280
     0
 71
     1
 72
     0
 11
284.3686675345018
 21
198.3564806219083
 31
0.0
  0
ATTRIB
  5
8F75
330
8AFC
100
AcDbEntity
  8
0
100
AcDbText
 10
282.3221543515349
 20
179.3261653492779
 30
0.0
 40
1.978573048034309
  1
RF
  7
ISOCP
 72
     1
 11
283.804023123969
 21
180.3154518732951
 31
0.0
100
AcDbAttribute
  2
DOC
 70
     5
 74
     2
280
     1
 71
     1
 72
     0
 11
283.804023123969
 21
180.3154518732951
 31
0.0
  0
ATTRIB
  5
8F76
330
8AFC
100
AcDbEntity
  8
0
100
AcDbText
 10
282.813928682624
 20
183.0190730147815
 30
0.0
 40
1.978573048034309
  1
2
  7
ISOCP
 72
     1
 11
283.5043682358443
 21
184.0083595387987
 31
0.0
100
AcDbAttribute
  2
WIRING
 70
     5
 74
     2
280
     1
 71
     1
 72
     0
 11
283.5043682358443
 21
184.0083595387987
 31
0.0
  0
SEQEND
  5
8B03
330
8AFC
100
AcDbEntity
  8
0
  0
INSERT
  5
8B04
330
1F
100
AcDbEntity
  8
0
100
AcDbBlockReference
 66
     1
  2
Front_Contact
 10
280.4472362949882
 20
175.1049687483589
 30
0.0
 41
0.9892865240171544
 42
0.9892865240171544
 43
0.9892865240171544
  0
ATTRIB
  5
8B05
330
8B04
100
AcDbEntity
  8
0
100
AcDbText
 10
283.6632511883518
 20
180.0026738674241
 30
0.0
 40
2.123838670438408
  1
*
  7
ISOCP
 72
     1
 11
284.4043823910568
 21
181.0645932026433
 31
0.0
100
AcDbAttribute
  2
S_NAME
 70
     0
 74
     2
280
     0
 71
     1
 72
     0
 11
284.4043823910568
 21
181.0645932026433
 31
0.0
  0
ATTRIB
  5
8B06
330
8B04
100
AcDbEntity
  8
0
100
AcDbText
 10
280.4863425104876
 20
176.9742326142505
 30
0.0
 40
2.123838670438408
  1
HHRP1
  7
ISOCP
 72
     1
 11
284.4043823910568
 21
178.0361519494697
 31
0.0
100
AcDbAttribute
  2
R_NAME
 70
     0
 74
     2
280
     0
 71
     1
 72
     0
 11
284.4043823910568
 21
178.0361519494697
 31
0.0
  0
ATTRIB
  5
8B07
330
8B04
100
AcDbEntity
  8
0
 62
     0
100
AcDbText
 10
279.6065501546063
 20
171.7385455953536
 30
0.0
 40
2.123838670438408
  1
4
  7
ISOCP
 72
     1
 11
280.4472362949882
 21
173.862384265792
 31
0.0
100
AcDbAttribute
  2
A
 70
     0
 74
     3
280
     0
 71
     1
 72
     0
 11
280.4472362949882
 21
173.862384265792
 31
0.0
  0
ATTRIB
  5
8B08
330
8B04
100
AcDbEntity
  8
0
 62
     0
100
AcDbText
 10
287.6203972844203
 20
171.7385455953536
 30
0.0
 40
2.123838670438408
  1
3
  7
ISOCP
 72
     1
 11
288.3615284871254
 21
173.862384265792
 31
0.0
100
AcDbAttribute
  2
F
 70
     0
 74
     3
280
     0
 71
     1
 72
     0
 11
288.3615284871254
 21
173.862384265792
 31
0.0
  0
ATTRIB
  5
8B09
330
8B04
100
AcDbEntity
  8
0
100
AcDbText
 10
283.6632511883518
 20
171.7793219449553
 30
0.0
 40
2.123838670438408
  1
C
  7
ISOCP
 72
     1
 11
284.4043823910568
 21
172.8412412801745
 31
0.0
100
AcDbAttribute
  2
C
 70
     0
 74
     2
280
     0
 71
     1
 72
     0
 11
284.4043823910568
 21
172.8412412801745
 31
0.0
  0
ATTRIB
  5
8B0A
330
8B04
100
AcDbEntity
  8
0
100
AcDbText
 10
279.5944551899121
 20
182.8452442848652
 30
0.0
 40
2.123838670438408
  1
XXXXX
  7
ISOCP
 72
     1
 11
284.3686675345018
 21
183.9071636200844
 31
0.0
100
AcDbAttribute
  2
R(POS)
 70
     0
 74
     2
280
     0
 71
     1
 72
     0
 11
284.3686675345018
 21
183.9071636200844
 31
0.0
  0
ATTRIB
  5
8F77
330
8B04
100
AcDbEntity
  8
0
100
AcDbText
 10
282.3221543515349
 20
164.876848347454
 30
0.0
 40
1.978573048034309
  1
RF
  7
ISOCP
 72
     1
 11
283.804023123969
 21
165.8661348714712
 31
0.0
100
AcDbAttribute
  2
DOC
 70
     5
 74
     2
280
     1
 71
     1
 72
     0
 11
283.804023123969
 21
165.8661348714712
 31
0.0
  0
ATTRIB
  5
8F78
330
8B04
100
AcDbEntity
  8
0
100
AcDbText
 10
283.0200300417943
 20
168.5697560129578
 30
0.0
 40
1.978573048034309
  1
1
  7
ISOCP
 72
     1
 11
283.5043682358443
 21
169.5590425369749
 31
0.0
100
AcDbAttribute
  2
WIRING
 70
     5
 74
     2
280
     1
 71
     1
 72
     0
 11
283.5043682358443
 21
169.5590425369749
 31
0.0
  0
SEQEND
  5
8B0B
330
8B04
100
AcDbEntity
  8
0
  0
INSERT
  5
8B0C
330
1F
100
AcDbEntity
  8
0
100
AcDbBlockReference
 66
     1
  2
Front_Contact
 10
280.4472362949882
 20
160.7074355783305
 30
0.0
 41
0.9892865240171544
 42
0.9892865240171544
 43
0.9892865240171544
  0
ATTRIB
  5
8B0D
330
8B0C
100
AcDbEntity
  8
0
100
AcDbText
 10
283.6632511883518
 20
165.6051406973956
 30
0.0
 40
2.123838670438408
  1
*
  7
ISOCP
 72
     1
 11
284.4043823910568
 21
166.6670600326148
 31
0.0
100
AcDbAttribute
  2
S_NAME
 70
     0
 74
     2
280
     0
 71
     1
 72
     0
 11
284.4043823910568
 21
166.6670600326148
 31
0.0
  0
ATTRIB
  5
8B0E
330
8B0C
100
AcDbEntity
  8
0
100
AcDbText
 10
280.4863425104876
 20
162.5766994442221
 30
0.0
 40
2.123838670438408
  1
HHRP1
  7
ISOCP
 72
     1
 11
284.4043823910568
 21
163.6386187794413
 31
0.0
100
AcDbAttribute
  2
R_NAME
 70
     0
 74
     2
280
     0
 71
     1
 72
     0
 11
284.4043823910568
 21
163.6386187794413
 31
0.0
  0
ATTRIB
  5
8B0F
330
8B0C
100
AcDbEntity
  8
0
 62
     0
100
AcDbText
 10
279.7061050922832
 20
157.3410124253252
 30
0.0
 40
2.123838670438408
  1
2
  7
ISOCP
 72
     1
 11
280.4472362949882
 21
159.4648510957636
 31
0.0
100
AcDbAttribute
  2
A
 70
     0
 74
     3
280
     0
 71
     1
 72
     0
 11
280.4472362949882
 21
159.4648510957636
 31
0.0
  0
ATTRIB
  5
8B10
330
8B0C
100
AcDbEntity
  8
0
 62
     0
100
AcDbText
 10
287.8416304792577
 20
157.3410124253252
 30
0.0
 40
2.123838670438408
  1
1
  7
ISOCP
 72
     1
 11
288.3615284871254
 21
159.4648510957636
 31
0.0
100
AcDbAttribute
  2
F
 70
     0
 74
     3
280
     0
 71
     1
 72
     0
 11
288.3615284871254
 21
159.4648510957636
 31
0.0
  0
ATTRIB
  5
8B11
330
8B0C
100
AcDbEntity
  8
0
100
AcDbText
 10
283.5636962506749
 20
157.3817887749268
 30
0.0
 40
2.123838670438408
  1
D
  7
ISOCP
 72
     1
 11
284.4043823910568
 21
158.443708110146
 31
0.0
100
AcDbAttribute
  2
C
 70
     0
 74
     2
280
     0
 71
     1
 72
     0
 11
284.4043823910568
 21
158.443708110146
 31
0.0
  0
ATTRIB
  5
8B12
330
8B0C
100
AcDbEntity
  8
0
100
AcDbText
 10
279.5944551899121
 20
168.4477111148368
 30
0.0
 40
2.123838670438408
  1
XXXXX
  7
ISOCP
 72
     1
 11
284.3686675345018
 21
169.509630450056
 31
0.0
100
AcDbAttribute
  2
R(POS)
 70
     0
 74
     2
280
     0
 71
     1
 72
     0
 11
284.3686675345018
 21
169.509630450056
 31
0.0
  0
ATTRIB
  5
8F79
330
8B0C
100
AcDbEntity
  8
0
100
AcDbText
 10
282.3221543515349
 20
150.4793151774256
 30
0.0
 40
1.978573048034309
  1
RF
  7
ISOCP
 72
     1
 11
283.804023123969
 21
151.4686017014428
 31
0.0
100
AcDbAttribute
  2
DOC
 70
     5
 74
     2
280
     1
 71
     1
 72
     0
 11
283.804023123969
 21
151.4686017014428
 31
0.0
  0
ATTRIB
  5
8F7A
330
8B0C
100
AcDbEntity
  8
0
100
AcDbText
 10
282.813928682624
 20
154.1722228429292
 30
0.0
 40
1.978573048034309
  1
2
  7
ISOCP
 72
     1
 11
283.5043682358443
 21
155.1615093669464
 31
0.0
100
AcDbAttribute
  2
WIRING
 70
     5
 74
     2
280
     1
 71
     1
 72
     0
 11
283.5043682358443
 21
155.1615093669464
 31
0.0
  0
SEQEND
  5
8B13
330
8B0C
100
AcDbEntity
  8
0
  0
INSERT
  5
8B14
330
1F
100
AcDbEntity
  8
0
100
AcDbBlockReference
 66
     1
  2
Front_Contact
 10
280.4472362949882
 20
145.8002627561758
 30
0.0
 41
0.9892865240171544
 42
0.9892865240171544
 43
0.9892865240171544
  0
ATTRIB
  5
8B15
330
8B14
100
AcDbEntity
  8
0
100
AcDbText
 10
283.6632511883518
 20
150.697967875241
 30
0.0
 40
2.123838670438408
  1
*
  7
ISOCP
 72
     1
 11
284.4043823910568
 21
151.7598872104602
 31
0.0
100
AcDbAttribute
  2
S_NAME
 70
     0
 74
     2
280
     0
 71
     1
 72
     0
 11
284.4043823910568
 21
151.7598872104602
 31
0.0
  0
ATTRIB
  5
8B16
330
8B14
100
AcDbEntity
  8
0
100
AcDbText
 10
280.4863425104876
 20
147.6695266220674
 30
0.0
 40
2.123838670438408
  1
HHRP1
  7
ISOCP
 72
     1
 11
284.4043823910568
 21
148.7314459572866
 31
0.0
100
AcDbAttribute
  2
R_NAME
 70
     0
 74
     2
280
     0
 71
     1
 72
     0
 11
284.4043823910568
 21
148.7314459572866
 31
0.0
  0
ATTRIB
  5
8B17
330
8B14
100
AcDbEntity
  8
0
 62
     0
100
AcDbText
 10
279.6065501546063
 20
142.4338396031705
 30
0.0
 40
2.123838670438408
  1
4
  7
ISOCP
 72
     1
 11
280.4472362949882
 21
144.5576782736089
 31
0.0
100
AcDbAttribute
  2
A
 70
     0
 74
     3
280
     0
 71
     1
 72
     0
 11
280.4472362949882
 21
144.5576782736089
 31
0.0
  0
ATTRIB
  5
8B18
330
8B14
100
AcDbEntity
  8
0
 62
     0
100
AcDbText
 10
287.6203972844203
 20
142.4338396031705
 30
0.0
 40
2.123838670438408
  1
3
  7
ISOCP
 72
     1
 11
288.3615284871254
 21
144.5576782736089
 31
0.0
100
AcDbAttribute
  2
F
 70
     0
 74
     3
280
     0
 71
     1
 72
     0
 11
288.3615284871254
 21
144.5576782736089
 31
0.0
  0
ATTRIB
  5
8B19
330
8B14
100
AcDbEntity
  8
0
100
AcDbText
 10
283.5636962506749
 20
142.4746159527722
 30
0.0
 40
2.123838670438408
  1
D
  7
ISOCP
 72
     1
 11
284.4043823910568
 21
143.5365352879914
 31
0.0
100
AcDbAttribute
  2
C
 70
     0
 74
     2
280
     0
 71
     1
 72
     0
 11
284.4043823910568
 21
143.5365352879914
 31
0.0
  0
ATTRIB
  5
8B1A
330
8B14
100
AcDbEntity
  8
0
100
AcDbText
 10
279.5944551899121
 20
153.5405382926821
 30
0.0
 40
2.123838670438408
  1
XXXXX
  7
ISOCP
 72
     1
 11
284.3686675345018
 21
154.6024576279013
 31
0.0
100
AcDbAttribute
  2
R(POS)
 70
     0
 74
     2
280
     0
 71
     1
 72
     0
 11
284.3686675345018
 21
154.6024576279013
 31
0.0
  0
ATTRIB
  5
8F7B
330
8B14
100
AcDbEntity
  8
0
100
AcDbText
 10
282.3221543515349
 20
135.5721423552709
 30
0.0
 40
1.978573048034309
  1
RF
  7
ISOCP
 72
     1
 11
283.804023123969
 21
136.5614288792881
 31
0.0
100
AcDbAttribute
  2
DOC
 70
     5
 74
     2
280
     1
 71
     1
 72
     0
 11
283.804023123969
 21
136.5614288792881
 31
0.0
  0
ATTRIB
  5
8F7C
330
8B14
100
AcDbEntity
  8
0
100
AcDbText
 10
283.0200300417943
 20
139.2650500207747
 30
0.0
 40
1.978573048034309
  1
1
  7
ISOCP
 72
     1
 11
283.5043682358443
 21
140.2543365447918
 31
0.0
100
AcDbAttribute
  2
WIRING
 70
     5
 74
     2
280
     1
 71
     1
 72
     0
 11
283.5043682358443
 21
140.2543365447918
 31
0.0
  0
SEQEND
  5
8B1B
330
8B14
100
AcDbEntity
  8
0
  0
LINE
  5
8B1C
330
1F
100
AcDbEntity
  8
0
100
AcDbLine
 10
288.3615284871253
 20
189.5542857501828
 30
0.0
 11
318.7555872892691
 21
189.5542857501828
 31
0.0
  0
LINE
  5
8B1D
330
1F
100
AcDbEntity
  8
0
100
AcDbLine
 10
322.3434986009193
 20
189.5542857501828
 30
0.0
 11
337.0298103190599
 21
189.5542857501828
 31
0.0
  0
LINE
  5
8B1E
330
1F
100
AcDbEntity
  8
0
100
AcDbLine
 10
288.3615284871253
 20
160.7074355783305
 30
0.0
 11
303.362813951183
 21
160.7074355783305
 31
0.0
  0
LINE
  5
8B1F
330
1F
100
AcDbEntity
  8
0
100
AcDbLine
 10
348.0298055331994
 20
189.5542857501828
 30
0.0
 11
376.6756742354327
 21
189.5542857501828
 31
0.0
  0
LINE
  5
8B20
330
1F
100
AcDbEntity
  8
0
100
AcDbLine
 10
299.659653494321
 20
160.7074355783305
 30
0.0
 11
303.362813951183
 21
160.7074355783305
 31
0.0
  0
LINE
  5
8B21
330
1F
100
AcDbEntity
  8
0
100
AcDbLine
 10
306.9377904107932
 20
160.7074355783305
 30
0.0
 11
337.0298103190599
 21
160.7074355783305
 31
0.0
  0
LINE
  5
8B22
330
1F
100
AcDbEntity
  8
0
100
AcDbLine
 10
348.0298055331994
 20
160.7074355783305
 30
0.0
 11
406.7125817117821
 21
160.7074355783301
 31
0.0
  0
LWPOLYLINE
  5
8B23
330
1F
100
AcDbEntity
  8
0
100
AcDbPolyline
 90
        6
 70
     0
 43
0.0
 10
280.4472362949882
 20
189.5542857501828
 10
274.5498978340274
 20
187.7682710028426
 10
274.5498978340274
 20
175.147112928028
 10
295.0291001508626
 20
175.147112928028
 10
295.0291001508626
 20
187.7682710028426
 10
288.3615284871253
 20
189.5542857501828
  0
LWPOLYLINE
  5
8B24
330
1F
100
AcDbEntity
  8
0
100
AcDbPolyline
 90
        6
 70
     0
 43
0.0
 10
280.4472362949882
 20
160.7074355783305
 10
274.5498978340274
 20
158.9214208309903
 10
274.5498978340274
 20
145.8002627561758
 10
295.0291001508626
 20
145.8002627561758
 10
295.0291001508626
 20
158.9214208309903
 10
288.3615284871253
 20
160.7074355783305
  0
LINE
  5
8B25
330
1F
100
AcDbEntity
  8
0
100
AcDbLine
 10
280.4472362949882
 20
189.5542857501828
 30
0.0
 11
259.9316922279278
 21
189.5542857501829
 31
0.0
  0
LINE
  5
8B26
330
1F
100
AcDbEntity
  8
0
100
AcDbLine
 10
280.4472362949882
 20
160.7074355783305
 30
0.0
 11
260.7023038960655
 21
160.7074355783305
 31
0.0
  0
INSERT
  5
8B27
330
1F
100
AcDbEntity
  8
0
100
AcDbBlockReference
 66
     1
  2
Front_Contact
 10
280.4472362949882
 20
110.1943948110298
 30
0.0
 41
0.9892865240171544
 42
0.9892865240171544
 43
0.9892865240171544
  0
ATTRIB
  5
8B28
330
8B27
100
AcDbEntity
  8
0
100
AcDbText
 10
283.6632511883518
 20
115.0920999300949
 30
0.0
 40
2.123838670438408
  1
*
  7
ISOCP
 72
     1
 11
284.4043823910568
 21
116.1540192653141
 31
0.0
100
AcDbAttribute
  2
S_NAME
 70
     0
 74
     2
280
     0
 71
     1
 72
     0
 11
284.4043823910568
 21
116.1540192653141
 31
0.0
  0
ATTRIB
  5
8B29
330
8B27
100
AcDbEntity
  8
0
100
AcDbText
 10
281.3358779786629
 20
112.0636586769214
 30
0.0
 40
2.123838670438408
  1
DRP1
  7
ISOCP
 72
     1
 11
284.4043823910568
 21
113.1255780121406
 31
0.0
100
AcDbAttribute
  2
R_NAME
 70
     0
 74
     2
280
     0
 71
     1
 72
     0
 11
284.4043823910568
 21
113.1255780121406
 31
0.0
  0
ATTRIB
  5
8B2A
330
8B27
100
AcDbEntity
  8
0
 62
     0
100
AcDbText
 10
279.7061050922832
 20
106.8279716580245
 30
0.0
 40
2.123838670438408
  1
2
  7
ISOCP
 72
     1
 11
280.4472362949882
 21
108.9518103284629
 31
0.0
100
AcDbAttribute
  2
A
 70
     0
 74
     3
280
     0
 71
     1
 72
     0
 11
280.4472362949882
 21
108.9518103284629
 31
0.0
  0
ATTRIB
  5
8B2B
330
8B27
100
AcDbEntity
  8
0
 62
     0
100
AcDbText
 10
287.8416304792577
 20
106.8279716580245
 30
0.0
 40
2.123838670438408
  1
1
  7
ISOCP
 72
     1
 11
288.3615284871254
 21
108.9518103284629
 31
0.0
100
AcDbAttribute
  2
F
 70
     0
 74
     3
280
     0
 71
     1
 72
     0
 11
288.3615284871254
 21
108.9518103284629
 31
0.0
  0
ATTRIB
  5
8B2C
330
8B27
100
AcDbEntity
  8
0
100
AcDbText
 10
283.6632511883518
 20
106.8687480076262
 30
0.0
 40
2.123838670438408
  1
C
  7
ISOCP
 72
     1
 11
284.4043823910568
 21
107.9306673428454
 31
0.0
100
AcDbAttribute
  2
C
 70
     0
 74
     2
280
     0
 71
     1
 72
     0
 11
284.4043823910568
 21
107.9306673428454
 31
0.0
  0
ATTRIB
  5
8B2D
330
8B27
100
AcDbEntity
  8
0
100
AcDbText
 10
279.5944551899121
 20
117.9346703475361
 30
0.0
 40
2.123838670438408
  1
XXXXX
  7
ISOCP
 72
     1
 11
284.3686675345018
 21
118.9965896827553
 31
0.0
100
AcDbAttribute
  2
R(POS)
 70
     0
 74
     2
280
     0
 71
     1
 72
     0
 11
284.3686675345018
 21
118.9965896827553
 31
0.0
  0
ATTRIB
  5
8F7D
330
8B27
100
AcDbEntity
  8
0
100
AcDbText
 10
282.3221543515349
 20
99.96627441012494
 30
0.0
 40
1.978573048034309
  1
RF
  7
ISOCP
 72
     1
 11
283.804023123969
 21
100.9555609341421
 31
0.0
100
AcDbAttribute
  2
DOC
 70
     5
 74
     2
280
     1
 71
     1
 72
     0
 11
283.804023123969
 21
100.9555609341421
 31
0.0
  0
ATTRIB
  5
8F7E
330
8B27
100
AcDbEntity
  8
0
100
AcDbText
 10
282.813928682624
 20
103.6591820756285
 30
0.0
 40
1.978573048034309
  1
2
  7
ISOCP
 72
     1
 11
283.5043682358443
 21
104.6484685996457
 31
0.0
100
AcDbAttribute
  2
WIRING
 70
     5
 74
     2
280
     1
 71
     1
 72
     0
 11
283.5043682358443
 21
104.6484685996457
 31
0.0
  0
SEQEND
  5
8B2E
330
8B27
100
AcDbEntity
  8
0
  0
INSERT
  5
8B2F
330
1F
100
AcDbEntity
  8
0
100
AcDbBlockReference
 66
     1
  2
Front_Contact
 10
280.4472362949882
 20
95.74507780920597
 30
0.0
 41
0.9892865240171544
 42
0.9892865240171544
 43
0.9892865240171544
  0
ATTRIB
  5
8B30
330
8B2F
100
AcDbEntity
  8
0
100
AcDbText
 10
283.6632511883518
 20
100.6427829282711
 30
0.0
 40
2.123838670438408
  1
*
  7
ISOCP
 72
     1
 11
284.4043823910568
 21
101.7047022634903
 31
0.0
100
AcDbAttribute
  2
S_NAME
 70
     0
 74
     2
280
     0
 71
     1
 72
     0
 11
284.4043823910568
 21
101.7047022634903
 31
0.0
  0
ATTRIB
  5
8B31
330
8B2F
100
AcDbEntity
  8
0
100
AcDbText
 10
281.3358779786629
 20
97.61434167509753
 30
0.0
 40
2.123838670438408
  1
DRP1
  7
ISOCP
 72
     1
 11
284.4043823910568
 21
98.67626101031674
 31
0.0
100
AcDbAttribute
  2
R_NAME
 70
     0
 74
     2
280
     0
 71
     1
 72
     0
 11
284.4043823910568
 21
98.67626101031674
 31
0.0
  0
ATTRIB
  5
8B32
330
8B2F
100
AcDbEntity
  8
0
 62
     0
100
AcDbText
 10
279.7061050922832
 20
92.37865465620068
 30
0.0
 40
2.123838670438408
  1
2
  7
ISOCP
 72
     1
 11
280.4472362949882
 21
94.50249332663908
 31
0.0
100
AcDbAttribute
  2
A
 70
     0
 74
     3
280
     0
 71
     1
 72
     0
 11
280.4472362949882
 21
94.50249332663908
 31
0.0
  0
ATTRIB
  5
8B33
330
8B2F
100
AcDbEntity
  8
0
 62
     0
100
AcDbText
 10
287.8416304792577
 20
92.37865465620068
 30
0.0
 40
2.123838670438408
  1
1
  7
ISOCP
 72
     1
 11
288.3615284871254
 21
94.50249332663908
 31
0.0
100
AcDbAttribute
  2
F
 70
     0
 74
     3
280
     0
 71
     1
 72
     0
 11
288.3615284871254
 21
94.50249332663908
 31
0.0
  0
ATTRIB
  5
8B34
330
8B2F
100
AcDbEntity
  8
0
100
AcDbText
 10
283.5636962506749
 20
92.41943100580232
 30
0.0
 40
2.123838670438408
  1
D
  7
ISOCP
 72
     1
 11
284.4043823910568
 21
93.48135034102152
 31
0.0
100
AcDbAttribute
  2
C
 70
     0
 74
     2
280
     0
 71
     1
 72
     0
 11
284.4043823910568
 21
93.48135034102152
 31
0.0
  0
ATTRIB
  5
8B35
330
8B2F
100
AcDbEntity
  8
0
100
AcDbText
 10
279.5944551899121
 20
103.4853533457123
 30
0.0
 40
2.123838670438408
  1
XXXXX
  7
ISOCP
 72
     1
 11
284.3686675345018
 21
104.5472726809315
 31
0.0
100
AcDbAttribute
  2
R(POS)
 70
     0
 74
     2
280
     0
 71
     1
 72
     0
 11
284.3686675345018
 21
104.5472726809315
 31
0.0
  0
ATTRIB
  5
8F7F
330
8B2F
100
AcDbEntity
  8
0
100
AcDbText
 10
282.3221543515349
 20
85.51695740830111
 30
0.0
 40
1.978573048034309
  1
RF
  7
ISOCP
 72
     1
 11
283.804023123969
 21
86.50624393231827
 31
0.0
100
AcDbAttribute
  2
DOC
 70
     5
 74
     2
280
     1
 71
     1
 72
     0
 11
283.804023123969
 21
86.50624393231827
 31
0.0
  0
ATTRIB
  5
8F80
330
8B2F
100
AcDbEntity
  8
0
100
AcDbText
 10
283.0200300417943
 20
89.20986507380475
 30
0.0
 40
1.978573048034309
  1
1
  7
ISOCP
 72
     1
 11
283.5043682358443
 21
90.19915159782191
 31
0.0
100
AcDbAttribute
  2
WIRING
 70
     5
 74
     2
280
     1
 71
     1
 72
     0
 11
283.5043682358443
 21
90.19915159782191
 31
0.0
  0
SEQEND
  5
8B36
330
8B2F
100
AcDbEntity
  8
0
  0
INSERT
  5
8B37
330
1F
100
AcDbEntity
  8
0
100
AcDbBlockReference
 66
     1
  2
Front_Contact
 10
280.4472362949882
 20
81.3475446391776
 30
0.0
 41
0.9892865240171544
 42
0.9892865240171544
 43
0.9892865240171544
  0
ATTRIB
  5
8B38
330
8B37
100
AcDbEntity
  8
0
100
AcDbText
 10
283.6632511883518
 20
86.24524975824275
 30
0.0
 40
2.123838670438408
  1
*
  7
ISOCP
 72
     1
 11
284.4043823910568
 21
87.30716909346195
 31
0.0
100
AcDbAttribute
  2
S_NAME
 70
     0
 74
     2
280
     0
 71
     1
 72
     0
 11
284.4043823910568
 21
87.30716909346195
 31
0.0
  0
ATTRIB
  5
8B39
330
8B37
100
AcDbEntity
  8
0
100
AcDbText
 10
281.3358779786629
 20
83.21680850506917
 30
0.0
 40
2.123838670438408
  1
DRP1
  7
ISOCP
 72
     1
 11
284.4043823910568
 21
84.27872784028837
 31
0.0
100
AcDbAttribute
  2
R_NAME
 70
     0
 74
     2
280
     0
 71
     1
 72
     0
 11
284.4043823910568
 21
84.27872784028837
 31
0.0
  0
ATTRIB
  5
8B3A
330
8B37
100
AcDbEntity
  8
0
 62
     0
100
AcDbText
 10
279.7061050922832
 20
77.98112148617231
 30
0.0
 40
2.123838670438408
  1
2
  7
ISOCP
 72
     1
 11
280.4472362949882
 21
80.10496015661072
 31
0.0
100
AcDbAttribute
  2
A
 70
     0
 74
     3
280
     0
 71
     1
 72
     0
 11
280.4472362949882
 21
80.10496015661072
 31
0.0
  0
ATTRIB
  5
8B3B
330
8B37
100
AcDbEntity
  8
0
 62
     0
100
AcDbText
 10
287.8416304792577
 20
77.98112148617231
 30
0.0
 40
2.123838670438408
  1
1
  7
ISOCP
 72
     1
 11
288.3615284871254
 21
80.10496015661072
 31
0.0
100
AcDbAttribute
  2
F
 70
     0
 74
     3
280
     0
 71
     1
 72
     0
 11
288.3615284871254
 21
80.10496015661072
 31
0.0
  0
ATTRIB
  5
8B3C
330
8B37
100
AcDbEntity
  8
0
100
AcDbText
 10
283.4530796532563
 20
78.02189783577396
 30
0.0
 40
2.123838670438408
  1
A
  7
ISOCP
 72
     1
 11
284.4043823910568
 21
79.08381717099316
 31
0.0
100
AcDbAttribute
  2
C
 70
     0
 74
     2
280
     0
 71
     1
 72
     0
 11
284.4043823910568
 21
79.08381717099316
 31
0.0
  0
ATTRIB
  5
8B3D
330
8B37
100
AcDbEntity
  8
0
100
AcDbText
 10
279.5944551899121
 20
89.08782017568392
 30
0.0
 40
2.123838670438408
  1
XXXXX
  7
ISOCP
 72
     1
 11
284.3686675345018
 21
90.14973951090312
 31
0.0
100
AcDbAttribute
  2
R(POS)
 70
     0
 74
     2
280
     0
 71
     1
 72
     0
 11
284.3686675345018
 21
90.14973951090312
 31
0.0
  0
ATTRIB
  5
8F81
330
8B37
100
AcDbEntity
  8
0
100
AcDbText
 10
282.3221543515349
 20
71.11942423827274
 30
0.0
 40
1.978573048034309
  1
RF
  7
ISOCP
 72
     1
 11
283.804023123969
 21
72.1087107622899
 31
0.0
100
AcDbAttribute
  2
DOC
 70
     5
 74
     2
280
     1
 71
     1
 72
     0
 11
283.804023123969
 21
72.1087107622899
 31
0.0
  0
ATTRIB
  5
8F82
330
8B37
100
AcDbEntity
  8
0
100
AcDbText
 10
282.813928682624
 20
74.81233190377638
 30
0.0
 40
1.978573048034309
  1
2
  7
ISOCP
 72
     1
 11
283.5043682358443
 21
75.80161842779354
 31
0.0
100
AcDbAttribute
  2
WIRING
 70
     5
 74
     2
280
     1
 71
     1
 72
     0
 11
283.5043682358443
 21
75.80161842779354
 31
0.0
  0
SEQEND
  5
8B3E
330
8B37
100
AcDbEntity
  8
0
  0
INSERT
  5
8B3F
330
1F
100
AcDbEntity
  8
0
100
AcDbBlockReference
 66
     1
  2
Front_Contact
 10
280.4472362949882
 20
66.94037181702292
 30
0.0
 41
0.9892865240171544
 42
0.9892865240171544
 43
0.9892865240171544
  0
ATTRIB
  5
8B40
330
8B3F
100
AcDbEntity
  8
0
100
AcDbText
 10
283.6632511883518
 20
71.83807693608807
 30
0.0
 40
2.123838670438408
  1
*
  7
ISOCP
 72
     1
 11
284.4043823910568
 21
72.89999627130727
 31
0.0
100
AcDbAttribute
  2
S_NAME
 70
     0
 74
     2
280
     0
 71
     1
 72
     0
 11
284.4043823910568
 21
72.89999627130727
 31
0.0
  0
ATTRIB
  5
8B41
330
8B3F
100
AcDbEntity
  8
0
100
AcDbText
 10
281.3358779786629
 20
68.80963568291449
 30
0.0
 40
2.123838670438408
  1
DRP1
  7
ISOCP
 72
     1
 11
284.4043823910568
 21
69.87155501813369
 31
0.0
100
AcDbAttribute
  2
R_NAME
 70
     0
 74
     2
280
     0
 71
     1
 72
     0
 11
284.4043823910568
 21
69.87155501813369
 31
0.0
  0
ATTRIB
  5
8B42
330
8B3F
100
AcDbEntity
  8
0
 62
     0
100
AcDbText
 10
279.6065501546063
 20
63.57394866401763
 30
0.0
 40
2.123838670438408
  1
4
  7
ISOCP
 72
     1
 11
280.4472362949882
 21
65.69778733445604
 31
0.0
100
AcDbAttribute
  2
A
 70
     0
 74
     3
280
     0
 71
     1
 72
     0
 11
280.4472362949882
 21
65.69778733445604
 31
0.0
  0
ATTRIB
  5
8B43
330
8B3F
100
AcDbEntity
  8
0
 62
     0
100
AcDbText
 10
287.6203972844203
 20
63.57394866401763
 30
0.0
 40
2.123838670438408
  1
3
  7
ISOCP
 72
     1
 11
288.3615284871254
 21
65.69778733445604
 31
0.0
100
AcDbAttribute
  2
F
 70
     0
 74
     3
280
     0
 71
     1
 72
     0
 11
288.3615284871254
 21
65.69778733445604
 31
0.0
  0
ATTRIB
  5
8B44
330
8B3F
100
AcDbEntity
  8
0
100
AcDbText
 10
283.5636962506749
 20
63.61472501361928
 30
0.0
 40
2.123838670438408
  1
D
  7
ISOCP
 72
     1
 11
284.4043823910568
 21
64.67664434883848
 31
0.0
100
AcDbAttribute
  2
C
 70
     0
 74
     2
280
     0
 71
     1
 72
     0
 11
284.4043823910568
 21
64.67664434883848
 31
0.0
  0
ATTRIB
  5
8B45
330
8B3F
100
AcDbEntity
  8
0
100
AcDbText
 10
279.5944551899121
 20
74.68064735352924
 30
0.0
 40
2.123838670438408
  1
XXXXX
  7
ISOCP
 72
     1
 11
284.3686675345018
 21
75.74256668874844
 31
0.0
100
AcDbAttribute
  2
R(POS)
 70
     0
 74
     2
280
     0
 71
     1
 72
     0
 11
284.3686675345018
 21
75.74256668874844
 31
0.0
  0
ATTRIB
  5
8F83
330
8B3F
100
AcDbEntity
  8
0
100
AcDbText
 10
282.3221543515349
 20
56.71225141611806
 30
0.0
 40
1.978573048034309
  1
RF
  7
ISOCP
 72
     1
 11
283.804023123969
 21
57.70153794013522
 31
0.0
100
AcDbAttribute
  2
DOC
 70
     5
 74
     2
280
     1
 71
     1
 72
     0
 11
283.804023123969
 21
57.70153794013522
 31
0.0
  0
ATTRIB
  5
8F84
330
8B3F
100
AcDbEntity
  8
0
100
AcDbText
 10
283.0200300417943
 20
60.4051590816217
 30
0.0
 40
1.978573048034309
  1
1
  7
ISOCP
 72
     1
 11
283.5043682358443
 21
61.39444560563886
 31
0.0
100
AcDbAttribute
  2
WIRING
 70
     5
 74
     2
280
     1
 71
     1
 72
     0
 11
283.5043682358443
 21
61.39444560563886
 31
0.0
  0
SEQEND
  5
8B46
330
8B3F
100
AcDbEntity
  8
0
  0
LINE
  5
8B47
330
1F
100
AcDbEntity
  8
0
100
AcDbLine
 10
288.3615284871253
 20
110.1943948110298
 30
0.0
 11
318.7555872892691
 21
110.1943948110298
 31
0.0
  0
LINE
  5
8B48
330
1F
100
AcDbEntity
  8
0
100
AcDbLine
 10
322.3434986009193
 20
110.1943948110298
 30
0.0
 11
337.0298103190599
 21
110.1943948110298
 31
0.0
  0
LINE
  5
8B49
330
1F
100
AcDbEntity
  8
0
100
AcDbLine
 10
288.3615284871253
 20
81.3475446391776
 30
0.0
 11
303.362813951183
 21
81.3475446391776
 31
0.0
  0
LINE
  5
8B4A
330
1F
100
AcDbEntity
  8
0
100
AcDbLine
 10
348.0298055331994
 20
110.1943948110298
 30
0.0
 11
376.6756742354327
 21
110.1943948110298
 31
0.0
  0
LINE
  5
8B4B
330
1F
100
AcDbEntity
  8
0
100
AcDbLine
 10
299.659653494321
 20
81.3475446391776
 30
0.0
 11
303.362813951183
 21
81.3475446391776
 31
0.0
  0
LINE
  5
8B4C
330
1F
100
AcDbEntity
  8
0
100
AcDbLine
 10
306.9377904107932
 20
81.3475446391776
 30
0.0
 11
337.0298103190599
 21
81.3475446391776
 31
0.0
  0
LINE
  5
8B4D
330
1F
100
AcDbEntity
  8
0
100
AcDbLine
 10
348.0298055331994
 20
81.34754463917757
 30
0.0
 11
406.7125817117821
 21
81.34754463917712
 31
0.0
  0
LWPOLYLINE
  5
8B4E
330
1F
100
AcDbEntity
  8
0
100
AcDbPolyline
 90
        6
 70
     0
 43
0.0
 10
280.4472362949882
 20
110.1943948110298
 10
274.5498978340274
 20
108.4083800636897
 10
274.5498978340274
 20
95.78722198887512
 10
295.0291001508626
 20
95.78722198887512
 10
295.0291001508626
 20
108.4083800636897
 10
288.3615284871253
 20
110.1943948110298
  0
LWPOLYLINE
  5
8B4F
330
1F
100
AcDbEntity
  8
0
100
AcDbPolyline
 90
        6
 70
     0
 43
0.0
 10
280.4472362949882
 20
81.3475446391776
 10
274.5498978340274
 20
79.56152989183742
 10
274.5498978340274
 20
66.94037181702292
 10
295.0291001508626
 20
66.94037181702292
 10
295.0291001508626
 20
79.56152989183742
 10
288.3615284871253
 20
81.3475446391776
  0
LINE
  5
8B50
330
1F
100
AcDbEntity
  8
0
100
AcDbLine
 10
280.4472362949882
 20
110.1943948110298
 30
0.0
 11
259.9316922279276
 21
110.1943946326419
 31
0.0
  0
LINE
  5
8B51
330
1F
100
AcDbEntity
  8
0
100
AcDbLine
 10
280.4472362949882
 20
81.3475446391776
 30
0.0
 11
260.7023038960654
 21
81.3475446391776
 31
0.0
  0
LINE
  5
8B52
330
1F
100
AcDbEntity
  8
0
  6
ACAD_ISO02W100
 48
0.5
370
    25
100
AcDbLine
 10
342.6411026600816
 20
267.8677550246877
 30
0.0
 11
342.6411026600815
 21
76.31583736784059
 31
0.0
  0
INSERT
  5
8B53
330
1F
100
AcDbEntity
  8
0
100
AcDbBlockReference
 66
     1
  2
CTR
 10
337.2523997869638
 20
228.2053263540589
 30
0.0
 41
-0.9892865240171544
 42
0.9892865240171544
 43
0.9892865240171544
  0
ATTRIB
  5
8B54
330
8B53
100
AcDbEntity
  8
0
100
AcDbText
 10
334.7585733410039
 20
230.2141225864274
 30
0.0
 40
2.17643035283774
  1
CTR
  7
ISOCP
 72
     1
 11
337.2523997869638
 21
231.3023377628463
 31
0.0
100
AcDbAttribute
  2
CTR
 70
     0
 74
     2
280
     0
 71
     1
 72
     0
 11
337.2523997869638
 21
231.3023377628463
 31
0.0
  0
ATTRIB
  5
8B55
330
8B53
100
AcDbEntity
  8
0
 62
     0
100
AcDbText
 10
337.2523997869638
 20
224.0503229531868
 30
0.0
 40
2.17643035283774
  1

  7
ISOCP
 72
     1
 11
337.2523997869638
 21
226.2267533060246
 31
0.0
100
AcDbAttribute
  2
POS
 70
     0
 74
     3
280
     0
 71
     1
 72
     0
 11
337.2523997869638
 21
226.2267533060246
 31
0.0
  0
SEQEND
  5
8B56
330
8B53
100
AcDbEntity
  8
0
  0
LINE
  5
8B57
330
1F
100
AcDbEntity
  8
0
100
AcDbLine
 10
337.2523997869638
 20
228.2053263540589
 30
0.0
 11
348.0298055331994
 21
228.2053263540589
 31
0.0
  0
INSERT
  5
8B58
330
1F
100
AcDbEntity
  8
0
100
AcDbBlockReference
 66
     1
  2
CTR
 10
348.0298055331994
 20
228.2053263540589
 30
0.0
 41
0.9892865240171544
 42
0.9892865240171544
 43
0.9892865240171544
  0
ATTRIB
  5
8B59
330
8B58
100
AcDbEntity
  8
0
100
AcDbText
 10
345.5359790872395
 20
230.2141225864274
 30
0.0
 40
2.17643035283774
  1
CTR
  7
ISOCP
 72
     1
 11
348.0298055331994
 21
231.3023377628463
 31
0.0
100
AcDbAttribute
  2
CTR
 70
     0
 74
     2
280
     0
 71
     1
 72
     0
 11
348.0298055331994
 21
231.3023377628463
 31
0.0
  0
ATTRIB
  5
8B5A
330
8B58
100
AcDbEntity
  8
0
 62
     0
100
AcDbText
 10
348.0298055331994
 20
224.0503229531868
 30
0.0
 40
2.17643035283774
  1

  7
ISOCP
 72
     1
 11
348.0298055331994
 21
226.2267533060246
 31
0.0
100
AcDbAttribute
  2
POS
 70
     0
 74
     3
280
     0
 71
     1
 72
     0
 11
348.0298055331994
 21
226.2267533060246
 31
0.0
  0
SEQEND
  5
8B5B
330
8B58
100
AcDbEntity
  8
0
  0
INSERT
  5
8B5C
330
1F
100
AcDbEntity
  8
0
100
AcDbBlockReference
 66
     1
  2
CTR
 10
337.2523997869638
 20
189.5542857501828
 30
0.0
 41
-0.9892865240171544
 42
0.9892865240171544
 43
0.9892865240171544
  0
ATTRIB
  5
8B5D
330
8B5C
100
AcDbEntity
  8
0
100
AcDbText
 10
334.7585733410039
 20
191.5630819825514
 30
0.0
 40
2.17643035283774
  1
CTR
  7
ISOCP
 72
     1
 11
337.2523997869638
 21
192.6512971589703
 31
0.0
100
AcDbAttribute
  2
CTR
 70
     0
 74
     2
280
     0
 71
     1
 72
     0
 11
337.2523997869638
 21
192.6512971589703
 31
0.0
  0
ATTRIB
  5
8B5E
330
8B5C
100
AcDbEntity
  8
0
 62
     0
100
AcDbText
 10
337.2523997869638
 20
185.3992823493108
 30
0.0
 40
2.17643035283774
  1

  7
ISOCP
 72
     1
 11
337.2523997869638
 21
187.5757127021485
 31
0.0
100
AcDbAttribute
  2
POS
 70
     0
 74
     3
280
     0
 71
     1
 72
     0
 11
337.2523997869638
 21
187.5757127021485
 31
0.0
  0
SEQEND
  5
8B5F
330
8B5C
100
AcDbEntity
  8
0
  0
LINE
  5
8B60
330
1F
100
AcDbEntity
  8
0
100
AcDbLine
 10
337.2523997869638
 20
189.5542857501828
 30
0.0
 11
348.0298055331994
 21
189.5542857501828
 31
0.0
  0
INSERT
  5
8B61
330
1F
100
AcDbEntity
  8
0
100
AcDbBlockReference
 66
     1
  2
CTR
 10
348.0298055331994
 20
189.5542857501828
 30
0.0
 41
0.9892865240171544
 42
0.9892865240171544
 43
0.9892865240171544
  0
ATTRIB
  5
8B62
330
8B61
100
AcDbEntity
  8
0
100
AcDbText
 10
345.5359790872395
 20
191.5630819825514
 30
0.0
 40
2.17643035283774
  1
CTR
  7
ISOCP
 72
     1
 11
348.0298055331994
 21
192.6512971589703
 31
0.0
100
AcDbAttribute
  2
CTR
 70
     0
 74
     2
280
     0
 71
     1
 72
     0
 11
348.0298055331994
 21
192.6512971589703
 31
0.0
  0
ATTRIB
  5
8B63
330
8B61
100
AcDbEntity
  8
0
 62
     0
100
AcDbText
 10
348.0298055331994
 20
185.3992823493108
 30
0.0
 40
2.17643035283774
  1

  7
ISOCP
 72
     1
 11
348.0298055331994
 21
187.5757127021485
 31
0.0
100
AcDbAttribute
  2
POS
 70
     0
 74
     3
280
     0
 71
     1
 72
     0
 11
348.0298055331994
 21
187.5757127021485
 31
0.0
  0
SEQEND
  5
8B64
330
8B61
100
AcDbEntity
  8
0
  0
INSERT
  5
8B65
330
1F
100
AcDbEntity
  8
0
100
AcDbBlockReference
 66
     1
  2
CTR
 10
337.2523997869638
 20
160.7074355783305
 30
0.0
 41
-0.9892865240171544
 42
0.9892865240171544
 43
0.9892865240171544
  0
ATTRIB
  5
8B66
330
8B65
100
AcDbEntity
  8
0
100
AcDbText
 10
334.7585733410039
 20
162.7162318106992
 30
0.0
 40
2.17643035283774
  1
CTR
  7
ISOCP
 72
     1
 11
337.2523997869638
 21
163.804446987118
 31
0.0
100
AcDbAttribute
  2
CTR
 70
     0
 74
     2
280
     0
 71
     1
 72
     0
 11
337.2523997869638
 21
163.804446987118
 31
0.0
  0
ATTRIB
  5
8B67
330
8B65
100
AcDbEntity
  8
0
 62
     0
100
AcDbText
 10
337.2523997869638
 20
156.5524321774585
 30
0.0
 40
2.17643035283774
  1

  7
ISOCP
 72
     1
 11
337.2523997869638
 21
158.7288625302962
 31
0.0
100
AcDbAttribute
  2
POS
 70
     0
 74
     3
280
     0
 71
     1
 72
     0
 11
337.2523997869638
 21
158.7288625302962
 31
0.0
  0
SEQEND
  5
8B68
330
8B65
100
AcDbEntity
  8
0
  0
LINE
  5
8B69
330
1F
100
AcDbEntity
  8
0
100
AcDbLine
 10
337.2523997869638
 20
160.7074355783305
 30
0.0
 11
348.0298055331994
 21
160.7074355783305
 31
0.0
  0
INSERT
  5
8B6A
330
1F
100
AcDbEntity
  8
0
100
AcDbBlockReference
 66
     1
  2
CTR
 10
348.0298055331994
 20
160.7074355783305
 30
0.0
 41
0.9892865240171544
 42
0.9892865240171544
 43
0.9892865240171544
  0
ATTRIB
  5
8B6B
330
8B6A
100
AcDbEntity
  8
0
100
AcDbText
 10
345.5359790872395
 20
162.7162318106992
 30
0.0
 40
2.17643035283774
  1
CTR
  7
ISOCP
 72
     1
 11
348.0298055331994
 21
163.804446987118
 31
0.0
100
AcDbAttribute
  2
CTR
 70
     0
 74
     2
280
     0
 71
     1
 72
     0
 11
348.0298055331994
 21
163.804446987118
 31
0.0
  0
ATTRIB
  5
8B6C
330
8B6A
100
AcDbEntity
  8
0
 62
     0
100
AcDbText
 10
348.0298055331994
 20
156.5524321774585
 30
0.0
 40
2.17643035283774
  1

  7
ISOCP
 72
     1
 11
348.0298055331994
 21
158.7288625302962
 31
0.0
100
AcDbAttribute
  2
POS
 70
     0
 74
     3
280
     0
 71
     1
 72
     0
 11
348.0298055331994
 21
158.7288625302962
 31
0.0
  0
SEQEND
  5
8B6D
330
8B6A
100
AcDbEntity
  8
0
  0
INSERT
  5
8B6E
330
1F
100
AcDbEntity
  8
0
100
AcDbBlockReference
 66
     1
  2
CTR
 10
337.2523997869638
 20
110.1943948110298
 30
0.0
 41
-0.9892865240171544
 42
0.9892865240171544
 43
0.9892865240171544
  0
ATTRIB
  5
8B6F
330
8B6E
100
AcDbEntity
  8
0
100
AcDbText
 10
334.7585733410039
 20
112.2031910433984
 30
0.0
 40
2.17643035283774
  1
CTR
  7
ISOCP
 72
     1
 11
337.2523997869638
 21
113.2914062198173
 31
0.0
100
AcDbAttribute
  2
CTR
 70
     0
 74
     2
280
     0
 71
     1
 72
     0
 11
337.2523997869638
 21
113.2914062198173
 31
0.0
  0
ATTRIB
  5
8B70
330
8B6E
100
AcDbEntity
  8
0
 62
     0
100
AcDbText
 10
337.2523997869638
 20
106.0393914101579
 30
0.0
 40
2.17643035283774
  1

  7
ISOCP
 72
     1
 11
337.2523997869638
 21
108.2158217629956
 31
0.0
100
AcDbAttribute
  2
POS
 70
     0
 74
     3
280
     0
 71
     1
 72
     0
 11
337.2523997869638
 21
108.2158217629956
 31
0.0
  0
SEQEND
  5
8B71
330
8B6E
100
AcDbEntity
  8
0
  0
LINE
  5
8B72
330
1F
100
AcDbEntity
  8
0
100
AcDbLine
 10
337.2523997869638
 20
110.1943948110298
 30
0.0
 11
348.0298055331994
 21
110.1943948110298
 31
0.0
  0
INSERT
  5
8B73
330
1F
100
AcDbEntity
  8
0
100
AcDbBlockReference
 66
     1
  2
CTR
 10
348.0298055331994
 20
110.1943948110298
 30
0.0
 41
0.9892865240171544
 42
0.9892865240171544
 43
0.9892865240171544
  0
ATTRIB
  5
8B74
330
8B73
100
AcDbEntity
  8
0
100
AcDbText
 10
345.5359790872395
 20
112.2031910433984
 30
0.0
 40
2.17643035283774
  1
CTR
  7
ISOCP
 72
     1
 11
348.0298055331994
 21
113.2914062198173
 31
0.0
100
AcDbAttribute
  2
CTR
 70
     0
 74
     2
280
     0
 71
     1
 72
     0
 11
348.0298055331994
 21
113.2914062198173
 31
0.0
  0
ATTRIB
  5
8B75
330
8B73
100
AcDbEntity
  8
0
 62
     0
100
AcDbText
 10
348.0298055331994
 20
106.0393914101579
 30
0.0
 40
2.17643035283774
  1

  7
ISOCP
 72
     1
 11
348.0298055331994
 21
108.2158217629956
 31
0.0
100
AcDbAttribute
  2
POS
 70
     0
 74
     3
280
     0
 71
     1
 72
     0
 11
348.0298055331994
 21
108.2158217629956
 31
0.0
  0
SEQEND
  5
8B76
330
8B73
100
AcDbEntity
  8
0
  0
INSERT
  5
8B77
330
1F
100
AcDbEntity
  8
0
100
AcDbBlockReference
 66
     1
  2
CTR
 10
337.2523997869638
 20
81.34754463917757
 30
0.0
 41
-0.9892865240171544
 42
0.9892865240171544
 43
0.9892865240171544
  0
ATTRIB
  5
8B78
330
8B77
100
AcDbEntity
  8
0
100
AcDbText
 10
334.7585733410039
 20
83.35634087154617
 30
0.0
 40
2.17643035283774
  1
CTR
  7
ISOCP
 72
     1
 11
337.2523997869638
 21
84.44455604796504
 31
0.0
100
AcDbAttribute
  2
CTR
 70
     0
 74
     2
280
     0
 71
     1
 72
     0
 11
337.2523997869638
 21
84.44455604796504
 31
0.0
  0
ATTRIB
  5
8B79
330
8B77
100
AcDbEntity
  8
0
 62
     0
100
AcDbText
 10
337.2523997869638
 20
77.19254123830557
 30
0.0
 40
2.17643035283774
  1

  7
ISOCP
 72
     1
 11
337.2523997869638
 21
79.3689715911433
 31
0.0
100
AcDbAttribute
  2
POS
 70
     0
 74
     3
280
     0
 71
     1
 72
     0
 11
337.2523997869638
 21
79.3689715911433
 31
0.0
  0
SEQEND
  5
8B7A
330
8B77
100
AcDbEntity
  8
0
  0
LINE
  5
8B7B
330
1F
100
AcDbEntity
  8
0
100
AcDbLine
 10
337.2523997869638
 20
81.34754463917757
 30
0.0
 11
348.0298055331994
 21
81.34754463917757
 31
0.0
  0
INSERT
  5
8B7C
330
1F
100
AcDbEntity
  8
0
100
AcDbBlockReference
 66
     1
  2
CTR
 10
348.0298055331994
 20
81.34754463917757
 30
0.0
 41
0.9892865240171544
 42
0.9892865240171544
 43
0.9892865240171544
  0
ATTRIB
  5
8B7D
330
8B7C
100
AcDbEntity
  8
0
100
AcDbText
 10
345.5359790872395
 20
83.35634087154617
 30
0.0
 40
2.17643035283774
  1
CTR
  7
ISOCP
 72
     1
 11
348.0298055331994
 21
84.44455604796504
 31
0.0
100
AcDbAttribute
  2
CTR
 70
     0
 74
     2
280
     0
 71
     1
 72
     0
 11
348.0298055331994
 21
84.44455604796504
 31
0.0
  0
ATTRIB
  5
8B7E
330
8B7C
100
AcDbEntity
  8
0
 62
     0
100
AcDbText
 10
348.0298055331994
 20
77.19254123830557
 30
0.0
 40
2.17643035283774
  1

  7
ISOCP
 72
     1
 11
348.0298055331994
 21
79.3689715911433
 31
0.0
100
AcDbAttribute
  2
POS
 70
     0
 74
     3
280
     0
 71
     1
 72
     0
 11
348.0298055331994
 21
79.3689715911433
 31
0.0
  0
SEQEND
  5
8B7F
330
8B7C
100
AcDbEntity
  8
0
  0
LWPOLYLINE
  5
8BB0
330
1F
100
AcDbEntity
  8
0
100
AcDbPolyline
 90
        6
 70
     0
 43
0.0
 10
356.5290638791509
 20
189.5542857501828
 10
352.402784845992
 20
191.340300497523
 10
352.402784845992
 20
203.9614585723376
 10
367.9636479646087
 20
203.9614585723376
 10
367.9636479646087
 20
191.340300497523
 10
364.4433560712879
 20
189.5542857501828
  0
LWPOLYLINE
  5
8BC1
330
1F
100
AcDbEntity
  8
0
100
AcDbPolyline
 90
        6
 70
     0
 43
0.0
 10
364.4456766130547
 20
160.7400067636933
 10
368.5719556462136
 20
158.9539920163531
 10
368.5719556462136
 20
146.3328339415385
 10
352.5095178944938
 20
146.3328339415385
 10
352.5095178944938
 20
158.9539920163531
 10
356.5313844209176
 20
160.7400067636933
  0
LWPOLYLINE
  5
8BC2
330
1F
100
AcDbEntity
  8
0
100
AcDbPolyline
 90
        6
 70
     0
 43
0.0
 10
356.4661611132172
 20
110.1694568488886
 10
352.3398820800583
 20
111.9554715962288
 10
352.3398820800583
 20
124.5766296710434
 10
368.8854432066973
 20
124.5766296710434
 10
368.8854432066973
 20
111.9554715962288
 10
364.3804533053542
 20
110.1694568488886
  0
LWPOLYLINE
  5
8BC3
330
1F
100
AcDbEntity
  8
0
100
AcDbPolyline
 90
        6
 70
     0
 43
0.0
 10
364.382773847121
 20
81.35517786239912
 10
368.5090528802799
 20
79.56916311505894
 10
368.5090528802799
 20
66.94800504024441
 10
351.9634917536408
 20
66.94800504024441
 10
351.9634917536408
 20
79.56916311505894
 10
356.4684816549839
 20
81.35517786239912
  0
LINE
  5
8BD9
330
1F
100
AcDbEntity
  8
0
100
AcDbLine
 10
401.7952501498322
 20
189.5542857501828
 30
0.0
 11
406.7125817117825
 21
189.5542857501828
 31
0.0
  0
LINE
  5
8BDA
330
1F
100
AcDbEntity
  8
0
100
AcDbLine
 10
406.7125817117825
 20
189.5542857501828
 30
0.0
 11
406.7125817117821
 21
160.7074355783301
 31
0.0
  0
LINE
  5
8BDB
330
1F
100
AcDbEntity
  8
0
100
AcDbLine
 10
401.7952501498322
 20
110.1943948110299
 30
0.0
 11
406.7125817117825
 21
110.1943948110299
 31
0.0
  0
LINE
  5
8BDC
330
1F
100
AcDbEntity
  8
0
100
AcDbLine
 10
406.7125817117825
 20
110.1943948110299
 30
0.0
 11
406.7125817117821
 21
81.3475446391772
 31
0.0
  0
INSERT
  5
8BDD
330
1F
100
AcDbEntity
  8
FUZEENDBLOCK.INSERT
 62
     0
100
AcDbBlockReference
 66
     1
  2
FUZEENDBLOCK
 10
242.8709135842401
 20
160.7074355783305
 30
0.0
 41
0.8198340373253029
 42
0.8198340373253029
 43
0.8198340373253029
  0
ATTRIB
  5
8BDE
330
8BDD
100
AcDbEntity
  8
0
100
AcDbText
 10
244.9742541204554
 20
162.5149353737499
 30
0.8198340373253029
 40
2.123838670438406
  1
N24(EXT)#
  7
isocp.shx
 72
     1
 11
251.7661132019615
 21
163.5768547089691
 31
0.8198340373253029
100
AcDbAttribute
  2
VOLT
 70
     0
 74
     2
280
     0
 71
     1
 72
     0
 11
251.7661132019615
 21
163.5768547089691
 31
0.8198340373253029
  0
ATTRIB
  5
8BDF
330
8BDD
100
AcDbEntity
  8
0
100
AcDbText
 10
248.9033556607664
 20
156.3661800938101
 30
0.8198340373253029
 40
2.123838670438406
  1
XXX
  7
isocp.shx
 72
     1
 11
251.7661132019615
 21
157.4280994290293
 31
0.8198340373253029
100
AcDbAttribute
  2
FTOT
 70
     0
 74
     2
280
     0
 71
     1
 72
     0
 11
251.7661132019615
 21
157.4280994290293
 31
0.8198340373253029
  0
SEQEND
  5
8BE0
330
8BDD
100
AcDbEntity
  8
FUZEENDBLOCK.INSERT
 62
     0
  0
INSERT
  5
8BE1
330
1F
100
AcDbEntity
  8
FUZEBLOCK.INSERT
 62
     0
100
AcDbBlockReference
 66
     1
  2
FUZEBLOCK
 10
242.3840026031812
 20
189.5542857501829
 30
0.0
 41
0.8067903275745545
 42
0.8067903275745545
 43
0.8067903275745545
  0
ATTRIB
  5
8BE2
330
8BE1
100
AcDbEntity
  8
0
100
AcDbText
 10
225.2502068926907
 20
188.7770018812128
 30
0.8067903275745545
 40
2.200000000000001
  1
B24(EXT)#
  7
isocp.shx
 72
     1
 11
232.2856235593574
 21
189.8770018812128
 31
0.8067903275745545
100
AcDbAttribute
  2
VOLT
 70
     0
 74
     2
280
     0
 71
     1
 72
     0
 11
232.2856235593574
 21
189.8770018812128
 31
0.8067903275745545
  0
ATTRIB
  5
8BE3
330
8BE1
100
AcDbEntity
  8
0
100
AcDbText
 10
238.3697585106676
 20
185.1464454071273
 30
0.8067903275745545
 40
2.200000000000001
  1
XXX
  7
isocp.shx
 72
     1
 11
241.3351751773343
 21
186.2464454071273
 31
0.8067903275745545
100
AcDbAttribute
  2
FTOT
 70
     0
 74
     2
280
     0
 71
     1
 72
     0
 11
241.3351751773343
 21
186.2464454071273
 31
0.8067903275745545
  0
ATTRIB
  5
8BE4
330
8BE1
100
AcDbEntity
  8
0
100
AcDbText
 10
255.8439011245344
 20
191.6814470604812
 30
0.8067903275745545
 40
2.200000000000001
  1

  7
isocp.shx
 72
     1
 11
255.8439011245344
 21
192.7814470604812
 31
0.8067903275745545
100
AcDbAttribute
  2
FUSEVALUE
 70
     0
 74
     2
280
     0
 71
     1
 72
     0
 11
255.8439011245344
 21
192.7814470604812
 31
0.8067903275745545
  0
SEQEND
  5
8BE5
330
8BE1
100
AcDbEntity
  8
FUZEBLOCK.INSERT
 62
     0
  0
INSERT
  5
8BE6
330
1F
100
AcDbEntity
  8
0
100
AcDbBlockReference
  2
24PPTC
 10
254.3546130547105
 20
183.0273057484169
 30
0.0
  0
INSERT
  5
8BE7
330
1F
100
AcDbEntity
  8
FUZEENDBLOCK.INSERT
 62
     0
100
AcDbBlockReference
 66
     1
  2
FUZEENDBLOCK
 10
242.87091358424
 20
81.3475446391776
 30
0.0
 41
0.8198340373253029
 42
0.8198340373253029
 43
0.8198340373253029
  0
ATTRIB
  5
8BE8
330
8BE7
100
AcDbEntity
  8
0
100
AcDbText
 10
244.9742541204552
 20
83.15504443459696
 30
0.8198340373253029
 40
2.123838670438406
  1
N24(EXT)#
  7
isocp.shx
 72
     1
 11
251.7661132019614
 21
84.21696376981616
 31
0.8198340373253029
100
AcDbAttribute
  2
VOLT
 70
     0
 74
     2
280
     0
 71
     1
 72
     0
 11
251.7661132019614
 21
84.21696376981616
 31
0.8198340373253029
  0
ATTRIB
  5
8BE9
330
8BE7
100
AcDbEntity
  8
0
100
AcDbText
 10
248.9033556607663
 20
77.00628915465717
 30
0.8198340373253029
 40
2.123838670438406
  1
XXX
  7
isocp.shx
 72
     1
 11
251.7661132019614
 21
78.06820848987637
 31
0.8198340373253029
100
AcDbAttribute
  2
FTOT
 70
     0
 74
     2
280
     0
 71
     1
 72
     0
 11
251.7661132019614
 21
78.06820848987637
 31
0.8198340373253029
  0
SEQEND
  5
8BEA
330
8BE7
100
AcDbEntity
  8
FUZEENDBLOCK.INSERT
 62
     0
  0
INSERT
  5
8BEB
330
1F
100
AcDbEntity
  8
FUZEBLOCK.INSERT
 62
     0
100
AcDbBlockReference
 66
     1
  2
FUZEBLOCK
 10
242.384002603181
 20
110.194394561372
 30
0.0
 41
0.8067903275745545
 42
0.8067903275745545
 43
0.8067903275745545
  0
ATTRIB
  5
8BEC
330
8BEB
100
AcDbEntity
  8
0
100
AcDbText
 10
225.2502068926905
 20
109.4171106924019
 30
0.8067903275745545
 40
2.200000000000001
  1
B24(EXT)#
  7
isocp.shx
 72
     1
 11
232.2856235593572
 21
110.5171106924019
 31
0.8067903275745545
100
AcDbAttribute
  2
VOLT
 70
     0
 74
     2
280
     0
 71
     1
 72
     0
 11
232.2856235593572
 21
110.5171106924019
 31
0.8067903275745545
  0
ATTRIB
  5
8BED
330
8BEB
100
AcDbEntity
  8
0
100
AcDbText
 10
238.3697585106674
 20
105.7865542183164
 30
0.8067903275745545
 40
2.200000000000001
  1
XXX
  7
isocp.shx
 72
     1
 11
241.3351751773341
 21
106.8865542183164
 31
0.8067903275745545
100
AcDbAttribute
  2
FTOT
 70
     0
 74
     2
280
     0
 71
     1
 72
     0
 11
241.3351751773341
 21
106.8865542183164
 31
0.8067903275745545
  0
ATTRIB
  5
8BEE
330
8BEB
100
AcDbEntity
  8
0
100
AcDbText
 10
255.8439011245342
 20
112.3215558716703
 30
0.8067903275745545
 40
2.200000000000001
  1

  7
isocp.shx
 72
     1
 11
255.8439011245342
 21
113.4215558716703
 31
0.8067903275745545
100
AcDbAttribute
  2
FUSEVALUE
 70
     0
 74
     2
280
     0
 71
     1
 72
     0
 11
255.8439011245342
 21
113.4215558716703
 31
0.8067903275745545
  0
SEQEND
  5
8BEF
330
8BEB
100
AcDbEntity
  8
FUZEBLOCK.INSERT
 62
     0
  0
INSERT
  5
8BF0
330
1F
100
AcDbEntity
  8
0
100
AcDbBlockReference
  2
24PPTC
 10
254.3546130547104
 20
103.667414559606
 30
0.0
  0
LINE
  5
8BF1
330
1F
100
AcDbEntity
  8
0
100
AcDbLine
 10
303.362813951183
 20
228.2053263540589
 30
0.0
 11
303.362813951183
 21
243.7050037037564
 31
0.0
  0
LINE
  5
8BF2
330
1F
100
AcDbEntity
  8
0
100
AcDbLine
 10
303.362813951183
 20
243.7050037037564
 30
0.0
 11
322.3434986009193
 21
243.7050037037564
 31
0.0
  0
LINE
  5
8BF3
330
1F
100
AcDbEntity
  8
0
100
AcDbLine
 10
322.3434986009193
 20
243.7050037037564
 30
0.0
 11
322.3434986009193
 21
258.1121765259111
 31
0.0
  0
INSERT
  5
8BF4
330
1F
100
AcDbEntity
  8
0
100
AcDbBlockReference
 66
     1
  2
Back_Contact
 10
309.0753397188024
 20
243.7068053862047
 30
0.0
 41
1.024762559949282
 42
1.024762559949282
 43
1.024762559949282
  0
ATTRIB
  5
8BF5
330
8BF4
100
AcDbEntity
  8
0
100
AcDbText
 10
312.3476318621229
 20
248.7801513206067
 30
0.0
 40
2.369230769230771
  1
*
  7
ISOCP
 72
     1
 11
313.1743946826357
 21
249.9647667052221
 31
0.0
100
AcDbAttribute
  2
S_NAME
 70
     0
 74
     2
280
     0
 71
     1
 72
     0
 11
313.1743946826357
 21
249.9647667052221
 31
0.0
  0
ATTRIB
  5
8BF6
330
8BF4
100
AcDbEntity
  8
0
100
AcDbText
 10
309.5045549390458
 20
245.6431094870071
 30
0.0
 40
2.369230769230771
  1
HRP2
  7
ISOCP
 72
     1
 11
313.1743946826356
 21
246.8277248716225
 31
0.0
100
AcDbAttribute
  2
R_NAME
 70
     0
 74
     2
280
     0
 71
     1
 72
     0
 11
313.1743946826356
 21
246.8277248716225
 31
0.0
  0
ATTRIB
  5
8BF7
330
8BF4
100
AcDbEntity
  8
0
 62
     0
100
AcDbText
 10
308.2485816223261
 20
239.5380406684333
 30
0.0
 40
2.369230769230771
  1
8
  7
ISOCP
 72
     1
 11
309.0753444428389
 21
241.9072714376641
 31
0.0
100
AcDbAttribute
  2
A
 70
     0
 74
     3
280
     0
 71
     1
 72
     0
 11
309.0753444428389
 21
241.9072714376641
 31
0.0
  0
ATTRIB
  5
8BF8
330
8BF4
100
AcDbEntity
  8
0
 62
     0
100
AcDbText
 10
316.4466821019204
 20
239.5380406684333
 30
0.0
 40
2.369230769230771
  1
7
  7
ISOCP
 72
     1
 11
317.2734449224332
 21
241.9072714376641
 31
0.0
100
AcDbAttribute
  2
B
 70
     0
 74
     3
280
     0
 71
     1
 72
     0
 11
317.2734449224332
 21
241.9072714376641
 31
0.0
  0
ATTRIB
  5
8BF9
330
8BF4
100
AcDbEntity
  8
0
100
AcDbText
 10
312.1548736310822
 20
239.7169712944193
 30
0.0
 40
2.369230769230771
  1
D
  7
ISOCP
 72
     1
 11
313.0926941439027
 21
240.9015866790347
 31
0.0
100
AcDbAttribute
  2
C
 70
     0
 74
     2
280
     0
 71
     1
 72
     0
 11
313.0926941439027
 21
240.9015866790347
 31
0.0
  0
ATTRIB
  5
8BFA
330
8BF4
100
AcDbEntity
  8
0
100
AcDbText
 10
307.8406236247264
 20
251.7246569487482
 30
0.0
 40
2.369230769230771
  1
XXXXX
  7
ISOCP
 72
     1
 11
313.1664569580597
 21
252.9092723333636
 31
0.0
100
AcDbAttribute
  2
R(POS)
 70
     0
 74
     2
280
     0
 71
     1
 72
     0
 11
313.1664569580597
 21
252.9092723333636
 31
0.0
  0
ATTRIB
  5
904E
330
8BF4
100
AcDbEntity
  8
0
100
AcDbText
 10
312.0403671402806
 20
232.3398857717308
 30
0.0
 40
2.049525119898564
  1
LB
  7
ISOCP
 72
     1
 11
313.568971292205
 21
233.3646483316801
 31
0.0
100
AcDbAttribute
  2
DOC
 70
     5
 74
     2
280
     1
 71
     1
 72
     0
 11
313.568971292205
 21
233.3646483316801
 31
0.0
  0
ATTRIB
  5
904F
330
8BF4
100
AcDbEntity
  8
0
100
AcDbText
 10
312.5433718428318
 20
236.1652219317654
 30
0.0
 40
2.049525119898564
  1
2
  7
ISOCP
 72
     1
 11
313.2585707127964
 21
237.1899844917147
 31
0.0
100
AcDbAttribute
  2
WIRING
 70
     5
 74
     2
280
     1
 71
     1
 72
     0
 11
313.2585707127964
 21
237.1899844917147
 31
0.0
  0
SEQEND
  5
8BFB
330
8BF4
100
AcDbEntity
  8
0
  0
LINE
  5
8BFC
330
1F
100
AcDbEntity
  8
0
100
AcDbLine
 10
317.2734449224328
 20
243.7068214157188
 30
0.0
 11
318.7555872892691
 21
245.5081202043066
 31
0.0
  0
LINE
  5
8BFD
330
1F
100
AcDbEntity
  8
0
100
AcDbLine
 10
318.7555872892691
 20
245.5081202043066
 30
0.0
 11
318.7555872892691
 21
258.1121765259111
 31
0.0
  0
LINE
  5
8BFE
330
1F
100
AcDbEntity
  8
0
100
AcDbLine
 10
309.0753444428385
 20
243.7068134009618
 30
0.0
 11
306.9377904107932
 21
242.4777946964849
 31
0.0
  0
LINE
  5
8BFF
330
1F
100
AcDbEntity
  8
0
100
AcDbLine
 10
306.9377904107932
 20
242.4777946964849
 30
0.0
 11
306.9377904107932
 21
228.2053263540589
 31
0.0
  0
LINE
  5
8C00
330
1F
100
AcDbEntity
  8
0
100
AcDbLine
 10
303.362813951183
 20
160.7074355783305
 30
0.0
 11
303.362813951183
 21
175.1471129280281
 31
0.0
  0
LINE
  5
8C01
330
1F
100
AcDbEntity
  8
0
100
AcDbLine
 10
303.362813951183
 20
175.1471129280281
 30
0.0
 11
322.3434986009193
 21
175.1471129280281
 31
0.0
  0
LINE
  5
8C02
330
1F
100
AcDbEntity
  8
0
100
AcDbLine
 10
322.3434986009193
 20
175.1471129280281
 30
0.0
 11
322.3434986009193
 21
189.5542857501828
 31
0.0
  0
INSERT
  5
8C03
330
1F
100
AcDbEntity
  8
0
100
AcDbBlockReference
 66
     1
  2
Back_Contact
 10
309.0753397188024
 20
175.1489146104764
 30
0.0
 41
1.024762559949282
 42
1.024762559949282
 43
1.024762559949282
  0
ATTRIB
  5
8C04
330
8C03
100
AcDbEntity
  8
0
100
AcDbText
 10
312.3476318621229
 20
180.2222605448784
 30
0.0
 40
2.369230769230771
  1
*
  7
ISOCP
 72
     1
 11
313.1743946826357
 21
181.4068759294938
 31
0.0
100
AcDbAttribute
  2
S_NAME
 70
     0
 74
     2
280
     0
 71
     1
 72
     0
 11
313.1743946826357
 21
181.4068759294938
 31
0.0
  0
ATTRIB
  5
8C05
330
8C03
100
AcDbEntity
  8
0
100
AcDbText
 10
308.8036575031484
 20
177.0852187112788
 30
0.0
 40
2.369230769230771
  1
HHRP1
  7
ISOCP
 72
     1
 11
313.1743946826356
 21
178.2698340958942
 31
0.0
100
AcDbAttribute
  2
R_NAME
 70
     0
 74
     2
280
     0
 71
     1
 72
     0
 11
313.1743946826356
 21
178.2698340958942
 31
0.0
  0
ATTRIB
  5
8C06
330
8C03
100
AcDbEntity
  8
0
 62
     0
100
AcDbText
 10
308.2485816223261
 20
170.980149892705
 30
0.0
 40
2.369230769230771
  1
8
  7
ISOCP
 72
     1
 11
309.0753444428389
 21
173.3493806619358
 31
0.0
100
AcDbAttribute
  2
A
 70
     0
 74
     3
280
     0
 71
     1
 72
     0
 11
309.0753444428389
 21
173.3493806619358
 31
0.0
  0
ATTRIB
  5
8C07
330
8C03
100
AcDbEntity
  8
0
 62
     0
100
AcDbText
 10
316.4466821019204
 20
170.980149892705
 30
0.0
 40
2.369230769230771
  1
7
  7
ISOCP
 72
     1
 11
317.2734449224332
 21
173.3493806619358
 31
0.0
100
AcDbAttribute
  2
B
 70
     0
 74
     3
280
     0
 71
     1
 72
     0
 11
317.2734449224332
 21
173.3493806619358
 31
0.0
  0
ATTRIB
  5
8C08
330
8C03
100
AcDbEntity
  8
0
100
AcDbText
 10
312.1548736310822
 20
171.159080518691
 30
0.0
 40
2.369230769230771
  1
D
  7
ISOCP
 72
     1
 11
313.0926941439027
 21
172.3436959033064
 31
0.0
100
AcDbAttribute
  2
C
 70
     0
 74
     2
280
     0
 71
     1
 72
     0
 11
313.0926941439027
 21
172.3436959033064
 31
0.0
  0
ATTRIB
  5
8C09
330
8C03
100
AcDbEntity
  8
0
100
AcDbText
 10
307.8406236247264
 20
183.1667661730199
 30
0.0
 40
2.369230769230771
  1
XXXXX
  7
ISOCP
 72
     1
 11
313.1664569580597
 21
184.3513815576353
 31
0.0
100
AcDbAttribute
  2
R(POS)
 70
     0
 74
     2
280
     0
 71
     1
 72
     0
 11
313.1664569580597
 21
184.3513815576353
 31
0.0
  0
ATTRIB
  5
9050
330
8C03
100
AcDbEntity
  8
0
100
AcDbText
 10
312.0403671402806
 20
163.7819949960024
 30
0.0
 40
2.049525119898564
  1
LB
  7
ISOCP
 72
     1
 11
313.568971292205
 21
164.8067575559517
 31
0.0
100
AcDbAttribute
  2
DOC
 70
     5
 74
     2
280
     1
 71
     1
 72
     0
 11
313.568971292205
 21
164.8067575559517
 31
0.0
  0
ATTRIB
  5
9051
330
8C03
100
AcDbEntity
  8
0
100
AcDbText
 10
312.5433718428318
 20
167.6073311560371
 30
0.0
 40
2.049525119898564
  1
2
  7
ISOCP
 72
     1
 11
313.2585707127964
 21
168.6320937159864
 31
0.0
100
AcDbAttribute
  2
WIRING
 70
     5
 74
     2
280
     1
 71
     1
 72
     0
 11
313.2585707127964
 21
168.6320937159864
 31
0.0
  0
SEQEND
  5
8C0A
330
8C03
100
AcDbEntity
  8
0
  0
LINE
  5
8C0B
330
1F
100
AcDbEntity
  8
0
100
AcDbLine
 10
317.2734449224328
 20
175.1489306399905
 30
0.0
 11
318.7555872892691
 21
176.9502294285783
 31
0.0
  0
LINE
  5
8C0C
330
1F
100
AcDbEntity
  8
0
100
AcDbLine
 10
318.7555872892691
 20
176.9502294285783
 30
0.0
 11
318.7555872892691
 21
189.5542857501828
 31
0.0
  0
LINE
  5
8C0D
330
1F
100
AcDbEntity
  8
0
100
AcDbLine
 10
309.0753444428385
 20
175.1489226252335
 30
0.0
 11
306.9377904107932
 21
173.9199039207566
 31
0.0
  0
LINE
  5
8C0E
330
1F
100
AcDbEntity
  8
0
100
AcDbLine
 10
306.9377904107932
 20
173.9199039207566
 30
0.0
 11
306.9377904107932
 21
160.7074355783305
 31
0.0
  0
LINE
  5
8C0F
330
1F
100
AcDbEntity
  8
0
100
AcDbLine
 10
303.362813951183
 20
81.3475446391776
 30
0.0
 11
303.362813951183
 21
95.78722198887517
 31
0.0
  0
LINE
  5
8C10
330
1F
100
AcDbEntity
  8
0
100
AcDbLine
 10
303.362813951183
 20
95.78722198887517
 30
0.0
 11
322.3434986009193
 21
95.78722198887517
 31
0.0
  0
LINE
  5
8C11
330
1F
100
AcDbEntity
  8
0
100
AcDbLine
 10
322.3434986009193
 20
95.78722198887517
 30
0.0
 11
322.3434986009193
 21
110.1943948110298
 31
0.0
  0
INSERT
  5
8C12
330
1F
100
AcDbEntity
  8
0
100
AcDbBlockReference
 66
     1
  2
Back_Contact
 10
309.0753397188024
 20
95.7890236713235
 30
0.0
 41
1.024762559949282
 42
1.024762559949282
 43
1.024762559949282
  0
ATTRIB
  5
8C13
330
8C12
100
AcDbEntity
  8
0
100
AcDbText
 10
312.3476318621229
 20
100.8623696057255
 30
0.0
 40
2.369230769230771
  1
*
  7
ISOCP
 72
     1
 11
313.1743946826357
 21
102.0469849903409
 31
0.0
100
AcDbAttribute
  2
S_NAME
 70
     0
 74
     2
280
     0
 71
     1
 72
     0
 11
313.1743946826357
 21
102.0469849903409
 31
0.0
  0
ATTRIB
  5
8C14
330
8C12
100
AcDbEntity
  8
0
100
AcDbText
 10
309.7513498108407
 20
97.72532777212592
 30
0.0
 40
2.369230769230771
  1
DRP1
  7
ISOCP
 72
     1
 11
313.1743946826356
 21
98.9099431567413
 31
0.0
100
AcDbAttribute
  2
R_NAME
 70
     0
 74
     2
280
     0
 71
     1
 72
     0
 11
313.1743946826356
 21
98.9099431567413
 31
0.0
1001
AcadAnnotative
1000
AnnotativeData
1002
{
1070
     1
1070
     0
1002
}
  0
ATTRIB
  5
8C15
330
8C12
100
AcDbEntity
  8
0
 62
     0
100
AcDbText
 10
308.2485816223261
 20
91.62025895355218
 30
0.0
 40
2.369230769230771
  1
8
  7
ISOCP
 72
     1
 11
309.0753444428389
 21
93.98948972278295
 31
0.0
100
AcDbAttribute
  2
A
 70
     0
 74
     3
280
     0
 71
     1
 72
     0
 11
309.0753444428389
 21
93.98948972278295
 31
0.0
  0
ATTRIB
  5
8C16
330
8C12
100
AcDbEntity
  8
0
 62
     0
100
AcDbText
 10
316.4466821019204
 20
91.62025895355218
 30
0.0
 40
2.369230769230771
  1
7
  7
ISOCP
 72
     1
 11
317.2734449224332
 21
93.98948972278295
 31
0.0
100
AcDbAttribute
  2
B
 70
     0
 74
     3
280
     0
 71
     1
 72
     0
 11
317.2734449224332
 21
93.98948972278295
 31
0.0
  0
ATTRIB
  5
8C17
330
8C12
100
AcDbEntity
  8
0
100
AcDbText
 10
312.1548736310822
 20
91.79918957953811
 30
0.0
 40
2.369230769230771
  1
D
  7
ISOCP
 72
     1
 11
313.0926941439027
 21
92.98380496415349
 31
0.0
100
AcDbAttribute
  2
C
 70
     0
 74
     2
280
     0
 71
     1
 72
     0
 11
313.0926941439027
 21
92.98380496415349
 31
0.0
  0
ATTRIB
  5
8C18
330
8C12
100
AcDbEntity
  8
0
100
AcDbText
 10
307.8406236247264
 20
103.8068752338671
 30
0.0
 40
2.369230769230771
  1
XXXXX
  7
ISOCP
 72
     1
 11
313.1664569580597
 21
104.9914906184825
 31
0.0
100
AcDbAttribute
  2
R(POS)
 70
     0
 74
     2
280
     0
 71
     1
 72
     0
 11
313.1664569580597
 21
104.9914906184825
 31
0.0
  0
ATTRIB
  5
9052
330
8C12
100
AcDbEntity
  8
0
100
AcDbText
 10
312.0403671402806
 20
84.42210405684958
 30
0.0
 40
2.049525119898564
  1
LB
  7
ISOCP
 72
     1
 11
313.568971292205
 21
85.44686661679886
 31
0.0
100
AcDbAttribute
  2
DOC
 70
     5
 74
     2
280
     1
 71
     1
 72
     0
 11
313.568971292205
 21
85.44686661679886
 31
0.0
  0
ATTRIB
  5
9053
330
8C12
100
AcDbEntity
  8
0
100
AcDbText
 10
312.5433718428318
 20
88.24744021688426
 30
0.0
 40
2.049525119898564
  1
2
  7
ISOCP
 72
     1
 11
313.2585707127964
 21
89.27220277683354
 31
0.0
100
AcDbAttribute
  2
WIRING
 70
     5
 74
     2
280
     1
 71
     1
 72
     0
 11
313.2585707127964
 21
89.27220277683354
 31
0.0
  0
SEQEND
  5
8C19
330
8C12
100
AcDbEntity
  8
0
  0
LINE
  5
8C1A
330
1F
100
AcDbEntity
  8
0
100
AcDbLine
 10
317.2734449224328
 20
95.78903970083753
 30
0.0
 11
318.7555872892691
 21
97.59033848942535
 31
0.0
  0
LINE
  5
8C1B
330
1F
100
AcDbEntity
  8
0
100
AcDbLine
 10
318.7555872892691
 20
97.59033848942535
 30
0.0
 11
318.7555872892691
 21
110.1943948110298
 31
0.0
  0
LINE
  5
8C1C
330
1F
100
AcDbEntity
  8
0
100
AcDbLine
 10
309.0753444428385
 20
95.78903168608049
 30
0.0
 11
306.9377904107932
 21
94.56001298160363
 31
0.0
  0
LINE
  5
8C1D
330
1F
100
AcDbEntity
  8
0
100
AcDbLine
 10
306.9377904107932
 20
94.56001298160363
 30
0.0
 11
306.9377904107932
 21
81.3475446391776
 31
0.0
  0
MTEXT
  5
8C1F
330
1F
100
AcDbEntity
  8
0
100
AcDbMText
 10
311.4111690685414
 20
276.24443206702
 30
0.0
 40
2.464
 41
24.02088855743006
 46
2.464
 71
     5
 72
     5
  1
{\LHUT NAME}
  7
ISOCP
 73
     1
 44
1.0
  0
MTEXT
  5
8C20
330
1F
100
AcDbEntity
  8
0
100
AcDbMText
 10
364.81959523249
 20
276.0553602811951
 30
0.0
 40
2.5
 41
36.05179217734646
 46
0.0
 71
     5
 72
     5
  1
{\LSIGNAL LOCATION }
  7
ISOCP
 73
     1
 44
1.0
101
Embedded Object
 70
     1
 10
1.0
 20
0.0
 30
0.0
 11
364.81959523249
 21
276.0553602811951
 31
0.0
 40
36.05179217734646
 41
0.0
 42
25.5
 43
3.0
 71
     2
 72
     1
 44
36.05179217734646
 45
9.990172111386347
 73
     0
 74
     0
 46
-3.004441738241592
  0
LINE
  5
8C21
330
1F
100
AcDbEntity
  8
0
100
AcDbLine
 10
88.0790469011502
 20
109.2554731065287
 30
0.0
 11
107.0568149876377
 21
109.2554731065287
 31
0.0
  0
LINE
  5
8C22
330
1F
100
AcDbEntity
  8
0
100
AcDbLine
 10
115.0568149876377
 20
109.2554731065287
 30
0.0
 11
148.7052140355605
 21
109.2554731065287
 31
0.0
  0
INSERT
  5
8C23
330
1F
100
AcDbEntity
  8
FUZEENDBLOCK.INSERT
 62
     0
100
AcDbBlockReference
 66
     1
  2
FUZEENDBLOCK
 10
202.8495407793259
 20
109.2554731065287
 30
0.0
 41
-0.8287124280195762
 42
0.8287124280195762
 43
0.8287124280195762
  0
ATTRIB
  5
8C24
330
8C23
100
AcDbEntity
  8
0
100
AcDbText
 10
186.5075040310737
 20
111.1200760695727
 30
0.8287124280195762
 40
2.071781070048941
  1
N24 (INT)(#)
  7
isocp.shx
 72
     1
 11
193.8580106191848
 21
112.1559666045972
 31
0.8287124280195762
100
AcDbAttribute
  2
VOLT
 70
     0
 74
     2
280
     0
 71
     1
 72
     0
 11
193.8580106191848
 21
112.1559666045972
 31
0.8287124280195762
  0
ATTRIB
  5
8C25
330
8C23
100
AcDbEntity
  8
0
100
AcDbText
 10
191.0654223851813
 20
104.9047328594259
 30
0.8287124280195762
 40
2.071781070048941
  1
XXX
  7
isocp.shx
 72
     1
 11
193.8580106191848
 21
105.9406233944504
 31
0.8287124280195762
100
AcDbAttribute
  2
FTOT
 70
     0
 74
     2
280
     0
 71
     1
 72
     0
 11
193.8580106191848
 21
105.9406233944504
 31
0.8287124280195762
  0
SEQEND
  5
8C26
330
8C23
100
AcDbEntity
  8
FUZEENDBLOCK.INSERT
 62
     0
  0
LINE
  5
8C27
330
1F
100
AcDbEntity
  8
0
100
AcDbLine
 10
170.3661680141859
 20
109.2554731065287
 30
0.0
 11
184.8250454699001
 21
109.2554731065287
 31
0.0
  0
INSERT
  5
8C28
330
1F
100
AcDbEntity
  8
0
100
AcDbBlockReference
 66
     1
  2
Front_Contact
 10
107.0568149876377
 20
109.2554731065287
 30
0.0
  0
ATTRIB
  5
8C29
330
8C28
100
AcDbEntity
  8
0
100
AcDbText
 10
106.1947986916779
 20
117.0795719379529
 30
0.0
 40
2.146838776105253
  1
XXXXX
  7
ISOCP
 72
     1
 11
111.0207133571312
 21
118.1529913260055
 31
0.0
100
AcDbAttribute
  2
R(POS)
 70
     0
 74
     2
280
     0
 71
     1
 72
     0
 11
111.0207133571312
 21
118.1529913260055
 31
0.0
  0
ATTRIB
  5
8C2A
330
8C28
100
AcDbEntity
  8
0
100
AcDbText
 10
107.0963447038019
 20
111.1449801608664
 30
0.0
 40
2.146838776105253
  1
HHRP1
  7
ISOCP
 72
     1
 11
111.0568149876377
 21
112.218399548919
 31
0.0
100
AcDbAttribute
  2
R_NAME
 70
     0
 74
     2
280
     0
 71
     1
 72
     0
 11
111.0568149876377
 21
112.218399548919
 31
0.0
  0
ATTRIB
  5
8C2B
330
8C28
100
AcDbEntity
  8
0
 62
     0
100
AcDbText
 10
106.3076577063926
 20
105.8525932822536
 30
0.0
 40
2.146838776105253
  1
2
  7
ISOCP
 72
     1
 11
107.0568149876377
 21
107.9994320583588
 31
0.0
100
AcDbAttribute
  2
A
 70
     0
 74
     3
280
     0
 71
     1
 72
     0
 11
107.0568149876377
 21
107.9994320583588
 31
0.0
  0
ATTRIB
  5
8C2C
330
8C28
100
AcDbEntity
  8
0
 62
     0
100
AcDbText
 10
114.5312867455703
 20
105.8525932822536
 30
0.0
 40
2.146838776105253
  1
1
  7
ISOCP
 72
     1
 11
115.0568149876377
 21
107.9994320583588
 31
0.0
100
AcDbAttribute
  2
F
 70
     0
 74
     3
280
     0
 71
     1
 72
     0
 11
115.0568149876377
 21
107.9994320583588
 31
0.0
  0
ATTRIB
  5
8C2D
330
8C28
100
AcDbEntity
  8
0
100
AcDbText
 10
110.2070246387627
 20
105.8938112192331
 30
0.0
 40
2.146838776105253
  1
B
  7
ISOCP
 72
     1
 11
111.0568149876377
 21
106.9672306072857
 31
0.0
100
AcDbAttribute
  2
C
 70
     0
 74
     2
280
     0
 71
     1
 72
     0
 11
111.0568149876377
 21
106.9672306072857
 31
0.0
  0
ATTRIB
  5
8C2E
330
8C28
100
AcDbEntity
  8
0
100
AcDbText
 10
110.3076577063926
 20
114.2062179111554
 30
0.0
 40
2.146838776105253
  1
*
  7
ISOCP
 72
     1
 11
111.0568149876377
 21
115.279637299208
 31
0.0
100
AcDbAttribute
  2
S_NAME
 70
     0
 74
     2
280
     0
 71
     1
 72
     0
 11
111.0568149876377
 21
115.279637299208
 31
0.0
  0
ATTRIB
  5
8F85
330
8C28
100
AcDbEntity
  8
0
100
AcDbText
 10
108.9520374646744
 20
98.91658730085538
 30
0.0
 40
2.0
  1
RF
  7
ISOCP
 72
     1
 11
110.4499541313411
 21
99.91658730085538
 31
0.0
100
AcDbAttribute
  2
DOC
 70
     5
 74
     2
280
     1
 71
     1
 72
     0
 11
110.4499541313411
 21
99.91658730085538
 31
0.0
  0
ATTRIB
  5
8F86
330
8C28
100
AcDbEntity
  8
0
100
AcDbText
 10
109.4491374646744
 20
102.6494873008554
 30
0.0
 40
2.0
  1
2
  7
ISOCP
 72
     1
 11
110.1470541313411
 21
103.6494873008554
 31
0.0
100
AcDbAttribute
  2
WIRING
 70
     5
 74
     2
280
     1
 71
     1
 72
     0
 11
110.1470541313411
 21
103.6494873008554
 31
0.0
  0
SEQEND
  5
8C2F
330
8C28
100
AcDbEntity
  8
0
  0
INSERT
  5
8C30
330
1F
100
AcDbEntity
  8
0
100
AcDbBlockReference
 66
     1
  2
Front_Contact
 10
107.0568149876377
 20
94.84056534774012
 30
0.0
  0
ATTRIB
  5
8C31
330
8C30
100
AcDbEntity
  8
0
100
AcDbText
 10
106.1947986916779
 20
102.6646641791643
 30
0.0
 40
2.146838776105253
  1
XXXXX
  7
ISOCP
 72
     1
 11
111.0207133571312
 21
103.7380835672169
 31
0.0
100
AcDbAttribute
  2
R(POS)
 70
     0
 74
     2
280
     0
 71
     1
 72
     0
 11
111.0207133571312
 21
103.7380835672169
 31
0.0
  0
ATTRIB
  5
8C32
330
8C30
100
AcDbEntity
  8
0
100
AcDbText
 10
107.0963447038019
 20
96.73007240207775
 30
0.0
 40
2.146838776105253
  1
HHRP1
  7
ISOCP
 72
     1
 11
111.0568149876377
 21
97.80349179013038
 31
0.0
100
AcDbAttribute
  2
R_NAME
 70
     0
 74
     2
280
     0
 71
     1
 72
     0
 11
111.0568149876377
 21
97.80349179013038
 31
0.0
  0
ATTRIB
  5
8C33
330
8C30
100
AcDbEntity
  8
0
 62
     0
100
AcDbText
 10
106.2070246387627
 20
91.43768552346495
 30
0.0
 40
2.146838776105253
  1
4
  7
ISOCP
 72
     1
 11
107.0568149876377
 21
93.5845242995702
 31
0.0
100
AcDbAttribute
  2
A
 70
     0
 74
     3
280
     0
 71
     1
 72
     0
 11
107.0568149876377
 21
93.5845242995702
 31
0.0
  0
ATTRIB
  5
8C34
330
8C30
100
AcDbEntity
  8
0
 62
     0
100
AcDbText
 10
114.3076577063926
 20
91.43768552346495
 30
0.0
 40
2.146838776105253
  1
3
  7
ISOCP
 72
     1
 11
115.0568149876377
 21
93.5845242995702
 31
0.0
100
AcDbAttribute
  2
F
 70
     0
 74
     3
280
     0
 71
     1
 72
     0
 11
115.0568149876377
 21
93.5845242995702
 31
0.0
  0
ATTRIB
  5
8C35
330
8C30
100
AcDbEntity
  8
0
100
AcDbText
 10
110.2070246387627
 20
91.47890346044449
 30
0.0
 40
2.146838776105253
  1
B
  7
ISOCP
 72
     1
 11
111.0568149876377
 21
92.55232284849711
 31
0.0
100
AcDbAttribute
  2
C
 70
     0
 74
     2
280
     0
 71
     1
 72
     0
 11
111.0568149876377
 21
92.55232284849711
 31
0.0
  0
ATTRIB
  5
8C36
330
8C30
100
AcDbEntity
  8
0
100
AcDbText
 10
110.3076577063926
 20
99.79131015236688
 30
0.0
 40
2.146838776105253
  1
*
  7
ISOCP
 72
     1
 11
111.0568149876377
 21
100.8647295404195
 31
0.0
100
AcDbAttribute
  2
S_NAME
 70
     0
 74
     2
280
     0
 71
     1
 72
     0
 11
111.0568149876377
 21
100.8647295404195
 31
0.0
  0
ATTRIB
  5
8F87
330
8C30
100
AcDbEntity
  8
0
100
AcDbText
 10
108.9520374646744
 20
84.50167954206681
 30
0.0
 40
2.0
  1
RF
  7
ISOCP
 72
     1
 11
110.4499541313411
 21
85.50167954206681
 31
0.0
100
AcDbAttribute
  2
DOC
 70
     5
 74
     2
280
     1
 71
     1
 72
     0
 11
110.4499541313411
 21
85.50167954206681
 31
0.0
  0
ATTRIB
  5
8F88
330
8C30
100
AcDbEntity
  8
0
100
AcDbText
 10
108.9574707980078
 20
88.23457954206681
 30
0.0
 40
2.0
  1
21
  7
ISOCP
 72
     1
 11
110.1470541313411
 21
89.23457954206681
 31
0.0
100
AcDbAttribute
  2
WIRING
 70
     5
 74
     2
280
     1
 71
     1
 72
     0
 11
110.1470541313411
 21
89.23457954206681
 31
0.0
  0
SEQEND
  5
8C37
330
8C30
100
AcDbEntity
  8
0
  0
INSERT
  5
8C38
330
1F
100
AcDbEntity
  8
0
100
AcDbBlockReference
 66
     1
  2
Relay_Coil
 10
170.3661680141859
 20
109.2554731065287
 30
0.0
  0
ATTRIB
  5
8C39
330
8C38
100
AcDbEntity
  8
0
 62
     0
100
AcDbText
 10
158.6488120845301
 20
110.5278123537614
 30
0.0
 40
2.223824894598334
  1
*
  7
ISOCP
 72
     1
 11
159.4248343133743
 21
111.6397248010606
 31
0.0
100
AcDbAttribute
  2
S_NAME
 70
     0
 74
     2
280
     0
 71
     1
 72
     0
 11
159.4248343133743
 21
111.6397248010606
 31
0.0
  0
ATTRIB
  5
8C3A
330
8C38
100
AcDbEntity
  8
0
 62
     0
100
AcDbText
 10
155.1194612180377
 20
105.6435606592295
 30
0.0
 40
2.223824894598334
  1
HHRP2
  7
ISOCP
 72
     1
 11
159.4536032782392
 21
106.7554731065287
 31
0.0
100
AcDbAttribute
  2
R_NAME
 70
     0
 74
     2
280
     0
 71
     1
 72
     0
 11
159.4536032782392
 21
106.7554731065287
 31
0.0
  0
ATTRIB
  5
8C3B
330
8C38
100
AcDbEntity
  8
0
 62
     0
100
AcDbText
 10
147.3032302534144
 20
110.1435606592295
 30
0.0
 40
2.223824894598334
  1
R1
  7
ISOCP
 72
     1
 11
148.7371340135773
 21
111.2554731065287
 31
0.0
100
AcDbAttribute
  2
L+
 70
     0
 74
     2
280
     0
 71
     1
 72
     0
 11
148.7371340135773
 21
111.2554731065287
 31
0.0
  0
ATTRIB
  5
8C3C
330
8C38
100
AcDbEntity
  8
0
 62
     0
100
AcDbText
 10
169.5396618488769
 20
110.1435606592295
 30
0.0
 40
2.223824894598334
  1
R2
  7
ISOCP
 72
     1
 11
171.2052140355605
 21
111.2554731065287
 31
0.0
100
AcDbAttribute
  2
L-
 70
     0
 74
     2
280
     0
 71
     1
 72
     0
 11
171.2052140355605
 21
111.2554731065287
 31
0.0
  0
ATTRIB
  5
8C3D
330
8C38
100
AcDbEntity
  8
0
100
AcDbText
 10
154.3329114256981
 20
113.411659260104
 30
0.0
 40
2.223824894598334
  1
XXXXX
  7
ISOCP
 72
     1
 11
159.331884470014
 21
114.5235717074032
 31
0.0
100
AcDbAttribute
  2
R(POS)
 70
     0
 74
     2
280
     0
 71
     1
 72
     0
 11
159.331884470014
 21
114.5235717074032
 31
0.0
  0
ATTRIB
  5
8FEF
330
8C38
100
AcDbEntity
  8
0
100
AcDbText
 10
155.2465903157211
 20
100.8623438410924
 30
0.0
 40
2.0
  1
12
  7
ISOCP
 72
     1
 11
156.4445069823878
 21
101.8623438410924
 31
0.0
100
AcDbAttribute
  2
WIRING
 70
     5
 74
     2
280
     1
 71
     1
 72
     0
 11
156.4445069823878
 21
101.8623438410924
 31
0.0
  0
ATTRIB
  5
8FF0
330
8C38
100
AcDbEntity
  8
0
100
AcDbText
 10
154.7578236490544
 20
97.12944384109244
 30
0.0
 40
2.0
  1
LR1
  7
ISOCP
 72
     1
 11
156.7474069823878
 21
98.12944384109244
 31
0.0
100
AcDbAttribute
  2
DOC
 70
     5
 74
     2
280
     1
 71
     1
 72
     0
 11
156.7474069823878
 21
98.12944384109244
 31
0.0
  0
SEQEND
  5
8C3E
330
8C38
100
AcDbEntity
  8
0
  0
INSERT
  5
8C3F
330
1F
100
AcDbEntity
  8
0
100
AcDbBlockReference
 66
     1
  2
Front_Contact
 10
107.0568149876377
 20
80.42565758895154
 30
0.0
  0
ATTRIB
  5
8C40
330
8C3F
100
AcDbEntity
  8
0
100
AcDbText
 10
106.1947986916779
 20
88.24975642037572
 30
0.0
 40
2.146838776105253
  1
XXXXX
  7
ISOCP
 72
     1
 11
111.0207133571312
 21
89.32317580842835
 31
0.0
100
AcDbAttribute
  2
R(POS)
 70
     0
 74
     2
280
     0
 71
     1
 72
     0
 11
111.0207133571312
 21
89.32317580842835
 31
0.0
  0
ATTRIB
  5
8C41
330
8C3F
100
AcDbEntity
  8
0
100
AcDbText
 10
107.955080214244
 20
82.31516464328917
 30
0.0
 40
2.146838776105253
  1
HRP1
  7
ISOCP
 72
     1
 11
111.0568149876377
 21
83.3885840313418
 31
0.0
100
AcDbAttribute
  2
R_NAME
 70
     0
 74
     2
280
     0
 71
     1
 72
     0
 11
111.0568149876377
 21
83.3885840313418
 31
0.0
  0
ATTRIB
  5
8C42
330
8C3F
100
AcDbEntity
  8
0
 62
     0
100
AcDbText
 10
106.3076577063926
 20
77.02277776467636
 30
0.0
 40
2.146838776105253
  1
2
  7
ISOCP
 72
     1
 11
107.0568149876377
 21
79.16961654078162
 31
0.0
100
AcDbAttribute
  2
A
 70
     0
 74
     3
280
     0
 71
     1
 72
     0
 11
107.0568149876377
 21
79.16961654078162
 31
0.0
  0
ATTRIB
  5
8C43
330
8C3F
100
AcDbEntity
  8
0
 62
     0
100
AcDbText
 10
114.5312867455703
 20
77.02277776467636
 30
0.0
 40
2.146838776105253
  1
1
  7
ISOCP
 72
     1
 11
115.0568149876377
 21
79.16961654078162
 31
0.0
100
AcDbAttribute
  2
F
 70
     0
 74
     3
280
     0
 71
     1
 72
     0
 11
115.0568149876377
 21
79.16961654078162
 31
0.0
  0
ATTRIB
  5
8C44
330
8C3F
100
AcDbEntity
  8
0
100
AcDbText
 10
110.2070246387627
 20
77.0639957016559
 30
0.0
 40
2.146838776105253
  1
B
  7
ISOCP
 72
     1
 11
111.0568149876377
 21
78.13741508970853
 31
0.0
100
AcDbAttribute
  2
C
 70
     0
 74
     2
280
     0
 71
     1
 72
     0
 11
111.0568149876377
 21
78.13741508970853
 31
0.0
  0
ATTRIB
  5
8C45
330
8C3F
100
AcDbEntity
  8
0
100
AcDbText
 10
110.3076577063926
 20
85.37640239357825
 30
0.0
 40
2.146838776105253
  1
*
  7
ISOCP
 72
     1
 11
111.0568149876377
 21
86.44982178163087
 31
0.0
100
AcDbAttribute
  2
S_NAME
 70
     0
 74
     2
280
     0
 71
     1
 72
     0
 11
111.0568149876377
 21
86.44982178163087
 31
0.0
  0
ATTRIB
  5
8F89
330
8C3F
100
AcDbEntity
  8
0
100
AcDbText
 10
108.9520374646744
 20
70.08677178327822
 30
0.0
 40
2.0
  1
RF
  7
ISOCP
 72
     1
 11
110.4499541313411
 21
71.08677178327822
 31
0.0
100
AcDbAttribute
  2
DOC
 70
     5
 74
     2
280
     1
 71
     1
 72
     0
 11
110.4499541313411
 21
71.08677178327822
 31
0.0
  0
ATTRIB
  5
8F8A
330
8C3F
100
AcDbEntity
  8
0
100
AcDbText
 10
109.4491374646744
 20
73.81967178327822
 30
0.0
 40
2.0
  1
2
  7
ISOCP
 72
     1
 11
110.1470541313411
 21
74.81967178327822
 31
0.0
100
AcDbAttribute
  2
WIRING
 70
     5
 74
     2
280
     1
 71
     1
 72
     0
 11
110.1470541313411
 21
74.81967178327822
 31
0.0
  0
SEQEND
  5
8C46
330
8C3F
100
AcDbEntity
  8
0
  0
INSERT
  5
8C47
330
1F
100
AcDbEntity
  8
0
100
AcDbBlockReference
 66
     1
  2
Front_Contact
 10
107.0568149876377
 20
66.01074983016301
 30
0.0
  0
ATTRIB
  5
8C48
330
8C47
100
AcDbEntity
  8
0
100
AcDbText
 10
106.1947986916779
 20
73.83484866158719
 30
0.0
 40
2.146838776105253
  1
XXXXX
  7
ISOCP
 72
     1
 11
111.0207133571312
 21
74.90826804963982
 31
0.0
100
AcDbAttribute
  2
R(POS)
 70
     0
 74
     2
280
     0
 71
     1
 72
     0
 11
111.0207133571312
 21
74.90826804963982
 31
0.0
  0
ATTRIB
  5
8C49
330
8C47
100
AcDbEntity
  8
0
100
AcDbText
 10
107.955080214244
 20
67.90025688450064
 30
0.0
 40
2.146838776105253
  1
HRP1
  7
ISOCP
 72
     1
 11
111.0568149876377
 21
68.97367627255326
 31
0.0
100
AcDbAttribute
  2
R_NAME
 70
     0
 74
     2
280
     0
 71
     1
 72
     0
 11
111.0568149876377
 21
68.97367627255326
 31
0.0
  0
ATTRIB
  5
8C4A
330
8C47
100
AcDbEntity
  8
0
 62
     0
100
AcDbText
 10
106.2070246387627
 20
62.60787000588783
 30
0.0
 40
2.146838776105253
  1
4
  7
ISOCP
 72
     1
 11
107.0568149876377
 21
64.75470878199309
 31
0.0
100
AcDbAttribute
  2
A
 70
     0
 74
     3
280
     0
 71
     1
 72
     0
 11
107.0568149876377
 21
64.75470878199309
 31
0.0
  0
ATTRIB
  5
8C4B
330
8C47
100
AcDbEntity
  8
0
 62
     0
100
AcDbText
 10
114.3076577063926
 20
62.60787000588783
 30
0.0
 40
2.146838776105253
  1
3
  7
ISOCP
 72
     1
 11
115.0568149876377
 21
64.75470878199309
 31
0.0
100
AcDbAttribute
  2
F
 70
     0
 74
     3
280
     0
 71
     1
 72
     0
 11
115.0568149876377
 21
64.75470878199309
 31
0.0
  0
ATTRIB
  5
8C4C
330
8C47
100
AcDbEntity
  8
0
100
AcDbText
 10
110.2070246387627
 20
62.64908794286738
 30
0.0
 40
2.146838776105253
  1
B
  7
ISOCP
 72
     1
 11
111.0568149876377
 21
63.72250733092
 31
0.0
100
AcDbAttribute
  2
C
 70
     0
 74
     2
280
     0
 71
     1
 72
     0
 11
111.0568149876377
 21
63.72250733092
 31
0.0
  0
ATTRIB
  5
8C4D
330
8C47
100
AcDbEntity
  8
0
100
AcDbText
 10
110.3076577063926
 20
70.96149463478972
 30
0.0
 40
2.146838776105253
  1
*
  7
ISOCP
 72
     1
 11
111.0568149876377
 21
72.03491402284234
 31
0.0
100
AcDbAttribute
  2
S_NAME
 70
     0
 74
     2
280
     0
 71
     1
 72
     0
 11
111.0568149876377
 21
72.03491402284234
 31
0.0
  0
ATTRIB
  5
8F8B
330
8C47
100
AcDbEntity
  8
0
100
AcDbText
 10
108.9520374646744
 20
55.67186402448969
 30
0.0
 40
2.0
  1
RF
  7
ISOCP
 72
     1
 11
110.4499541313411
 21
56.67186402448969
 31
0.0
100
AcDbAttribute
  2
DOC
 70
     5
 74
     2
280
     1
 71
     1
 72
     0
 11
110.4499541313411
 21
56.67186402448969
 31
0.0
  0
ATTRIB
  5
8F8C
330
8C47
100
AcDbEntity
  8
0
100
AcDbText
 10
109.6574707980078
 20
59.40476402448969
 30
0.0
 40
2.0
  1
1
  7
ISOCP
 72
     1
 11
110.1470541313411
 21
60.40476402448969
 31
0.0
100
AcDbAttribute
  2
WIRING
 70
     5
 74
     2
280
     1
 71
     1
 72
     0
 11
110.1470541313411
 21
60.40476402448969
 31
0.0
  0
SEQEND
  5
8C4E
330
8C47
100
AcDbEntity
  8
0
  0
LINE
  5
8C4F
330
1F
100
AcDbEntity
  8
0
100
AcDbLine
 10
184.1092617654663
 20
80.42565758895154
 30
0.0
 11
184.1092617654663
 21
101.3328321560526
 31
0.0
  0
LINE
  5
8C50
330
1F
100
AcDbEntity
  8
0
100
AcDbLine
 10
184.1092617654663
 20
101.3328321560526
 30
0.0
 11
170.3661680141859
 21
109.2554731065287
 31
0.0
  0
INSERT
  5
8C51
330
1F
100
AcDbEntity
  8
0
100
AcDbBlockReference
 66
     1
  2
Relay_Coil
 10
170.3661680141859
 20
80.42565758895154
 30
0.0
  0
ATTRIB
  5
8C52
330
8C51
100
AcDbEntity
  8
0
 62
     0
100
AcDbText
 10
158.6488120845301
 20
81.69799683618432
 30
0.0
 40
2.223824894598334
  1
*
  7
ISOCP
 72
     1
 11
159.4248343133743
 21
82.80990928348348
 31
0.0
100
AcDbAttribute
  2
S_NAME
 70
     0
 74
     2
280
     0
 71
     1
 72
     0
 11
159.4248343133743
 21
82.80990928348348
 31
0.0
  0
ATTRIB
  5
8C53
330
8C51
100
AcDbEntity
  8
0
 62
     0
100
AcDbText
 10
156.008991175877
 20
76.81374514165238
 30
0.0
 40
2.223824894598334
  1
HRP2
  7
ISOCP
 72
     1
 11
159.4536032782392
 21
77.92565758895154
 31
0.0
100
AcDbAttribute
  2
R_NAME
 70
     0
 74
     2
280
     0
 71
     1
 72
     0
 11
159.4536032782392
 21
77.92565758895154
 31
0.0
  0
ATTRIB
  5
8C54
330
8C51
100
AcDbEntity
  8
0
 62
     0
100
AcDbText
 10
147.3032302534144
 20
81.31374514165238
 30
0.0
 40
2.223824894598334
  1
R1
  7
ISOCP
 72
     1
 11
148.7371340135773
 21
82.42565758895154
 31
0.0
100
AcDbAttribute
  2
L+
 70
     0
 74
     2
280
     0
 71
     1
 72
     0
 11
148.7371340135773
 21
82.42565758895154
 31
0.0
  0
ATTRIB
  5
8C55
330
8C51
100
AcDbEntity
  8
0
 62
     0
100
AcDbText
 10
169.5396618488769
 20
81.31374514165238
 30
0.0
 40
2.223824894598334
  1
R2
  7
ISOCP
 72
     1
 11
171.2052140355605
 21
82.42565758895154
 31
0.0
100
AcDbAttribute
  2
L-
 70
     0
 74
     2
280
     0
 71
     1
 72
     0
 11
171.2052140355605
 21
82.42565758895154
 31
0.0
  0
ATTRIB
  5
8C56
330
8C51
100
AcDbEntity
  8
0
100
AcDbText
 10
154.3329114256981
 20
84.58184374252686
 30
0.0
 40
2.223824894598334
  1
XXXXX
  7
ISOCP
 72
     1
 11
159.331884470014
 21
85.69375618982602
 31
0.0
100
AcDbAttribute
  2
R(POS)
 70
     0
 74
     2
280
     0
 71
     1
 72
     0
 11
159.331884470014
 21
85.69375618982602
 31
0.0
  0
ATTRIB
  5
8FF1
330
8C51
100
AcDbEntity
  8
0
100
AcDbText
 10
155.9549236490545
 20
72.03252832351528
 30
0.0
 40
2.0
  1
1
  7
ISOCP
 72
     1
 11
156.4445069823878
 21
73.03252832351528
 31
0.0
100
AcDbAttribute
  2
WIRING
 70
     5
 74
     2
280
     1
 71
     1
 72
     0
 11
156.4445069823878
 21
73.03252832351528
 31
0.0
  0
ATTRIB
  5
8FF2
330
8C51
100
AcDbEntity
  8
0
100
AcDbText
 10
154.7578236490544
 20
68.29962832351528
 30
0.0
 40
2.0
  1
LR1
  7
ISOCP
 72
     1
 11
156.7474069823878
 21
69.29962832351528
 31
0.0
100
AcDbAttribute
  2
DOC
 70
     5
 74
     2
280
     1
 71
     1
 72
     0
 11
156.7474069823878
 21
69.29962832351528
 31
0.0
  0
SEQEND
  5
8C57
330
8C51
100
AcDbEntity
  8
0
  0
LWPOLYLINE
  5
8C58
330
1F
100
AcDbEntity
  8
0
100
AcDbPolyline
 90
        6
 70
     0
 43
0.0
 10
107.0568149876377
 20
109.2554731065287
 10
100.0568149876377
 20
107.2554731065287
 10
100.0568149876377
 20
94.84056534774012
 10
122.0568149876377
 20
94.84056534774012
 10
122.0568149876377
 20
107.2554731065287
 10
115.0568149876377
 20
109.2554731065287
  0
LINE
  5
8C59
330
1F
100
AcDbEntity
  8
0
100
AcDbLine
 10
107.0568149876377
 20
94.84056534774012
 30
0.0
 11
100.0568149876377
 21
92.84056534774012
 31
0.0
  0
LINE
  5
8C5A
330
1F
100
AcDbEntity
  8
0
100
AcDbLine
 10
100.0568149876377
 20
92.84056534774012
 30
0.0
 11
100.0568149876377
 21
80.42565758895157
 31
0.0
  0
LINE
  5
8C5B
330
1F
100
AcDbEntity
  8
0
100
AcDbLine
 10
100.0568149876377
 20
80.42565758895157
 30
0.0
 11
107.0568149876377
 21
80.42565758895157
 31
0.0
  0
LINE
  5
8C5C
330
1F
100
AcDbEntity
  8
0
100
AcDbLine
 10
115.0568149876377
 20
80.42565758895154
 30
0.0
 11
148.7052140355605
 21
80.42565758895154
 31
0.0
  0
LINE
  5
8C5D
330
1F
100
AcDbEntity
  8
0
100
AcDbLine
 10
170.3661680141859
 20
80.42565758895154
 30
0.0
 11
184.1092617654663
 21
80.42565758895154
 31
0.0
  0
LWPOLYLINE
  5
8C5E
330
1F
100
AcDbEntity
  8
0
100
AcDbPolyline
 90
        6
 70
     0
 43
0.0
 10
107.0568149876377
 20
80.42565758895157
 10
100.0568149876377
 20
78.42565758895157
 10
100.0568149876377
 20
66.01074983016301
 10
122.0568149876377
 20
66.01074983016301
 10
122.0568149876377
 20
78.42565758895157
 10
115.0568149876377
 20
80.42565758895157
  0
INSERT
  5
8C5F
330
1F
100
AcDbEntity
  8
FUZEBLOCK.INSERT
 62
     0
100
AcDbBlockReference
 66
     1
  2
FUZEBLOCK
 10
70.95538302957488
 20
109.2554731065287
 30
0.0
 41
0.7872948906471413
 42
0.7872948906471413
 43
0.7872948906471413
  0
ATTRIB
  5
8C60
330
8C5F
100
AcDbEntity
  8
0
100
AcDbText
 10
53.48421808832588
 20
108.496971674735
 30
0.7872948906471413
 40
2.146838776105251
  1
B24 (INT)(#)
  7
isocp.shx
 72
     1
 11
61.10102316271597
 21
109.5703910627876
 31
0.7872948906471413
100
AcDbAttribute
  2
VOLT
 70
     0
 74
     2
280
     0
 71
     1
 72
     0
 11
61.10102316271597
 21
109.5703910627876
 31
0.7872948906471413
  0
ATTRIB
  5
8C61
330
8C5F
100
AcDbEntity
  8
0
100
AcDbText
 10
67.03813990477506
 20
104.9541446668229
 30
0.7872948906471413
 40
2.146838776105251
  1
XXX
  7
isocp.shx
 72
     1
 11
69.9318996717336
 21
106.0275640548755
 31
0.7872948906471413
100
AcDbAttribute
  2
FTOT
 70
     0
 74
     2
280
     0
 71
     1
 72
     0
 11
69.9318996717336
 21
106.0275640548755
 31
0.7872948906471413
  0
ATTRIB
  5
8C62
330
8C5F
100
AcDbEntity
  8
0
100
AcDbText
 10
84.09003396961248
 20
111.3312332810647
 30
0.7872948906471413
 40
2.146838776105251
  1

  7
isocp.shx
 72
     1
 11
84.09003396961248
 21
112.4046526691173
 31
0.7872948906471413
100
AcDbAttribute
  2
FUSEVALUE
 70
     0
 74
     2
280
     0
 71
     1
 72
     0
 11
84.09003396961248
 21
112.4046526691173
 31
0.7872948906471413
  0
SEQEND
  5
8C63
330
8C5F
100
AcDbEntity
  8
FUZEBLOCK.INSERT
 62
     0
  0
INSERT
  5
8C64
330
1F
100
AcDbEntity
  8
0
100
AcDbBlockReference
  2
24PPTC
 10
82.50314738428466
 20
103.227411078154
 30
0.0
  0
MTEXT
  5
8C65
330
1F
100
AcDbEntity
  8
0
100
AcDbMText
 10
136.2976677781843
 20
129.5094690819297
 30
0.0
 40
2.464
 41
24.02088855743003
 46
2.464
 71
     5
 72
     5
  1
{\LHUT NAME}
  7
ISOCP
 73
     1
 44
1.0
  0
INSERT
  5
8D8A
330
1F
100
AcDbEntity
  8
0
100
AcDbBlockReference
 66
     1
  2
FRONT_REPEATER
 10
192.6467127628187
 20
2.112257385860687
 30
0.0
  0
ATTRIB
  5
8D8B
330
8D8A
100
AcDbEntity
  8
0
100
AcDbText
 10
359.7267264666771
 20
209.5097872631507
 30
0.0
 40
2.17643035283774
  1
*
  7
ISOCP
 72
     1
 11
360.4862099752195
 21
210.5980024395696
 31
0.0
100
AcDbAttribute
  2
S_NAME
 70
     0
 74
     2
280
     0
 71
     1
 72
     0
 11
360.4862099752195
 21
210.5980024395696
 31
0.0
  0
ATTRIB
  5
8D8C
330
8D8A
100
AcDbEntity
  8
0
100
AcDbText
 10
357.8835620116177
 20
205.8672294686367
 30
0.0
 40
2.17643035283774
  1
HPR
  7
ISOCP
 72
     1
 11
360.4862099752195
 21
206.9554446450555
 31
0.0
100
AcDbAttribute
  2
R_NAME
 70
     0
 74
     2
280
     0
 71
     1
 72
     0
 11
360.4862099752195
 21
206.9554446450555
 31
0.0
  0
ATTRIB
  5
8D8D
330
8D8A
100
AcDbEntity
  8
0
 62
     0
100
AcDbText
 10
356.5290638791508
 20
200.2589542538051
 30
0.0
 40
2.17643035283774
  1

  7
ISOCP
 72
     1
 11
356.5290638791508
 21
202.4353846066428
 31
0.0
100
AcDbAttribute
  2
A
 70
     0
 74
     3
280
     0
 71
     1
 72
     0
 11
356.5290638791508
 21
202.4353846066428
 31
0.0
  0
ATTRIB
  5
8D8E
330
8D8A
100
AcDbEntity
  8
0
 62
     0
100
AcDbText
 10
364.4433560712881
 20
200.2589542538051
 30
0.0
 40
2.17643035283774
  1

  7
ISOCP
 72
     1
 11
364.4433560712881
 21
202.4353846066428
 31
0.0
100
AcDbAttribute
  2
F
 70
     0
 74
     3
280
     0
 71
     1
 72
     0
 11
364.4433560712881
 21
202.4353846066428
 31
0.0
  0
ATTRIB
  5
8D8F
330
8D8A
100
AcDbEntity
  8
0
100
AcDbText
 10
360.2771565511536
 20
200.3260264446064
 30
0.0
 40
2.17643035283774
  1

  7
ISOCP
 72
     1
 11
360.2771565511536
 21
201.4142416210252
 31
0.0
100
AcDbAttribute
  2
C
 70
     0
 74
     2
280
     0
 71
     1
 72
     0
 11
360.2771565511536
 21
201.4142416210252
 31
0.0
  0
ATTRIB
  5
8D90
330
8D8A
100
AcDbEntity
  8
0
100
AcDbText
 10
360.6006612063205
 20
212.404776744667
 30
0.0
 40
2.17643035283774
  1

  7
ISOCP
 72
     1
 11
360.6006612063205
 21
213.4929919210859
 31
0.0
100
AcDbAttribute
  2
R(POS)
 70
     0
 74
     2
280
     0
 71
     1
 72
     0
 11
360.6006612063205
 21
213.4929919210859
 31
0.0
  0
SEQEND
  5
8D91
330
8D8A
100
AcDbEntity
  8
0
  0
INSERT
  5
8D92
330
1F
100
AcDbEntity
  8
0
100
AcDbBlockReference
 66
     1
  2
FRONT_REPEATER
 10
192.6467127628185
 20
-12.25277125662501
 30
0.0
  0
ATTRIB
  5
8D93
330
8D92
100
AcDbEntity
  8
0
100
AcDbText
 10
359.726726466677
 20
195.144758620665
 30
0.0
 40
2.17643035283774
  1
*
  7
ISOCP
 72
     1
 11
360.4862099752193
 21
196.2329737970839
 31
0.0
100
AcDbAttribute
  2
S_NAME
 70
     0
 74
     2
280
     0
 71
     1
 72
     0
 11
360.4862099752193
 21
196.2329737970839
 31
0.0
  0
ATTRIB
  5
8D94
330
8D92
100
AcDbEntity
  8
0
100
AcDbText
 10
357.8835620116175
 20
191.502200826151
 30
0.0
 40
2.17643035283774
  1
HPR
  7
ISOCP
 72
     1
 11
360.4862099752193
 21
192.5904160025698
 31
0.0
100
AcDbAttribute
  2
R_NAME
 70
     0
 74
     2
280
     0
 71
     1
 72
     0
 11
360.4862099752193
 21
192.5904160025698
 31
0.0
  0
ATTRIB
  5
8D95
330
8D92
100
AcDbEntity
  8
0
 62
     0
100
AcDbText
 10
356.5290638791507
 20
185.8939256113194
 30
0.0
 40
2.17643035283774
  1

  7
ISOCP
 72
     1
 11
356.5290638791507
 21
188.0703559641571
 31
0.0
100
AcDbAttribute
  2
A
 70
     0
 74
     3
280
     0
 71
     1
 72
     0
 11
356.5290638791507
 21
188.0703559641571
 31
0.0
  0
ATTRIB
  5
8D96
330
8D92
100
AcDbEntity
  8
0
 62
     0
100
AcDbText
 10
364.4433560712879
 20
185.8939256113194
 30
0.0
 40
2.17643035283774
  1

  7
ISOCP
 72
     1
 11
364.4433560712879
 21
188.0703559641571
 31
0.0
100
AcDbAttribute
  2
F
 70
     0
 74
     3
280
     0
 71
     1
 72
     0
 11
364.4433560712879
 21
188.0703559641571
 31
0.0
  0
ATTRIB
  5
8D97
330
8D92
100
AcDbEntity
  8
0
100
AcDbText
 10
360.2771565511534
 20
185.9609978021206
 30
0.0
 40
2.17643035283774
  1

  7
ISOCP
 72
     1
 11
360.2771565511534
 21
187.0492129785395
 31
0.0
100
AcDbAttribute
  2
C
 70
     0
 74
     2
280
     0
 71
     1
 72
     0
 11
360.2771565511534
 21
187.0492129785395
 31
0.0
  0
ATTRIB
  5
8D98
330
8D92
100
AcDbEntity
  8
0
100
AcDbText
 10
360.6006612063203
 20
198.0397481021813
 30
0.0
 40
2.17643035283774
  1

  7
ISOCP
 72
     1
 11
360.6006612063203
 21
199.1279632786002
 31
0.0
100
AcDbAttribute
  2
R(POS)
 70
     0
 74
     2
280
     0
 71
     1
 72
     0
 11
360.6006612063203
 21
199.1279632786002
 31
0.0
  0
SEQEND
  5
8D99
330
8D92
100
AcDbEntity
  8
0
  0
INSERT
  5
8D9A
330
1F
100
AcDbEntity
  8
0
100
AcDbBlockReference
 66
     1
  2
FRONT_REPEATER
 10
192.6490333045851
 20
-55.43207888560033
 30
0.0
  0
ATTRIB
  5
8D9B
330
8D9A
100
AcDbEntity
  8
0
100
AcDbText
 10
359.7290470084436
 20
151.9654509916897
 30
0.0
 40
2.17643035283774
  1
*
  7
ISOCP
 72
     1
 11
360.4885305169859
 21
153.0536661681086
 31
0.0
100
AcDbAttribute
  2
S_NAME
 70
     0
 74
     2
280
     0
 71
     1
 72
     0
 11
360.4885305169859
 21
153.0536661681086
 31
0.0
  0
ATTRIB
  5
8D9C
330
8D9A
100
AcDbEntity
  8
0
100
AcDbText
 10
357.8858825533841
 20
148.3228931971756
 30
0.0
 40
2.17643035283774
  1
HPR
  7
ISOCP
 72
     1
 11
360.4885305169859
 21
149.4111083735945
 31
0.0
100
AcDbAttribute
  2
R_NAME
 70
     0
 74
     2
280
     0
 71
     1
 72
     0
 11
360.4885305169859
 21
149.4111083735945
 31
0.0
  0
ATTRIB
  5
8D9D
330
8D9A
100
AcDbEntity
  8
0
 62
     0
100
AcDbText
 10
356.5313844209172
 20
142.7146179823441
 30
0.0
 40
2.17643035283774
  1

  7
ISOCP
 72
     1
 11
356.5313844209172
 21
144.8910483351818
 31
0.0
100
AcDbAttribute
  2
A
 70
     0
 74
     3
280
     0
 71
     1
 72
     0
 11
356.5313844209172
 21
144.8910483351818
 31
0.0
  0
ATTRIB
  5
8D9E
330
8D9A
100
AcDbEntity
  8
0
 62
     0
100
AcDbText
 10
364.4456766130545
 20
142.7146179823441
 30
0.0
 40
2.17643035283774
  1

  7
ISOCP
 72
     1
 11
364.4456766130545
 21
144.8910483351818
 31
0.0
100
AcDbAttribute
  2
F
 70
     0
 74
     3
280
     0
 71
     1
 72
     0
 11
364.4456766130545
 21
144.8910483351818
 31
0.0
  0
ATTRIB
  5
8D9F
330
8D9A
100
AcDbEntity
  8
0
100
AcDbText
 10
360.27947709292
 20
142.7816901731453
 30
0.0
 40
2.17643035283774
  1

  7
ISOCP
 72
     1
 11
360.27947709292
 21
143.8699053495641
 31
0.0
100
AcDbAttribute
  2
C
 70
     0
 74
     2
280
     0
 71
     1
 72
     0
 11
360.27947709292
 21
143.8699053495641
 31
0.0
  0
ATTRIB
  5
8DA0
330
8D9A
100
AcDbEntity
  8
0
100
AcDbText
 10
360.6029817480868
 20
154.860440473206
 30
0.0
 40
2.17643035283774
  1

  7
ISOCP
 72
     1
 11
360.6029817480868
 21
155.9486556496249
 31
0.0
100
AcDbAttribute
  2
R(POS)
 70
     0
 74
     2
280
     0
 71
     1
 72
     0
 11
360.6029817480868
 21
155.9486556496249
 31
0.0
  0
SEQEND
  5
8DA1
330
8D9A
100
AcDbEntity
  8
0
  0
INSERT
  5
8DA2
330
1F
100
AcDbEntity
  8
0
100
AcDbBlockReference
 66
     1
  2
FRONT_REPEATER
 10
192.6490333045853
 20
-41.06705024311464
 30
0.0
  0
ATTRIB
  5
8DA3
330
8DA2
100
AcDbEntity
  8
0
100
AcDbText
 10
359.7290470084437
 20
166.3304796341754
 30
0.0
 40
2.17643035283774
  1
*
  7
ISOCP
 72
     1
 11
360.4885305169861
 21
167.4186948105943
 31
0.0
100
AcDbAttribute
  2
S_NAME
 70
     0
 74
     2
280
     0
 71
     1
 72
     0
 11
360.4885305169861
 21
167.4186948105943
 31
0.0
  0
ATTRIB
  5
8DA4
330
8DA2
100
AcDbEntity
  8
0
100
AcDbText
 10
357.8858825533843
 20
162.6879218396614
 30
0.0
 40
2.17643035283774
  1
HPR
  7
ISOCP
 72
     1
 11
360.4885305169861
 21
163.7761370160802
 31
0.0
100
AcDbAttribute
  2
R_NAME
 70
     0
 74
     2
280
     0
 71
     1
 72
     0
 11
360.4885305169861
 21
163.7761370160802
 31
0.0
  0
ATTRIB
  5
8DA5
330
8DA2
100
AcDbEntity
  8
0
 62
     0
100
AcDbText
 10
356.5313844209174
 20
157.0796466248296
 30
0.0
 40
2.17643035283774
  1

  7
ISOCP
 72
     1
 11
356.5313844209174
 21
159.2560769776674
 31
0.0
100
AcDbAttribute
  2
A
 70
     0
 74
     3
280
     0
 71
     1
 72
     0
 11
356.5313844209174
 21
159.2560769776674
 31
0.0
  0
ATTRIB
  5
8DA6
330
8DA2
100
AcDbEntity
  8
0
 62
     0
100
AcDbText
 10
364.4456766130547
 20
157.0796466248296
 30
0.0
 40
2.17643035283774
  1

  7
ISOCP
 72
     1
 11
364.4456766130547
 21
159.2560769776674
 31
0.0
100
AcDbAttribute
  2
F
 70
     0
 74
     3
280
     0
 71
     1
 72
     0
 11
364.4456766130547
 21
159.2560769776674
 31
0.0
  0
ATTRIB
  5
8DA7
330
8DA2
100
AcDbEntity
  8
0
100
AcDbText
 10
360.2794770929202
 20
157.1467188156309
 30
0.0
 40
2.17643035283774
  1

  7
ISOCP
 72
     1
 11
360.2794770929202
 21
158.2349339920498
 31
0.0
100
AcDbAttribute
  2
C
 70
     0
 74
     2
280
     0
 71
     1
 72
     0
 11
360.2794770929202
 21
158.2349339920498
 31
0.0
  0
ATTRIB
  5
8DA8
330
8DA2
100
AcDbEntity
  8
0
100
AcDbText
 10
360.602981748087
 20
169.2254691156917
 30
0.0
 40
2.17643035283774
  1

  7
ISOCP
 72
     1
 11
360.602981748087
 21
170.3136842921106
 31
0.0
100
AcDbAttribute
  2
R(POS)
 70
     0
 74
     2
280
     0
 71
     1
 72
     0
 11
360.602981748087
 21
170.3136842921106
 31
0.0
  0
SEQEND
  5
8DA9
330
8DA2
100
AcDbEntity
  8
0
  0
INSERT
  5
8DEC
330
1F
100
AcDbEntity
  8
0
100
AcDbBlockReference
 66
     1
  2
FRONT_REPEATER
 10
192.583809996885
 20
-77.27257151543351
 30
0.0
  0
ATTRIB
  5
8DED
330
8DEC
100
AcDbEntity
  8
0
100
AcDbText
 10
359.6638237007434
 20
130.1249583618566
 30
0.0
 40
2.17643035283774
  1
*
  7
ISOCP
 72
     1
 11
360.4233072092858
 21
131.2131735382754
 31
0.0
100
AcDbAttribute
  2
S_NAME
 70
     0
 74
     2
280
     0
 71
     1
 72
     0
 11
360.4233072092858
 21
131.2131735382754
 31
0.0
  0
ATTRIB
  5
8DEE
330
8DEC
100
AcDbEntity
  8
0
100
AcDbText
 10
356.9500871045489
 20
126.4824005673424
 30
0.0
 40
2.17643035283774
  1
HHPR
  7
ISOCP
 72
     1
 11
360.4233072092858
 21
127.5706157437613
 31
0.0
100
AcDbAttribute
  2
R_NAME
 70
     0
 74
     2
280
     0
 71
     1
 72
     0
 11
360.4233072092858
 21
127.5706157437613
 31
0.0
  0
ATTRIB
  5
8DEF
330
8DEC
100
AcDbEntity
  8
0
 62
     0
100
AcDbText
 10
356.4661611132171
 20
120.8741253525109
 30
0.0
 40
2.17643035283774
  1

  7
ISOCP
 72
     1
 11
356.4661611132171
 21
123.0505557053486
 31
0.0
100
AcDbAttribute
  2
A
 70
     0
 74
     3
280
     0
 71
     1
 72
     0
 11
356.4661611132171
 21
123.0505557053486
 31
0.0
  0
ATTRIB
  5
8DF0
330
8DEC
100
AcDbEntity
  8
0
 62
     0
100
AcDbText
 10
364.3804533053544
 20
120.8741253525109
 30
0.0
 40
2.17643035283774
  1

  7
ISOCP
 72
     1
 11
364.3804533053544
 21
123.0505557053486
 31
0.0
100
AcDbAttribute
  2
F
 70
     0
 74
     3
280
     0
 71
     1
 72
     0
 11
364.3804533053544
 21
123.0505557053486
 31
0.0
  0
ATTRIB
  5
8DF1
330
8DEC
100
AcDbEntity
  8
0
100
AcDbText
 10
360.2142537852199
 20
120.9411975433121
 30
0.0
 40
2.17643035283774
  1

  7
ISOCP
 72
     1
 11
360.2142537852199
 21
122.029412719731
 31
0.0
100
AcDbAttribute
  2
C
 70
     0
 74
     2
280
     0
 71
     1
 72
     0
 11
360.2142537852199
 21
122.029412719731
 31
0.0
  0
ATTRIB
  5
8DF2
330
8DEC
100
AcDbEntity
  8
0
100
AcDbText
 10
360.5377584403868
 20
133.0199478433728
 30
0.0
 40
2.17643035283774
  1

  7
ISOCP
 72
     1
 11
360.5377584403868
 21
134.1081630197917
 31
0.0
100
AcDbAttribute
  2
R(POS)
 70
     0
 74
     2
280
     0
 71
     1
 72
     0
 11
360.5377584403868
 21
134.1081630197917
 31
0.0
  0
SEQEND
  5
8DF3
330
8DEC
100
AcDbEntity
  8
0
  0
INSERT
  5
8DF4
330
1F
100
AcDbEntity
  8
0
100
AcDbBlockReference
 66
     1
  2
FRONT_REPEATER
 10
192.5838099968848
 20
-91.63760015791921
 30
0.0
  0
ATTRIB
  5
8DF5
330
8DF4
100
AcDbEntity
  8
0
100
AcDbText
 10
359.6638237007433
 20
115.7599297193708
 30
0.0
 40
2.17643035283774
  1
*
  7
ISOCP
 72
     1
 11
360.4233072092856
 21
116.8481448957897
 31
0.0
100
AcDbAttribute
  2
S_NAME
 70
     0
 74
     2
280
     0
 71
     1
 72
     0
 11
360.4233072092856
 21
116.8481448957897
 31
0.0
  0
ATTRIB
  5
8DF6
330
8DF4
100
AcDbEntity
  8
0
100
AcDbText
 10
356.9500871045487
 20
112.1173719248567
 30
0.0
 40
2.17643035283774
  1
HHPR
  7
ISOCP
 72
     1
 11
360.4233072092856
 21
113.2055871012756
 31
0.0
100
AcDbAttribute
  2
R_NAME
 70
     0
 74
     2
280
     0
 71
     1
 72
     0
 11
360.4233072092856
 21
113.2055871012756
 31
0.0
  0
ATTRIB
  5
8DF7
330
8DF4
100
AcDbEntity
  8
0
 62
     0
100
AcDbText
 10
356.466161113217
 20
106.5090967100252
 30
0.0
 40
2.17643035283774
  1

  7
ISOCP
 72
     1
 11
356.466161113217
 21
108.6855270628629
 31
0.0
100
AcDbAttribute
  2
A
 70
     0
 74
     3
280
     0
 71
     1
 72
     0
 11
356.466161113217
 21
108.6855270628629
 31
0.0
  0
ATTRIB
  5
8DF8
330
8DF4
100
AcDbEntity
  8
0
 62
     0
100
AcDbText
 10
364.3804533053542
 20
106.5090967100252
 30
0.0
 40
2.17643035283774
  1

  7
ISOCP
 72
     1
 11
364.3804533053542
 21
108.6855270628629
 31
0.0
100
AcDbAttribute
  2
F
 70
     0
 74
     3
280
     0
 71
     1
 72
     0
 11
364.3804533053542
 21
108.6855270628629
 31
0.0
  0
ATTRIB
  5
8DF9
330
8DF4
100
AcDbEntity
  8
0
100
AcDbText
 10
360.2142537852197
 20
106.5761689008264
 30
0.0
 40
2.17643035283774
  1

  7
ISOCP
 72
     1
 11
360.2142537852197
 21
107.6643840772453
 31
0.0
100
AcDbAttribute
  2
C
 70
     0
 74
     2
280
     0
 71
     1
 72
     0
 11
360.2142537852197
 21
107.6643840772453
 31
0.0
  0
ATTRIB
  5
8DFA
330
8DF4
100
AcDbEntity
  8
0
100
AcDbText
 10
360.5377584403866
 20
118.6549192008871
 30
0.0
 40
2.17643035283774
  1

  7
ISOCP
 72
     1
 11
360.5377584403866
 21
119.743134377306
 31
0.0
100
AcDbAttribute
  2
R(POS)
 70
     0
 74
     2
280
     0
 71
     1
 72
     0
 11
360.5377584403866
 21
119.743134377306
 31
0.0
  0
SEQEND
  5
8DFB
330
8DF4
100
AcDbEntity
  8
0
  0
INSERT
  5
8DFC
330
1F
100
AcDbEntity
  8
0
100
AcDbBlockReference
 66
     1
  2
FRONT_REPEATER
 10
192.5861305386514
 20
-134.8169077868945
 30
0.0
  0
ATTRIB
  5
8DFD
330
8DFC
100
AcDbEntity
  8
0
100
AcDbText
 10
359.6661442425099
 20
72.58062209039554
 30
0.0
 40
2.17643035283774
  1
*
  7
ISOCP
 72
     1
 11
360.4256277510522
 21
73.6688372668144
 31
0.0
100
AcDbAttribute
  2
S_NAME
 70
     0
 74
     2
280
     0
 71
     1
 72
     0
 11
360.4256277510522
 21
73.6688372668144
 31
0.0
  0
ATTRIB
  5
8DFE
330
8DFC
100
AcDbEntity
  8
0
100
AcDbText
 10
356.9524076463154
 20
68.93806429588145
 30
0.0
 40
2.17643035283774
  1
HHPR
  7
ISOCP
 72
     1
 11
360.4256277510522
 21
70.02627947230032
 31
0.0
100
AcDbAttribute
  2
R_NAME
 70
     0
 74
     2
280
     0
 71
     1
 72
     0
 11
360.4256277510522
 21
70.02627947230032
 31
0.0
  0
ATTRIB
  5
8DFF
330
8DFC
100
AcDbEntity
  8
0
 62
     0
100
AcDbText
 10
356.4684816549835
 20
63.32978908104981
 30
0.0
 40
2.17643035283774
  1

  7
ISOCP
 72
     1
 11
356.4684816549835
 21
65.50621943388755
 31
0.0
100
AcDbAttribute
  2
A
 70
     0
 74
     3
280
     0
 71
     1
 72
     0
 11
356.4684816549835
 21
65.50621943388755
 31
0.0
  0
ATTRIB
  5
8E00
330
8DFC
100
AcDbEntity
  8
0
 62
     0
100
AcDbText
 10
364.3827738471208
 20
63.32978908104981
 30
0.0
 40
2.17643035283774
  1

  7
ISOCP
 72
     1
 11
364.3827738471208
 21
65.50621943388755
 31
0.0
100
AcDbAttribute
  2
F
 70
     0
 74
     3
280
     0
 71
     1
 72
     0
 11
364.3827738471208
 21
65.50621943388755
 31
0.0
  0
ATTRIB
  5
8E01
330
8DFC
100
AcDbEntity
  8
0
100
AcDbText
 10
360.2165743269863
 20
63.39686127185107
 30
0.0
 40
2.17643035283774
  1

  7
ISOCP
 72
     1
 11
360.2165743269863
 21
64.48507644826994
 31
0.0
100
AcDbAttribute
  2
C
 70
     0
 74
     2
280
     0
 71
     1
 72
     0
 11
360.2165743269863
 21
64.48507644826994
 31
0.0
  0
ATTRIB
  5
8E02
330
8DFC
100
AcDbEntity
  8
0
100
AcDbText
 10
360.5400789821531
 20
75.47561157191186
 30
0.0
 40
2.17643035283774
  1

  7
ISOCP
 72
     1
 11
360.5400789821531
 21
76.56382674833073
 31
0.0
100
AcDbAttribute
  2
R(POS)
 70
     0
 74
     2
280
     0
 71
     1
 72
     0
 11
360.5400789821531
 21
76.56382674833073
 31
0.0
  0
SEQEND
  5
8E03
330
8DFC
100
AcDbEntity
  8
0
  0
INSERT
  5
8E04
330
1F
100
AcDbEntity
  8
0
100
AcDbBlockReference
 66
     1
  2
FRONT_REPEATER
 10
192.5861305386516
 20
-120.4518791444088
 30
0.0
  0
ATTRIB
  5
8E05
330
8E04
100
AcDbEntity
  8
0
100
AcDbText
 10
359.66614424251
 20
86.94565073288123
 30
0.0
 40
2.17643035283774
  1
*
  7
ISOCP
 72
     1
 11
360.4256277510524
 21
88.0338659093001
 31
0.0
100
AcDbAttribute
  2
S_NAME
 70
     0
 74
     2
280
     0
 71
     1
 72
     0
 11
360.4256277510524
 21
88.0338659093001
 31
0.0
  0
ATTRIB
  5
8E06
330
8E04
100
AcDbEntity
  8
0
100
AcDbText
 10
356.9524076463155
 20
83.30309293836714
 30
0.0
 40
2.17643035283774
  1
HHPR
  7
ISOCP
 72
     1
 11
360.4256277510524
 21
84.39130811478601
 31
0.0
100
AcDbAttribute
  2
R_NAME
 70
     0
 74
     2
280
     0
 71
     1
 72
     0
 11
360.4256277510524
 21
84.39130811478601
 31
0.0
  0
ATTRIB
  5
8E07
330
8E04
100
AcDbEntity
  8
0
 62
     0
100
AcDbText
 10
356.4684816549837
 20
77.69481772353551
 30
0.0
 40
2.17643035283774
  1

  7
ISOCP
 72
     1
 11
356.4684816549837
 21
79.87124807637325
 31
0.0
100
AcDbAttribute
  2
A
 70
     0
 74
     3
280
     0
 71
     1
 72
     0
 11
356.4684816549837
 21
79.87124807637325
 31
0.0
  0
ATTRIB
  5
8E08
330
8E04
100
AcDbEntity
  8
0
 62
     0
100
AcDbText
 10
364.382773847121
 20
77.69481772353551
 30
0.0
 40
2.17643035283774
  1

  7
ISOCP
 72
     1
 11
364.382773847121
 21
79.87124807637325
 31
0.0
100
AcDbAttribute
  2
F
 70
     0
 74
     3
280
     0
 71
     1
 72
     0
 11
364.382773847121
 21
79.87124807637325
 31
0.0
  0
ATTRIB
  5
8E09
330
8E04
100
AcDbEntity
  8
0
100
AcDbText
 10
360.2165743269865
 20
77.76188991433676
 30
0.0
 40
2.17643035283774
  1

  7
ISOCP
 72
     1
 11
360.2165743269865
 21
78.85010509075563
 31
0.0
100
AcDbAttribute
  2
C
 70
     0
 74
     2
280
     0
 71
     1
 72
     0
 11
360.2165743269865
 21
78.85010509075563
 31
0.0
  0
ATTRIB
  5
8E0A
330
8E04
100
AcDbEntity
  8
0
100
AcDbText
 10
360.5400789821533
 20
89.84064021439755
 30
0.0
 40
2.17643035283774
  1

  7
ISOCP
 72
     1
 11
360.5400789821533
 21
90.92885539081642
 31
0.0
100
AcDbAttribute
  2
R(POS)
 70
     0
 74
     2
280
     0
 71
     1
 72
     0
 11
360.5400789821533
 21
90.92885539081642
 31
0.0
  0
SEQEND
  5
8E0B
330
8E04
100
AcDbEntity
  8
0
  0
TEXT
  5
8E16
330
1F
100
AcDbEntity
  8
0
100
AcDbText
 10
387.5061512247453
 20
113.9586685984068
 30
0.0
 40
2.2
  1

  7
ISOCP
 72
     1
 11
387.5061512247453
 21
115.0586685984068
 31
0.0
100
AcDbText
 73
     2
  0
TEXT
  5
8E25
330
1F
100
AcDbEntity
  8
0
100
AcDbText
 10
387.5061512247453
 20
193.3185595375597
 30
0.0
 40
2.2
  1

  7
ISOCP
 72
     1
 11
387.5061512247453
 21
194.4185595375597
 31
0.0
100
AcDbText
 73
     2
  0
TEXT
  5
8E34
330
1F
100
AcDbEntity
  8
0
100
AcDbText
 10
387.5061512247456
 20
261.876450313288
 30
0.0
 40
2.2
  1

  7
ISOCP
 72
     1
 11
387.5061512247456
 21
262.976450313288
 31
0.0
100
AcDbText
 73
     2
  0
INSERT
  5
8EB2
330
1F
100
AcDbEntity
  8
0
100
AcDbBlockReference
 66
     1
  2
COIL_REPEATER
 10
0.0
 20
0.0
 30
0.0
  0
ATTRIB
  5
8EB3
330
8EB2
100
AcDbEntity
  8
0
 62
     0
100
AcDbText
 10
388.356673479526
 20
259.3845157731438
 30
0.0
 40
2.223824894598334
  1
*
  7
ISOCP
 72
     1
 11
389.1326957083702
 21
260.496428220443
 31
0.0
100
AcDbAttribute
  2
S_NAME
 70
     0
 74
     2
280
     0
 71
     1
 72
     0
 11
389.1326957083702
 21
260.496428220443
 31
0.0
  0
ATTRIB
  5
8EB4
330
8EB2
100
AcDbEntity
  8
0
 62
     0
100
AcDbText
 10
386.502140736778
 20
254.5002640786119
 30
0.0
 40
2.223824894598334
  1
HPR
  7
ISOCP
 72
     1
 11
389.1614646732352
 21
255.6121765259111
 31
0.0
100
AcDbAttribute
  2
R_NAME
 70
     0
 74
     2
280
     0
 71
     1
 72
     0
 11
389.1614646732352
 21
255.6121765259111
 31
0.0
  0
ATTRIB
  5
8EB5
330
8EB2
100
AcDbEntity
  8
0
 62
     0
100
AcDbText
 10
375.3323123890603
 20
259.0002640786119
 30
0.0
 40
2.223824894598334
  1
R1
  7
ISOCP
 72
     1
 11
376.7662161492232
 21
260.1121765259111
 31
0.0
100
AcDbAttribute
  2
L+
 70
     0
 74
     2
280
     0
 71
     1
 72
     0
 11
376.7662161492232
 21
260.1121765259111
 31
0.0
  0
ATTRIB
  5
8EB6
330
8EB2
100
AcDbEntity
  8
0
 62
     0
100
AcDbText
 10
400.9687439845237
 20
259.0002640786119
 30
0.0
 40
2.223824894598334
  1
R2
  7
ISOCP
 72
     1
 11
402.6342961712072
 21
260.1121765259111
 31
0.0
100
AcDbAttribute
  2
L-
 70
     0
 74
     2
280
     0
 71
     1
 72
     0
 11
402.6342961712072
 21
260.1121765259111
 31
0.0
  0
SEQEND
  5
8EB7
330
8EB2
100
AcDbEntity
  8
0
  0
INSERT
  5
8EF0
330
1F
100
AcDbEntity
  8
0
100
AcDbBlockReference
 66
     1
  2
COIL_REPEATER
 10
-0.0000000000003979
 20
-68.55789077572828
 30
0.0
  0
ATTRIB
  5
8EF1
330
8EF0
100
AcDbEntity
  8
0
 62
     0
100
AcDbText
 10
388.3566734795257
 20
190.8266249974155
 30
0.0
 40
2.223824894598334
  1
*
  7
ISOCP
 72
     1
 11
389.1326957083699
 21
191.9385374447147
 31
0.0
100
AcDbAttribute
  2
S_NAME
 70
     0
 74
     2
280
     0
 71
     1
 72
     0
 11
389.1326957083699
 21
191.9385374447147
 31
0.0
  0
ATTRIB
  5
8EF2
330
8EF0
100
AcDbEntity
  8
0
 62
     0
100
AcDbText
 10
385.6126107789383
 20
185.9423733028836
 30
0.0
 40
2.223824894598334
  1
HHPR
  7
ISOCP
 72
     1
 11
389.1614646732348
 21
187.0542857501828
 31
0.0
100
AcDbAttribute
  2
R_NAME
 70
     0
 74
     2
280
     0
 71
     1
 72
     0
 11
389.1614646732348
 21
187.0542857501828
 31
0.0
  0
ATTRIB
  5
8EF3
330
8EF0
100
AcDbEntity
  8
0
 62
     0
100
AcDbText
 10
375.33231238906
 20
190.4423733028836
 30
0.0
 40
2.223824894598334
  1
R1
  7
ISOCP
 72
     1
 11
376.7662161492228
 21
191.5542857501828
 31
0.0
100
AcDbAttribute
  2
L+
 70
     0
 74
     2
280
     0
 71
     1
 72
     0
 11
376.7662161492228
 21
191.5542857501828
 31
0.0
  0
ATTRIB
  5
8EF4
330
8EF0
100
AcDbEntity
  8
0
 62
     0
100
AcDbText
 10
400.9687439845233
 20
190.4423733028836
 30
0.0
 40
2.223824894598334
  1
R2
  7
ISOCP
 72
     1
 11
402.6342961712068
 21
191.5542857501828
 31
0.0
100
AcDbAttribute
  2
L-
 70
     0
 74
     2
280
     0
 71
     1
 72
     0
 11
402.6342961712068
 21
191.5542857501828
 31
0.0
  0
SEQEND
  5
8EF5
330
8EF0
100
AcDbEntity
  8
0
  0
INSERT
  5
8F0E
330
1F
100
AcDbEntity
  8
0
100
AcDbBlockReference
 66
     1
  2
COIL_REPEATER
 10
-0.2227370227633969
 20
-147.9177817148812
 30
0.0
  0
ATTRIB
  5
8F0F
330
8F0E
100
AcDbEntity
  8
0
 62
     0
100
AcDbText
 10
388.1339364567627
 20
111.4667340582626
 30
0.0
 40
2.223824894598334
  1
*
  7
ISOCP
 72
     1
 11
388.9099586856069
 21
112.5786465055618
 31
0.0
100
AcDbAttribute
  2
S_NAME
 70
     0
 74
     2
280
     0
 71
     1
 72
     0
 11
388.9099586856069
 21
112.5786465055618
 31
0.0
  0
ATTRIB
  5
8F10
330
8F0E
100
AcDbEntity
  8
0
 62
     0
100
AcDbText
 10
386.2794037140146
 20
106.5824823637307
 30
0.0
 40
2.223824894598334
  1
DPR
  7
ISOCP
 72
     1
 11
388.9387276504718
 21
107.6943948110299
 31
0.0
100
AcDbAttribute
  2
R_NAME
 70
     0
 74
     2
280
     0
 71
     1
 72
     0
 11
388.9387276504718
 21
107.6943948110299
 31
0.0
  0
ATTRIB
  5
8F11
330
8F0E
100
AcDbEntity
  8
0
 62
     0
100
AcDbText
 10
375.1095753662969
 20
111.0824823637307
 30
0.0
 40
2.223824894598334
  1
R1
  7
ISOCP
 72
     1
 11
376.5434791264598
 21
112.1943948110299
 31
0.0
100
AcDbAttribute
  2
L+
 70
     0
 74
     2
280
     0
 71
     1
 72
     0
 11
376.5434791264598
 21
112.1943948110299
 31
0.0
  0
ATTRIB
  5
8F12
330
8F0E
100
AcDbEntity
  8
0
 62
     0
100
AcDbText
 10
400.7460069617603
 20
111.0824823637307
 30
0.0
 40
2.223824894598334
  1
R2
  7
ISOCP
 72
     1
 11
402.4115591484438
 21
112.1943948110299
 31
0.0
100
AcDbAttribute
  2
L-
 70
     0
 74
     2
280
     0
 71
     1
 72
     0
 11
402.4115591484438
 21
112.1943948110299
 31
0.0
  0
SEQEND
  5
8F13
330
8F0E
100
AcDbEntity
  8
0
  0
INSERT
  5
9066
330
1F
100
AcDbEntity
  8
FUZEBLOCK.INSERT
 62
     0
100
AcDbBlockReference
 66
     1
  2
FUZEBLOCK
 10
242.3840026031811
 20
258.112176525911
 30
0.0
 41
0.8067903275745545
 42
0.8067903275745545
 43
0.8067903275745545
  0
ATTRIB
  5
9067
330
9066
100
AcDbEntity
  8
0
100
AcDbText
 10
225.2502068926906
 20
257.3348926569409
 30
0.8067903275745545
 40
2.200000000000001
  1
B24(EXT)#
  7
isocp.shx
 72
     1
 11
232.2856235593573
 21
258.4348926569409
 31
0.8067903275745545
100
AcDbAttribute
  2
VOLT
 70
     0
 74
     2
280
     0
 71
     1
 72
     0
 11
232.2856235593573
 21
258.4348926569409
 31
0.8067903275745545
  0
ATTRIB
  5
9068
330
9066
100
AcDbEntity
  8
0
100
AcDbText
 10
238.3697585106675
 20
253.7043361828554
 30
0.8067903275745545
 40
2.200000000000001
  1
XXX
  7
isocp.shx
 72
     1
 11
241.3351751773342
 21
254.8043361828554
 31
0.8067903275745545
100
AcDbAttribute
  2
FTOT
 70
     0
 74
     2
280
     0
 71
     1
 72
     0
 11
241.3351751773342
 21
254.8043361828554
 31
0.8067903275745545
  0
ATTRIB
  5
9069
330
9066
100
AcDbEntity
  8
0
100
AcDbText
 10
255.8439011245343
 20
260.2393378362093
 30
0.8067903275745545
 40
2.200000000000001
  1

  7
isocp.shx
 72
     1
 11
255.8439011245343
 21
261.3393378362093
 31
0.8067903275745545
100
AcDbAttribute
  2
FUSEVALUE
 70
     0
 74
     2
280
     0
 71
     1
 72
     0
 11
255.8439011245343
 21
261.3393378362093
 31
0.8067903275745545
  0
SEQEND
  5
906A
330
9066
100
AcDbEntity
  8
FUZEBLOCK.INSERT
 62
     0
  0
INSERT
  5
906B
330
1F
100
AcDbEntity
  8
0
100
AcDbBlockReference
  2
24PPTC
 10
254.3546130547104
 20
251.585196524145
 30
0.0
  0
ENDSEC
  0
SECTION
  2
OBJECTS
  0
DICTIONARY
  5
C
330
0
100
AcDbDictionary
281
     1
  3
ACAD_CIP_PREVIOUS_PRODUCT_INFO
350
1A5
  3
ACAD_COLOR
350
73
  3
ACAD_DATALINK
350
3520
  3
ACAD_DETAILVIEWSTYLE
350
1AB
  3
ACAD_DGNDEFINITIONS
350
7503
  3
ACAD_DWFDEFINITIONS
350
7502
  3
ACAD_FIELDLIST
350
705A
  3
ACAD_GROUP
350
D
  3
ACAD_IMAGE_VARS
350
351F
  3
ACAD_LAST_SAVED_VERSION_INFO
350
2F6
  3
ACAD_LAYOUT
350
1A
  3
ACAD_MATERIAL
350
72
  3
ACAD_MLEADERSTYLE
350
D7
  3
ACAD_MLINESTYLE
350
17
  3
ACAD_PDFDEFINITIONS
350
7501
  3
ACAD_PLOTSETTINGS
350
19
  3
ACAD_PLOTSTYLENAME
350
E
  3
ACAD_SCALELIST
350
B6
  3
ACAD_SECTIONVIEWSTYLE
350
1A8
  3
ACAD_TABLESTYLE
350
86
  3
ACAD_VISUALSTYLE
350
99
  3
ACDB_RECOMPOSE_DATA
350
90C6
  3
AcDbVariableDictionary
350
66
  3
AEC_PROPERTY_SET_DEFS
350
65BB
  3
APPDATA
350
351D
  3
EZDXF_META
350
8CC3
  0
SUN
  5
90C0
330
90BF
100
AcDbSun
 90
        1
290
     0
 63
     7
421
 16777215
 40
1.0
291
     1
 91
  2455826
 92
 54000000
292
     0
 70
     2
 71
   256
280
     1
  0
DICTIONARY
  5
18E
330
2
100
AcDbDictionary
280
     1
281
     1
  3
ACAD_LAYERSTATES
360
18F
  0
DICTIONARY
  5
15D
330
1F
100
AcDbDictionary
280
     1
281
     1
  3
ACAD_SORTENTS
360
2F5
  0
DICTIONARY
  5
90AD
330
245
100
AcDbDictionary
280
     1
281
     1
  3
ACAD_SORTENTS
360
90AE
  0
DICTIONARY
  5
1C6A
330
255
100
AcDbDictionary
280
     1
281
     1
  3
ACAD_SORTENTS
360
23F0
  0
DICTIONARY
  5
8F49
330
931
100
AcDbDictionary
280
     1
281
     1
  3
ACAD_SORTENTS
360
8F4A
  0
DICTIONARY
  5
8FDA
330
D4B
100
AcDbDictionary
280
     1
281
     1
  3
ACAD_SORTENTS
360
8FDB
  0
DICTIONARY
  5
7076
330
7075
100
AcDbDictionary
280
     1
281
     1
  3
ACAD_SORTENTS
360
7077
  0
DICTIONARY
  5
903B
330
84C5
100
AcDbDictionary
280
     1
281
     1
  3
ACAD_SORTENTS
360
903C
  0
XRECORD
  5
1A5
102
{ACAD_REACTORS
330
C
102
}
330
C
100
AcDbXrecord
280
     1
300
ACDLT
300
2026
300

  0
DICTIONARY
  5
73
102
{ACAD_REACTORS
330
C
102
}
330
C
100
AcDbDictionary
281
     1
  0
DICTIONARY
  5
3520
102
{ACAD_REACTORS
330
C
102
}
330
C
100
AcDbDictionary
281
     1
  0
DICTIONARY
  5
1AB
102
{ACAD_REACTORS
330
C
102
}
330
C
100
AcDbDictionary
281
     1
  3
Imperial24
350
1AC
  3
Metric50
350
4CB
  0
DICTIONARY
  5
7503
102
{ACAD_REACTORS
330
C
102
}
330
C
100
AcDbDictionary
281
     1
  0
DICTIONARY
  5
7502
102
{ACAD_REACTORS
330
C
102
}
330
C
100
AcDbDictionary
281
     1
  0
FIELDLIST
  5
705A
102
{ACAD_REACTORS
330
C
102
}
330
C
100
AcDbIdSet
 90
        0
100
AcDbFieldList
  0
DICTIONARY
  5
D
102
{ACAD_REACTORS
330
C
102
}
330
C
100
AcDbDictionary
281
     1
  0
RASTERVARIABLES
  5
351F
102
{ACAD_REACTORS
330
C
102
}
330
C
100
AcDbRasterVariables
 90
        0
 70
     1
 71
     1
 72
     1
  0
XRECORD
  5
2F6
102
{ACAD_REACTORS
330
C
102
}
330
C
100
AcDbXrecord
280
     1
300
{FC014611-8A40-3947-BD8D-A9C04930356D}
301
{83EC8E86-7B4D-EC4E-AEC1-F55E562DED58}
302
{FC014611-8A40-3947-BD8D-A9C04930356D}
303
E:\MSDAC\015.KBT - TO MSDAC Auto hut IFC _INDU-ST-25-26-0386_20250721\6. Wip\MASTER\13.08.2025\PROJ_SG_MS_51_KBT-TO_HUT1_2025_004.dwg
301
{82EB644E-55E7-4F43-9AB8-B3F8A5425404}
302
{DB5367F7-3045-6C48-A0C1-1FDEEBB47538}
303
F:\OTHER EMPLOYEES\SAMPATH\MSDAC\011-WJR-MCN-MSDAC Autohut IFC\6. Wip\MASTER\22.05.2025\PROJ_SG_WJR_MCN_51_2025_004.dwg
301
{85626DE5-1FC0-1B47-B891-91CDF1444214}
302
{C827C9B6-CE01-D64B-B6DE-2110A18A699B}
303
F:\Tamilarasan\01.Project\MSDAC\COMMENTS UPDATION\25.04.2025\PROJ_SG_WJR_MCN_51_2025_004.dwg
301
{FE2936C4-5180-8E4C-B89E-CE3B90107E60}
302
{A800E1C2-9445-A642-9AA8-53B5B52259F6}
303
E:\SAMPATH\wjr-mcn\24.04.2025\PROJ_SG_WJR_MCN_51_2025_004.dwg
301
{C9920A38-6A04-264B-9454-41A36F739E0E}
302
{E66754FA-898B-FC46-8965-21D3C52975C2}
303
E:\kavish\010.PEL-DVR MSDAC Autohut IFC\6. WIP\SUPERSEDED\08.02.2025\WIP\PROJ_SG_PEL_DVR_51_2024_004.dwg
301
{66B35012-EF34-084D-A7CE-AF922FCFD18F}
302
{5A096704-F1FF-3F46-B832-1F9349B6874C}
303
D:\Senthilkumar S\MSDAC\PEL-DVR\Reference\RENAME\PROJ_SG_MS_51_2024_0004.dwg
301
{3ED469F7-5113-6042-B98D-58F8E4C2CD5F}
302
{C0F03AA7-D07E-1243-A8C4-4B06FB3C31A0}
303
E:\MAHITHA\MSDAC\004. PV - TBM MSDAC Autohut IFC\6.WIP\New 15.07.2024\PROJ_SG_MS_51_2024_0132.dwg
301
{CD559B23-52C7-3B43-9974-35D7C51204F6}
302
{E3CA13C9-B06D-EF43-8574-42F79FC2F99E}
303
D:\PYTHON\PYTHON PROJECTS\Testing_Automation_2024\pdf\PROJ_SG_MS_51_2024_0132.dwg
301
{797CFB49-9665-AA4C-920A-CCFC6A046875}
302
{65CFAB05-7417-CC4D-8806-EC84CB640AD6}
303
D:\Interface Circuits\8.Southern Railway\MSDAC\INDU-ST-24-25-0006-MSDAC-STM - PV\6.WIP\FINAL FILE\PROJ_SG_MS_51_2024_0062.dwg
  0
DICTIONARY
  5
1A
102
{ACAD_REACTORS
330
C
102
}
330
C
100
AcDbDictionary
281
     1
  3
Layout1
350
59
  3
Layout2
350
5E
  3
Model
350
22
  0
DICTIONARY
  5
72
102
{ACAD_REACTORS
330
C
102
}
330
C
100
AcDbDictionary
281
     1
  3
ByBlock
350
97
  3
ByLayer
350
96
  3
Global
350
98
  0
DICTIONARY
  5
D7
102
{ACAD_REACTORS
330
C
102
}
330
C
100
AcDbDictionary
281
     1
  3
Standard
350
D8
  0
DICTIONARY
  5
17
102
{ACAD_REACTORS
330
C
102
}
330
C
100
AcDbDictionary
281
     1
  3
Standard
350
18
  0
DICTIONARY
  5
7501
102
{ACAD_REACTORS
330
C
102
}
330
C
100
AcDbDictionary
281
     1
  0
DICTIONARY
  5
19
102
{ACAD_REACTORS
330
C
102
}
330
C
100
AcDbDictionary
281
     1
  0
ACDBDICTIONARYWDFLT
  5
E
102
{ACAD_REACTORS
330
C
102
}
330
C
100
AcDbDictionary
281
     1
  3
Normal
350
F
100
AcDbDictionaryWithDefault
340
F
  0
DICTIONARY
  5
B6
102
{ACAD_REACTORS
330
C
102
}
330
C
100
AcDbDictionary
281
     1
  3
A0
350
B7
  3
A1
350
124
  3
A2
350
125
  3
A3
350
126
  3
A4
350
127
  3
A5
350
128
  3
A6
350
129
  3
A7
350
12A
  3
A8
350
12B
  3
A9
350
12C
  3
B0
350
12D
  3
B1
350
12E
  3
B2
350
12F
  3
B3
350
130
  3
B4
350
131
  3
B5
350
132
  3
B6
350
133
  3
B7
350
134
  3
B8
350
135
  3
B9
350
136
  3
C0
350
137
  3
C1
350
138
  3
C2
350
139
  3
C3
350
13A
  3
C4
350
13B
  3
C5
350
13C
  3
C6
350
13D
  3
C7
350
13E
  3
C8
350
13F
  3
C9
350
140
  3
D0
350
141
  3
D1
350
142
  3
D2
350
143
  0
DICTIONARY
  5
1A8
102
{ACAD_REACTORS
330
C
102
}
330
C
100
AcDbDictionary
281
     1
  3
Imperial24
350
1AA
  3
Metric50
350
4CA
  0
DICTIONARY
  5
86
102
{ACAD_REACTORS
330
C
102
}
330
C
100
AcDbDictionary
281
     1
  3
Standard
350
87
  0
DICTIONARY
  5
99
102
{ACAD_REACTORS
330
C
102
}
330
C
100
AcDbDictionary
281
     1
  3
2dWireframe
350
9F
  3
3dWireframe
350
585D
  3
Basic
350
9E
  3
Brighten
350
A5
  3
ColorChange
350
A9
  3
Conceptual
350
A2
  3
Dim
350
A4
  3
EdgeColorOff
350
175
  3
Facepattern
350
A8
  3
Flat
350
9A
  3
FlatWithEdges
350
9B
  3
Gouraud
350
9C
  3
GouraudWithEdges
350
9D
  3
Hidden
350
A1
  3
JitterOff
350
173
  3
Linepattern
350
A7
  3
OverhangOff
350
174
  3
Realistic
350
A3
  3
Shaded
350
182
  3
Shaded with edges
350
181
  3
Shades of Gray
350
17E
  3
Sketchy
350
17F
  3
Thicken
350
A6
  3
Wireframe
350
A0
  3
X-Ray
350
180
  0
XRECORD
  5
90C6
102
{ACAD_REACTORS
330
C
102
}
330
C
100
AcDbXrecord
280
     1
 90
        1
330
87
  0
DICTIONARY
  5
66
102
{ACAD_REACTORS
330
C
102
}
330
C
100
AcDbDictionary
281
     1
  3
CANNOSCALE
350
F0
  3
CMLEADERSTYLE
350
EF
  3
CTABLESTYLE
350
89
  3
CVIEWDETAILSTYLE
350
1B7
  3
CVIEWSECTIONSTYLE
350
1B8
  3
DIMASSOC
350
67
  3
HIDETEXT
350
6B
  3
HPCOLOR
350
D81
  3
HPTRANSPARENCY
350
D80
  3
LAYEREVAL
350
14D
  3
LAYERNOTIFY
350
14E
  0
DICTIONARY
  5
65BB
102
{ACAD_REACTORS
330
C
102
}
330
C
100
AcDbDictionary
281
     1
  0
DICTIONARY
  5
351D
102
{ACAD_REACTORS
330
C
102
}
330
C
100
AcDbDictionary
281
     1
  0
DICTIONARY
  5
8CC3
330
C
100
AcDbDictionary
281
     1
  3
WRITTEN_BY_EZDXF
350
8CC4
  0
DICTIONARY
  5
18F
102
{ACAD_REACTORS
330
18E
102
}
330
18E
100
AcDbDictionary
281
     1
  0
SORTENTSTABLE
  5
2F5
102
{ACAD_REACTORS
330
15D
102
}
330
15D
100
AcDbSortentsTable
330
1F
  0
SORTENTSTABLE
  5
90AE
102
{ACAD_REACTORS
330
90AD
102
}
330
90AD
100
AcDbSortentsTable
330
245
  0
SORTENTSTABLE
  5
23F0
102
{ACAD_REACTORS
330
1C6A
102
}
330
1C6A
100
AcDbSortentsTable
330
255
  0
SORTENTSTABLE
  5
8F4A
102
{ACAD_REACTORS
330
8F49
102
}
330
8F49
100
AcDbSortentsTable
330
931
  0
SORTENTSTABLE
  5
8FDB
102
{ACAD_REACTORS
330
8FDA
102
}
330
8FDA
100
AcDbSortentsTable
330
D4B
  0
SORTENTSTABLE
  5
7077
102
{ACAD_REACTORS
330
7076
102
}
330
7076
100
AcDbSortentsTable
330
7075
  0
SORTENTSTABLE
  5
903C
102
{ACAD_REACTORS
330
903B
102
}
330
903B
100
AcDbSortentsTable
330
84C5
  0
ACDBDETAILVIEWSTYLE
  5
1AC
102
{ACAD_REACTORS
330
1AB
102
}
330
1AB
100
AcDbModelDocViewStyle
 70
     0
  3
Imperial24
290
     0
300
Imperial24
 90
        0
100
AcDbDetailViewStyle
 70
     0
 71
     0
 90
        3
 71
     1
340
11
 62
   256
 40
0.24
340
0
 62
   256
 40
0.24
300

 40
0.36
280
     3
 71
     2
340
16
 90
       25
 62
   256
 71
     3
340
11
 62
   256
 40
0.24
 90
        1
 40
0.75
 90
        1
300
%<\AcVar ViewType \f "%tc1">% %<\AcVar ViewDetailId>%\PSCALE %<\AcVar ViewScale \f "%sn">%
 71
     4
340
16
 90
       25
 62
   256
340
16
 90
       25
 62
   256
280
     0
  0
ACDBDETAILVIEWSTYLE
  5
4CB
102
{ACAD_REACTORS
330
1AB
102
}
330
1AB
100
AcDbModelDocViewStyle
 70
     0
  3
Metric50
290
     0
300
Metric50
 90
        0
100
AcDbDetailViewStyle
 70
     0
 71
     0
 90
        3
 71
     1
340
11
 62
   256
 40
5.0
340
0
 62
   256
 40
5.0
300

 40
0.0
280
     1
 71
     2
340
16
 90
       25
 62
   256
 71
     3
340
11
 62
   256
 40
5.0
 90
        0
 40
15.0
 90
        1
300
%<\AcVar ViewDetailId>% (%<\AcVar ViewScale \f "%sn">%)
 71
     4
340
16
 90
       25
 62
   256
340
16
 90
       25
 62
   256
280
     0
  0
LAYOUT
  5
59
102
{ACAD_REACTORS
330
1A
102
}
330
1A
100
AcDbPlotSettings
  1

  2
None
  4

  6

 40
0.0
 41
0.0
 42
0.0
 43
0.0
 44
0.0
 45
0.0
 46
0.0
 47
0.0
 48
0.0
 49
0.0
140
0.0
141
0.0
142
1.0
143
1.0
 70
   688
 72
     0
 73
     0
 74
     5
  7

 75
    16
 76
     0
 77
     2
 78
   300
147
1.0
148
0.0
149
0.0
100
AcDbLayout
  1
Layout1
 70
     1
 71
     1
 10
0.0
 20
0.0
 11
12.0
 21
9.0
 12
0.0
 22
0.0
 32
0.0
 14
0.0
 24
0.0
 34
0.0
 15
0.0
 25
0.0
 35
0.0
146
0.0
 13
0.0
 23
0.0
 33
0.0
 16
1.0
 26
0.0
 36
0.0
 17
0.0
 27
1.0
 37
0.0
 76
     0
330
58
  0
LAYOUT
  5
5E
102
{ACAD_REACTORS
330
1A
102
}
330
1A
100
AcDbPlotSettings
  1

  2
None
  4

  6

 40
0.0
 41
0.0
 42
0.0
 43
0.0
 44
0.0
 45
0.0
 46
0.0
 47
0.0
 48
0.0
 49
0.0
140
0.0
141
0.0
142
1.0
143
1.0
 70
   688
 72
     0
 73
     0
 74
     5
  7

 75
    16
 76
     0
 77
     2
 78
   300
147
1.0
148
0.0
149
0.0
100
AcDbLayout
  1
Layout2
 70
     1
 71
     2
 10
0.0
 20
0.0
 11
12.0
 21
9.0
 12
0.0
 22
0.0
 32
0.0
 14
0.0
 24
0.0
 34
0.0
 15
0.0
 25
0.0
 35
0.0
146
0.0
 13
0.0
 23
0.0
 33
0.0
 16
1.0
 26
0.0
 36
0.0
 17
0.0
 27
1.0
 37
0.0
 76
     0
330
5D
  0
LAYOUT
  5
22
102
{ACAD_REACTORS
330
1A
102
}
330
1A
100
AcDbPlotSettings
  1

  2
none_device
  4
ANSI_A_(8.50_x_11.00_Inches)
  6

 40
6.349999904632568
 41
19.04999923706055
 42
6.350006103515625
 43
19.04998779296875
 44
215.8999938964844
 45
279.3999938964844
 46
0.0
 47
0.0
 48
0.0
 49
0.0
140
0.0
141
0.0
142
1.0
143
2.584895464708374
 70
 11952
 72
     0
 73
     1
 74
     0
  7

 75
     0
 76
     0
 77
     2
 78
   300
147
0.3868628397755418
148
0.0
149
0.0
100
AcDbLayout
  1
Model
 70
     1
 71
     0
 10
0.0
 20
0.0
 11
12.0
 21
9.0
 12
0.0
 22
0.0
 32
0.0
 14
36.90281169910284
 24
62.71968452547665
 34
0.0
 15
406.7125817117827
 25
278.7639940133702
 35
0.8287124280195762
146
0.0
 13
0.0
 23
0.0
 33
0.0
 16
1.0
 26
0.0
 36
0.0
 17
0.0
 27
1.0
 37
0.0
 76
     0
330
1F
331
90BF
  0
MATERIAL
  5
97
102
{ACAD_REACTORS
330
72
102
}
102
{ACAD_XDICTIONARY
360
188
102
}
330
72
100
AcDbMaterial
  1
ByBlock
 72
     1
 78
     2
172
     2
176
     2
270
     2
273
     1
274
     2
 94
       63
  0
MATERIAL
  5
96
102
{ACAD_REACTORS
330
72
102
}
102
{ACAD_XDICTIONARY
360
186
102
}
330
72
100
AcDbMaterial
  1
ByLayer
 72
     1
 78
     2
172
     2
176
     2
270
     2
273
     1
274
     2
 94
       63
  0
MATERIAL
  5
98
102
{ACAD_REACTORS
330
72
102
}
102
{ACAD_XDICTIONARY
360
110
102
}
330
72
100
AcDbMaterial
  1
Global
 72
     1
 43
0.0208000000566244
 43
0.0
 43
0.0
 43
0.0
 43
0.0
 43
0.0208000000566244
 43
0.0
 43
0.0
 43
0.0
 43
0.0
 43
1.0
 43
0.0
 43
0.0
 43
0.0
 43
0.0
 43
1.0
 78
     2
172
     2
 49
0.0208000000566244
 49
0.0
 49
0.0
 49
0.0
 49
0.0
 49
0.0208000000566244
 49
0.0
 49
0.0
 49
0.0
 49
0.0
 49
1.0
 49
0.0
 49
0.0
 49
0.0
 49
0.0
 49
1.0
176
     2
142
0.0208000000566244
142
0.0
142
0.0
142
0.0
142
0.0
142
0.0208000000566244
142
0.0
142
0.0
142
0.0
142
0.0
142
1.0
142
0.0
142
0.0
142
0.0
142
0.0
142
1.0
270
     2
144
0.0208000000566244
144
0.0
144
0.0
144
0.0
144
0.0
144
0.0208000000566244
144
0.0
144
0.0
144
0.0
144
0.0
144
1.0
144
0.0
144
0.0
144
0.0
144
0.0
144
1.0
273
     1
274
     2
 94
       63
1001
ACAD
1070
    -1
1070
     3
1070
     0
1000

1071
        0
1070
     0
  0
MLEADERSTYLE
  5
D8
102
{ACAD_REACTORS
330
D7
102
}
330
D7
100
AcDbMLeaderStyle
179
     2
170
     2
171
     1
172
     0
 90
        2
 40
0.0
 41
0.0
173
     1
 91
-1056964608
340
14
 92
       -2
290
     1
 42
0.09
291
     1
 43
-0.36
  3
Standard
341
0
 44
1.0
300

342
11
174
     1
178
     1
175
     1
176
     0
 93
-1056964608
 45
0.18
292
     0
297
     0
 46
0.18
343
0
 94
-1056964608
 47
1.0
 49
1.0
140
1.0
293
     1
141
0.0
294
     1
177
     0
142
1.0
295
     0
296
     0
143
0.125
271
     0
272
     9
273
     9
298
     0
  0
MLINESTYLE
  5
18
102
{ACAD_REACTORS
330
17
102
}
330
17
100
AcDbMlineStyle
  2
STANDARD
 70
     0
  3

 62
   256
 51
90.0
 52
90.0
 71
     2
 49
0.5
 62
   256
  6
BYLAYER
 49
-0.5
 62
   256
  6
BYLAYER
  0
ACDBPLACEHOLDER
  5
F
102
{ACAD_REACTORS
330
E
102
}
330
E
  0
SCALE
  5
B7
102
{ACAD_REACTORS
330
B6
102
}
330
B6
100
AcDbScale
 70
     0
300
1:1
140
1.0
141
1.0
290
     1
  0
SCALE
  5
124
102
{ACAD_REACTORS
330
B6
102
}
330
B6
100
AcDbScale
 70
     0
300
1:2
140
1.0
141
2.0
290
     0
  0
SCALE
  5
125
102
{ACAD_REACTORS
330
B6
102
}
330
B6
100
AcDbScale
 70
     0
300
1:4
140
1.0
141
4.0
290
     0
  0
SCALE
  5
126
102
{ACAD_REACTORS
330
B6
102
}
330
B6
100
AcDbScale
 70
     0
300
1:5
140
1.0
141
5.0
290
     0
  0
SCALE
  5
127
102
{ACAD_REACTORS
330
B6
102
}
330
B6
100
AcDbScale
 70
     0
300
1:8
140
1.0
141
8.0
290
     0
  0
SCALE
  5
128
102
{ACAD_REACTORS
330
B6
102
}
330
B6
100
AcDbScale
 70
     0
300
1:10
140
1.0
141
10.0
290
     0
  0
SCALE
  5
129
102
{ACAD_REACTORS
330
B6
102
}
330
B6
100
AcDbScale
 70
     0
300
1:16
140
1.0
141
16.0
290
     0
  0
SCALE
  5
12A
102
{ACAD_REACTORS
330
B6
102
}
330
B6
100
AcDbScale
 70
     0
300
1:20
140
1.0
141
20.0
290
     0
  0
SCALE
  5
12B
102
{ACAD_REACTORS
330
B6
102
}
330
B6
100
AcDbScale
 70
     0
300
1:30
140
1.0
141
30.0
290
     0
  0
SCALE
  5
12C
102
{ACAD_REACTORS
330
B6
102
}
330
B6
100
AcDbScale
 70
     0
300
1:40
140
1.0
141
40.0
290
     0
  0
SCALE
  5
12D
102
{ACAD_REACTORS
330
B6
102
}
330
B6
100
AcDbScale
 70
     0
300
1:50
140
1.0
141
50.0
290
     0
  0
SCALE
  5
12E
102
{ACAD_REACTORS
330
B6
102
}
330
B6
100
AcDbScale
 70
     0
300
1:100
140
1.0
141
100.0
290
     0
  0
SCALE
  5
12F
102
{ACAD_REACTORS
330
B6
102
}
330
B6
100
AcDbScale
 70
     0
300
2:1
140
2.0
141
1.0
290
     0
  0
SCALE
  5
130
102
{ACAD_REACTORS
330
B6
102
}
330
B6
100
AcDbScale
 70
     0
300
4:1
140
4.0
141
1.0
290
     0
  0
SCALE
  5
131
102
{ACAD_REACTORS
330
B6
102
}
330
B6
100
AcDbScale
 70
     0
300
8:1
140
8.0
141
1.0
290
     0
  0
SCALE
  5
132
102
{ACAD_REACTORS
330
B6
102
}
330
B6
100
AcDbScale
 70
     0
300
10:1
140
10.0
141
1.0
290
     0
  0
SCALE
  5
133
102
{ACAD_REACTORS
330
B6
102
}
330
B6
100
AcDbScale
 70
     0
300
100:1
140
100.0
141
1.0
290
     0
  0
SCALE
  5
134
102
{ACAD_REACTORS
330
B6
102
}
330
B6
100
AcDbScale
 70
     0
300
1/128" = 1'-0"
140
0.0078125
141
12.0
290
     0
  0
SCALE
  5
135
102
{ACAD_REACTORS
330
B6
102
}
330
B6
100
AcDbScale
 70
     0
300
1/64" = 1'-0"
140
0.015625
141
12.0
290
     0
  0
SCALE
  5
136
102
{ACAD_REACTORS
330
B6
102
}
330
B6
100
AcDbScale
 70
     0
300
1/32" = 1'-0"
140
0.03125
141
12.0
290
     0
  0
SCALE
  5
137
102
{ACAD_REACTORS
330
B6
102
}
330
B6
100
AcDbScale
 70
     0
300
1/16" = 1'-0"
140
0.0625
141
12.0
290
     0
  0
SCALE
  5
138
102
{ACAD_REACTORS
330
B6
102
}
330
B6
100
AcDbScale
 70
     0
300
3/32" = 1'-0"
140
0.09375
141
12.0
290
     0
  0
SCALE
  5
139
102
{ACAD_REACTORS
330
B6
102
}
330
B6
100
AcDbScale
 70
     0
300
1/8" = 1'-0"
140
0.125
141
12.0
290
     0
  0
SCALE
  5
13A
102
{ACAD_REACTORS
330
B6
102
}
330
B6
100
AcDbScale
 70
     0
300
3/16" = 1'-0"
140
0.1875
141
12.0
290
     0
  0
SCALE
  5
13B
102
{ACAD_REACTORS
330
B6
102
}
330
B6
100
AcDbScale
 70
     0
300
1/4" = 1'-0"
140
0.25
141
12.0
290
     0
  0
SCALE
  5
13C
102
{ACAD_REACTORS
330
B6
102
}
330
B6
100
AcDbScale
 70
     0
300
3/8" = 1'-0"
140
0.375
141
12.0
290
     0
  0
SCALE
  5
13D
102
{ACAD_REACTORS
330
B6
102
}
330
B6
100
AcDbScale
 70
     0
300
1/2" = 1'-0"
140
0.5
141
12.0
290
     0
  0
SCALE
  5
13E
102
{ACAD_REACTORS
330
B6
102
}
330
B6
100
AcDbScale
 70
     0
300
3/4" = 1'-0"
140
0.75
141
12.0
290
     0
  0
SCALE
  5
13F
102
{ACAD_REACTORS
330
B6
102
}
330
B6
100
AcDbScale
 70
     0
300
1" = 1'-0"
140
1.0
141
12.0
290
     0
  0
SCALE
  5
140
102
{ACAD_REACTORS
330
B6
102
}
330
B6
100
AcDbScale
 70
     0
300
1-1/2" = 1'-0"
140
1.5
141
12.0
290
     0
  0
SCALE
  5
141
102
{ACAD_REACTORS
330
B6
102
}
330
B6
100
AcDbScale
 70
     0
300
3" = 1'-0"
140
3.0
141
12.0
290
     0
  0
SCALE
  5
142
102
{ACAD_REACTORS
330
B6
102
}
330
B6
100
AcDbScale
 70
     0
300
6" = 1'-0"
140
6.0
141
12.0
290
     0
  0
SCALE
  5
143
102
{ACAD_REACTORS
330
B6
102
}
330
B6
100
AcDbScale
 70
     0
300
1'-0" = 1'-0"
140
12.0
141
12.0
290
     0
  0
ACDBSECTIONVIEWSTYLE
  5
1AA
102
{ACAD_REACTORS
330
1A8
102
}
330
1A8
100
AcDbModelDocViewStyle
 70
     0
  3
Imperial24
290
     0
300
Imperial24
 90
        0
100
AcDbSectionViewStyle
 70
     0
 71
     0
 90
       78
 71
     1
340
11
 62
   256
 40
0.24
340
0
340
0
 62
   256
 40
0.24
300
I, O, Q, S, X, Z
 40
0.48
 90
        3
 40
0.18
 90
        1
 71
     2
340
16
 90
       25
 62
   256
340
16
 90
       50
 62
   256
 40
0.24
 40
0.0
 40
0.24
 71
     3
340
11
 62
   256
 40
0.24
 90
        1
 40
0.75
 90
        1
300
%<\AcVar ViewType \f "%tc1">% %<\AcVar ViewSectionStartId>%-%<\AcVar ViewSectionEndId>%\PSCALE %<\AcVar ViewScale \f "%sn">%
 71
     4
 62
   256
 62
   257
300
ANSI31
 40
1.0
 90
        0
290
     0
290
     0
 90
        6
 40
0.0
 40
1.570796326794897
 40
0.2617993877991494
 40
1.308996938995747
 40
-0.2617993877991494
 40
1.832595714594046
  0
ACDBSECTIONVIEWSTYLE
  5
4CA
102
{ACAD_REACTORS
330
1A8
102
}
330
1A8
100
AcDbModelDocViewStyle
 70
     0
  3
Metric50
290
     0
300
Metric50
 90
        0
100
AcDbSectionViewStyle
 70
     0
 71
     0
 90
      102
 71
     1
340
11
 62
   256
 40
5.0
340
0
340
0
 62
   256
 40
5.0
300
I, O, Q, S, X, Z
 40
10.0
 90
        0
 40
2.5
 90
        0
 71
     2
340
16
 90
       25
 62
   256
340
16
 90
       50
 62
   256
 40
5.0
 40
2.5
 40
5.0
 71
     3
340
11
 62
   256
 40
5.0
 90
        0
 40
15.0
 90
        1
300
%<\AcVar ViewSectionStartId>%-%<\AcVar ViewSectionEndId>% (%<\AcVar ViewScale \f "%sn">%)
 71
     4
 62
   256
 62
   257
300
ANSI31
 40
1.0
 90
        0
290
     0
290
     0
 90
        6
 40
0.0
 40
1.570796326794897
 40
0.2617993877991494
 40
1.308996938995747
 40
-0.2617993877991494
 40
1.832595714594046
  0
TABLESTYLE
  5
87
102
{ACAD_REACTORS
330
86
102
}
102
{ACAD_XDICTIONARY
360
90C4
102
}
330
86
100
AcDbTableStyle
  3
Standard
 70
     0
 71
     0
 40
0.06
 41
0.06
280
     0
281
     0
  7
Standard
140
0.18
170
     2
 62
     0
 63
   257
283
     0
 90
      512
 91
        0
  1

274
    -2
284
     1
 64
     0
275
    -2
285
     1
 65
     0
276
    -2
286
     1
 66
     0
277
    -2
287
     1
 67
     0
278
    -2
288
     1
 68
     0
279
    -2
289
     1
 69
     0
  7
Standard
140
0.25
170
     5
 62
     0
 63
   257
283
     0
 90
      512
 91
        0
  1

274
    -2
284
     1
 64
     0
275
    -2
285
     1
 65
     0
276
    -2
286
     1
 66
     0
277
    -2
287
     1
 67
     0
278
    -2
288
     1
 68
     0
279
    -2
289
     1
 69
     0
  7
Standard
140
0.18
170
     5
 62
     0
 63
   257
283
     0
 90
      512
 91
        0
  1

274
    -2
284
     1
 64
     0
275
    -2
285
     1
 65
     0
276
    -2
286
     1
 66
     0
277
    -2
287
     1
 67
     0
278
    -2
288
     1
 68
     0
279
    -2
289
     1
 69
     0
  0
VISUALSTYLE
  5
9F
102
{ACAD_REACTORS
330
99
102
}
330
99
100
AcDbVisualStyle
  2
2dWireframe
 70
     4
177
     3
291
     0
 70
    58
 90
        0
176
     1
 90
        2
176
     1
 90
        1
176
     1
 90
        0
176
     1
 40
0.6
176
     1
 40
30.0
176
     1
 62
     7
420
 16777215
176
     1
 90
        1
176
     1
 90
        4
176
     1
 62
     7
176
     1
 62
   257
176
     1
 90
        1
176
     1
 90
        1
176
     1
 40
1.0
176
     1
 90
        0
176
     1
 62
   257
176
     1
 40
1.0
176
     1
 90
        1
176
     1
 90
        6
176
     1
 90
        2
176
     1
 62
     7
176
     1
 90
        5
176
     1
 90
        0
176
     1
 90
        0
176
     1
290
     0
176
     1
 90
        1
176
     1
 40
0.0
176
     1
 90
        0
176
     1
290
     1
176
     1
290
     1
176
     1
290
     0
176
     1
290
     0
176
     1
290
     0
176
     1
290
     0
176
     1
290
     0
176
     1
290
     0
176
     1
290
     0
176
     1
 90
       50
176
     1
 40
0.0
176
     1
 40
1.0
176
     1
 90
        0
176
     1
 62
    18
420
        0
176
     1
 90
       50
176
     1
 90
        3
176
     1
 62
     5
420
      255
176
     1
290
     0
176
     1
 90
       50
176
     1
 90
       50
176
     1
 90
       50
176
     1
290
     0
176
     1
 90
       50
176
     1
 62
   256
176
     0
 40
1.0
176
     0
 90
        2
176
     1
  1
strokes_ogs.tif
176
     1
290
     0
176
     1
 40
1.0
176
     1
 40
1.0
176
     1
  0
VISUALSTYLE
  5
585D
102
{ACAD_REACTORS
330
99
102
}
330
99
100
AcDbVisualStyle
  2
3dWireframe
 70
     5
177
     3
291
     0
 70
    58
 90
        0
176
     1
 90
        2
176
     1
 90
        0
176
     1
 90
        0
176
     1
 40
0.6
176
     1
 40
30.0
176
     1
 62
     7
176
     1
 90
        1
176
     1
 90
        4
176
     1
 62
     7
176
     1
 62
   257
176
     1
 90
        1
176
     1
 90
        1
176
     1
 40
1.0
176
     1
 90
        0
176
     1
 62
   257
176
     1
 40
1.0
176
     1
 90
        1
176
     1
 90
        6
176
     1
 90
        2
176
     1
 62
     7
176
     1
 90
        5
176
     1
 90
        0
176
     1
 90
        0
176
     1
290
     0
176
     1
 90
        1
176
     1
 40
0.0
176
     1
 90
        0
176
     1
290
     0
176
     1
290
     1
176
     1
290
     1
176
     1
290
     0
176
     1
290
     0
176
     1
290
     0
176
     1
290
     0
176
     1
290
     0
176
     1
290
     0
176
     1
 90
       50
176
     1
 40
0.0
176
     1
 40
1.0
176
     1
 90
        0
176
     1
 62
    18
420
        0
176
     1
 90
       50
176
     1
 90
        3
176
     1
 62
     5
420
      255
176
     1
290
     0
176
     1
 90
       50
176
     1
 90
       50
176
     1
 90
       50
176
     1
290
     0
176
     1
 90
       50
176
     1
 62
   256
176
     0
 40
1.0
176
     0
 90
        2
176
     1
  1
strokes_ogs.tif
176
     1
290
     0
176
     1
 40
1.0
176
     1
 40
1.0
176
     1
1001
ACAD
1000
AcRTDxfName
1000
VISUALSTYLE
1000
AcRTDxfName
1000
VISUALSTYLE
1000
AcRTDxfName
1000
VISUALSTYLE
1000
AcRTDxfName
1000
VISUALSTYLE
1000
AcRTDxfName
1000
VISUALSTYLE
1000
AcRTDxfName
1000
VISUALSTYLE
1000
AcRTDxfName
1000
VISUALSTYLE
1000
AcRTDxfName
1000
VISUALSTYLE
1000
AcRTDxfName
1000
VISUALSTYLE
1000
AcRTDxfName
1000
VISUALSTYLE
1000
AcRTDxfName
1000
VISUALSTYLE
1000
AcRTDxfName
1000
VISUALSTYLE
1000
AcRTDxfName
1000
VISUALSTYLE
1000
AcRTDxfName
1000
VISUALSTYLE
1000
AcRTDxfName
1000
VISUALSTYLE
1000
AcRTDxfName
1000
VISUALSTYLE
1000
AcRTDxfName
1000
VISUALSTYLE
1000
AcRTDxfName
1000
VISUALSTYLE
1000
AcRTDxfName
1000
VISUALSTYLE
1000
AcRTDxfName
1000
VISUALSTYLE
1000
AcRTDxfName
1000
VISUALSTYLE
1000
AcRTDxfName
1000
VISUALSTYLE
1000
AcRTDxfName
1000
VISUALSTYLE
1000
AcRTDxfName
1000
VISUALSTYLE
1000
AcRTDxfName
1000
VISUALSTYLE
1000
AcRTDxfName
1000
VISUALSTYLE
1000
AcRTDxfName
1000
VISUALSTYLE
1000
AcRTDxfName
1000
VISUALSTYLE
1000
AcRTDxfName
1000
VISUALSTYLE
1000
AcRTDxfName
1000
VISUALSTYLE
1000
AcRTDxfName
1000
VISUALSTYLE
1000
AcRTDxfName
1000
VISUALSTYLE
1000
AcRTDxfName
1000
VISUALSTYLE
1000
AcRTDxfName
1000
VISUALSTYLE
1000
AcRTDxfName
1000
VISUALSTYLE
1000
AcRTDxfName
1000
VISUALSTYLE
1000
AcRTDxfName
1000
VISUALSTYLE
1000
AcRTDxfName
1000
VISUALSTYLE
1000
AcRTDxfName
1000
VISUALSTYLE
1000
AcRTDxfName
1000
VISUALSTYLE
1000
AcRTDxfName
1000
VISUALSTYLE
1000
AcRTDxfName
1000
VISUALSTYLE
1000
AcRTDxfName
1000
VISUALSTYLE
1000
AcRTDxfName
1000
VISUALSTYLE
1000
AcRTDxfName
1000
VISUALSTYLE
1000
AcRTDxfName
1000
VISUALSTYLE
1000
AcRTDxfName
1000
VISUALSTYLE
1000
AcRTDxfName
1000
VISUALSTYLE
1000
AcRTDxfName
1000
VISUALSTYLE
1000
AcRTDxfName
1000
VISUALSTYLE
1000
AcRTDxfName
1000
VISUALSTYLE
1000
AcRTDxfName
1000
VISUALSTYLE
1000
AcRTDxfName
1000
VISUALSTYLE
1000
AcRTDxfName
1000
VISUALSTYLE
1000
AcRTDxfName
1000
VISUALSTYLE
1000
AcRTDxfName
1000
VISUALSTYLE
1000
AcRTDxfName
1000
VISUALSTYLE
1000
AcRTDxfName
1000
VISUALSTYLE
1000
AcRTDxfName
1000
VISUALSTYLE
1000
AcRTDxfName
1000
VISUALSTYLE
1000
AcRTDxfName
1000
VISUALSTYLE
1000
AcRTDxfName
1000
VISUALSTYLE
1000
AcRTDxfName
1000
VISUALSTYLE
1000
AcRTDxfName
1000
VISUALSTYLE
1000
AcRTDxfName
1000
VISUALSTYLE
1000
AcRTDxfName
1000
VISUALSTYLE
1000
AcRTDxfName
1000
VISUALSTYLE
1000
AcRTDxfName
1000
VISUALSTYLE
1000
AcRTDxfName
1000
VISUALSTYLE
1000
AcRTDxfName
1000
VISUALSTYLE
1000
AcRTDxfName
1000
VISUALSTYLE
1000
AcRTDxfName
1000
VISUALSTYLE
1000
AcRTDxfName
1000
VISUALSTYLE
1000
AcRTDxfName
1000
VISUALSTYLE
1000
AcRTDxfName
1000
VISUALSTYLE
1000
AcRTDxfName
1000
VISUALSTYLE
1000
AcRTDxfName
1000
VISUALSTYLE
1000
AcRTDxfName
1000
VISUALSTYLE
1000
AcRTDxfName
1000
VISUALSTYLE
1000
AcRTDxfName
1000
VISUALSTYLE
1000
AcRTDxfName
1000
VISUALSTYLE
1000
AcRTDxfName
1000
VISUALSTYLE
1000
AcRTDxfName
1000
VISUALSTYLE
1000
AcRTDxfName
1000
VISUALSTYLE
1000
AcRTDxfName
1000
VISUALSTYLE
1000
AcRTDxfName
1000
VISUALSTYLE
1000
AcRTDxfName
1000
VISUALSTYLE
1000
AcRTDxfName
1000
VISUALSTYLE
1000
AcRTDxfName
1000
VISUALSTYLE
1000
AcRTDxfName
1000
VISUALSTYLE
1000
AcRTDxfName
1000
VISUALSTYLE
1000
AcRTDxfName
1000
VISUALSTYLE
1000
AcRTDxfName
1000
VISUALSTYLE
1000
AcRTDxfName
1000
VISUALSTYLE
1000
AcRTDxfName
1000
VISUALSTYLE
1000
AcRTDxfName
1000
VISUALSTYLE
1000
AcRTDxfName
1000
VISUALSTYLE
1000
AcRTDxfName
1000
VISUALSTYLE
1000
AcRTDxfName
1000
VISUALSTYLE
1000
AcRTDxfName
1000
VISUALSTYLE
1000
AcRTDxfName
1000
VISUALSTYLE
1000
AcRTDxfName
1000
VISUALSTYLE
1000
AcRTDxfName
1000
VISUALSTYLE
1000
AcRTDxfName
1000
VISUALSTYLE
1000
AcRTDxfName
1000
VISUALSTYLE
1000
AcRTDxfName
1000
VISUALSTYLE
1000
AcRTDxfName
1000
VISUALSTYLE
1000
AcRTDxfName
1000
VISUALSTYLE
1000
AcRTDxfName
1000
VISUALSTYLE
1000
AcRTDxfName
1000
VISUALSTYLE
1000
AcRTDxfName
1000
VISUALSTYLE
1000
AcRTDxfName
1000
VISUALSTYLE
1000
AcRTDxfName
1000
VISUALSTYLE
1000
AcRTDxfName
1000
VISUALSTYLE
1000
AcRTDxfName
1000
VISUALSTYLE
1000
AcRTDxfName
1000
VISUALSTYLE
1000
AcRTDxfName
1000
VISUALSTYLE
1000
AcRTDxfName
1000
VISUALSTYLE
1000
AcRTDxfName
1000
VISUALSTYLE
1000
AcRTDxfName
1000
VISUALSTYLE
1000
AcRTDxfName
1000
VISUALSTYLE
1000
AcRTDxfName
1000
VISUALSTYLE
1000
AcRTDxfName
1000
VISUALSTYLE
1000
AcRTDxfName
1000
VISUALSTYLE
1000
AcRTDxfName
1000
VISUALSTYLE
1000
AcRTDxfName
1000
VISUALSTYLE
1000
AcRTDxfName
1000
VISUALSTYLE
1000
AcRTDxfName
1000
VISUALSTYLE
1000
AcRTDxfName
1000
VISUALSTYLE
1000
AcRTDxfName
1000
VISUALSTYLE
1000
AcRTDxfName
1000
VISUALSTYLE
1000
AcRTDxfName
1000
VISUALSTYLE
1000
AcRTDxfName
1000
VISUALSTYLE
1000
AcRTDxfName
1000
VISUALSTYLE
1000
AcRTDxfName
1000
VISUALSTYLE
1000
AcRTDxfName
1000
VISUALSTYLE
1000
AcRTDxfName
1000
VISUALSTYLE
1000
AcRTDxfName
1000
VISUALSTYLE
1000
AcRTDxfName
1000
VISUALSTYLE
1000
AcRTDxfName
1000
VISUALSTYLE
1000
AcRTDxfName
1000
VISUALSTYLE
1000
AcRTDxfName
1000
VISUALSTYLE
1000
AcRTDxfName
1000
VISUALSTYLE
1000
AcRTDxfName
1000
VISUALSTYLE
1000
AcRTDxfName
1000
VISUALSTYLE
1000
AcRTDxfName
1000
VISUALSTYLE
1000
AcRTDxfName
1000
VISUALSTYLE
1000
AcRTDxfName
1000
VISUALSTYLE
1000
AcRTDxfName
1000
VISUALSTYLE
1000
AcRTDxfName
1000
VISUALSTYLE
1000
AcRTDxfName
1000
VISUALSTYLE
1000
AcRTDxfName
1000
VISUALSTYLE
1000
AcRTDxfName
1000
VISUALSTYLE
1000
AcRTDxfName
1000
VISUALSTYLE
1000
AcRTDxfName
1000
VISUALSTYLE
1000
AcRTDxfName
1000
VISUALSTYLE
1000
AcRTDxfName
1000
VISUALSTYLE
1000
AcRTDxfName
1000
VISUALSTYLE
1000
AcRTDxfName
1000
VISUALSTYLE
1000
AcRTDxfName
1000
VISUALSTYLE
1000
AcRTDxfName
1000
VISUALSTYLE
1000
AcRTDxfName
1000
VISUALSTYLE
1000
AcRTDxfName
1000
VISUALSTYLE
1000
AcRTDxfName
1000
VISUALSTYLE
1000
AcRTDxfName
1000
VISUALSTYLE
1000
AcRTDxfName
1000
VISUALSTYLE
1000
AcRTDxfName
1000
VISUALSTYLE
1000
AcRTDxfName
1000
VISUALSTYLE
1000
AcRTDxfName
1000
VISUALSTYLE
1000
AcRTDxfName
1000
VISUALSTYLE
1000
AcRTDxfName
1000
VISUALSTYLE
1000
AcRTDxfName
1000
VISUALSTYLE
1000
AcRTDxfName
1000
VISUALSTYLE
1000
AcRTDxfName
1000
VISUALSTYLE
1000
AcRTDxfName
1000
VISUALSTYLE
1000
AcRTDxfName
1000
VISUALSTYLE
1000
AcRTDxfName
1000
VISUALSTYLE
1000
AcRTDxfName
1000
VISUALSTYLE
1000
AcRTDxfName
1000
VISUALSTYLE
1000
AcRTDxfName
1000
VISUALSTYLE
1000
AcRTDxfName
1000
VISUALSTYLE
1000
AcRTDxfName
1000
VISUALSTYLE
1000
AcRTDxfName
1000
VISUALSTYLE
1000
AcRTDxfName
1000
VISUALSTYLE
1000
AcRTDxfName
1000
VISUALSTYLE
1000
AcRTDxfName
1000
VISUALSTYLE
1000
AcRTDxfName
1000
VISUALSTYLE
1000
AcRTDxfName
1000
VISUALSTYLE
1000
AcRTDxfName
1000
VISUALSTYLE
1000
AcRTDxfName
1000
VISUALSTYLE
1000
AcRTDxfName
1000
VISUALSTYLE
1000
AcRTDxfName
1000
VISUALSTYLE
1000
AcRTDxfName
1000
VISUALSTYLE
1000
AcRTDxfName
1000
VISUALSTYLE
1000
AcRTDxfName
1000
VISUALSTYLE
1000
AcRTDxfName
1000
VISUALSTYLE
1000
AcRTDxfName
1000
VISUALSTYLE
1000
AcRTDxfName
1000
VISUALSTYLE
1000
AcRTDxfName
1000
VISUALSTYLE
1000
AcRTDxfName
1000
VISUALSTYLE
1000
AcRTDxfName
1000
VISUALSTYLE
1000
AcRTDxfName
1000
VISUALSTYLE
1000
AcRTDxfName
1000
VISUALSTYLE
1000
AcRTDxfName
1000
VISUALSTYLE
1000
AcRTDxfName
1000
VISUALSTYLE
1000
AcRTDxfName
1000
VISUALSTYLE
1000
AcRTDxfName
1000
VISUALSTYLE
1000
AcRTDxfName
1000
VISUALSTYLE
1000
AcRTDxfName
1000
VISUALSTYLE
1000
AcRTDxfName
1000
VISUALSTYLE
1000
AcRTDxfName
1000
VISUALSTYLE
1000
AcRTDxfName
1000
VISUALSTYLE
1000
AcRTDxfName
1000
VISUALSTYLE
1000
AcRTDxfName
1000
VISUALSTYLE
1000
AcRTDxfName
1000
VISUALSTYLE
1000
AcRTDxfName
1000
VISUALSTYLE
1000
AcRTDxfName
1000
VISUALSTYLE
1000
AcRTDxfName
1000
VISUALSTYLE
1000
AcRTDxfName
1000
VISUALSTYLE
1000
AcRTDxfName
1000
VISUALSTYLE
1000
AcRTDxfName
1000
VISUALSTYLE
1000
AcRTDxfName
1000
VISUALSTYLE
1000
AcRTDxfName
1000
VISUALSTYLE
1000
AcRTDxfName
1000
VISUALSTYLE
1000
AcRTDxfName
1000
VISUALSTYLE
1000
AcRTDxfName
1000
VISUALSTYLE
1000
AcRTDxfName
1000
VISUALSTYLE
1000
AcRTDxfName
1000
VISUALSTYLE
1000
AcRTDxfName
1000
VISUALSTYLE
1000
AcRTDxfName
1000
VISUALSTYLE
1000
AcRTDxfName
1000
VISUALSTYLE
1000
AcRTDxfName
1000
VISUALSTYLE
1000
AcRTDxfName
1000
VISUALSTYLE
1000
AcRTDxfName
1000
VISUALSTYLE
1000
AcRTDxfName
1000
VISUALSTYLE
1000
AcRTDxfName
1000
VISUALSTYLE
1000
AcRTDxfName
1000
VISUALSTYLE
1000
AcRTDxfName
1000
VISUALSTYLE
1000
AcRTDxfName
1000
VISUALSTYLE
1000
AcRTDxfName
1000
VISUALSTYLE
1000
AcRTDxfName
1000
VISUALSTYLE
1000
AcRTDxfName
1000
VISUALSTYLE
1000
AcRTDxfName
1000
VISUALSTYLE
1000
AcRTDxfName
1000
VISUALSTYLE
1000
AcRTDxfName
1000
VISUALSTYLE
1000
AcRTDxfName
1000
VISUALSTYLE
1000
AcRTDxfName
1000
VISUALSTYLE
1000
AcRTDxfName
1000
VISUALSTYLE
1000
AcRTDxfName
1000
VISUALSTYLE
1000
AcRTDxfName
1000
VISUALSTYLE
1000
AcRTDxfName
1000
VISUALSTYLE
1000
AcRTDxfName
1000
VISUALSTYLE
1000
AcRTDxfName
1000
VISUALSTYLE
1000
AcRTDxfName
1000
VISUALSTYLE
1000
AcRTDxfName
1000
VISUALSTYLE
1000
AcRTDxfName
1000
VISUALSTYLE
1000
AcRTDxfName
1000
VISUALSTYLE
1000
AcRTDxfName
1000
VISUALSTYLE
1000
AcRTDxfName
1000
VISUALSTYLE
1000
AcRTDxfName
1000
VISUALSTYLE
1000
AcRTDxfName
1000
VISUALSTYLE
1000
AcRTDxfName
1000
VISUALSTYLE
1000
AcRTDxfName
1000
VISUALSTYLE
1000
AcRTDxfName
1000
VISUALSTYLE
1000
AcRTDxfName
1000
VISUALSTYLE
1000
AcRTDxfName
1000
VISUALSTYLE
1000
AcRTDxfName
1000
VISUALSTYLE
1000
AcRTDxfName
1000
VISUALSTYLE
1000
AcRTDxfName
1000
VISUALSTYLE
1000
AcRTDxfName
1000
VISUALSTYLE
1000
AcRTDxfName
1000
VISUALSTYLE
1000
AcRTDxfName
1000
VISUALSTYLE
1000
AcRTDxfName
1000
VISUALSTYLE
1000
AcRTDxfName
1000
VISUALSTYLE
1000
AcRTDxfName
1000
VISUALSTYLE
1000
AcRTDxfName
1000
VISUALSTYLE
1000
AcRTDxfName
1000
VISUALSTYLE
1000
AcRTDxfName
1000
VISUALSTYLE
1000
AcRTDxfName
1000
VISUALSTYLE
1000
AcRTDxfName
1000
VISUALSTYLE
1000
AcRTDxfName
1000
VISUALSTYLE
1000
AcRTDxfName
1000
VISUALSTYLE
1000
AcRTDxfName
1000
VISUALSTYLE
1000
AcRTDxfName
1000
VISUALSTYLE
1000
AcRTDxfName
1000
VISUALSTYLE
1000
AcRTDxfName
1000
VISUALSTYLE
1000
AcRTDxfName
1000
VISUALSTYLE
1000
AcRTDxfName
1000
VISUALSTYLE
1000
AcRTDxfName
1000
VISUALSTYLE
1000
AcRTDxfName
1000
VISUALSTYLE
1000
AcRTDxfName
1000
VISUALSTYLE
1000
AcRTDxfName
1000
VISUALSTYLE
1000
AcRTDxfName
1000
VISUALSTYLE
  0
VISUALSTYLE
  5
9E
102
{ACAD_REACTORS
330
99
102
}
330
99
100
AcDbVisualStyle
  2
Basic
 70
     7
177
     3
291
     1
 70
    58
 90
        1
176
     1
 90
        0
176
     1
 90
        1
176
     1
 90
        0
176
     1
 40
0.6
176
     1
 40
30.0
176
     1
 62
     7
420
 16777215
176
     1
 90
        0
176
     1
 90
        4
176
     1
 62
     7
176
     1
 62
   257
176
     1
 90
        1
176
     1
 90
        1
176
     1
 40
1.0
176
     1
 90
        8
176
     1
 62
     7
176
     1
 40
1.0
176
     1
 90
        1
176
     1
 90
        6
176
     1
 90
        2
176
     1
 62
     7
176
     1
 90
        5
176
     1
 90
        0
176
     1
 90
        0
176
     1
290
     0
176
     1
 90
        1
176
     1
 40
0.0
176
     1
 90
        0
176
     1
290
     0
176
     1
290
     1
176
     1
290
     1
176
     1
290
     0
176
     1
290
     0
176
     1
290
     0
176
     1
290
     0
176
     1
290
     0
176
     1
290
     0
176
     1
 90
       50
176
     1
 40
0.0
176
     1
 40
1.0
176
     1
 90
        0
176
     1
 62
    18
420
        0
176
     1
 90
       50
176
     1
 90
        3
176
     1
 62
     5
420
      255
176
     1
290
     0
176
     1
 90
       50
176
     1
 90
       50
176
     1
 90
       50
176
     1
290
     0
176
     1
 90
       50
176
     1
 62
   256
176
     0
 40
1.0
176
     0
 90
        2
176
     1
  1
strokes_ogs.tif
176
     1
290
     0
176
     1
 40
1.0
176
     1
 40
1.0
176
     1
  0
VISUALSTYLE
  5
A5
102
{ACAD_REACTORS
330
99
102
}
330
99
100
AcDbVisualStyle
  2
Brighten
 70
    12
177
     3
291
     1
 70
    58
 90
        2
176
     1
 90
        2
176
     1
 90
        1
176
     1
 90
        0
176
     1
 40
0.6
176
     1
 40
30.0
176
     1
 62
     7
420
 16777215
176
     1
 90
        1
176
     1
 90
        4
176
     1
 62
     7
176
     1
 62
   257
176
     1
 90
        1
176
     1
 90
        1
176
     1
 40
1.0
176
     1
 90
        8
176
     1
 62
     7
176
     1
 40
1.0
176
     1
 90
        1
176
     1
 90
        6
176
     1
 90
        2
176
     1
 62
     7
176
     1
 90
        5
176
     1
 90
        0
176
     1
 90
        0
176
     1
290
     0
176
     1
 90
        1
176
     1
 40
50.0
176
     1
 90
        0
176
     1
290
     0
176
     1
290
     1
176
     1
290
     1
176
     1
290
     0
176
     1
290
     0
176
     1
290
     0
176
     1
290
     0
176
     1
290
     0
176
     1
290
     0
176
     1
 90
       50
176
     1
 40
0.0
176
     1
 40
1.0
176
     1
 90
        0
176
     1
 62
    18
420
        0
176
     1
 90
       50
176
     1
 90
        3
176
     1
 62
     5
420
      255
176
     1
290
     0
176
     1
 90
       50
176
     1
 90
       50
176
     1
 90
       50
176
     1
290
     0
176
     1
 90
       50
176
     1
 62
   256
176
     0
 40
1.0
176
     0
 90
        2
176
     1
  1
strokes_ogs.tif
176
     1
290
     0
176
     1
 40
1.0
176
     1
 40
1.0
176
     1
  0
VISUALSTYLE
  5
A9
102
{ACAD_REACTORS
330
99
102
}
330
99
100
AcDbVisualStyle
  2
ColorChange
 70
    16
177
     3
291
     1
 70
    58
 90
        2
176
     1
 90
        2
176
     1
 90
        3
176
     1
 90
        0
176
     1
 40
0.6
176
     1
 40
30.0
176
     1
 62
     8
420
  8421504
176
     1
 90
        1
176
     1
 90
        4
176
     1
 62
     7
176
     1
 62
   257
176
     1
 90
        1
176
     1
 90
        1
176
     1
 40
1.0
176
     1
 90
        8
176
     1
 62
     8
420
  8421504
176
     1
 40
1.0
176
     1
 90
        1
176
     1
 90
        6
176
     1
 90
        2
176
     1
 62
     7
176
     1
 90
        5
176
     1
 90
        0
176
     1
 90
        0
176
     1
290
     0
176
     1
 90
        1
176
     1
 40
0.0
176
     1
 90
        0
176
     1
290
     0
176
     1
290
     1
176
     1
290
     1
176
     1
290
     0
176
     1
290
     0
176
     1
290
     0
176
     1
290
     0
176
     1
290
     0
176
     1
290
     0
176
     1
 90
       50
176
     1
 40
0.0
176
     1
 40
1.0
176
     1
 90
        0
176
     1
 62
    18
420
        0
176
     1
 90
       50
176
     1
 90
        3
176
     1
 62
     5
420
      255
176
     1
290
     0
176
     1
 90
       50
176
     1
 90
       50
176
     1
 90
       50
176
     1
290
     0
176
     1
 90
       50
176
     1
 62
   256
176
     0
 40
1.0
176
     0
 90
        2
176
     1
  1
strokes_ogs.tif
176
     1
290
     0
176
     1
 40
1.0
176
     1
 40
1.0
176
     1
  0
VISUALSTYLE
  5
A2
102
{ACAD_REACTORS
330
99
102
}
330
99
100
AcDbVisualStyle
  2
Conceptual
 70
     9
177
     3
291
     0
 70
    58
 90
        3
176
     1
 90
        2
176
     1
 90
        1
176
     1
 90
        0
176
     1
 40
0.6
176
     1
 40
30.0
176
     1
 62
     7
420
 16777215
176
     1
 90
        2
176
     1
 90
        2
176
     1
 62
     7
176
     1
 62
   257
176
     1
 90
        1
176
     1
 90
        1
176
     1
 40
40.0
176
     1
 90
        8
176
     1
 62
     7
176
     1
 40
1.0
176
     1
 90
        1
176
     1
 90
        6
176
     1
 90
        2
176
     1
 62
     7
176
     1
 90
        3
176
     1
 90
        0
176
     1
 90
        0
176
     1
290
     0
176
     1
 90
        1
176
     1
 40
0.0
176
     1
 90
        0
176
     1
290
     0
176
     1
290
     1
176
     1
290
     1
176
     1
290
     0
176
     1
290
     0
176
     1
290
     0
176
     1
290
     0
176
     1
290
     0
176
     1
290
     0
176
     1
 90
       50
176
     1
 40
0.0
176
     1
 40
1.0
176
     1
 90
        0
176
     1
 62
    18
420
        0
176
     1
 90
       50
176
     1
 90
        3
176
     1
 62
     5
420
      255
176
     1
290
     0
176
     1
 90
       50
176
     1
 90
       50
176
     1
 90
       50
176
     1
290
     0
176
     1
 90
       50
176
     1
 62
   256
176
     0
 40
1.0
176
     0
 90
        2
176
     1
  1
strokes_ogs.tif
176
     1
290
     0
176
     1
 40
1.0
176
     1
 40
1.0
176
     1
  0
VISUALSTYLE
  5
A4
102
{ACAD_REACTORS
330
99
102
}
330
99
100
AcDbVisualStyle
  2
Dim
 70
    11
177
     3
291
     1
 70
    58
 90
        2
176
     1
 90
        2
176
     1
 90
        1
176
     1
 90
        0
176
     1
 40
0.6
176
     1
 40
30.0
176
     1
 62
     7
420
 16777215
176
     1
 90
        1
176
     1
 90
        4
176
     1
 62
     7
176
     1
 62
   257
176
     1
 90
        1
176
     1
 90
        1
176
     1
 40
1.0
176
     1
 90
        8
176
     1
 62
     7
176
     1
 40
1.0
176
     1
 90
        1
176
     1
 90
        6
176
     1
 90
        2
176
     1
 62
     7
176
     1
 90
        5
176
     1
 90
        0
176
     1
 90
        0
176
     1
290
     0
176
     1
 90
        1
176
     1
 40
-50.0
176
     1
 90
        0
176
     1
290
     0
176
     1
290
     1
176
     1
290
     1
176
     1
290
     0
176
     1
290
     0
176
     1
290
     0
176
     1
290
     0
176
     1
290
     0
176
     1
290
     0
176
     1
 90
       50
176
     1
 40
0.0
176
     1
 40
1.0
176
     1
 90
        0
176
     1
 62
    18
420
        0
176
     1
 90
       50
176
     1
 90
        3
176
     1
 62
     5
420
      255
176
     1
290
     0
176
     1
 90
       50
176
     1
 90
       50
176
     1
 90
       50
176
     1
290
     0
176
     1
 90
       50
176
     1
 62
   256
176
     0
 40
1.0
176
     0
 90
        2
176
     1
  1
strokes_ogs.tif
176
     1
290
     0
176
     1
 40
1.0
176
     1
 40
1.0
176
     1
  0
VISUALSTYLE
  5
175
102
{ACAD_REACTORS
330
99
102
}
330
99
100
AcDbVisualStyle
  2
EdgeColorOff
 70
    22
177
     3
291
     1
 70
    58
 90
        2
176
     0
 90
        2
176
     0
 90
        0
176
     0
 90
        0
176
     0
 40
0.6
176
     0
 40
30.0
176
     0
 62
     7
420
 16777215
176
     0
 90
        1
176
     0
 90
        4
176
     0
 62
     7
176
     0
 62
   257
176
     0
 90
        1
176
     0
 90
        1
176
     0
 40
1.0
176
     0
 90
        8
176
     2
 62
     7
176
     0
 40
1.0
176
     0
 90
        1
176
     0
 90
        6
176
     0
 90
        2
176
     0
 62
     7
176
     0
 90
        5
176
     0
 90
        0
176
     0
 90
        0
176
     0
290
     0
176
     0
 90
        1
176
     0
 40
0.0
176
     0
 90
        0
176
     0
290
     0
176
     1
290
     1
176
     1
290
     1
176
     1
290
     0
176
     1
290
     0
176
     1
290
     0
176
     1
290
     0
176
     1
290
     0
176
     1
290
     0
176
     1
 90
       50
176
     1
 40
0.0
176
     1
 40
1.0
176
     1
 90
        0
176
     1
 62
    18
420
        0
176
     1
 90
       50
176
     1
 90
        3
176
     1
 62
     5
420
      255
176
     1
290
     0
176
     1
 90
       50
176
     1
 90
       50
176
     1
 90
       50
176
     1
290
     0
176
     1
 90
       50
176
     1
 62
   256
176
     0
 40
1.0
176
     0
 90
        2
176
     1
  1
strokes_ogs.tif
176
     1
290
     0
176
     1
 40
1.0
176
     1
 40
1.0
176
     1
  0
VISUALSTYLE
  5
A8
102
{ACAD_REACTORS
330
99
102
}
330
99
100
AcDbVisualStyle
  2
Facepattern
 70
    15
177
     3
291
     1
 70
    58
 90
        2
176
     1
 90
        2
176
     1
 90
        1
176
     1
 90
        0
176
     1
 40
0.6
176
     1
 40
30.0
176
     1
 62
     7
420
 16777215
176
     1
 90
        1
176
     1
 90
        4
176
     1
 62
     7
176
     1
 62
   257
176
     1
 90
        1
176
     1
 90
        1
176
     1
 40
1.0
176
     1
 90
        8
176
     1
 62
     7
176
     1
 40
1.0
176
     1
 90
        1
176
     1
 90
        6
176
     1
 90
        2
176
     1
 62
     7
176
     1
 90
        5
176
     1
 90
        0
176
     1
 90
        0
176
     1
290
     0
176
     1
 90
        1
176
     1
 40
0.0
176
     1
 90
        0
176
     1
290
     0
176
     1
290
     1
176
     1
290
     1
176
     1
290
     0
176
     1
290
     0
176
     1
290
     0
176
     1
290
     0
176
     1
290
     0
176
     1
290
     0
176
     1
 90
       50
176
     1
 40
0.0
176
     1
 40
1.0
176
     1
 90
        0
176
     1
 62
    18
420
        0
176
     1
 90
       50
176
     1
 90
        3
176
     1
 62
     5
420
      255
176
     1
290
     0
176
     1
 90
       50
176
     1
 90
       50
176
     1
 90
       50
176
     1
290
     0
176
     1
 90
       50
176
     1
 62
   256
176
     0
 40
1.0
176
     0
 90
        2
176
     1
  1
strokes_ogs.tif
176
     1
290
     0
176
     1
 40
1.0
176
     1
 40
1.0
176
     1
  0
VISUALSTYLE
  5
9A
102
{ACAD_REACTORS
330
99
102
}
330
99
100
AcDbVisualStyle
  2
Flat
 70
     0
177
     3
291
     1
 70
    58
 90
        2
176
     1
 90
        1
176
     1
 90
        1
176
     1
 90
        2
176
     1
 40
0.6
176
     1
 40
30.0
176
     1
 62
     7
420
 16777215
176
     1
 90
        0
176
     1
 90
        0
176
     1
 62
     7
176
     1
 62
   257
176
     1
 90
        1
176
     1
 90
        1
176
     1
 40
1.0
176
     1
 90
        8
176
     1
 62
     7
176
     1
 40
1.0
176
     1
 90
        1
176
     1
 90
        6
176
     1
 90
        2
176
     1
 62
     7
176
     1
 90
        5
176
     1
 90
        0
176
     1
 90
        0
176
     1
290
     0
176
     1
 90
       13
176
     1
 40
0.0
176
     1
 90
        0
176
     1
290
     0
176
     1
290
     1
176
     1
290
     1
176
     1
290
     0
176
     1
290
     0
176
     1
290
     0
176
     1
290
     0
176
     1
290
     0
176
     1
290
     0
176
     1
 90
       50
176
     1
 40
0.0
176
     1
 40
1.0
176
     1
 90
        0
176
     1
 62
    18
420
        0
176
     1
 90
       50
176
     1
 90
        3
176
     1
 62
     5
420
      255
176
     1
290
     0
176
     1
 90
       50
176
     1
 90
       50
176
     1
 90
       50
176
     1
290
     0
176
     1
 90
       50
176
     1
 62
   256
176
     0
 40
1.0
176
     0
 90
        2
176
     1
  1
strokes_ogs.tif
176
     1
290
     0
176
     1
 40
1.0
176
     1
 40
1.0
176
     1
  0
VISUALSTYLE
  5
9B
102
{ACAD_REACTORS
330
99
102
}
330
99
100
AcDbVisualStyle
  2
FlatWithEdges
 70
     1
177
     3
291
     1
 70
    58
 90
        2
176
     1
 90
        1
176
     1
 90
        1
176
     1
 90
        2
176
     1
 40
0.6
176
     1
 40
30.0
176
     1
 62
     7
420
 16777215
176
     1
 90
        1
176
     1
 90
        0
176
     1
 62
     7
176
     1
 62
   257
176
     1
 90
        1
176
     1
 90
        1
176
     1
 40
1.0
176
     1
 90
        0
176
     1
 62
   257
176
     1
 40
1.0
176
     1
 90
        1
176
     1
 90
        6
176
     1
 90
        2
176
     1
 62
     7
176
     1
 90
        5
176
     1
 90
        0
176
     1
 90
        0
176
     1
290
     0
176
     1
 90
       13
176
     1
 40
0.0
176
     1
 90
        0
176
     1
290
     0
176
     1
290
     1
176
     1
290
     1
176
     1
290
     0
176
     1
290
     0
176
     1
290
     0
176
     1
290
     0
176
     1
290
     0
176
     1
290
     0
176
     1
 90
       50
176
     1
 40
0.0
176
     1
 40
1.0
176
     1
 90
        0
176
     1
 62
    18
420
        0
176
     1
 90
       50
176
     1
 90
        3
176
     1
 62
     5
420
      255
176
     1
290
     0
176
     1
 90
       50
176
     1
 90
       50
176
     1
 90
       50
176
     1
290
     0
176
     1
 90
       50
176
     1
 62
   256
176
     0
 40
1.0
176
     0
 90
        2
176
     1
  1
strokes_ogs.tif
176
     1
290
     0
176
     1
 40
1.0
176
     1
 40
1.0
176
     1
  0
VISUALSTYLE
  5
9C
102
{ACAD_REACTORS
330
99
102
}
330
99
100
AcDbVisualStyle
  2
Gouraud
 70
     2
177
     3
291
     1
 70
    58
 90
        2
176
     1
 90
        2
176
     1
 90
        1
176
     1
 90
        2
176
     1
 40
0.6
176
     1
 40
30.0
176
     1
 62
     7
420
 16777215
176
     1
 90
        0
176
     1
 90
        0
176
     1
 62
     7
176
     1
 62
   257
176
     1
 90
        1
176
     1
 90
        1
176
     1
 40
1.0
176
     1
 90
        0
176
     1
 62
     7
176
     1
 40
1.0
176
     1
 90
        1
176
     1
 90
        6
176
     1
 90
        2
176
     1
 62
     7
176
     1
 90
        5
176
     1
 90
        0
176
     1
 90
        0
176
     1
290
     0
176
     1
 90
       13
176
     1
 40
0.0
176
     1
 90
        0
176
     1
290
     0
176
     1
290
     1
176
     1
290
     1
176
     1
290
     0
176
     1
290
     0
176
     1
290
     0
176
     1
290
     0
176
     1
290
     0
176
     1
290
     0
176
     1
 90
       50
176
     1
 40
0.0
176
     1
 40
1.0
176
     1
 90
        0
176
     1
 62
    18
420
        0
176
     1
 90
       50
176
     1
 90
        3
176
     1
 62
     5
420
      255
176
     1
290
     0
176
     1
 90
       50
176
     1
 90
       50
176
     1
 90
       50
176
     1
290
     0
176
     1
 90
       50
176
     1
 62
   256
176
     0
 40
1.0
176
     0
 90
        2
176
     1
  1
strokes_ogs.tif
176
     1
290
     0
176
     1
 40
1.0
176
     1
 40
1.0
176
     1
  0
VISUALSTYLE
  5
9D
102
{ACAD_REACTORS
330
99
102
}
330
99
100
AcDbVisualStyle
  2
GouraudWithEdges
 70
     3
177
     3
291
     1
 70
    58
 90
        2
176
     1
 90
        2
176
     1
 90
        1
176
     1
 90
        2
176
     1
 40
0.6
176
     1
 40
30.0
176
     1
 62
     7
420
 16777215
176
     1
 90
        1
176
     1
 90
        0
176
     1
 62
     7
176
     1
 62
   257
176
     1
 90
        1
176
     1
 90
        1
176
     1
 40
1.0
176
     1
 90
        0
176
     1
 62
   257
176
     1
 40
1.0
176
     1
 90
        1
176
     1
 90
        6
176
     1
 90
        2
176
     1
 62
     7
176
     1
 90
        5
176
     1
 90
        0
176
     1
 90
        0
176
     1
290
     0
176
     1
 90
       13
176
     1
 40
0.0
176
     1
 90
        0
176
     1
290
     0
176
     1
290
     1
176
     1
290
     1
176
     1
290
     0
176
     1
290
     0
176
     1
290
     0
176
     1
290
     0
176
     1
290
     0
176
     1
290
     0
176
     1
 90
       50
176
     1
 40
0.0
176
     1
 40
1.0
176
     1
 90
        0
176
     1
 62
    18
420
        0
176
     1
 90
       50
176
     1
 90
        3
176
     1
 62
     5
420
      255
176
     1
290
     0
176
     1
 90
       50
176
     1
 90
       50
176
     1
 90
       50
176
     1
290
     0
176
     1
 90
       50
176
     1
 62
   256
176
     0
 40
1.0
176
     0
 90
        2
176
     1
  1
strokes_ogs.tif
176
     1
290
     0
176
     1
 40
1.0
176
     1
 40
1.0
176
     1
  0
VISUALSTYLE
  5
A1
102
{ACAD_REACTORS
330
99
102
}
330
99
100
AcDbVisualStyle
  2
Hidden
 70
     6
177
     3
291
     0
 70
    58
 90
        1
176
     1
 90
        2
176
     1
 90
        2
176
     1
 90
        0
176
     1
 40
0.6
176
     1
 40
30.0
176
     1
 62
     7
420
 16777215
176
     1
 90
        2
176
     1
 90
        2
176
     1
 62
     7
176
     1
 62
   257
176
     1
 90
        2
176
     1
 90
        1
176
     1
 40
40.0
176
     1
 90
        0
176
     1
 62
   257
176
     1
 40
1.0
176
     1
 90
        1
176
     1
 90
        6
176
     1
 90
        2
176
     1
 62
     7
176
     1
 90
        3
176
     1
 90
        0
176
     1
 90
        0
176
     1
290
     0
176
     1
 90
        1
176
     1
 40
0.0
176
     1
 90
        0
176
     1
290
     0
176
     1
290
     1
176
     1
290
     1
176
     1
290
     0
176
     1
290
     0
176
     1
290
     0
176
     1
290
     0
176
     1
290
     0
176
     1
290
     0
176
     1
 90
       50
176
     1
 40
0.0
176
     1
 40
1.0
176
     1
 90
        0
176
     1
 62
    18
420
        0
176
     1
 90
       50
176
     1
 90
        3
176
     1
 62
     5
420
      255
176
     1
290
     0
176
     1
 90
       50
176
     1
 90
       50
176
     1
 90
       50
176
     1
290
     0
176
     1
 90
       50
176
     1
 62
   256
176
     0
 40
1.0
176
     0
 90
        2
176
     1
  1
strokes_ogs.tif
176
     1
290
     0
176
     1
 40
1.0
176
     1
 40
1.0
176
     1
  0
VISUALSTYLE
  5
173
102
{ACAD_REACTORS
330
99
102
}
330
99
100
AcDbVisualStyle
  2
JitterOff
 70
    20
177
     3
291
     1
 70
    58
 90
        2
176
     0
 90
        2
176
     0
 90
        0
176
     0
 90
        0
176
     0
 40
0.6
176
     0
 40
30.0
176
     0
 62
     7
420
 16777215
176
     0
 90
        1
176
     0
 90
        4
176
     0
 62
     7
176
     0
 62
   257
176
     0
 90
        1
176
     0
 90
        1
176
     0
 40
1.0
176
     0
 90
       10
176
     2
 62
     7
176
     0
 40
1.0
176
     0
 90
        1
176
     0
 90
        6
176
     0
 90
        2
176
     0
 62
     7
176
     0
 90
        5
176
     0
 90
        0
176
     0
 90
        0
176
     0
290
     0
176
     0
 90
        1
176
     0
 40
0.0
176
     0
 90
        0
176
     0
290
     0
176
     1
290
     1
176
     1
290
     1
176
     1
290
     0
176
     1
290
     0
176
     1
290
     0
176
     1
290
     0
176
     1
290
     0
176
     1
290
     0
176
     1
 90
       50
176
     1
 40
0.0
176
     1
 40
1.0
176
     1
 90
        0
176
     1
 62
    18
420
        0
176
     1
 90
       50
176
     1
 90
        3
176
     1
 62
     5
420
      255
176
     1
290
     0
176
     1
 90
       50
176
     1
 90
       50
176
     1
 90
       50
176
     1
290
     0
176
     1
 90
       50
176
     1
 62
   256
176
     0
 40
1.0
176
     0
 90
        2
176
     1
  1
strokes_ogs.tif
176
     1
290
     0
176
     1
 40
1.0
176
     1
 40
1.0
176
     1
  0
VISUALSTYLE
  5
A7
102
{ACAD_REACTORS
330
99
102
}
330
99
100
AcDbVisualStyle
  2
Linepattern
 70
    14
177
     3
291
     1
 70
    58
 90
        2
176
     1
 90
        2
176
     1
 90
        1
176
     1
 90
        0
176
     1
 40
0.6
176
     1
 40
30.0
176
     1
 62
     7
420
 16777215
176
     1
 90
        1
176
     1
 90
        4
176
     1
 62
     7
176
     1
 62
   257
176
     1
 90
        7
176
     1
 90
        7
176
     1
 40
1.0
176
     1
 90
        8
176
     1
 62
     7
176
     1
 40
1.0
176
     1
 90
        1
176
     1
 90
        6
176
     1
 90
        2
176
     1
 62
     7
176
     1
 90
        5
176
     1
 90
        0
176
     1
 90
        0
176
     1
290
     0
176
     1
 90
        1
176
     1
 40
0.0
176
     1
 90
        0
176
     1
290
     0
176
     1
290
     1
176
     1
290
     1
176
     1
290
     0
176
     1
290
     0
176
     1
290
     0
176
     1
290
     0
176
     1
290
     0
176
     1
290
     0
176
     1
 90
       50
176
     1
 40
0.0
176
     1
 40
1.0
176
     1
 90
        0
176
     1
 62
    18
420
        0
176
     1
 90
       50
176
     1
 90
        3
176
     1
 62
     5
420
      255
176
     1
290
     0
176
     1
 90
       50
176
     1
 90
       50
176
     1
 90
       50
176
     1
290
     0
176
     1
 90
       50
176
     1
 62
   256
176
     0
 40
1.0
176
     0
 90
        2
176
     1
  1
strokes_ogs.tif
176
     1
290
     0
176
     1
 40
1.0
176
     1
 40
1.0
176
     1
  0
VISUALSTYLE
  5
174
102
{ACAD_REACTORS
330
99
102
}
330
99
100
AcDbVisualStyle
  2
OverhangOff
 70
    21
177
     3
291
     1
 70
    58
 90
        2
176
     0
 90
        2
176
     0
 90
        0
176
     0
 90
        0
176
     0
 40
0.6
176
     0
 40
30.0
176
     0
 62
     7
420
 16777215
176
     0
 90
        1
176
     0
 90
        4
176
     0
 62
     7
176
     0
 62
   257
176
     0
 90
        1
176
     0
 90
        1
176
     0
 40
1.0
176
     0
 90
        9
176
     2
 62
     7
176
     0
 40
1.0
176
     0
 90
        1
176
     0
 90
        6
176
     0
 90
        2
176
     0
 62
     7
176
     0
 90
        5
176
     0
 90
        0
176
     0
 90
        0
176
     0
290
     0
176
     0
 90
        1
176
     0
 40
0.0
176
     0
 90
        0
176
     0
290
     0
176
     1
290
     1
176
     1
290
     1
176
     1
290
     0
176
     1
290
     0
176
     1
290
     0
176
     1
290
     0
176
     1
290
     0
176
     1
290
     0
176
     1
 90
       50
176
     1
 40
0.0
176
     1
 40
1.0
176
     1
 90
        0
176
     1
 62
    18
420
        0
176
     1
 90
       50
176
     1
 90
        3
176
     1
 62
     5
420
      255
176
     1
290
     0
176
     1
 90
       50
176
     1
 90
       50
176
     1
 90
       50
176
     1
290
     0
176
     1
 90
       50
176
     1
 62
   256
176
     0
 40
1.0
176
     0
 90
        2
176
     1
  1
strokes_ogs.tif
176
     1
290
     0
176
     1
 40
1.0
176
     1
 40
1.0
176
     1
  0
VISUALSTYLE
  5
A3
102
{ACAD_REACTORS
330
99
102
}
330
99
100
AcDbVisualStyle
  2
Realistic
 70
     8
177
     3
291
     0
 70
    58
 90
        2
176
     1
 90
        2
176
     1
 90
        0
176
     1
 90
        2
176
     1
 40
0.6
176
     1
 40
30.0
176
     1
 62
     7
420
 16777215
176
     1
 90
        0
176
     1
 90
        0
176
     1
 62
     7
176
     1
 62
   257
176
     1
 90
        1
176
     1
 90
        1
176
     1
 40
1.0
176
     1
 90
        8
176
     1
 62
   257
176
     1
 40
1.0
176
     1
 90
        1
176
     1
 90
        6
176
     1
 90
        2
176
     1
 62
     7
176
     1
 90
        3
176
     1
 90
        0
176
     1
 90
        0
176
     1
290
     0
176
     1
 90
       13
176
     1
 40
0.0
176
     1
 90
        0
176
     1
290
     0
176
     1
290
     1
176
     1
290
     1
176
     1
290
     0
176
     1
290
     0
176
     1
290
     0
176
     1
290
     0
176
     1
290
     0
176
     1
290
     0
176
     1
 90
       50
176
     1
 40
0.0
176
     1
 40
1.0
176
     1
 90
        0
176
     1
 62
    18
420
        0
176
     1
 90
       50
176
     1
 90
        3
176
     1
 62
     5
420
      255
176
     1
290
     0
176
     1
 90
       50
176
     1
 90
       50
176
     1
 90
       50
176
     1
290
     0
176
     1
 90
       50
176
     1
 62
   256
176
     0
 40
1.0
176
     0
 90
        2
176
     1
  1
strokes_ogs.tif
176
     1
290
     0
176
     1
 40
1.0
176
     1
 40
1.0
176
     1
  0
VISUALSTYLE
  5
182
102
{ACAD_REACTORS
330
99
102
}
330
99
100
AcDbVisualStyle
  2
Shaded
 70
    27
177
     3
291
     0
 70
    58
 90
        2
176
     1
 90
        2
176
     1
 90
        1
176
     1
 90
        2
176
     1
 40
0.6
176
     1
 40
30.0
176
     1
 62
     7
420
 16777215
176
     1
 90
        0
176
     1
 90
        4
176
     1
 62
     7
176
     1
 62
   257
176
     1
 90
        1
176
     1
 90
        1
176
     1
 40
1.0
176
     1
 90
        8
176
     1
 62
   257
176
     1
 40
1.0
176
     1
 90
        1
176
     1
 90
        6
176
     1
 90
        2
176
     1
 62
     8
420
  7895160
176
     1
 90
        3
176
     1
 90
        0
176
     1
 90
        0
176
     1
290
     0
176
     1
 90
        5
176
     1
 40
0.0
176
     1
 90
        0
176
     1
290
     0
176
     1
290
     1
176
     1
290
     1
176
     1
290
     0
176
     1
290
     0
176
     1
290
     0
176
     1
290
     0
176
     1
290
     0
176
     1
290
     0
176
     1
 90
       50
176
     1
 40
0.0
176
     1
 40
1.0
176
     1
 90
        0
176
     1
 62
    18
420
        0
176
     1
 90
       50
176
     1
 90
        3
176
     1
 62
     5
420
      255
176
     1
290
     0
176
     1
 90
       50
176
     1
 90
       50
176
     1
 90
       50
176
     1
290
     0
176
     1
 90
       50
176
     1
 62
   256
176
     0
 40
1.0
176
     0
 90
        2
176
     1
  1
strokes_ogs.tif
176
     1
290
     0
176
     1
 40
1.0
176
     1
 40
1.0
176
     1
  0
VISUALSTYLE
  5
181
102
{ACAD_REACTORS
330
99
102
}
330
99
100
AcDbVisualStyle
  2
Shaded with edges
 70
    26
177
     3
291
     0
 70
    58
 90
        2
176
     1
 90
        2
176
     1
 90
        1
176
     1
 90
        2
176
     1
 40
0.6
176
     1
 40
30.0
176
     1
 62
     7
420
 16777215
176
     1
 90
        1
176
     1
 90
        2
176
     1
 62
     7
176
     1
 62
   257
176
     1
 90
        2
176
     1
 90
        1
176
     1
 40
1.0
176
     1
 90
        8
176
     1
 62
   257
176
     1
 40
1.0
176
     1
 90
        1
176
     1
 90
        6
176
     1
 90
        2
176
     1
 62
     7
176
     1
 90
        3
176
     1
 90
        0
176
     1
 90
        0
176
     1
290
     0
176
     1
 90
        5
176
     1
 40
0.0
176
     1
 90
        0
176
     1
290
     0
176
     1
290
     1
176
     1
290
     1
176
     1
290
     0
176
     1
290
     0
176
     1
290
     0
176
     1
290
     0
176
     1
290
     0
176
     1
290
     0
176
     1
 90
       50
176
     1
 40
0.0
176
     1
 40
1.0
176
     1
 90
        0
176
     1
 62
    18
420
        0
176
     1
 90
       50
176
     1
 90
        3
176
     1
 62
     5
420
      255
176
     1
290
     0
176
     1
 90
       50
176
     1
 90
       50
176
     1
 90
       50
176
     1
290
     0
176
     1
 90
       50
176
     1
 62
   256
176
     0
 40
1.0
176
     0
 90
        2
176
     1
  1
strokes_ogs.tif
176
     1
290
     0
176
     1
 40
1.0
176
     1
 40
1.0
176
     1
  0
VISUALSTYLE
  5
17E
102
{ACAD_REACTORS
330
99
102
}
330
99
100
AcDbVisualStyle
  2
Shades of Gray
 70
    23
177
     3
291
     0
 70
    58
 90
        2
176
     1
 90
        2
176
     1
 90
        3
176
     1
 90
        0
176
     1
 40
0.6
176
     1
 40
30.0
176
     1
 62
     7
420
 16777215
176
     1
 90
        2
176
     1
 90
        2
176
     1
 62
     7
176
     1
 62
     7
176
     1
 90
        1
176
     1
 90
        1
176
     1
 40
40.0
176
     1
 90
        8
176
     1
 62
     7
176
     1
 40
1.0
176
     1
 90
        1
176
     1
 90
        6
176
     1
 90
        2
176
     1
 62
     7
176
     1
 90
        3
176
     1
 90
        0
176
     1
 90
        0
176
     1
290
     0
176
     1
 90
        1
176
     1
 40
0.0
176
     1
 90
        0
176
     1
290
     0
176
     1
290
     1
176
     1
290
     1
176
     1
290
     0
176
     1
290
     0
176
     1
290
     0
176
     1
290
     0
176
     1
290
     0
176
     1
290
     0
176
     1
 90
       50
176
     1
 40
0.0
176
     1
 40
1.0
176
     1
 90
        0
176
     1
 62
    18
420
        0
176
     1
 90
       50
176
     1
 90
        3
176
     1
 62
     5
420
      255
176
     1
290
     0
176
     1
 90
       50
176
     1
 90
       50
176
     1
 90
       50
176
     1
290
     0
176
     1
 90
       50
176
     1
 62
   256
176
     0
 40
1.0
176
     0
 90
        2
176
     1
  1
strokes_ogs.tif
176
     1
290
     0
176
     1
 40
1.0
176
     1
 40
1.0
176
     1
  0
VISUALSTYLE
  5
17F
102
{ACAD_REACTORS
330
99
102
}
330
99
100
AcDbVisualStyle
  2
Sketchy
 70
    24
177
     3
291
     0
 70
    58
 90
        1
176
     1
 90
        2
176
     1
 90
        2
176
     1
 90
        0
176
     1
 40
0.6
176
     1
 40
30.0
176
     1
 62
     7
420
 16777215
176
     1
 90
        2
176
     1
 90
        2
176
     1
 62
     7
176
     1
 62
     7
176
     1
 90
        1
176
     1
 90
        1
176
     1
 40
40.0
176
     1
 90
       11
176
     1
 62
     7
176
     1
 40
1.0
176
     1
 90
        1
176
     1
 90
        6
176
     1
 90
        2
176
     1
 62
     7
176
     1
 90
        6
176
     1
 90
        0
176
     1
 90
        0
176
     1
290
     0
176
     1
 90
        1
176
     1
 40
0.0
176
     1
 90
        0
176
     1
290
     0
176
     1
290
     1
176
     1
290
     1
176
     1
290
     0
176
     1
290
     0
176
     1
290
     0
176
     1
290
     0
176
     1
290
     0
176
     1
290
     0
176
     1
 90
       50
176
     1
 40
0.0
176
     1
 40
1.0
176
     1
 90
        0
176
     1
 62
    18
420
        0
176
     1
 90
       50
176
     1
 90
        3
176
     1
 62
     5
420
      255
176
     1
290
     0
176
     1
 90
       50
176
     1
 90
       50
176
     1
 90
       50
176
     1
290
     0
176
     1
 90
       50
176
     1
 62
   256
176
     0
 40
1.0
176
     0
 90
        2
176
     1
  1
strokes_ogs.tif
176
     1
290
     0
176
     1
 40
1.0
176
     1
 40
1.0
176
     1
  0
VISUALSTYLE
  5
A6
102
{ACAD_REACTORS
330
99
102
}
330
99
100
AcDbVisualStyle
  2
Thicken
 70
    13
177
     3
291
     1
 70
    58
 90
        2
176
     1
 90
        2
176
     1
 90
        1
176
     1
 90
        0
176
     1
 40
0.6
176
     1
 40
30.0
176
     1
 62
     7
420
 16777215
176
     1
 90
        1
176
     1
 90
        4
176
     1
 62
     7
176
     1
 62
   257
176
     1
 90
        1
176
     1
 90
        1
176
     1
 40
1.0
176
     1
 90
       12
176
     1
 62
     7
176
     1
 40
1.0
176
     1
 90
        1
176
     1
 90
        6
176
     1
 90
        2
176
     1
 62
     7
176
     1
 90
        5
176
     1
 90
        0
176
     1
 90
        0
176
     1
290
     0
176
     1
 90
        1
176
     1
 40
0.0
176
     1
 90
        0
176
     1
290
     0
176
     1
290
     1
176
     1
290
     1
176
     1
290
     0
176
     1
290
     0
176
     1
290
     0
176
     1
290
     0
176
     1
290
     0
176
     1
290
     0
176
     1
 90
       50
176
     1
 40
0.0
176
     1
 40
1.0
176
     1
 90
        0
176
     1
 62
    18
420
        0
176
     1
 90
       50
176
     1
 90
        3
176
     1
 62
     5
420
      255
176
     1
290
     0
176
     1
 90
       50
176
     1
 90
       50
176
     1
 90
       50
176
     1
290
     0
176
     1
 90
       50
176
     1
 62
   256
176
     0
 40
1.0
176
     0
 90
        2
176
     1
  1
strokes_ogs.tif
176
     1
290
     0
176
     1
 40
1.0
176
     1
 40
1.0
176
     1
  0
VISUALSTYLE
  5
A0
102
{ACAD_REACTORS
330
99
102
}
330
99
100
AcDbVisualStyle
  2
Wireframe
 70
     5
177
     3
291
     0
 70
    58
 90
        0
176
     1
 90
        2
176
     1
 90
        0
176
     1
 90
        0
176
     1
 40
0.6
176
     1
 40
30.0
176
     1
 62
     7
420
 16777215
176
     1
 90
        1
176
     1
 90
        4
176
     1
 62
     7
176
     1
 62
   257
176
     1
 90
        1
176
     1
 90
        1
176
     1
 40
1.0
176
     1
 90
        0
176
     1
 62
   257
176
     1
 40
1.0
176
     1
 90
        1
176
     1
 90
        6
176
     1
 90
        2
176
     1
 62
     7
176
     1
 90
        3
176
     1
 90
        0
176
     1
 90
        0
176
     1
290
     0
176
     1
 90
        1
176
     1
 40
0.0
176
     1
 90
        0
176
     1
290
     0
176
     1
290
     1
176
     1
290
     1
176
     1
290
     0
176
     1
290
     0
176
     1
290
     0
176
     1
290
     0
176
     1
290
     0
176
     1
290
     0
176
     1
 90
       50
176
     1
 40
0.0
176
     1
 40
1.0
176
     1
 90
        0
176
     1
 62
    18
420
        0
176
     1
 90
       50
176
     1
 90
        3
176
     1
 62
     5
420
      255
176
     1
290
     0
176
     1
 90
       50
176
     1
 90
       50
176
     1
 90
       50
176
     1
290
     0
176
     1
 90
       50
176
     1
 62
   256
176
     0
 40
1.0
176
     0
 90
        2
176
     1
  1
strokes_ogs.tif
176
     1
290
     0
176
     1
 40
1.0
176
     1
 40
1.0
176
     1
  0
VISUALSTYLE
  5
180
102
{ACAD_REACTORS
330
99
102
}
330
99
100
AcDbVisualStyle
  2
X-Ray
 70
    25
177
     3
291
     0
 70
    58
 90
        2
176
     1
 90
        2
176
     1
 90
        1
176
     1
 90
        1
176
     1
 40
0.5
176
     1
 40
30.0
176
     1
 62
     7
420
 16777215
176
     1
 90
        1
176
     1
 90
        0
176
     1
 62
     7
176
     1
 62
   257
176
     1
 90
        1
176
     1
 90
        1
176
     1
 40
1.0
176
     1
 90
        8
176
     1
 62
     7
176
     1
 40
1.0
176
     1
 90
        1
176
     1
 90
        6
176
     1
 90
        2
176
     1
 62
     7
176
     1
 90
        3
176
     1
 90
        0
176
     1
 90
        0
176
     1
290
     0
176
     1
 90
       13
176
     1
 40
0.0
176
     1
 90
        0
176
     1
290
     0
176
     1
290
     1
176
     1
290
     1
176
     1
290
     0
176
     1
290
     0
176
     1
290
     0
176
     1
290
     0
176
     1
290
     0
176
     1
290
     0
176
     1
 90
       50
176
     1
 40
0.0
176
     1
 40
1.0
176
     1
 90
        0
176
     1
 62
    18
420
        0
176
     1
 90
       50
176
     1
 90
        3
176
     1
 62
     5
420
      255
176
     1
290
     0
176
     1
 90
       50
176
     1
 90
       50
176
     1
 90
       50
176
     1
290
     0
176
     1
 90
       50
176
     1
 62
   256
176
     0
 40
1.0
176
     0
 90
        2
176
     1
  1
strokes_ogs.tif
176
     1
290
     0
176
     1
 40
1.0
176
     1
 40
1.0
176
     1
  0
DICTIONARYVAR
  5
F0
102
{ACAD_REACTORS
330
66
102
}
330
66
100
DictionaryVariables
280
     0
  1
1:1
  0
DICTIONARYVAR
  5
EF
102
{ACAD_REACTORS
330
66
102
}
330
66
100
DictionaryVariables
280
     0
  1
Standard
  0
DICTIONARYVAR
  5
89
102
{ACAD_REACTORS
330
66
102
}
330
66
100
DictionaryVariables
280
     0
  1
Standard
  0
DICTIONARYVAR
  5
1B7
102
{ACAD_REACTORS
330
66
102
}
330
66
100
DictionaryVariables
280
     0
  1
Imperial24
  0
DICTIONARYVAR
  5
1B8
102
{ACAD_REACTORS
330
66
102
}
330
66
100
DictionaryVariables
280
     0
  1
Imperial24
  0
DICTIONARYVAR
  5
67
102
{ACAD_REACTORS
330
66
102
}
330
66
100
DictionaryVariables
280
     0
  1
2
  0
DICTIONARYVAR
  5
6B
102
{ACAD_REACTORS
330
66
102
}
330
66
100
DictionaryVariables
280
     0
  1
1
  0
DICTIONARYVAR
  5
D81
102
{ACAD_REACTORS
330
66
102
}
330
66
100
DictionaryVariables
280
     0
  1
BYLAYER
  0
DICTIONARYVAR
  5
D80
102
{ACAD_REACTORS
330
66
102
}
330
66
100
DictionaryVariables
280
     0
  1
ByLayer
  0
DICTIONARYVAR
  5
14D
102
{ACAD_REACTORS
330
66
102
}
330
66
100
DictionaryVariables
280
     0
  1
0
  0
DICTIONARYVAR
  5
14E
102
{ACAD_REACTORS
330
66
102
}
330
66
100
DictionaryVariables
280
     0
  1
0
  0
DICTIONARYVAR
  5
8CC4
330
8CC3
100
DictionaryVariables
280
     0
  1
1.0.3 @ 2026-07-05T15:04:02.129427+00:00
  0
DICTIONARY
  5
188
330
97
100
AcDbDictionary
280
     1
281
     1
  3
FBXASSET
360
189
  0
DICTIONARY
  5
186
330
96
100
AcDbDictionary
280
     1
281
     1
  3
FBXASSET
360
187
  0
DICTIONARY
  5
110
330
98
100
AcDbDictionary
280
     1
281
     1
  3
FBXASSET
360
18A
  0
DICTIONARY
  5
90C4
330
87
100
AcDbDictionary
280
     1
281
     1
  3
ACAD_ROUNDTRIP_2008_TABLESTYLE_CELLSTYLEMAP
360
90C5
  0
XRECORD
  5
189
102
{ACAD_REACTORS
330
188
102
}
330
188
100
AcDbXrecord
280
     1
 70
     1
 90
429727718
  1
508B35C9-AEE7-456F-BE74-D52651303AC6
310
504B03040A0000080000B670623B3DEE336E79000000790000001B0000006175746F6465736B2D64657369676E2D7061636B6167652E786D6C3C3F786D6C2076657273696F6E3D22312E302220656E636F64696E673D227574662D3822203F3E3C666F726D6174733E3C666F726D61743E687474703A2F2F736368656D612E
310
6175746F6465736B2E636F6D2F64657369676E2D7061636B6167652F323030393C2F666F726D61743E3C2F666F726D6174733E504B0304140006080800B670623BD486FD9CA0000000F4000000130000005B436F6E74656E745F54797065735D2E786D6C7D8EC10E82300C865F65E91D8A1E8C310C0EEA1BF002731658846E
310
D98AC1B77784ABF1D8FE5FBFBF75BBCE937A534CCEB38643598122B6FEE978D0B0485F9C41B54DDD7D022595594E1A469170414C76A4D9A4D207E29CF43ECE46F218070CC6BECC4078ACAA135ACF422C856C0E68EA1BF5669944DDD7BCDE7B1F8E415D77AECB980613C2E4AC91FC167A2B244592486606FC29C8FD7F045B9A
310
EF7053A7E60B504B0304140006080800B670623B28ED286BEB0000007C01000008000000636F72652E786D6C8D90416EC3201045AF82665B6183218D6D61A254764FD00B204C5C94182C03558F5F9C3852BBEB6A467FFE9B197D71FA9E6FE8CBACC17AD7012D0820E3B41FAD9B3A48F1826B40272956EFE32F1B20A766D3C1
310
268314D3EAD3B24BDABB685CCCAAF3A3D94515828980F42D371D04FD696655A814B3235C8B45E9AB9A4C419F5D8653B2237A1CB163DE672FD6AC209BF3C08E0D1B30EB19C3FC9D72FCC6EB231EFA33EDE96BDD341517E5064B11EDFCBCAF57A3A2194156843498524CAA0FCA5B7268F9E185D42D21A2DCEC7FA0B48CFF8492
310
759155FBBB0F2C80A4F991FB408A72CB22977B50B96EB9C91F504B0304140006080800B670623B55019EA25F0000007C00000007000000636E782E786D6C4DCB3B0E80201045D1AD90E915ED2CF8AC45050C11660C8261F98AB1B07AC9C97D42D718D865D3E909258CFD00CCE24AC6E326A164D74DC0B4128928FF32603847
310
2BA13128B1252AC747C6BAB984FC68F0B87FE8960A5C09FE86CFB69FBA01504B0304140006080800B670623B7BC41AC871010000D40300000C0000006662782F636F72652E786D6CC553ED6E8320147D15C2DF4501B56B6D90A64BBB27D80B50A5CE54C120983EFEAE1F4DD7A56BBA5FF3879273EEE59E7310BE393735EA95
310
ED2AA333CC428A91D2B9292A5D66D8BB63B0C26823B835C67D2BC348CB46657880B1E0A535BE9DA1DC68A7B403549B42CDA0EC3AE530CA6B5864B8CB3F552343E91D5474A7B095F949962A6421D0502778E72C0840D390E18DC5F170E664C205F7BE2A66B62A605A75AC94C522DDEEE3651AEF837817C741F2CE92E02D592D
310
83FD6ECB76EC7595A651C2C9D02CB8AB9A8BBADC2AE954814544691A3016D0E883256BBA58278B17BA5A53CAC9507ED3E4DBE2C9265F691747B3DCA9ADC382819091F8E1162272A8933DE82182932144F88C09DF060D8140C84E1EEA8B8F1340BDCA9DB1093085F157AA97B557309586747CD0EF0B4EA64E983A6E0EAEEFCE
310
889E9EF17847386AA94B30211D2C0FDE0D3AF9A4610EAD5536E8DD1969631B593F67E381C33F5157F17725E5A636F6BF1491F980C8FC7B90E13E8A2F504B0304140006080800B670623B70102A487D0000009D0000000B0000006662782F636E782E786D6C4DCCD10A83201886E15B91FFDC95A5C30335ACCDFB886521330D
310
A76397BF1A1DECE883878F57749FD5A3B74D2F17830472A901D9F088930B8B849267CC01754AA418F3DF0D5018572BE160506249B16C274D761E8BCFBB7A179E27F65CB39A0F14D396184C9921B81F34C3ACA1B4B99ABB6E6F062A25AA5F69DF23ACBE504B0304140006080800B670623B3610CA3329010000120200003100
310
00006662782F42384135303843342D343331462D343546312D424341352D3532343432364645413344462F636F72652E786D6C8D515B6EC32010BC0AE22B55850D0E446E848992B43E412FE000495162B07854397EA176A4F62F3F2C9A9D991D58BEBB8F37F0AD7D30CE76905418026DA553C65E3A98E219B510EC04F7CEC5
310
3F3408EC30EA0E16180A7EF12E4D0B249D8DDAC68C5AA7F4020E21E80881BCE54B0783FCD2E3500D296646B856D320AFC34557A4CAEDCC133C449F0380794839A138B47B86DB2345744D7A44594FD0E1B867883594369BFE63BF7EEF793D0B054FC9A8456E548E63CE46FB674D8A58F068C6477CE9F510B582A2C1F80D1182
310
70F349E816B32D65AFB8DD62CCEB42FF274A937A52948C8DEB66893BCB021484D7734370E5D2E9F608A3EF93F3119479ABA0E50B14B8C298119A43CCC4FCFCECB8A18B6388CEE7EF5D5D4F994BD86CBBA182D76543B9FCAE2FD7B24DF103504B0304140006080800B670623B1B8617914E0100003303000030000000666278
310
2F42384135303843342D343331462D343546312D424341352D3532343432364645413344462F636E782E786D6CD593C16EC32010447F0571AD6CE3D489D20813A9877E410FBD62D82434182CC055F3F75D1292E692438FBD206B7698593D61BEFD1E2DF982108D773D6D6B460938E5B571FB9ECE6957AD29D90A1EBC4F7736
310
4A9C1CA1A759A682EF839FA72269D8C9D92654AD71C72206887E0E0A22CAF926B15E498B01E0AA19451807D01A34B919F16B070157417138917400F2F6FA41FCF0092A45DEE414C19BDC21783E4BD39D891265658C3D8DEA00A3ACE59CBC8678ACB54CB26EEB6BD7839D7E9348BE70AD9C8321B9BCA7F9A4A26C542347DEE0
310
50F09802D22BA6749A800A394DD62899107273365E3C82CFC6A55557BC06C10774B7ABE7AEC3B0F34CF06446280E154026D0542C187BA9DAB6628BF7B6DBB0E5A65B3EB1F58631DE64BBE083F7B65CC218087E22CABB042E51D1F2268F1FE12B3EA24D40D63E9CFE00120194D60B9D5BC67FE6D39CDF37E20AF817881F504B
310
0304140006080800B670623BBFEF2E3B690500003C100000340000006662782F42384135303843342D343331462D343546312D424341352D3532343432364645413344462F6F626A656374732E786D6CAD575D739B3814FD2B0CFB0C98D84E931D4227B6938EA793B6534F3BFB90198F0099B001899144EAECAFDF231018B0
310
D37A3FFC609090EEE7B94757C1FB7D915B2F54C88CB31BDB7727B64559CC938CA53776A576CE956DBD0F03C1B9EA2DB32D460A7A63EB693B0C52C1ABD24C257447AA5C8D66EF177F5832A68CDA569C13296F6C193FD182B8A4523CA1F2D94D88226EBADBBBBEDB2C1C8A4D05299F46424B222853B014F30C52ACC6287F389C
310
D85E1878FA7B18E87FB36AFAF62AAFF667A83F635211161F291B8999FAB3D5DDC5FCDA99CF6653677679E13B8BFBC5CAF1DF4D27CBCBE5F2FAF6EE1A8AA51290642C117467871F101B91C581D77CEA2C36869F3229E68CD1B8F61F1ED6361B89092D294B90C78C4A68EB793D190E7D1D9BDEE7A91E1B95FDE9F3BCEAEFE809
310
6A6D6F9F7D4B79F4275C90E7A04248AA51D5C4C738DAE06F72885AC4796EBE65D22A88A22223B995679120E2D50EB1542F098381188D4EA111AE3DB043FF20AF6F2B4AE3D7D83D65E5AECA730D4D3BAC91BD05FEA992B565D95F549CD6069B90AB2A63EACA38A45E4B6A87D781574F86817E4C2FCCC72690D62E2729520E37
310
9BAF234797BAF6D62B3BFC781FED37BA1E4F2B2F052FA9501A3E80569BB8F6A9A364D4FA67654E6F803383981F82F21591FF84F23D9882BC896C3FDBCF8C162508933B2E0AE4C69DD43F6BD2BE38DDDBF10BF86CB4FA784D37F3AF16075E67EC9030DECA1FC0A55373F5DFF3378C591FA9BDF485C10B0A8C8BA909E5262639
310
A8E72163488806A595734C81CB77D1DE0ED7604A303B76913CEC0272F412782FF88EFF4636D8AA56DF7B322474C4B767303F625997056C7B032C473C592B36CEBD15F3F9FF5233B7ABCDC74D257624A60F8658567497B14CE1EC3C80B76FD02011038F9EE9EB0F2E12387A9C844D3F09855125116D1D731DF8B43D2CF4E0A0
310
79A020C6BE946BCE0B7EA1E1219331CD73C228AF5A2DDD31A4B1DA918CE91350854D40A71723140BFA92E94E62B0626016CEFA5864A50E5977E8753CEDBEE1CBB7F52780D20E17AF0BA0F5F9B02A3AD07DCC732EB6D1EBB661421BE0C39E21BABF0FE16D22EA6929407C8DE596724C88B749B6DB5512BC7B228ADFD7CB7EA6
310
3A22397E690BA8D5D8D4E40CEC8CDA23C2C0B7D5898640101CEC9C6D331CE328CB93CAFBBAC70A642DF70DF95155945B52F08AA973C23469FD69ADEF84F7BB18F983A8F8C90E37F5D35980B2139A1C523540813E824EF83448CF7C72B598CE97D7CEEDDDDD3B6736BFBC771677EF66CE6A7E7139F7A793E9EDF2B2B3A8B624
310
0CDA13AA5F8388264EC4A0129909F3B7F5A16CEDF08128E97D680ACA4B9BE7B7B58BB638F0B00700EF36AE8B32A705658A68F83EE897FC2B41573190D1CCAF0B92D233A47CFEB019D9809933F67DD1A5467F8CF69AD9A5AE859342D45355448C64F968A371DC2D596ADC6E43D93D1B466F877A64E2893E54F23C4B40388995
310
525E5005DA3983ED45412510D3EFCA13737B3863F74BD30F2A12E5B4B5E489A025CE25500DB855B11ACE5BBFA185D35DD48D8DC3CE7DC69F2944DB42AA6F6CF09BCA622ADD08C7A36E7C6AE18000BAB08E040135C2D21C9D75B3A91B77BB746C403F38018DFE6EC939DD92F16B40BC05294B9CDA035AAD6D330AE27FE4786B
310
8E45145EA34A75BE1C263A676A35A8ACC6297337400BF16C54EF515F3F77CB77EB3583889C754FFA29081AA98E2222ADEF05DA3E63D2EDEA8B8756C05A7FB6CABC4A91CBF325398202CC952E70A008A830324BA200D5E5EF8F5F04C75DB4B0EE3340E071C98B823333B83577596BF3849B69F2085AA0FAFA212F26BEFF5877
310
FDE622B28D88A42E49E43326DA82D31E8CB006401E1DA726059ECEC168F97A6599036306A135688F9AD2E61A6EA178F4CD51974A9F2CCB9F36FE5EBD14601068D9C3BF01504B0304140006080000B670623B000000000000000000000000350000006662782F42384135303843342D343331462D343546312D424341352D35
310
32343432364645413344462F76657274696365732E62696E504B0304140006080800B670623BF270F1330600000004000000360000006662782F42384135303843342D343331462D343546312D424341352D3532343432364645413344462F747269616E676C65732E62696E636660600000504B0304140006080000B67062
310
3B000000000000000000000000370000006662782F42384135303843342D343331462D343546312D424341352D3532343432364645413344462F617474726962757465732E62696E504B0304140006080800B670623B08DA0BD19000000041010000360000006662782F42384135303843342D343331462D343546312D4243
310
41352D3532343432364645413344462F6469726563746F72792E786D6C858F410AC3201045AF22B36F53E9A60B35CBEEBAE80D244E44489C6234F4F835464A48035D0DF398FF9F8AF63D0E6CC63039F212F8F9020C7D47C6792B21C5FE7403D62A1188E2E60C98D7234A5830286103A55745067B9D86B8A3CF9C7F90C11DE6
310
07FB144396D7B6A82D282E9A152AD114D5EF2CB866EEE831B8EEA07A7BB5A8D7D61A2BAAEB7FD5F70921FF497D00504B0304140006080800B670623B3B4606F3FE000000A00100003B0000006662782F42384135303843342D343331462D343546312D424341352D3532343432364645413344462F7265736F75726365732F
310
636F72652E786D6C8D504B6E833010BD0A9A6D65B08134808CA354A427E8052C332156828DFCA97AFC9A40A576D7CDCCE87D344F8F9FBEE647F689CE6B6B7A6039850C8DB2A336530F315C4903D94970676DF82583CCC8197B5861107C72362E3BA4AC096842428D1D7107A5F71820538F74F4E0D50D6799CB1892C2DFF345
310
AABB9C306779A2934E701F5C0A906D4FD609C2A1B7D129F4BCD858C163D4E3AED163FAA9AF1A1D88F67CA98E6D35906AA82A52BFB39ABCD5CD915C86331BD86BD3B665CD8BD52C78D0F34F46E550061C419494B6843142CB0F5677F4D0D58717DA7494F26295FF31C565FCA7296A13AA728FBBD93C0896823C09C18BB5AFB4
310
9E65A6BD762BBE01504B010214000A0000080000B670623B3DEE336E79000000790000001B00000000000000000000000000000000006175746F6465736B2D64657369676E2D7061636B6167652E786D6C504B01021400140006080800B670623BD486FD9CA0000000F40000001300000000000000000000000000B2000000
310
5B436F6E74656E745F54797065735D2E786D6C504B01021400140006080800B670623B28ED286BEB0000007C010000080000000000000000000000000083010000636F72652E786D6C504B01021400140006080800B670623B55019EA25F0000007C000000070000000000000000000000000094020000636E782E786D6C50
310
4B01021400140006080800B670623B7BC41AC871010000D40300000C00000000000000000000000000180300006662782F636F72652E786D6C504B01021400140006080800B670623B70102A487D0000009D0000000B00000000000000000000000000B30400006662782F636E782E786D6C504B01021400140006080800B6
310
70623B3610CA3329010000120200003100000000000000000000000000590500006662782F42384135303843342D343331462D343546312D424341352D3532343432364645413344462F636F72652E786D6C504B01021400140006080800B670623B1B8617914E010000330300003000000000000000000000000000D10600
310
006662782F42384135303843342D343331462D343546312D424341352D3532343432364645413344462F636E782E786D6C504B01021400140006080800B670623BBFEF2E3B690500003C10000034000000000000000000000000006D0800006662782F42384135303843342D343331462D343546312D424341352D35323434
310
32364645413344462F6F626A656374732E786D6C504B01021400140006080000B670623B0000000000000000000000003500000000000000000000000000280E00006662782F42384135303843342D343331462D343546312D424341352D3532343432364645413344462F76657274696365732E62696E504B010214001400
310
06080800B670623BF270F133060000000400000036000000000000000000000000007B0E00006662782F42384135303843342D343331462D343546312D424341352D3532343432364645413344462F747269616E676C65732E62696E504B01021400140006080000B670623B00000000000000000000000037000000000000
310
00000000000000D50E00006662782F42384135303843342D343331462D343546312D424341352D3532343432364645413344462F617474726962757465732E62696E504B01021400140006080800B670623B08DA0BD1900000004101000036000000000000000000000000002A0F00006662782F42384135303843342D3433
310
31462D343546312D424341352D3532343432364645413344462F6469726563746F72792E786D6C504B01021400140006080800B670623B3B4606F3FE000000A00100003B000000000000000000000000000E1000006662782F42384135303843342D343331462D343546312D424341352D3532343432364645413344462F72
310
65736F75726365732F636F72652E786D6C504B0506000000000E000E0080040000651100000000
  0
XRECORD
  5
187
102
{ACAD_REACTORS
330
186
102
}
330
186
100
AcDbXrecord
280
     1
 70
     1
 90
429727718
  1
887D55A9-D0DD-414E-B741-A7DCD4DA2B4C
310
504B03040A0000080000B670623B3DEE336E79000000790000001B0000006175746F6465736B2D64657369676E2D7061636B6167652E786D6C3C3F786D6C2076657273696F6E3D22312E302220656E636F64696E673D227574662D3822203F3E3C666F726D6174733E3C666F726D61743E687474703A2F2F736368656D612E
310
6175746F6465736B2E636F6D2F64657369676E2D7061636B6167652F323030393C2F666F726D61743E3C2F666F726D6174733E504B0304140006080800B670623BD486FD9CA0000000F4000000130000005B436F6E74656E745F54797065735D2E786D6C7D8EC10E82300C865F65E91D8A1E8C310C0EEA1BF002731658846E
310
D98AC1B77784ABF1D8FE5FBFBF75BBCE937A534CCEB38643598122B6FEE978D0B0485F9C41B54DDD7D022595594E1A469170414C76A4D9A4D207E29CF43ECE46F218070CC6BECC4078ACAA135ACF422C856C0E68EA1BF5669944DDD7BCDE7B1F8E415D77AECB980613C2E4AC91FC167A2B244592486606FC29C8FD7F045B9A
310
EF7053A7E60B504B0304140006080800B670623BBC1638F5EC0000007C01000008000000636F72652E786D6C8D90416EC3201045AF82665B61836BE2D8C24471DB9CA01740401C94182C03558F5F9C3852BBEB6A467FFE9B197D7EF89E6EE8CB2CC17AD7032D0820E394D7D68D3DA478C67B4007C117EFE32F1B202727D3C3
310
2A83E0E3E2D3BC49CABB685CCCAAF3DA6CA20CC14440EA969B1E82BA98491632C5EC08D76296EA2A4753D06797E194AC468F2356E77DF66CCD02825543D50CACC62D39ED70FDC68EB8FD68F6F8787A6784342D1DDA1D2F5758F068A7E77DB518198D065111D2624A31A93E69DD11D6D5EC85EC3B4278B9DAFF4069D6FF8492
310
75F1B5DADE7D600104CD8FDC0782976B16B9DC83CA75CD4DFC00504B0304140006080800B670623B55019EA25F0000007C00000007000000636E782E786D6C4DCB3B0E80201045D1AD90E915ED2CF8AC45050C11660C8261F98AB1B07AC9C97D42D718D865D3E909258CFD00CCE24AC6E326A164D74DC0B4128928FF326038
310
472BA13128B1252AC747C6BAB984FC68F0B87FE8960A5C09FE86CFB69FBA01504B0304140006080800B670623B3586FFB671010000D40300000C0000006662782F636F72652E786D6CC553ED6E8320147D15C2DF4541A76D6D90A6DDD627D80B50A4CE54C120983EFEAE1F4DD7A55BBA5FF3879273EEE59E7310B6393735EA
310
95ED2AA3731C851423A5A5292A5DE6D8BB63B0C268C39935C67D29C3488B46E578803167A535BE9D2169B453DA01AA4DA16650749D7218C91A1639EEE4876A4428BC838AEE14B6429E44A9C228041AEA38EB9C0501681A32BC313F1ECE8C4C3867DE57C5CC56054CAB8E95B298A7F12E5EEED224C8E87E11242FE936C8DE96
310
AB60BB7F4D295D66D12E5B30323473E6AAE6A24E5A259C2A308F29CD82280A68FC1E256B9AAE93F489AED694323294DF34F9B678B0C957DA3DC7B3DCA9ADC33C022123F1CD2D44E450277AD04338234388F01913BE0D1A0281909D38D4171F27807A259DB1093085F157AA17B557309586747CD0CF0B46A64E983A6E0EAEEF
310
CE881F9EF1FB8E70D44297604238581EBC1B74B249C31C5AAB6CD0BB33D2C636A27ECCC62F0EFF445DC5DF95244D6DEC7F2922F30191F9F720C37DE49F504B0304140006080800B670623B4220A0FF7D0000009D0000000B0000006662782F636E782E786D6C4DCCD10A83201886E15B91FFDCE542CB0335D0EC3E6259C84A
310
C3E9D8E5AF46073BFAE0E1E315DD675BD1DBA5978F41C2FD4600B9F088930F8B849267CC01754AA418F3DF0D50183727E164506249B1EC174D6E1ECB9A0F5D7D785E68DB8151CD286E5A5363CA6B8A39E90D36D40E96B086F55A43A544F52B1D7B86D517504B0304140006080800B670623B2FA3FEDE290100001202000031
310
0000006662782F45374635344235342D363743322D343832342D383044432D4334454645303536354442422F636F72652E786D6C8D515B6EC32010BC0AE22B55850D2E386E848994D7097A0117488A1283C5A3CAF10BB523B57FF961D1ECCCECC0F2ED7DBC816FED8371B687A4C210682B9D32F6D2C314CFA883602BB8772E
310
FEA141608751F7B0C050F08B77695A20E96CD43666D43AA5177008414708E42D5F7A18E4971E876A483133C2B59A06791D2EBA22556E679EE021FA1C00CC43CA09C5717D6274C7286AD7FB06D1AEA1A8C3873DDAD3E3E98859CB0EBB1DAF67A1E02919B5C88DCA71CCD968FFAC49110B1ECDF8882FBD1EA256503418BF2342
310
106E3E08DD60B6A1EC15771B8C795DE8FF4469524F8A92B1F1AD59E2CEB20005E1F5DC105CB9F4797B84D1F7C9F908CABC55D0F2050A5C61CC1AD2F27A26E6E767C7962E8E213A9FBF7775FDCC5CC266DB960A5E970DE5F2BBBE5CCB36C50F504B0304140006080800B670623B1B8617914E01000033030000300000006662
310
782F45374635344235342D363743322D343832342D383044432D4334454645303536354442422F636E782E786D6CD593C16EC32010447F0571AD6CE3D489D20813A9877E410FBD62D82434182CC055F3F75D1292E692438FBD206B7698593D61BEFD1E2DF982108D773D6D6B460938E5B571FB9ECE6957AD29D90A1EBC4F77
310
364A9C1CA1A759A682EF839FA72269D8C9D92654AD71C72206887E0E0A22CAF926B15E498B01E0AA19451807D01A34B919F16B070157417138917400F2F6FA41FCF0092A45DEE414C19BDC21783E4BD39D891265658C3D8DEA00A3ACE59CBC8678ACB54CB26EEB6BD7839D7E9348BE70AD9C8321B9BCA7F9A4A26C542347DE
310
E050F09802D22BA6749A800A394DD62899107273365E3C82CFC6A55557BC06C10774B7ABE7AEC3B0F34CF06446280E154026D0542C187BA9DAB6628BF7B6DBB0E5A65B3EB1F58631DE64BBE083F7B65CC218087E22CABB042E51D1F2268F1FE12B3EA24D40D63E9CFE00120194D60B9D5BC67FE6D39CDF37E20AF817881F50
310
4B0304140006080800B670623B29652116630500003C100000340000006662782F45374635344235342D363743322D343832342D383044432D4334454645303536354442422F6F626A656374732E786D6CAD575D739B3814FD2B0CFB0C989834C90EA1639B24E3E9A6EDD4D3CE3E64C623834CD8006224913AFDF57B040203
310
B65BEF871F0C12D2FD3CF7E8CA7FBFCB33E3957291B2E2D674ED8969D02262715A24B76625B7D6B569BC0F7CCE98EC2D338D82E4F4D654D366E0279C55A59E8AE99654991CCDDECFFF3444440B6A1A514684B83545F44C7362934AB2988A173B2692D8C97667BB76B3702836E1A47C1E092D09A78584A5982F20C5688C7287
310
C389E904BEA3BE07BEFAD7ABA6A75739B53F43FD69212429A20365233153D70BEF2E2E6FAC4BCF9B5ADEBB0BD79ADFCF43CBBD9A4E16EF168B9BD9DD0D140BC921495BC2E9D60C1E101B9E46BED37CEA2CD6861F3329624541A3DA7F7858DBAC25C6B4A4458C3CA654405BCFEBC970E8AAD8F43E4FD558ABEC4F9FE7557F47
310
4F506B7BFBEC5BCA367FC105710E2AB8A00A554D7CB4A30DFE26FBA86D18CBF4B75418399194A72433B274C3097F33032C554B027F2046A1932B842B0FCCC0DDCBEBDB8AD2F835768F59B9ADB24C41D30C6A64AF817F2A456D59FA83F2E3DA60137255A585BCD60EC9B7929AC18DEFD49381AF1ED30BFDB109A4B1CD488294
310
C3CDE6EBC8D185AABD6568061FEE37BB95AAC7E3CA4BCE4ACAA5820FA0D526AE7DAA2869B5EE5999531BE0CC20E6FBA07C41E43FA27CF7A6206F3CDD793B4F6B919C1462CB788EDCD893FA674CDA17AB7B3B7C019F8D561FAEE966FED562DFE98C1D12C6A9FC015C2A35D7FF3D7FC398F591DA4B5FE0BFA2C0189FEA50AE22
310
92817A1ED3020951A03432862970F976B33383259812CC8E5D240BBA801CBCF8CE2BBEE3BF910DB6AAD5F79E05123AE2DB33981FB1ACCB02B69D00CB014FD68AB573A7627EF9BFD4CC2C5C7D58557C4B22FAA88925A4DBB44825CECE3D78FB060D1231F0E885BE7D673C86A3874958F593906B5502D1563157814FDAC3420D
310
F69A070A22EC4B98E23CFF171A1E5311D12C23056555ABA53B8614563B92D17D02AAB009E8F46284624E5F53D5490C560CCCC2591FF1B45421EB0EBD8EA7ED13BE7C5D7E0428CD60FEF60779EB13E6664FF711CB185F6FDED60D139A001FF60CD1FD6D086F1D51474901E26B2CB794A343BC8ED3EDB612E0DD2351FCB65CF4
310
33D511C9E14B5B40ADC6A6263DB0336A8F700DDF56271A024E70B0B3629DE21847591E55DED73D56206AB927E46FAABC5C939C55853C274C93D69FD6FA4E78BF8B11DF898C9ECD60553FAD39283BA6F18984AA23E8884F83F45C5F5F859797B31B2B9C84A1E5B9DE9D35BFF25C6B76152E422F9C5DCC3D847F5801ED09D5AF
310
41441327A25FF15487F9EB725FB666F048A4701E9A827292E6F97569A32DF61DEC01C0BB8DCBBCCC684E0B49147C1FD54BF685A0AB18C868E6973949E819523E3DAC463660E68C7D9F55A9D1EFA3BD7A76A16AE1A810F95CE59B82A4D968A376DC2E8B44BBDD86B27B368CDE0ED548C7137DA860591A83706223A12CA712B4
310
7306DBF39C0A20A6DF95C7FAF670C6EED7A61F946493D1D6926782963813403548A78AE470DEF80D2D9CEAA26E4D1C76F60BFE74219A06527D6B82DF641A51616F703CAAC6A7160E08A00BEB4810A0274592A1B36E3675E36E978A0DE80727A0D6DF2D39A75BD27E0D8837276589537B40ABB56D5A41F48F1C6FCD3188C4EB
310
A6929D2FFB89CE995A4D00AE813BDD032DC48B56BD437DFDDC2DD7AED70C2272D63DE9A72068A45A92F0A4BE17A8A06B9366E16707AD80B1FC649459952097E74BB23805982B55E0401150A165964402AA8BDF9F3E7386BB686EDCA780C0D382E5392BF460A6EFB2C6EA1937D3F809B440D5F5435C4C5CF7A9EEFAF54564BD
310
2182DA24162F98680B4E7930C21A0079709CEAEB99A372305ABE0C0D7D6078105A83F6A0296DAEE1068A47DD1C55A9F4C9B2FC69E3EFD44B81028E963DF81B504B0304140006080000B670623B000000000000000000000000350000006662782F45374635344235342D363743322D343832342D383044432D433445464530
310
3536354442422F76657274696365732E62696E504B0304140006080800B670623BF270F1330600000004000000360000006662782F45374635344235342D363743322D343832342D383044432D4334454645303536354442422F747269616E676C65732E62696E636660600000504B0304140006080000B670623B00000000
310
0000000000000000370000006662782F45374635344235342D363743322D343832342D383044432D4334454645303536354442422F617474726962757465732E62696E504B0304140006080800B670623B08DA0BD19000000041010000360000006662782F45374635344235342D363743322D343832342D383044432D4334
310
454645303536354442422F6469726563746F72792E786D6C858F410AC3201045AF22B36F53E9A60B35CBEEBAE80D244E44489C6234F4F835464A48035D0DF398FF9F8AF63D0E6CC63039F212F8F9020C7D47C6792B21C5FE7403D62A1188E2E60C98D7234A5830286103A55745067B9D86B8A3CF9C7F90C11DE607FB144396
310
D7B6A82D282E9A152AD114D5EF2CB866EEE831B8EEA07A7BB5A8D7D61A2BAAEB7FD5F70921FF497D00504B0304140006080800B670623B6378F24DFF000000A00100003B0000006662782F45374635344235342D363743322D343832342D383044432D4334454645303536354442422F7265736F75726365732F636F72652E
310
786D6C8D504B6E833010BD0A9A6D65B0094E42641C85B639412F6099496225D8C89FAAC7AF09546A77DDCC8CDE47F3F4C4F16B7C149FE88371B603565228D06A37187BED20C50BD9437194C23B177FC9A0B06AC40E6618A4B87A97A615D2CE46B431A3D60DB8822A048C50E8473E3A08FA86A32A558A5911EEE5A4F45D5DB1
310
6465A6B34E8A107D0E502C4FE609D26370C96B0CA25A58295232C3AA3143FE692E063D485EF7F5AEE71BD2D2F39634AFFC44DAF7DD9E9CCE6F9CD25DCBFA762BAAD92C4534E34F46ED51451C40D694B6843142EB0FD61C283F34FC85EE0F948A6A96FF31A569F8A729191B37F51A77B105902C0779125254735F793DCBCC7B
310
EE567E03504B010214000A0000080000B670623B3DEE336E79000000790000001B00000000000000000000000000000000006175746F6465736B2D64657369676E2D7061636B6167652E786D6C504B01021400140006080800B670623BD486FD9CA0000000F40000001300000000000000000000000000B20000005B436F6E
310
74656E745F54797065735D2E786D6C504B01021400140006080800B670623BBC1638F5EC0000007C010000080000000000000000000000000083010000636F72652E786D6C504B01021400140006080800B670623B55019EA25F0000007C000000070000000000000000000000000095020000636E782E786D6C504B010214
310
00140006080800B670623B3586FFB671010000D40300000C00000000000000000000000000190300006662782F636F72652E786D6C504B01021400140006080800B670623B4220A0FF7D0000009D0000000B00000000000000000000000000B40400006662782F636E782E786D6C504B01021400140006080800B670623B2F
310
A3FEDE290100001202000031000000000000000000000000005A0500006662782F45374635344235342D363743322D343832342D383044432D4334454645303536354442422F636F72652E786D6C504B01021400140006080800B670623B1B8617914E010000330300003000000000000000000000000000D2060000666278
310
2F45374635344235342D363743322D343832342D383044432D4334454645303536354442422F636E782E786D6C504B01021400140006080800B670623B29652116630500003C10000034000000000000000000000000006E0800006662782F45374635344235342D363743322D343832342D383044432D4334454645303536
310
354442422F6F626A656374732E786D6C504B01021400140006080000B670623B0000000000000000000000003500000000000000000000000000230E00006662782F45374635344235342D363743322D343832342D383044432D4334454645303536354442422F76657274696365732E62696E504B01021400140006080800
310
B670623BF270F13306000000040000003600000000000000000000000000760E00006662782F45374635344235342D363743322D343832342D383044432D4334454645303536354442422F747269616E676C65732E62696E504B01021400140006080000B670623B0000000000000000000000003700000000000000000000
310
000000D00E00006662782F45374635344235342D363743322D343832342D383044432D4334454645303536354442422F617474726962757465732E62696E504B01021400140006080800B670623B08DA0BD190000000410100003600000000000000000000000000250F00006662782F45374635344235342D363743322D34
310
3832342D383044432D4334454645303536354442422F6469726563746F72792E786D6C504B01021400140006080800B670623B6378F24DFF000000A00100003B00000000000000000000000000091000006662782F45374635344235342D363743322D343832342D383044432D4334454645303536354442422F7265736F75
310
726365732F636F72652E786D6C504B0506000000000E000E0080040000611100000000
  0
XRECORD
  5
18A
102
{ACAD_REACTORS
330
110
102
}
330
110
100
AcDbXrecord
280
     1
 70
     0
 90
1778669749
  1
9BF507EE-FAF7-4A99-A33D-4EE51894BC40
310
504B03040A0000080000B670623B3DEE336E79000000790000001B0000006175746F6465736B2D64657369676E2D7061636B6167652E786D6C3C3F786D6C2076657273696F6E3D22312E302220656E636F64696E673D227574662D3822203F3E3C666F726D6174733E3C666F726D61743E687474703A2F2F736368656D612E
310
6175746F6465736B2E636F6D2F64657369676E2D7061636B6167652F323030393C2F666F726D61743E3C2F666F726D6174733E504B0304140006080800B670623BD486FD9CA0000000F4000000130000005B436F6E74656E745F54797065735D2E786D6C7D8EC10E82300C865F65E91D8A1E8C310C0EEA1BF002731658846E
310
D98AC1B77784ABF1D8FE5FBFBF75BBCE937A534CCEB38643598122B6FEE978D0B0485F9C41B54DDD7D022595594E1A469170414C76A4D9A4D207E29CF43ECE46F218070CC6BECC4078ACAA135ACF422C856C0E68EA1BF5669944DDD7BCDE7B1F8E415D77AECB980613C2E4AC91FC167A2B244592486606FC29C8FD7F045B9A
310
EF7053A7E60B504B0304140006080800B670623BCA089DFFEC0000007C01000008000000636F72652E786D6C8D90416E83301045AF62CDB632D8402020E32882F604BD80653BC44AB011B6AB1EBF262152BBEB6A467FFE9B197D76FA9EEFE84BAFDE38DB03CD08206DA553C64E3DC470C1474027CE56E7C22F1B202B66DDC3
310
260367D3EAE2B24BD2D9A06D48AA754AEFA2F05E0740F29E9A1EBCBCEA59642286E4F0B76C11F226269DD15797E0188D42CF2346A57DE662F40ABCAEC77628C6120F654571D50C04B7F5B9C1E3997CD4F550BE3745C3F20DE62C98F9755FAE5A04AD801784B498524C8A4F5A75E4D055873772EC0861F966FF03C545FD138A
310
C686B2D8DF7D621E384D8F3C069CE55B16A93C824A75CB8DFF00504B0304140006080800B670623B55019EA25F0000007C00000007000000636E782E786D6C4DCB3B0E80201045D1AD90E915ED2CF8AC45050C11660C8261F98AB1B07AC9C97D42D718D865D3E909258CFD00CCE24AC6E326A164D74DC0B4128928FF326038
310
472BA13128B1252AC747C6BAB984FC68F0B87FE8960A5C09FE86CFB69FBA01504B0304140006080800B670623B68FC0B7272010000D40300000C0000006662782F636F72652E786D6CC5535B6E833010BC8AE5DF0A6C1E8124328E22D29EA01770C0A128602363A31CBFCB234A53A555FA553EC09AD9F5CE8C31DB5DDA060D
310
D2F4B556190E7C8A9154852E6B5565D8D993B7C668C799D1DA7E29C3488956667884316795D1AE5BA0422B2B950554E9522EA0E87B69312A1A5864B82F3E642B7CE12C54F467BF13C55954D20F7CA0A18EB3DE1A1080E621E31BF3D3F1C2C88C73E65C5D2E6C5DC2B4FA544B8379921C36797888BC3C8A032F4E73EA6D927D
310
EA1DF6F42D49F2E8350D5346C666CE6CDD5ED515460A2B4BCC434A375E1078347C0FE22D5D6DE3D50B5D6F2965642CBF6B725DF96493AB958DC245EEDCD6631E809089F8E61622B2A81703E8219C913144F84C09DF070D8140C8561C9BAB8F3340832CAC363130A576376A108D933095FA747AD0CF0B46E64E983A6D0EAE1F
310
CE089F9EF1FB8E70D44255604258581E9D1D75B259C3125A278D37D80B52DAB4A279CEC62F0EFF44DDC43F9454E8469BFF5244960322CBEF41C6FBC83F01504B0304140006080800B670623B0F71DDB67E0000009D0000000B0000006662782F636E782E786D6C4DCCD10A83201886E15B91FFDCA54DB73F502386BB8F5816
310
32D3703976F9ABD1C18E3E78F87855FB990379BBFCF2296AE02706C4C5471A7C9C349475A408A4352AA7B4FEDD80C47E761A7606A3A69CCA72D0E0C6BE8475D3E0E3F3409428EA6B27A84079A782899AA2EC1A7AE3ECCC2FD858CB2D544655BFD2B67BD87C01504B0304140006080800B670623BE134B4FB28010000120200
310
00310000006662782F38353834323741342D343835462D343034322D383541392D4331303331363839454531452F636F72652E786D6C8D515B6EC32010BC0AE22B55850D0EA424C24451959EA0172086A42831583CAA1CBF503B52FB971F16CDCECC0EACD8DFC71BF836215AEF7A481A0C817183D7D65D7A98D3197108F652
310
04EFD31F1A044E8DA6871586525C82CFD3020DDE25E352419DD76601558C264130DCCAA58771F832A36A544E8511AFCDA486ABBA988634A55D7852C4144A00300FA927949C71DABD1D28A29C7D208A6987383B6CD13BC16BB2E1DBE3911C453B0BA5C8D9EA456E758963CFD684674DAA588A64C747FC2118958C86B2C3788B
310
0841B8FB247487D98EB257CC77188BB6D2FF89F2A49F1465EBD2BA5BE2CEB2082511EDDC9042FB7CBA3DC298FBE4430275DE2A9AE1054ADC60CC08E3A29D89E5F9C5714317C7987C28DFBBBA9E0A97B0D97643A568EB864AF95D5FA9759BF207504B0304140006080800B670623B1B8617914E010000330300003000000066
310
62782F38353834323741342D343835462D343034322D383541392D4331303331363839454531452F636E782E786D6CD593C16EC32010447F0571AD6CE3D489D20813A9877E410FBD62D82434182CC055F3F75D1292E692438FBD206B7698593D61BEFD1E2DF982108D773D6D6B460938E5B571FB9ECE6957AD29D90A1EBC4F
310
77364A9C1CA1A759A682EF839FA72269D8C9D92654AD71C72206887E0E0A22CAF926B15E498B01E0AA19451807D01A34B919F16B070157417138917400F2F6FA41FCF0092A45DEE414C19BDC21783E4BD39D891265658C3D8DEA00A3ACE59CBC8678ACB54CB26EEB6BD7839D7E9348BE70AD9C8321B9BCA7F9A4A26C542347
310
DEE050F09802D22BA6749A800A394DD62899107273365E3C82CFC6A55557BC06C10774B7ABE7AEC3B0F34CF06446280E154026D0542C187BA9DAB6628BF7B6DBB0E5A65B3EB1F58631DE64BBE083F7B65CC218087E22CABB042E51D1F2268F1FE12B3EA24D40D63E9CFE00120194D60B9D5BC67FE6D39CDF37E20AF817881F
310
504B0304140006080800B670623B5933D422630500003B100000340000006662782F38353834323741342D343835462D343034322D383541392D4331303331363839454531452F6F626A656374732E786D6CAD575B6FA33814FE2B887D0642934E9B156594264D158D3A534DD4D13E548A0C38942D60649B4EBABF7E3F8321
310
40924EF6928780CDF1B97EE762EFF32E4B8D37CA45C2F21BD3B547A641F39045491EDF98A5DC5AD7A6F1D9F73863B243661A39C9E88DA9B64DDF8B392B0BBD15D12D295339D85DDEFE618890E6D434C2940871638AF08566C426A5641115AF764424B1E3EDCE76ED9AB0CF36E6A47819302D08A7B984A6D8CFC1C5A89572FB
310
CB91E9F89EA3BEFB9EFAD754E3D3544E654F5F7E920B49F2F040D880CDD89D2CEE2E2EA7D6E56432B6269F2E5CEB7679BBB0DCABF168FE693E9FCEEEA6102C240727AD09A75BD3BF876F78127A4EFDA9D5582B7E4CA590E5390D2BFB6161A5B3E618D182E611E2985001691DAB47FDA5AB7CD3F93C566B2DB2BB7D9E55DD13
310
1D468DEECDB3AB290BFE8409E21C54704115AA6AFF68436BFC8DF65E0B184BF5B74418199194272435D224E084BF9B3E481589EFF5D828747285706581E9BB7B7E5D5D911ABFC6EE312DB7659A2A689A7E85EC0DF04FA5A8344BFEA2FCB834E8845895492EAFB541F2BDA0A63FF59C6AD3F7D4637CA13FD68E34B629891172
310
98597F1D183A57B9B75A98FE9765B05BAB7C3C2EBCE0ACA05C2AF8005A4DE09AA7F29216EB9E15397500C6F47CBE77CA7778FE2BD277AF0AE2C693DD6437D1522427B9D8329E2136F6A8FA19A3E6C56ADF0E5F50CF06D48734EDCEBF22F69C56D97EC138153F804B85E6FABFC7AFEFB32E523BE1F3BD372418E363EDCA7548
310
52949E8724474014288D94610BB57C1BEC4C7F854A89CA8E5324F55B871CBC78CE1BBEE3BFE68D6A5589EF3C730474506FCFA8FCF0659516D0ED04580EEA6425581B77CAE797FF4BCECC16EB2FEB926F49481F746159D06D922712BD730FDEAE42BD40F42C7AA5EF3F198F60E86110D6DD20645A9480B795CF95E3E3A659A8
310
C55E724F408873315335CFFB8584874484344D494E59D94869DB90C26A5B64F49C802CAC1D3ABE18A098D3B7444D123D8A9E5AE8F5214F0AE5B2B6E9B575DA3E61CBD3EA2B4009FA940524DD1305FB6A1FB294F14DF0BEA90BA109ECE1481FDC3FFAE8D60E75141700BE82725371B4873751B2DD960265F788137FACE6DD40
310
B575E4F0A5C99F46629D92131467A41EE11ABD8D4CCC039CA0AFB37C93A08B232B8F0AEFCA1E0A1015DF13FC83322B362463652ECF71D3A8B1A7D1BE65DE1D62C44F22C317D35F574FEB16153BA2D13E543D10A80E74C4A65E78A6B7CBCBD1D5DD9DB59C2DAFACC96C3AB566E3F1C29ADCDD5DBAD7D3C9ED7C822ED74F80A6
310
41755310DE4443F44A9E68373FADF6596BFA0F440AE7BECE2727AE9F4F2B1B53B1E7E00CF0DD1E5C65454A339A4BA2D0FBA05ED2EF0443458F47BDBFCA484CCFE0F2ED7E3DD0013B679C7B5499467F0ECEEADDB9CA85A34CE44B99053949D2C1416DB85DE4B136BB7165FBAC0B7AB3542BED4F8CA182A549847A1319316519
310
95A83A67147B9E5101C47487F2485F1ECE38FD568F839204296D3479219888530154036E6528FBFBC66F98E0D4107563A2D7D9AFF8D389681A08F58D89F22693900A3B407754734FC51C10C010D6D640809EE4718AC1BA3ED4AEDB53CA37283F68805A7E4B72CEB0A4EDEAD5DD8C14059A76AFAA56BA6901E13F32BC51C720
310
12AF41295B5BF61BAD3195181FB506E6B40F4C10AF5AF40EF9F5B159AE5DD1F43C72D635E94310D45C2D49785C5D0B94D3B54AB3C5A38349C0587D338AB48C11CBF339599C02CCA54A70A008A8D03C0B2201D5F9EFCF8F9CE12A9A19CB0410789EB32C63B95ECCF455D658BFE0621A3DA32C5075FB101723D77DAE867E7D0F
310
D90444509B44E2151B4DC2290B065803200FBAA9BE9D392A0603F2D5C2D00D6302A615680F66D2FA166E2079D4C551A54AB758161FCEFD4E450A14704CECFEDF504B0304140006080000B670623B000000000000000000000000350000006662782F38353834323741342D343835462D343034322D383541392D4331303331
310
363839454531452F76657274696365732E62696E504B0304140006080800B670623BF270F1330600000004000000360000006662782F38353834323741342D343835462D343034322D383541392D4331303331363839454531452F747269616E676C65732E62696E636660600000504B0304140006080000B670623B000000
310
000000000000000000370000006662782F38353834323741342D343835462D343034322D383541392D4331303331363839454531452F617474726962757465732E62696E504B0304140006080800B670623B08DA0BD19000000041010000360000006662782F38353834323741342D343835462D343034322D383541392D43
310
31303331363839454531452F6469726563746F72792E786D6C858F410AC3201045AF22B36F53E9A60B35CBEEBAE80D244E44489C6234F4F835464A48035D0DF398FF9F8AF63D0E6CC63039F212F8F9020C7D47C6792B21C5FE7403D62A1188E2E60C98D7234A5830286103A55745067B9D86B8A3CF9C7F90C11DE607FB1443
310
96D7B6A82D282E9A152AD114D5EF2CB866EEE831B8EEA07A7BB5A8D7D61A2BAAEB7FD5F70921FF497D00504B0304140006080800B670623BD9A3B367FE000000A00100003B0000006662782F38353834323741342D343835462D343034322D383541392D4331303331363839454531452F7265736F75726365732F636F7265
310
2E786D6C8D504B6E833010BD0A9A6D65B01D0201194711694FD00B586642AD043BF2A7EAF16B122AB5BB6E6646EFA3797AE2F8B5DC8A4FF4C1383B002B291468B59B8C9D0748F1420E501CA5F0CEC55F3228AC5A708015062966EFD27D83B4B3116DCCA875136EA00A012314FA968F0182FEC045952AC5AC08D7F2AEF455CD
310
58B232D3592745883E07289E4FD609D26370C96B0CA27AB252A464A64D63A6FCD35C0C7A904D73EE467EE664DCD58CD4ED4849D79C5A723ED1B7A61977AF2D6F45B59AA58866F9C9A83DAA8813484E6947182394BFB3BAA7FBBEDEBFD0434FA9A856F91F53BA4FFF342563E38E6F719FB60092E5200F428A6AED2BAF479979
310
AFDDCA6F504B010214000A0000080000B670623B3DEE336E79000000790000001B00000000000000000000000000000000006175746F6465736B2D64657369676E2D7061636B6167652E786D6C504B01021400140006080800B670623BD486FD9CA0000000F40000001300000000000000000000000000B20000005B436F6E
310
74656E745F54797065735D2E786D6C504B01021400140006080800B670623BCA089DFFEC0000007C010000080000000000000000000000000083010000636F72652E786D6C504B01021400140006080800B670623B55019EA25F0000007C000000070000000000000000000000000095020000636E782E786D6C504B010214
310
00140006080800B670623B68FC0B7272010000D40300000C00000000000000000000000000190300006662782F636F72652E786D6C504B01021400140006080800B670623B0F71DDB67E0000009D0000000B00000000000000000000000000B50400006662782F636E782E786D6C504B01021400140006080800B670623BE1
310
34B4FB280100001202000031000000000000000000000000005C0500006662782F38353834323741342D343835462D343034322D383541392D4331303331363839454531452F636F72652E786D6C504B01021400140006080800B670623B1B8617914E010000330300003000000000000000000000000000D3060000666278
310
2F38353834323741342D343835462D343034322D383541392D4331303331363839454531452F636E782E786D6C504B01021400140006080800B670623B5933D422630500003B10000034000000000000000000000000006F0800006662782F38353834323741342D343835462D343034322D383541392D4331303331363839
310
454531452F6F626A656374732E786D6C504B01021400140006080000B670623B0000000000000000000000003500000000000000000000000000240E00006662782F38353834323741342D343835462D343034322D383541392D4331303331363839454531452F76657274696365732E62696E504B01021400140006080800
310
B670623BF270F13306000000040000003600000000000000000000000000770E00006662782F38353834323741342D343835462D343034322D383541392D4331303331363839454531452F747269616E676C65732E62696E504B01021400140006080000B670623B0000000000000000000000003700000000000000000000
310
000000D10E00006662782F38353834323741342D343835462D343034322D383541392D4331303331363839454531452F617474726962757465732E62696E504B01021400140006080800B670623B08DA0BD190000000410100003600000000000000000000000000260F00006662782F38353834323741342D343835462D34
310
3034322D383541392D4331303331363839454531452F6469726563746F72792E786D6C504B01021400140006080800B670623BD9A3B367FE000000A00100003B000000000000000000000000000A1000006662782F38353834323741342D343835462D343034322D383541392D4331303331363839454531452F7265736F75
310
726365732F636F72652E786D6C504B0506000000000E000E0080040000611100000000
  0
CELLSTYLEMAP
  5
90C5
102
{ACAD_REACTORS
330
90C4
102
}
330
90C4
100
AcDbCellStyleMap
 90
        3
300
CELLSTYLE
  1
TABLEFORMAT_BEGIN
 90
        5
170
     1
 91
        0
 92
    32768
 62
   257
 93
        1
300
CONTENTFORMAT
  1
CONTENTFORMAT_BEGIN
 90
        0
 91
        0
 92
      512
 93
        0
300

 40
0.0
140
1.0
 94
        5
 62
     0
340
11
144
0.25
309
CONTENTFORMAT_END
171
     1
301
MARGIN
  1
CELLMARGIN_BEGIN
 40
0.06
 40
0.06
 40
0.06
 40
0.06
 40
0.18
 40
0.18
309
CELLMARGIN_END
 94
        6
 95
        1
302
GRIDFORMAT
  1
GRIDFORMAT_BEGIN
 90
        0
 91
        1
 62
     0
 92
       -2
340
0
 93
        0
 40
0.045
309
GRIDFORMAT_END
 95
        2
302
GRIDFORMAT
  1
GRIDFORMAT_BEGIN
 90
        0
 91
        1
 62
     0
 92
       -2
340
0
 93
        0
 40
0.045
309
GRIDFORMAT_END
 95
        4
302
GRIDFORMAT
  1
GRIDFORMAT_BEGIN
 90
        0
 91
        1
 62
     0
 92
       -2
340
0
 93
        0
 40
0.045
309
GRIDFORMAT_END
 95
        8
302
GRIDFORMAT
  1
GRIDFORMAT_BEGIN
 90
        0
 91
        1
 62
     0
 92
       -2
340
0
 93
        0
 40
0.045
309
GRIDFORMAT_END
 95
       16
302
GRIDFORMAT
  1
GRIDFORMAT_BEGIN
 90
        0
 91
        1
 62
     0
 92
       -2
340
0
 93
        0
 40
0.045
309
GRIDFORMAT_END
 95
       32
302
GRIDFORMAT
  1
GRIDFORMAT_BEGIN
 90
        0
 91
        1
 62
     0
 92
       -2
340
0
 93
        0
 40
0.045
309
GRIDFORMAT_END
309
TABLEFORMAT_END
  1
CELLSTYLE_BEGIN
 90
        1
 91
        1
300
_TITLE
309
CELLSTYLE_END
300
CELLSTYLE
  1
TABLEFORMAT_BEGIN
 90
        5
170
     1
 91
        0
 92
        0
 62
   257
 93
        1
300
CONTENTFORMAT
  1
CONTENTFORMAT_BEGIN
 90
        0
 91
        0
 92
      512
 93
        0
300

 40
0.0
140
1.0
 94
        5
 62
     0
340
11
144
0.18
309
CONTENTFORMAT_END
171
     1
301
MARGIN
  1
CELLMARGIN_BEGIN
 40
0.06
 40
0.06
 40
0.06
 40
0.06
 40
0.18
 40
0.18
309
CELLMARGIN_END
 94
        6
 95
        1
302
GRIDFORMAT
  1
GRIDFORMAT_BEGIN
 90
        0
 91
        1
 62
     0
 92
       -2
340
0
 93
        0
 40
0.045
309
GRIDFORMAT_END
 95
        2
302
GRIDFORMAT
  1
GRIDFORMAT_BEGIN
 90
        0
 91
        1
 62
     0
 92
       -2
340
0
 93
        0
 40
0.045
309
GRIDFORMAT_END
 95
        4
302
GRIDFORMAT
  1
GRIDFORMAT_BEGIN
 90
        0
 91
        1
 62
     0
 92
       -2
340
0
 93
        0
 40
0.045
309
GRIDFORMAT_END
 95
        8
302
GRIDFORMAT
  1
GRIDFORMAT_BEGIN
 90
        0
 91
        1
 62
     0
 92
       -2
340
0
 93
        0
 40
0.045
309
GRIDFORMAT_END
 95
       16
302
GRIDFORMAT
  1
GRIDFORMAT_BEGIN
 90
        0
 91
        1
 62
     0
 92
       -2
340
0
 93
        0
 40
0.045
309
GRIDFORMAT_END
 95
       32
302
GRIDFORMAT
  1
GRIDFORMAT_BEGIN
 90
        0
 91
        1
 62
     0
 92
       -2
340
0
 93
        0
 40
0.045
309
GRIDFORMAT_END
309
TABLEFORMAT_END
  1
CELLSTYLE_BEGIN
 90
        2
 91
        1
300
_HEADER
309
CELLSTYLE_END
300
CELLSTYLE
  1
TABLEFORMAT_BEGIN
 90
        5
170
     1
 91
        0
 92
        0
 62
   257
 93
        1
300
CONTENTFORMAT
  1
CONTENTFORMAT_BEGIN
 90
        0
 91
        0
 92
      512
 93
        0
300

 40
0.0
140
1.0
 94
        2
 62
     0
340
11
144
0.18
309
CONTENTFORMAT_END
171
     1
301
MARGIN
  1
CELLMARGIN_BEGIN
 40
0.06
 40
0.06
 40
0.06
 40
0.06
 40
0.18
 40
0.18
309
CELLMARGIN_END
 94
        6
 95
        1
302
GRIDFORMAT
  1
GRIDFORMAT_BEGIN
 90
        0
 91
        1
 62
     0
 92
       -2
340
0
 93
        0
 40
0.045
309
GRIDFORMAT_END
 95
        2
302
GRIDFORMAT
  1
GRIDFORMAT_BEGIN
 90
        0
 91
        1
 62
     0
 92
       -2
340
0
 93
        0
 40
0.045
309
GRIDFORMAT_END
 95
        4
302
GRIDFORMAT
  1
GRIDFORMAT_BEGIN
 90
        0
 91
        1
 62
     0
 92
       -2
340
0
 93
        0
 40
0.045
309
GRIDFORMAT_END
 95
        8
302
GRIDFORMAT
  1
GRIDFORMAT_BEGIN
 90
        0
 91
        1
 62
     0
 92
       -2
340
0
 93
        0
 40
0.045
309
GRIDFORMAT_END
 95
       16
302
GRIDFORMAT
  1
GRIDFORMAT_BEGIN
 90
        0
 91
        1
 62
     0
 92
       -2
340
0
 93
        0
 40
0.045
309
GRIDFORMAT_END
 95
       32
302
GRIDFORMAT
  1
GRIDFORMAT_BEGIN
 90
        0
 91
        1
 62
     0
 92
       -2
340
0
 93
        0
 40
0.045
309
GRIDFORMAT_END
309
TABLEFORMAT_END
  1
CELLSTYLE_BEGIN
 90
        3
 91
        2
300
_DATA
309
CELLSTYLE_END
  0
ENDSEC
  0
SECTION
  2
ACDSDATA
 70
     2
 71
     2
  0
ACDSSCHEMA
 90
        0
  1
AcDb_Thumbnail_Schema
  2
AcDbDs::ID
280
    10
 91
        8
  2
Thumbnail_Data
280
    15
 91
        0
101
ACDSRECORD
 95
        0
 90
        2
  2
AcDbDs::TreatedAsObjectData
280
     1
291
     1
101
ACDSRECORD
 95
        0
 90
        3
  2
AcDbDs::Legacy
280
     1
291
     1
101
ACDSRECORD
  1
AcDbDs::ID
 90
        4
  2
AcDs:Indexable
280
     1
291
     1
101
ACDSRECORD
  1
AcDbDs::ID
 90
        5
  2
AcDbDs::HandleAttribute
280
     7
282
     1
  0
ACDSSCHEMA
 90
        1
  1
AcDb3DSolid_ASM_Data
  2
AcDbDs::ID
280
    10
 91
        8
  2
ASM_Data
280
    15
 91
        0
101
ACDSRECORD
 95
        1
 90
        2
  2
AcDbDs::TreatedAsObjectData
280
     1
291
     1
101
ACDSRECORD
 95
        1
 90
        3
  2
AcDbDs::Legacy
280
     1
291
     1
101
ACDSRECORD
  1
AcDbDs::ID
 90
        4
  2
AcDs:Indexable
280
     1
291
     1
101
ACDSRECORD
  1
AcDbDs::ID
 90
        5
  2
AcDbDs::HandleAttribute
280
     7
282
     1
  0
ACDSSCHEMA
 90
        2
  1
AcDbDs::TreatedAsObjectDataSchema
  2
AcDbDs::TreatedAsObjectData
280
     1
 91
        0
  0
ACDSSCHEMA
 90
        3
  1
AcDbDs::LegacySchema
  2
AcDbDs::Legacy
280
     1
 91
        0
  0
ACDSSCHEMA
 90
        4
  1
AcDbDs::IndexedPropertySchema
  2
AcDs:Indexable
280
     1
 91
        0
  0
ACDSSCHEMA
 90
        5
  1
AcDbDs::HandleAttributeSchema
  2
AcDbDs::HandleAttribute
280
     7
 91
        1
284
     1
  0
ACDSRECORD
 90
        0
  2
AcDbDs::ID
280
    10
320
22
  2
Thumbnail_Data
280
    15
 94
     2199
310
89504E470D0A1A0A0000000D494844520000010000000084080300000048FA052E00000300504C5445212830FFFFFF2128300000000000000000000000000000000000000000000000000000330000660000990000CC0000FF0033000033330033660033990033CC0033FF0066000066330066660066990066CC0066FF0099
310
000099330099660099990099CC0099FF00CC0000CC3300CC6600CC9900CCCC00CCFF00FF0000FF3300FF6600FF9900FFCC00FFFF3300003300333300663300993300CC3300FF3333003333333333663333993333CC3333FF3366003366333366663366993366CC3366FF3399003399333399663399993399CC3399FF33CC00
310
33CC3333CC6633CC9933CCCC33CCFF33FF0033FF3333FF6633FF9933FFCC33FFFF6600006600336600666600996600CC6600FF6633006633336633666633996633CC6633FF6666006666336666666666996666CC6666FF6699006699336699666699996699CC6699FF66CC0066CC3366CC6666CC9966CCCC66CCFF66FF0066
310
FF3366FF6666FF9966FFCC66FFFF9900009900339900669900999900CC9900FF9933009933339933669933999933CC9933FF9966009966339966669966999966CC9966FF9999009999339999669999999999CC9999FF99CC0099CC3399CC6699CC9999CCCC99CCFF99FF0099FF3399FF6699FF9999FFCC99FFFFCC0000CC00
310
33CC0066CC0099CC00CCCC00FFCC3300CC3333CC3366CC3399CC33CCCC33FFCC6600CC6633CC6666CC6699CC66CCCC66FFCC9900CC9933CC9966CC9999CC99CCCC99FFCCCC00CCCC33CCCC66CCCC99CCCCCCCCCCFFCCFF00CCFF33CCFF66CCFF99CCFFCCCCFFFFFF0000FF0033FF0066FF0099FF00CCFF00FFFF3300FF3333
310
FF3366FF3399FF33CCFF33FFFF6600FF6633FF6666FF6699FF66CCFF66FFFF9900FF9933FF9966FF9999FF99CCFF99FFFFCC00FFCC33FFCC66FFCC99FFCCCCFFCCFFFFFF00FFFF33FFFF66FFFF99FFFFCCFFFFFF0000000D0D0D1A1A1A2828283535354343435050505D5D5D6B6B6B787878868686939393A1A1A1AEAEAEBB
310
BBBBC9C9C9D6D6D6E4E4E4F1F1F1FFFFFF0000000000000000000000000000000000000000000000000000000000002E4550F1000005484944415478DAED9DC972E4201044EBFFFFD687BC3B263C92282856B12492741977D8D38D5ED796502091FC856D2FE973F57A9FE9D707A0D7FB1CF6B49B03F4B500EC660A1F800FC0
310
430024B21952916E1D80BE412891D4D3D97E3D004C02806703F87301ECE4025F10FC0050D4B7730160201C1D4C2801F4D49EF6BB5F9C11C00628005499453C49201CFCF1970833FF3F207F2547F86EA300E01A3D8E6F23BC9D433CDA14EC34E949B9BBD31FC300DC1D6774CC4AC8C2B185FF768FF3A52E0460DBE05017383F
310
13CA0C5D4F3DCC02E1E8104436CB9D34008748D46826C7003550B75C831E59182692002E2F731CDFB97194E6C76941507DD99A482428A220EC7B916F0300A10544C7981F98B2964D2C40DDDFF90D9ED9A20E404259110208DCFD0000711285A3DE5073FF7E8E6504207E75D26DC1026191C1EA02417A129CFEAB325B55CD6C
310
653E4600C16D1DF58A0A05E6FD147C74A1182248835939500E4067D4B418E2C90205632A20E055014931C40BC01643350068C5D0AD0117D5018EB28023866088218A099123E147C550681EC53320C888210E00671A744B612D101A67B5CE5C6294C2D974BA200DA6D4A0786AB002802986F2F5D45A35883B6A30042016002E
310
17C8A8C14631846B6E602F0B70D4A07AD500C05283459AE2096AF0FAEF9E3E2AAA27F6578388892132009618822E5FDAD4206239D412A00C31202E86502B863C00B0005CF3AD2C59202D05EB8320F48408DCE877C498F92B43C3C5909D03DE24863C6B375786E0C15F0BA0B718B20044530201806162086EE230A7C5395C60
310
981882ECB43234400C4124AA0528A7C47A8BA1BD000C1043DA9778010C13431040DEBC3476663E2B85C4CACC678A21A39ACC56178F1143F056863453AA2C304D0C515AC0083184978B21BD32A4A541FE8D78C450366115DD04C2293116000562E81680705DE0ECBC209B134C8AA15B0060010095059488A136008801E07281
310
2231D40D404949C928865A00D86208550194460C89F45919AACD206301884C5F19A20310FC2A2286EAECDFBE05BE06898C11D7DE752100A2E5F171570680BC1900DE6D015C75C00A005462683C00AB3F40784AE1E100A2FD012F02207A4E508B2182ADB34301580D1210FDC3D20689A1007698138C85685D0CA2A11E4C3448
310
E8D9A8B5FD01A12E8C89C5DA2DF60A1A6F7F80319CBE00D8374EE6A4EA5D17A06F90181904C5DD2BC20E20390DD80E80BF3FC09E16EA056083FE00350DE4966CA2F74FD79F34E31EA14006207B9088539EA5AAB5B2984AD820D17E90480300DA0689F02011675F2B9C6367AEE501415B0CF0C490F03448440F12716DB5F59C
310
532F089E22D8EE49591B048DD5E0A2DDC46595E50662285820EC0140246896560D12243B469C7820230018CDD2EA60121200A125760310ED0F6002505A09360210B33F800D80F791DD62C02E1650A68DAB3FBC7DE72816CF07F40120EDFD01F879420C28E3BA14006AE60326CEA94C7101EFC43C6F76C49CAC7F1480758FFD
310
A0B10039F706EA632553271E3D09C0F93141BFECFA6398E7A6C1841C7E0D802239FC680B004070DF8B0AA16B81F2AD0056243A261790D127AC6F0080ED9A2E86DE0060B36BB00594D4FAC36D06A947C1CD7501649243B342CA3D500E91ED692382E05E0FDB1B9205C242D7287D233F855F7BE9BEAAC4DFCD0570EF61127301
310
80CD02B28F846C0330BB10BAE30235B39DA41670F7792AFED83E17E8E302F68D6F9106A3DD4FA400FA5B401700621FD3F069819F376401FD2F46AB4171B7ACC47AE5AC7D1D92AEE421FE89996A0918F68BEB03D4EFDD8DEBAF7381F100DC2D1ACE1E79F707DB1654B48AFB453E911B15F6B54435A60ED8F4E1EB9D2D60C3EB
310
03D0D70536BC0A6EEE170C612E3BA66E7DB30000000049454E44AE426082000049454E44AE426082
  0
ENDSEC
  0
EOF
