  0
SECTION
  2
HEADER
  9
$ACADVER
  1
AC1032
  9
$ACADMAINTVER
 90
       55
  9
$DWGCODEPAGE
  3
ANSI_1252
  9
$LASTSAVEDBY
  1
USTS-CP-L-44 - User
  9
$REQUIREDVERSIONS
160
                 0
  9
$INSBASE
 10
0.0
 20
0.0
 30
0.0
  9
$EXTMIN
 10
27.63044387527398
 20
46.80449827542807
 30
0.0
  9
$EXTMAX
 10
362.4582283291738
 20
289.851660481569
 30
0.849233469199126
  9
$LIMMIN
 10
0.0
 20
0.0
  9
$LIMMAX
 10
12.0
 20
9.0
  9
$ORTHOMODE
 70
     1
  9
$REGENMODE
 70
     1
  9
$FILLMODE
 70
     1
  9
$QTEXTMODE
 70
     0
  9
$MIRRTEXT
 70
     0
  9
$LTSCALE
 40
1.0
  9
$ATTMODE
 70
     1
  9
$TEXTSIZE
 40
2.0
  9
$TRACEWID
 40
0.05
  9
$TEXTSTYLE
  7
ISOCP
  9
$CLAYER
  8
0
  9
$CELTYPE
  6
ByLayer
  9
$CECOLOR
 62
   256
  9
$CELTSCALE
 40
1.0
  9
$DISPSILH
 70
     0
  9
$DIMSCALE
 40
1.0
  9
$DIMASZ
 40
0.18
  9
$DIMEXO
 40
0.0625
  9
$DIMDLI
 40
0.38
  9
$DIMRND
 40
0.0
  9
$DIMDLE
 40
0.0
  9
$DIMEXE
 40
0.18
  9
$DIMTP
 40
0.0
  9
$DIMTM
 40
0.0
  9
$DIMTXT
 40
0.18
  9
$DIMCEN
 40
0.09
  9
$DIMTSZ
 40
0.0
  9
$DIMTOL
 70
     0
  9
$DIMLIM
 70
     0
  9
$DIMTIH
 70
     1
  9
$DIMTOH
 70
     1
  9
$DIMSE1
 70
     0
  9
$DIMSE2
 70
     0
  9
$DIMTAD
 70
     0
  9
$DIMZIN
 70
     0
  9
$DIMBLK
  1

  9
$DIMASO
 70
     1
  9
$DIMSHO
 70
     1
  9
$DIMPOST
  1

  9
$DIMAPOST
  1

  9
$DIMALT
 70
     0
  9
$DIMALTD
 70
     2
  9
$DIMALTF
 40
25.4
  9
$DIMLFAC
 40
1.0
  9
$DIMTOFL
 70
     0
  9
$DIMTVP
 40
0.0
  9
$DIMTIX
 70
     0
  9
$DIMSOXD
 70
     0
  9
$DIMSAH
 70
     0
  9
$DIMBLK1
  1

  9
$DIMBLK2
  1

  9
$DIMSTYLE
  2
Standard
  9
$DIMCLRD
 70
     0
  9
$DIMCLRE
 70
     0
  9
$DIMCLRT
 70
     0
  9
$DIMTFAC
 40
1.0
  9
$DIMGAP
 40
0.09
  9
$DIMJUST
 70
     0
  9
$DIMSD1
 70
     0
  9
$DIMSD2
 70
     0
  9
$DIMTOLJ
 70
     1
  9
$DIMTZIN
 70
     0
  9
$DIMALTZ
 70
     0
  9
$DIMALTTZ
 70
     0
  9
$DIMUPT
 70
     0
  9
$DIMDEC
 70
     4
  9
$DIMTDEC
 70
     4
  9
$DIMALTU
 70
     2
  9
$DIMALTTD
 70
     2
  9
$DIMTXSTY
  7
Standard
  9
$DIMAUNIT
 70
     0
  9
$DIMADEC
 70
     0
  9
$DIMALTRND
 40
0.0
  9
$DIMAZIN
 70
     0
  9
$DIMDSEP
 70
    46
  9
$DIMATFIT
 70
     3
  9
$DIMFRAC
 70
     0
  9
$DIMLDRBLK
  1

  9
$DIMLUNIT
 70
     2
  9
$DIMLWD
 70
    -2
  9
$DIMLWE
 70
    -2
  9
$DIMTMOVE
 70
     0
  9
$DIMFXL
 40
1.0
  9
$DIMFXLON
 70
     0
  9
$DIMJOGANG
 40
0.7853981633974483
  9
$DIMTFILL
 70
     0
  9
$DIMTFILLCLR
 70
     0
  9
$DIMARCSYM
 70
     0
  9
$DIMLTYPE
  6

  9
$DIMLTEX1
  6

  9
$DIMLTEX2
  6

  9
$DIMTXTDIRECTION
 70
     0
  9
$LUNITS
 70
     2
  9
$LUPREC
 70
     4
  9
$SKETCHINC
 40
0.1
  9
$FILLETRAD
 40
0.0
  9
$AUNITS
 70
     0
  9
$AUPREC
 70
     0
  9
$MENU
  1
.
  9
$ELEVATION
 40
0.0
  9
$PELEVATION
 40
0.0
  9
$THICKNESS
 40
0.0
  9
$LIMCHECK
 70
     0
  9
$CHAMFERA
 40
0.0
  9
$CHAMFERB
 40
0.0
  9
$CHAMFERC
 40
0.0
  9
$CHAMFERD
 40
0.0
  9
$SKPOLY
 70
     0
  9
$TDCREATE
 40
2460403.541990741
  9
$TDUCREATE
 40
2460403.312824074
  9
$TDUPDATE
 40
2461261.45342338
  9
$TDUUPDATE
 40
2461261.224256713
  9
$TDINDWG
 40
0.0
  9
$TDUSRTIMER
 40
0.0
  9
$USRTIMER
 70
     1
  9
$ANGBASE
 50
0.0
  9
$ANGDIR
 70
     0
  9
$PDMODE
 70
     0
  9
$PDSIZE
 40
0.0
  9
$PLINEWID
 40
0.0
  9
$SPLFRAME
 70
     0
  9
$SPLINETYPE
 70
     6
  9
$SPLINESEGS
 70
     8
  9
$HANDSEED
  5
846E
  9
$SURFTAB1
 70
     6
  9
$SURFTAB2
 70
     6
  9
$SURFTYPE
 70
     6
  9
$SURFU
 70
     6
  9
$SURFV
 70
     6
  9
$UCSBASE
  2

  9
$UCSNAME
  2

  9
$UCSORG
 10
0.0
 20
0.0
 30
0.0
  9
$UCSXDIR
 10
1.0
 20
0.0
 30
0.0
  9
$UCSYDIR
 10
0.0
 20
1.0
 30
0.0
  9
$UCSORTHOREF
  2

  9
$UCSORTHOVIEW
 70
     0
  9
$UCSORGTOP
 10
0.0
 20
0.0
 30
0.0
  9
$UCSORGBOTTOM
 10
0.0
 20
0.0
 30
0.0
  9
$UCSORGLEFT
 10
0.0
 20
0.0
 30
0.0
  9
$UCSORGRIGHT
 10
0.0
 20
0.0
 30
0.0
  9
$UCSORGFRONT
 10
0.0
 20
0.0
 30
0.0
  9
$UCSORGBACK
 10
0.0
 20
0.0
 30
0.0
  9
$PUCSBASE
  2

  9
$PUCSNAME
  2

  9
$PUCSORG
 10
0.0
 20
0.0
 30
0.0
  9
$PUCSXDIR
 10
1.0
 20
0.0
 30
0.0
  9
$PUCSYDIR
 10
0.0
 20
1.0
 30
0.0
  9
$PUCSORTHOREF
  2

  9
$PUCSORTHOVIEW
 70
     0
  9
$PUCSORGTOP
 10
0.0
 20
0.0
 30
0.0
  9
$PUCSORGBOTTOM
 10
0.0
 20
0.0
 30
0.0
  9
$PUCSORGLEFT
 10
0.0
 20
0.0
 30
0.0
  9
$PUCSORGRIGHT
 10
0.0
 20
0.0
 30
0.0
  9
$PUCSORGFRONT
 10
0.0
 20
0.0
 30
0.0
  9
$PUCSORGBACK
 10
0.0
 20
0.0
 30
0.0
  9
$USERI1
 70
     0
  9
$USERI2
 70
     0
  9
$USERI3
 70
     0
  9
$USERI4
 70
     0
  9
$USERI5
 70
     0
  9
$USERR1
 40
0.0
  9
$USERR2
 40
0.0
  9
$USERR3
 40
0.0
  9
$USERR4
 40
0.0
  9
$USERR5
 40
0.0
  9
$WORLDVIEW
 70
     1
  9
$SHADEDGE
 70
     3
  9
$SHADEDIF
 70
    70
  9
$TILEMODE
 70
     1
  9
$MAXACTVP
 70
    64
  9
$PINSBASE
 10
0.0
 20
0.0
 30
0.0
  9
$PLIMCHECK
 70
     0
  9
$PEXTMIN
 10
0.0
 20
0.0
 30
0.0
  9
$PEXTMAX
 10
0.0
 20
0.0
 30
0.0
  9
$PLIMMIN
 10
0.0
 20
0.0
  9
$PLIMMAX
 10
0.0
 20
0.0
  9
$UNITMODE
 70
     0
  9
$VISRETAIN
 70
     1
  9
$PLINEGEN
 70
     0
  9
$PSLTSCALE
 70
     1
  9
$TREEDEPTH
 70
  3020
  9
$CMLSTYLE
  2
Standard
  9
$CMLJUST
 70
     0
  9
$CMLSCALE
 40
1.0
  9
$PROXYGRAPHICS
 70
     1
  9
$MEASUREMENT
 70
     0
  9
$CELWEIGHT
370
    -1
  9
$ENDCAPS
280
     0
  9
$JOINSTYLE
280
     0
  9
$LWDISPLAY
290
     0
  9
$INSUNITS
 70
     4
  9
$HYPERLINKBASE
  1

  9
$STYLESHEET
  1
acadlt.ctb
  9
$XEDIT
290
     1
  9
$CEPSNTYPE
380
     0
  9
$PSTYLEMODE
290
     1
  9
$FINGERPRINTGUID
  2
{B3C17FDA-5D3E-0449-B746-50678B212CAE}
  9
$VERSIONGUID
  2
{FFF69DC8-4885-4C34-BA9E-750ECA56251A}
  9
$EXTNAMES
290
     1
  9
$PSVPSCALE
 40
0.0
  9
$OLESTARTUP
290
     0
  9
$SORTENTS
280
   127
  9
$INDEXCTL
280
     0
  9
$HIDETEXT
280
     1
  9
$XCLIPFRAME
280
     2
  9
$HALOGAP
280
     0
  9
$OBSCOLOR
 70
   257
  9
$OBSLTYPE
280
     0
  9
$INTERSECTIONDISPLAY
280
     0
  9
$INTERSECTIONCOLOR
 70
   257
  9
$DIMASSOC
280
     2
  9
$PROJECTNAME
  1

  9
$CAMERADISPLAY
290
     0
  9
$LENSLENGTH
 40
50.0
  9
$CAMERAHEIGHT
 40
0.0
  9
$STEPSPERSEC
 40
2.0
  9
$STEPSIZE
 40
6.0
  9
$3DDWFPREC
 40
2.0
  9
$PSOLWIDTH
 40
0.25
  9
$PSOLHEIGHT
 40
4.0
  9
$LOFTANG1
 40
1.570796326794897
  9
$LOFTANG2
 40
1.570796326794897
  9
$LOFTMAG1
 40
0.0
  9
$LOFTMAG2
 40
0.0
  9
$LOFTPARAM
 70
     7
  9
$LOFTNORMALS
280
     1
  9
$LATITUDE
 40
37.795
  9
$LONGITUDE
 40
-122.394
  9
$NORTHDIRECTION
 40
0.0
  9
$TIMEZONE
 70
 -8000
  9
$LIGHTGLYPHDISPLAY
280
     1
  9
$TILEMODELIGHTSYNCH
280
     1
  9
$CMATERIAL
347
96
  9
$SOLIDHIST
280
     0
  9
$SHOWHIST
280
     1
  9
$DWFFRAME
280
     2
  9
$DGNFRAME
280
     0
  9
$REALWORLDSCALE
290
     1
  9
$INTERFERECOLOR
 62
     1
  9
$CSHADOW
280
     0
  9
$SHADOWPLANELOCATION
 40
0.0
  0
ENDSEC
  0
SECTION
  2
CLASSES
  0
CLASS
  1
ACDBDICTIONARYWDFLT
  2
AcDbDictionaryWithDefault
  3
ObjectDBX Classes
 90
        0
 91
        3
280
     0
281
     0
  0
CLASS
  1
ACDBPLACEHOLDER
  2
AcDbPlaceHolder
  3
ObjectDBX Classes
 90
        0
 91
        1
280
     0
281
     0
  0
CLASS
  1
LAYOUT
  2
AcDbLayout
  3
ObjectDBX Classes
 90
        0
 91
        1
280
     0
281
     0
  0
CLASS
  1
DICTIONARYVAR
  2
AcDbDictionaryVar
  3
ObjectDBX Classes
 90
        0
 91
        3
280
     0
281
     0
  0
CLASS
  1
TABLESTYLE
  2
AcDbTableStyle
  3
ObjectDBX Classes
 90
     4095
 91
        3
280
     0
281
     0
  0
CLASS
  1
MATERIAL
  2
AcDbMaterial
  3
ObjectDBX Classes
 90
     1153
 91
        3
280
     0
281
     0
  0
CLASS
  1
VISUALSTYLE
  2
AcDbVisualStyle
  3
ObjectDBX Classes
 90
     4095
 91
        3
280
     0
281
     0
  0
CLASS
  1
SCALE
  2
AcDbScale
  3
ObjectDBX Classes
 90
     1153
 91
        3
280
     0
281
     0
  0
CLASS
  1
MLEADERSTYLE
  2
AcDbMLeaderStyle
  3
ACDB_MLEADERSTYLE_CLASS
 90
     4095
 91
        3
280
     0
281
     0
  0
CLASS
  1
CELLSTYLEMAP
  2
AcDbCellStyleMap
  3
ObjectDBX Classes
 90
     1152
 91
        3
280
     0
281
     0
  0
CLASS
  1
EXACXREFPANELOBJECT
  2
ExAcXREFPanelObject
  3
EXAC_ESW
 90
     1025
 91
        1
280
     1
281
     0
  0
CLASS
  1
NPOCOLLECTION
  2
AcDbImpNonPersistentObjectsCollection
  3
ObjectDBX Classes
 90
     1153
 91
        1
280
     1
281
     0
  0
CLASS
  1
LAYER_INDEX
  2
AcDbLayerIndex
  3
ObjectDBX Classes
 90
        0
 91
        3
280
     0
281
     0
  0
CLASS
  1
SPATIAL_INDEX
  2
AcDbSpatialIndex
  3
AutoCAD 2000
 90
        0
 91
        3
280
     0
281
     0
  0
CLASS
  1
IDBUFFER
  2
AcDbIdBuffer
  3
ObjectDBX Classes
 90
        0
 91
        3
280
     0
281
     0
  0
CLASS
  1
ACDBSECTIONVIEWSTYLE
  2
AcDbSectionViewStyle
  3
ObjectDBX Classes
 90
     1025
 91
        3
280
     0
281
     0
  0
CLASS
  1
ACDBDETAILVIEWSTYLE
  2
AcDbDetailViewStyle
  3
ObjectDBX Classes
 90
     1025
 91
        3
280
     0
281
     0
  0
CLASS
  1
ACAD_EVALUATION_GRAPH
  2
AcDbEvalGraph
  3
ObjectDBX Classes
 90
     1153
 91
        3
280
     0
281
     0
  0
CLASS
  1
ACAECUSTOBJ
  2
AcAeEditorObj
  3
AcAeEditorObj
 90
     1024
 91
        1
280
     1
281
     0
  0
CLASS
  1
ACDB_DYNAMICBLOCKPURGEPREVENTER_VERSION
  2
AcDbDynamicBlockPurgePreventer
  3
ObjectDBX Classes
 90
     1153
 91
        3
280
     0
281
     0
  0
CLASS
  1
SORTENTSTABLE
  2
AcDbSortentsTable
  3
ObjectDBX Classes
 90
        0
 91
        3
280
     0
281
     0
  0
CLASS
  1
MULTILEADER
  2
AcDbMLeader
  3
ACDB_MLEADER_CLASS
 90
     1025
 91
        3
280
     0
281
     1
  0
CLASS
  1
DIMASSOC
  2
AcDbDimAssoc
  3
"AcDbDimAssoc|Product Desc:     AcDim ARX App For Dimension|Company:          Autodesk, Inc.|WEB Address:      www.autodesk.com"
 90
        0
 91
        3
280
     0
281
     0
  0
CLASS
  1
SUN
  2
AcDbSun
  3
SCENEOE
 90
     1153
 91
        3
280
     0
281
     0
  0
CLASS
  1
RASTERVARIABLES
  2
AcDbRasterVariables
  3
ISM
 90
        0
 91
        3
280
     0
281
     0
  0
CLASS
  1
FIELD
  2
AcDbField
  3
ObjectDBX Classes
 90
     1152
 91
        3
280
     0
281
     0
  0
CLASS
  1
FIELDLIST
  2
AcDbFieldList
  3
ObjectDBX Classes
 90
     1152
 91
        3
280
     0
281
     0
  0
CLASS
  1
MENTALRAYRENDERSETTINGS
  2
AcDbMentalRayRenderSettings
  3
SCENEOE
 90
     1024
 91
        3
280
     0
281
     0
  0
ENDSEC
  0
SECTION
  2
TABLES
  0
TABLE
  2
VPORT
  5
8
330
0
100
AcDbSymbolTable
 70
     1
  0
VPORT
  5
8463
330
8
100
AcDbSymbolTableRecord
100
AcDbViewportTableRecord
  2
*Active
 70
     0
 10
0.0
 20
0.0
 11
1.0
 21
1.0
 12
-14.95566389777613
 22
-128.7862927817872
 13
0.0
 23
0.0
 14
0.5
 24
0.5
 15
0.5
 25
0.5
 16
0.0
 26
0.0
 36
1.0
 17
210.0
 27
297.1143721602857
 37
0.0
 40
247.9081054502637
 41
3.392226148409894
 42
50.0
 43
0.0
 44
0.0
 50
0.0
 51
0.0
 71
    16
 72
  1000
 73
     1
 74
     3
 75
     0
 76
     1
 77
     0
 78
     1
281
     0
 65
     1
110
0.0
120
0.0
130
0.0
111
1.0
121
0.0
131
0.0
112
0.0
122
1.0
132
0.0
 79
     0
146
0.0
348
9F
 60
     3
 61
     5
292
     1
282
     1
141
0.0
142
0.0
 63
   250
421
  3355443
361
8464
1001
ACAD_NAV_VCDISPLAY
1070
     3
  0
ENDTAB
  0
TABLE
  2
LTYPE
  5
5
330
0
100
AcDbSymbolTable
 70
     2
  0
LTYPE
  5
14
330
5
100
AcDbSymbolTableRecord
100
AcDbLinetypeTableRecord
  2
ByBlock
 70
     0
  3

 72
    65
 73
     0
 40
0.0
  0
LTYPE
  5
15
330
5
100
AcDbSymbolTableRecord
100
AcDbLinetypeTableRecord
  2
ByLayer
 70
     0
  3

 72
    65
 73
     0
 40
0.0
  0
LTYPE
  5
16
330
5
100
AcDbSymbolTableRecord
100
AcDbLinetypeTableRecord
  2
Continuous
 70
     0
  3
Solid line
 72
    65
 73
     0
 40
0.0
  0
LTYPE
  5
35CA
330
5
100
AcDbSymbolTableRecord
100
AcDbLinetypeTableRecord
  2
ACAD_ISO02W100
 70
     0
  3
ISO dash __ __ __ __ __ __ __ __ __ __ __ __ __
 72
    65
 73
     2
 40
15.0
 49
12.0
 74
     0
 49
-3.0
 74
     0
  0
ENDTAB
  0
TABLE
  2
LAYER
  5
2
102
{ACAD_XDICTIONARY
360
18E
102
}
330
0
100
AcDbSymbolTable
 70
     6
  0
LAYER
  5
10
330
2
100
AcDbSymbolTableRecord
100
AcDbLayerTableRecord
  2
0
 70
     0
 62
     7
  6
Continuous
370
    -3
390
F
347
98
348
0
  0
LAYER
  5
261
330
2
100
AcDbSymbolTableRecord
100
AcDbLayerTableRecord
  2
FUZEBLOCK.INSERT
 70
     0
 62
     7
  6
Continuous
370
    -3
390
F
347
98
348
0
  0
LAYER
  5
262
330
2
100
AcDbSymbolTableRecord
100
AcDbLayerTableRecord
  2
FUZEBLOCK.LAYER
 70
     0
 62
     7
  6
Continuous
370
    -3
390
F
347
98
348
0
  0
LAYER
  5
263
330
2
100
AcDbSymbolTableRecord
100
AcDbLayerTableRecord
  2
FUZEENDBLOCK.INSERT
 70
     0
 62
     7
  6
Continuous
370
    -3
390
F
347
98
348
0
  0
LAYER
  5
264
330
2
100
AcDbSymbolTableRecord
100
AcDbLayerTableRecord
  2
FUZEENDBLOCK.LAYER
 70
     0
 62
     7
  6
Continuous
370
    -3
390
F
347
98
348
0
  0
LAYER
  5
35C7
330
2
100
AcDbSymbolTableRecord
100
AcDbLayerTableRecord
  2
PPTC
 70
     0
 62
     7
  6
Continuous
370
    -3
390
F
347
98
348
0
1001
AcAecLayerStandard
1000

1000

1001
AcCmTransparency
1071
        0
  0
ENDTAB
  0
TABLE
  2
STYLE
  5
3
330
0
100
AcDbSymbolTable
 70
     3
  0
STYLE
  5
11
330
3
100
AcDbSymbolTableRecord
100
AcDbTextStyleTableRecord
  2
Standard
 70
     0
 40
0.0
 41
1.0
 50
0.0
 71
     0
 42
2.2
  3
arial.ttf
  4

1001
ACAD
1000
Arial
1071
       34
  0
STYLE
  5
266
330
3
100
AcDbSymbolTableRecord
100
AcDbTextStyleTableRecord
  2
isocp.shx
 70
     0
 40
0.0
 41
1.0
 50
0.0
 71
     0
 42
0.2
  3
isocp.shx
  4

  0
STYLE
  5
398
330
3
100
AcDbSymbolTableRecord
100
AcDbTextStyleTableRecord
  2
ISOCP
 70
     0
 40
0.0
 41
1.0
 50
0.0
 71
     0
 42
2.0
  3
isocp.shx
  4

  0
ENDTAB
  0
TABLE
  2
VIEW
  5
6
330
0
100
AcDbSymbolTable
 70
     0
  0
ENDTAB
  0
TABLE
  2
UCS
  5
7
330
0
100
AcDbSymbolTable
 70
     0
  0
ENDTAB
  0
TABLE
  2
APPID
  5
9
330
0
100
AcDbSymbolTable
 70
    25
  0
APPID
  5
12
330
9
100
AcDbSymbolTableRecord
100
AcDbRegAppTableRecord
  2
ACAD
 70
     0
  0
APPID
  5
DD
330
9
100
AcDbSymbolTableRecord
100
AcDbRegAppTableRecord
  2
AcadAnnoPO
 70
     0
  0
APPID
  5
DE
330
9
100
AcDbSymbolTableRecord
100
AcDbRegAppTableRecord
  2
AcadAnnotative
 70
     0
  0
APPID
  5
DF
330
9
100
AcDbSymbolTableRecord
100
AcDbRegAppTableRecord
  2
ACAD_DSTYLE_DIMJAG
 70
     0
  0
APPID
  5
E0
330
9
100
AcDbSymbolTableRecord
100
AcDbRegAppTableRecord
  2
ACAD_DSTYLE_DIMTALN
 70
     0
  0
APPID
  5
107
330
9
100
AcDbSymbolTableRecord
100
AcDbRegAppTableRecord
  2
ACAD_MLEADERVER
 70
     0
  0
APPID
  5
1A6
330
9
100
AcDbSymbolTableRecord
100
AcDbRegAppTableRecord
  2
ACAD_NAV_VCDISPLAY
 70
     0
  0
APPID
  5
284
330
9
100
AcDbSymbolTableRecord
100
AcDbRegAppTableRecord
  2
ACAD_EXEMPT_FROM_CAD_STANDARDS
 70
     0
  0
APPID
  5
29A
330
9
100
AcDbSymbolTableRecord
100
AcDbRegAppTableRecord
  2
AcDbDynamicBlockGUID
 70
     0
  0
APPID
  5
29B
330
9
100
AcDbSymbolTableRecord
100
AcDbRegAppTableRecord
  2
AcDbBlockRepETag
 70
     0
  0
APPID
  5
2D3
330
9
100
AcDbSymbolTableRecord
100
AcDbRegAppTableRecord
  2
ACAUTHENVIRON
 70
     0
  0
APPID
  5
2D6
330
9
100
AcDbSymbolTableRecord
100
AcDbRegAppTableRecord
  2
AcDbDynamicBlockTrueName
 70
     0
  0
APPID
  5
4C9
330
9
100
AcDbSymbolTableRecord
100
AcDbRegAppTableRecord
  2
ACAD_PSEXT
 70
     0
  0
APPID
  5
D7A
330
9
100
AcDbSymbolTableRecord
100
AcDbRegAppTableRecord
  2
GradientColor1ACI
 70
     0
  0
APPID
  5
D7B
330
9
100
AcDbSymbolTableRecord
100
AcDbRegAppTableRecord
  2
GradientColor2ACI
 70
     0
  0
APPID
  5
35C8
330
9
100
AcDbSymbolTableRecord
100
AcDbRegAppTableRecord
  2
AcAecLayerStandard
 70
     0
  0
APPID
  5
35C9
330
9
100
AcDbSymbolTableRecord
100
AcDbRegAppTableRecord
  2
AcCmTransparency
 70
     0
  0
APPID
  5
3FF2
330
9
100
AcDbSymbolTableRecord
100
AcDbRegAppTableRecord
  2
Acad_TC
 70
     0
  0
APPID
  5
4D58
330
9
100
AcDbSymbolTableRecord
100
AcDbRegAppTableRecord
  2
GENIUS_GENODEF_13
 70
     0
  0
APPID
  5
4D59
330
9
100
AcDbSymbolTableRecord
100
AcDbRegAppTableRecord
  2
GENIUS_GENOBJ-N-CEN_13
 70
     0
  0
APPID
  5
4D5A
330
9
100
AcDbSymbolTableRecord
100
AcDbRegAppTableRecord
  2
GENIUS_GENCEN_19
 70
     0
  0
APPID
  5
4D6D
330
9
100
AcDbSymbolTableRecord
100
AcDbRegAppTableRecord
  2
AcDbDynamicBlockTrueName2
 70
     0
  0
APPID
  5
4D6E
330
9
100
AcDbSymbolTableRecord
100
AcDbRegAppTableRecord
  2
AcDbBlockRepBTag
 70
     0
  0
APPID
  5
8109
330
9
100
AcDbSymbolTableRecord
100
AcDbRegAppTableRecord
  2
HATCHBACKGROUNDCOLOR
 70
     0
  0
APPID
  5
810A
330
9
100
AcDbSymbolTableRecord
100
AcDbRegAppTableRecord
  2
EZDXF
 70
     0
  0
ENDTAB
  0
TABLE
  2
DIMSTYLE
  5
A
330
0
100
AcDbSymbolTable
 70
     1
100
AcDbDimStyleTable
  0
DIMSTYLE
105
27
330
A
100
AcDbSymbolTableRecord
100
AcDbDimStyleTableRecord
  2
Standard
 70
     0
 41
2.5
 42
0.625
 43
3.75
 44
1.25
 49
2.5
 73
     0
 74
     0
 77
     1
 78
     8
 79
     3
140
2.5
141
2.5
143
0.03937007874
147
0.625
171
     3
172
     1
178
     0
179
     2
271
     2
272
     2
274
     3
278
    44
283
     0
284
     8
340
11
  0
ENDTAB
  0
TABLE
  2
BLOCK_RECORD
  5
1
330
0
100
AcDbSymbolTable
 70
     9
  0
BLOCK_RECORD
  5
1F
102
{ACAD_XDICTIONARY
360
15D
102
}
330
1
100
AcDbSymbolTableRecord
100
AcDbBlockTableRecord
  2
*Model_Space
340
22
 70
     0
280
     1
281
     0
  0
BLOCK_RECORD
  5
58
330
1
100
AcDbSymbolTableRecord
100
AcDbBlockTableRecord
  2
*Paper_Space
340
59
 70
     0
280
     1
281
     0
  0
BLOCK_RECORD
  5
5D
330
1
100
AcDbSymbolTableRecord
100
AcDbBlockTableRecord
  2
*Paper_Space0
340
5E
 70
     0
280
     1
281
     0
  0
BLOCK_RECORD
  5
245
102
{ACAD_XDICTIONARY
360
8451
102
}
330
1
100
AcDbSymbolTableRecord
100
AcDbBlockTableRecord
  2
FUZEBLOCK
340
0
102
{BLKREFS
331
7EB9
331
7EBF
331
7F6A
331
7F7C
102
}
 70
     0
280
     1
281
     0
  0
BLOCK_RECORD
  5
255
102
{ACAD_XDICTIONARY
360
1C6A
102
}
330
1
100
AcDbSymbolTableRecord
100
AcDbBlockTableRecord
  2
FUZEENDBLOCK
340
0
102
{BLKREFS
331
7EB5
331
7F0E
331
7F66
331
7F78
102
}
 70
     0
280
     1
281
     0
  0
BLOCK_RECORD
  5
54E
330
1
100
AcDbSymbolTableRecord
100
AcDbBlockTableRecord
  2
CTR
340
0
102
{BLKREFS
331
7EC5
331
7ECB
331
7ECF
331
7ED4
331
7ED8
331
7EDD
331
7EE1
331
7EE6
331
7EEA
331
7EEF
331
7EF3
331
7EF8
331
7EFC
331
7F01
331
7F05
331
7F0A
331
7F25
331
7F2A
331
7F2E
331
7F32
331
7F36
331
7F3A
331
7F3E
331
7F42
102
}
 70
     4
280
     1
281
     0
1001
AcDbDynamicBlockGUID
1000
{D98DF382-C499-804D-8F9D-D42EB6DCC171}
  0
BLOCK_RECORD
  5
931
102
{ACAD_XDICTIONARY
360
82CF
102
}
330
1
100
AcDbSymbolTableRecord
100
AcDbBlockTableRecord
  2
Front_Contact
340
0
102
{BLKREFS
331
7DA1
331
7DB1
331
7E14
331
7E1C
331
7E25
331
7E2D
331
7F46
331
7F4E
331
7F56
331
7F5E
331
7F70
331
7F86
331
7FA6
331
7FAE
331
7FB7
331
7FC0
331
7FC9
331
7FEC
331
800C
331
8014
331
804F
331
8058
331
8061
331
806A
331
8073
331
807C
331
8085
331
808E
102
}
 70
     4
280
     1
281
     0
  0
BLOCK_RECORD
  5
96F
102
{ACAD_XDICTIONARY
360
8346
102
}
330
1
100
AcDbSymbolTableRecord
100
AcDbBlockTableRecord
  2
Back_Contact
340
0
102
{BLKREFS
331
7DA9
331
7E62
331
7E6A
331
7E73
331
7E7B
331
7E83
331
7E8B
331
7E93
331
7EA5
331
7EAD
331
7F8E
331
7F96
331
7F9E
331
7FD1
331
7FDA
331
7FE2
331
7FF4
331
7FFC
331
8004
331
8024
102
}
 70
     4
280
     1
281
     0
  0
BLOCK_RECORD
  5
D4B
102
{ACAD_XDICTIONARY
360
83DB
102
}
330
1
100
AcDbSymbolTableRecord
100
AcDbBlockTableRecord
  2
Relay_Coil
340
0
102
{BLKREFS
331
7DBC
331
7DC4
331
7DCE
331
7E9D
102
}
 70
     4
280
     1
281
     0
  0
BLOCK_RECORD
  5
3952
102
{ACAD_XDICTIONARY
360
3953
102
}
330
1
100
AcDbSymbolTableRecord
100
AcDbBlockTableRecord
  2
24PPTC
340
0
102
{BLKREFS
331
7EBE
331
7EC4
331
7F6F
331
7F81
102
}
 70
     4
280
     0
281
     0
1001
AcDbDynamicBlockGUID
1000
{90777C36-EEB0-9F49-AED9-E1BD26B6E866}
  0
BLOCK_RECORD
  5
819C
330
1
100
AcDbSymbolTableRecord
100
AcDbBlockTableRecord
  2
FRONT_REPEATER
340
0
102
{BLKREFS
331
820B
331
8213
331
821B
331
8223
331
825D
331
8265
331
826D
331
8275
331
827D
331
8285
331
828D
331
8295
102
}
 70
     4
280
     1
281
     0
  0
ENDTAB
  0
ENDSEC
  0
SECTION
  2
BLOCKS
  0
BLOCK
  5
20
330
1F
100
AcDbEntity
  8
0
100
AcDbBlockBegin
  2
*Model_Space
 70
     0
 10
0.0
 20
0.0
 30
0.0
  3
*Model_Space
  1

  0
ENDBLK
  5
21
330
1F
100
AcDbEntity
  8
0
100
AcDbBlockEnd
  0
BLOCK
  5
5A
330
58
100
AcDbEntity
 67
     1
  8
0
100
AcDbBlockBegin
  2
*Paper_Space
 70
     0
 10
0.0
 20
0.0
 30
0.0
  3
*Paper_Space
  1

  0
ENDBLK
  5
5B
330
58
100
AcDbEntity
 67
     1
  8
0
100
AcDbBlockEnd
  0
BLOCK
  5
5F
330
5D
100
AcDbEntity
  8
0
100
AcDbBlockBegin
  2
*Paper_Space0
 70
     0
 10
0.0
 20
0.0
 30
0.0
  3
*Paper_Space0
  1

  0
ENDBLK
  5
60
330
5D
100
AcDbEntity
  8
0
100
AcDbBlockEnd
  0
BLOCK
  5
8454
330
245
100
AcDbEntity
  8
FUZEBLOCK.LAYER
100
AcDbBlockBegin
  2
FUZEBLOCK
 70
     2
 10
0.0
 20
0.0
 30
0.0
  3
FUZEBLOCK
  1

  0
ATTDEF
  5
8455
330
245
100
AcDbEntity
  8
0
100
AcDbText
 10
-2.888152200939416
 20
-1.168051739116292
 30
1.0
 40
2.726854704138358
  1

  7
isocp.shx
 72
     2
 11
-2.888152200939416
 21
0.195375612952887
 31
1.0
100
AcDbAttributeDefinition
  3
Enter +ve Voltage
  2
VOLT
 70
     0
 74
     2
280
     0
 71
     1
 72
     0
 11
-2.888152200939416
 21
0.195375612952887
 31
1.0
  0
ATTDEF
  5
8456
330
245
100
AcDbEntity
  8
0
100
AcDbText
 10
2.100000000000009
 20
-5.363427352069122
 30
1.0
 40
2.726854704138358
  1

  7
isocp.shx
 72
     1
 11
2.100000000000009
 21
-3.999999999999943
 31
1.0
100
AcDbAttributeDefinition
  3
Enter Terminal Number
  2
FTOT
 70
     0
 74
     2
280
     0
 71
     1
 72
     0
 11
2.100000000000009
 21
-3.999999999999943
 31
1.0
  0
ATTDEF
  5
8457
330
245
100
AcDbEntity
  8
0
100
AcDbText
 10
16.68326709098946
 20
2.636572647930878
 30
1.0
 40
2.726854704138358
  1

  7
isocp.shx
 72
     1
 11
16.68326709098946
 21
4.000000000000057
 31
1.0
100
AcDbAttributeDefinition
  3
Enter Fuse Rating
  2
FUSEVALUE
 70
     0
 74
     2
280
     0
 71
     1
 72
     0
 11
16.68326709098946
 21
4.000000000000057
 31
1.0
  0
POLYLINE
  5
8458
330
245
100
AcDbEntity
  8
0
100
AcDb3dPolyline
 66
     1
 10
0.0
 20
0.0
 30
0.0
 70
     8
  0
VERTEX
  5
8459
330
8458
100
AcDbEntity
  8
0
100
AcDbVertex
100
AcDb3dPolylineVertex
 10
0.0
 20
1.000000000000057
 30
0.0
 70
    32
  0
VERTEX
  5
845A
330
8458
100
AcDbEntity
  8
0
100
AcDbVertex
100
AcDb3dPolylineVertex
 10
3.0
 20
0.0000000000000568
 30
0.0
 70
    32
  0
VERTEX
  5
845B
330
8458
100
AcDbEntity
  8
0
100
AcDbVertex
100
AcDb3dPolylineVertex
 10
0.0
 20
-1.0
 30
0.0
 70
    32
  0
SEQEND
  5
845C
330
8458
100
AcDbEntity
  8
0
  0
LINE
  5
845D
330
245
100
AcDbEntity
  8
0
100
AcDbLine
 10
3.0
 20
0.0000000000000568
 30
0.0
 11
11.0
 21
0.0000000000000568
 31
0.0
  0
LWPOLYLINE
  5
845E
330
245
100
AcDbEntity
  8
0
100
AcDbPolyline
 90
        2
 70
     1
 43
1.0
 10
11.25000000000001
 20
0.0000000000000568
 42
-1.0
 10
12.25000000000001
 20
0.0000000000000568
 42
-1.0
  0
ARC
  5
845F
330
245
100
AcDbEntity
  8
0
100
AcDbCircle
 10
14.25
 20
0.0000000000000568
 30
0.0
 40
2.5
100
AcDbArc
 50
0.0
 51
180.0
  0
ARC
  5
8460
330
245
100
AcDbEntity
  8
0
100
AcDbCircle
 10
19.25000000000001
 20
0.0000000000000568
 30
0.0
 40
2.5
100
AcDbArc
 50
180.0
 51
0.0
  0
LWPOLYLINE
  5
8461
330
245
100
AcDbEntity
  8
0
100
AcDbPolyline
 90
        2
 70
     1
 43
1.0
 10
21.25000000000001
 20
0.0000000000000568
 42
-1.0
 10
22.25
 20
0.0000000000000568
 42
-1.0
  0
ENDBLK
  5
8462
330
245
100
AcDbEntity
  8
FUZEBLOCK.LAYER
100
AcDbBlockEnd
  0
BLOCK
  5
256
330
255
100
AcDbEntity
  8
FUZEENDBLOCK.LAYER
100
AcDbBlockBegin
  2
FUZEENDBLOCK
 70
     2
 10
0.0
 20
0.0
 30
0.0
  3
FUZEENDBLOCK
  1

  0
ATTDEF
  5
257
330
255
100
AcDbEntity
  8
0
100
AcDbText
 10
10.85000038146969
 20
2.204714263043164
 30
1.0
 40
2.590571473913671
  1

  7
isocp.shx
 72
     1
 11
10.85000038146969
 21
3.5
 31
1.0
100
AcDbAttributeDefinition
  3
Enter -ve Voltage
  2
VOLT
 70
     0
 74
     2
280
     0
 71
     1
 72
     0
 11
10.85000038146969
 21
3.5
 31
1.0
  0
ATTDEF
  5
258
330
255
100
AcDbEntity
  8
0
100
AcDbText
 10
10.85000038146969
 20
-5.295285736956893
 30
1.0
 40
2.590571473913671
  1

  7
isocp.shx
 72
     1
 11
10.85000038146969
 21
-4.000000000000057
 31
1.0
100
AcDbAttributeDefinition
  3
Enter Terminal Number
  2
FTOT
 70
     0
 74
     2
280
     0
 71
     1
 72
     0
 11
10.85000038146969
 21
-4.000000000000057
 31
1.0
  0
POLYLINE
  5
259
330
255
100
AcDbEntity
  8
0
100
AcDb3dPolyline
 66
     1
 10
0.0
 20
0.0
 30
0.0
 70
     8
  0
VERTEX
  5
23E9
330
259
100
AcDbEntity
  8
0
100
AcDbVertex
100
AcDb3dPolylineVertex
 10
3.0
 20
1.0
 30
0.0
 70
    32
  0
VERTEX
  5
23EA
330
259
100
AcDbEntity
  8
0
100
AcDbVertex
100
AcDb3dPolylineVertex
 10
0.0
 20
0.0
 30
0.0
 70
    32
  0
VERTEX
  5
23EB
330
259
100
AcDbEntity
  8
0
100
AcDbVertex
100
AcDb3dPolylineVertex
 10
3.0
 20
-1.000000000000057
 30
0.0
 70
    32
  0
SEQEND
  5
23EC
330
259
100
AcDbEntity
  8
0
  0
LINE
  5
25E
330
255
100
AcDbEntity
  8
0
100
AcDbLine
 10
0.0
 20
0.0
 30
0.0
 11
21.75000000000001
 21
0.0
 31
0.0
  0
LWPOLYLINE
  5
25F
330
255
100
AcDbEntity
  8
0
100
AcDbPolyline
 90
        2
 70
     1
 43
1.0
 10
21.25
 20
0.0
 42
-1.0
 10
22.24999999999999
 20
0.0
 42
-1.0
  0
LWPOLYLINE
  5
23EF
330
255
100
AcDbEntity
  8
0
100
AcDbPolyline
 90
        2
 70
     1
 43
1.0
 10
10.375
 20
0.0
 42
-1.0
 10
11.37499999999999
 20
0.0
 42
-1.0
  0
ENDBLK
  5
260
330
255
100
AcDbEntity
  8
FUZEENDBLOCK.LAYER
100
AcDbBlockEnd
  0
BLOCK
  5
54F
330
54E
100
AcDbEntity
  8
0
100
AcDbBlockBegin
  2
CTR
 70
     2
 10
0.0
 20
0.0
 30
0.0
  3
CTR
  1

  0
LWPOLYLINE
  5
5B9
330
54E
100
AcDbEntity
  8
0
 62
     0
100
AcDbPolyline
 90
        2
 70
     1
 43
0.45
 10
-0.2250000000000227
 20
0.0
 42
1.0
 10
0.2250000000000227
 20
0.0
 42
1.0
  0
ARC
  5
5BA
330
54E
100
AcDbEntity
  8
0
 62
     0
100
AcDbCircle
 10
0.0000006207004047
 20
-0.0000000000001926
 30
0.0
 40
0.9999999999999999
100
AcDbArc
 50
89.99999999999999
 51
269.9999288729762
  0
ATTDEF
  5
5BB
330
54E
100
AcDbEntity
  8
0
100
AcDbText
 10
-2.520833333333333
 20
2.030550486234711
 30
0.0
 40
2.2
  1
CTR
  7
ISOCP
 72
     1
 11
0.0
 21
3.130550486234711
 31
0.0
100
AcDbAttributeDefinition
  3

  2
CTR
 70
     0
 74
     2
280
     0
 71
     1
 72
     0
 11
0.0
 21
3.130550486234711
 31
0.0
  0
ATTDEF
  5
5BC
330
54E
100
AcDbEntity
  8
0
 62
     0
100
AcDbText
 10
-1.537708333333333
 20
-4.2
 30
0.0
 40
2.2
  1
??
  7
ISOCP
 72
     1
 11
0.0
 21
-2.0
 31
0.0
100
AcDbAttributeDefinition
  3

  2
POS
 70
     0
 74
     3
280
     0
 71
     1
 72
     0
 11
0.0
 21
-2.0
 31
0.0
  0
ENDBLK
  5
554
330
54E
100
AcDbEntity
  8
0
100
AcDbBlockEnd
  0
BLOCK
  5
82D2
330
931
100
AcDbEntity
  8
0
100
AcDbBlockBegin
  2
Front_Contact
 70
     2
 10
0.0
 20
0.0
 30
0.0
  3
Front_Contact
  1

  4
Front contact for positive supply
  0
LWPOLYLINE
  5
82D3
330
931
100
AcDbEntity
  8
0
 62
     0
100
AcDbPolyline
 90
        2
 70
     0
 43
0.0
 10
8.000000000000014
 20
0.0
 10
-0.0000000000000142
 20
0.0
  0
LWPOLYLINE
  5
82D4
330
931
100
AcDbEntity
  8
0
 62
     0
100
AcDbPolyline
 90
        2
 70
     1
 43
0.7500000000000004
 10
-0.3750000000000284
 20
0.0
 42
1.0
 10
0.3750000000000142
 20
0.0
 42
1.0
  0
LWPOLYLINE
  5
82D5
330
931
100
AcDbEntity
  8
0
 62
     0
100
AcDbPolyline
 90
        3
 70
     0
 43
0.0
 10
8.749999999999986
 20
1.499999999999943
 10
8.000000000000014
 20
0.0
 10
7.250000000000114
 20
1.499999999999943
  0
ATTDEF
  5
82D6
330
931
100
AcDbEntity
  8
0
100
AcDbText
 10
-1.57954452748191
 20
4.95074480462671
 30
0.0
 40
2.146838776105253
  1
S_NAME
  7
ISOCP
 72
     1
 11
3.999999999999972
 21
6.024164192679336
 31
0.0
100
AcDbAttributeDefinition
  3
Signal Name
  2
S_NAME
 70
     0
 74
     2
280
     0
 71
     1
 72
     0
 11
3.999999999999972
 21
6.024164192679336
 31
0.0
  0
ATTDEF
  5
82D7
330
931
100
AcDbEntity
  8
0
100
AcDbText
 10
3.999999999999972
 20
1.889507054337628
 30
0.0
 40
2.146838776105253
  1

  7
ISOCP
 72
     1
 11
3.999999999999972
 21
2.962926442390255
 31
0.0
100
AcDbAttributeDefinition
  3
Relay Name
  2
R_NAME
 70
     0
 74
     2
280
     0
 71
     1
 72
     0
 11
3.999999999999972
 21
2.962926442390255
 31
0.0
  0
ATTDEF
  5
82D8
330
931
100
AcDbEntity
  8
0
 62
     0
100
AcDbText
 10
-0.0000000000000142
 20
-3.402879824275172
 30
0.0
 40
2.146838776105253
  1

  7
ISOCP
 72
     1
 11
-0.0000000000000142
 21
-1.256041048169919
 31
0.0
100
AcDbAttributeDefinition
  3
ARM
  2
A
 70
     0
 74
     3
280
     0
 71
     1
 72
     0
 11
-0.0000000000000142
 21
-1.256041048169919
 31
0.0
  0
ATTDEF
  5
82D9
330
931
100
AcDbEntity
  8
0
 62
     0
100
AcDbText
 10
8.000000000000014
 20
-3.402879824275172
 30
0.0
 40
2.146838776105253
  1

  7
ISOCP
 72
     1
 11
8.000000000000014
 21
-1.256041048169919
 31
0.0
100
AcDbAttributeDefinition
  3
FRONT
  2
F
 70
     0
 74
     3
280
     0
 71
     1
 72
     0
 11
8.000000000000014
 21
-1.256041048169919
 31
0.0
  0
ATTDEF
  5
82DA
330
931
100
AcDbEntity
  8
0
100
AcDbText
 10
3.250842718754924
 20
-3.361661887295639
 30
0.0
 40
2.146838776105253
  1
C
  7
ISOCP
 72
     1
 11
3.999999999999986
 21
-2.288242499243012
 31
0.0
100
AcDbAttributeDefinition
  3
C
  2
C
 70
     0
 74
     2
280
     0
 71
     1
 72
     0
 11
3.999999999999986
 21
-2.288242499243012
 31
0.0
  0
ATTDEF
  5
82DB
330
931
100
AcDbEntity
  8
0
100
AcDbText
 10
3.963898369493535
 20
7.824098831424181
 30
0.0
 40
2.146838776105253
  1

  7
ISOCP
 72
     1
 11
3.963898369493535
 21
8.897518219476808
 31
0.0
100
AcDbAttributeDefinition
  3
Relay position
  2
R(POS)
 70
     0
 74
     2
280
     0
 71
     1
 72
     0
 11
3.963898369493535
 21
8.897518219476808
 31
0.0
  0
ATTDEF
  5
82DC
330
931
100
AcDbEntity
  8
0
100
AcDbText
 10
4.294092224066043
 20
-6.282583853907254
 30
0.0
 40
2.0
  1

  7
ISOCP
 72
     1
 11
4.294092224066043
 21
-5.282583853907254
 31
0.0
100
AcDbAttributeDefinition
  3
WIRING_CNT
  2
WIRING
 70
     5
 74
     2
280
     1
 71
     1
 72
     0
 11
4.294092224066043
 21
-5.282583853907254
 31
0.0
  0
ATTDEF
  5
82DD
330
931
100
AcDbEntity
  8
0
100
AcDbText
 10
4.596992224066042
 20
-10.01548385390726
 30
0.0
 40
2.0
  1

  7
ISOCP
 72
     1
 11
4.596992224066042
 21
-9.015483853907256
 31
0.0
100
AcDbAttributeDefinition
  3
DIRECTION OF CONTACT
  2
DOC
 70
     5
 74
     2
280
     1
 71
     1
 72
     0
 11
4.596992224066042
 21
-9.015483853907256
 31
0.0
  0
ENDBLK
  5
82DE
330
931
100
AcDbEntity
  8
0
100
AcDbBlockEnd
  0
BLOCK
  5
8349
330
96F
100
AcDbEntity
  8
0
100
AcDbBlockBegin
  2
Back_Contact
 70
     2
 10
0.0
 20
0.0
 30
0.0
  3
Back_Contact
  1

  4
Back contact for positive supply
  0
LINE
  5
834A
330
96F
100
AcDbEntity
  8
0
 62
     0
100
AcDbLine
 10
8.750004609883732
 20
-1.499992178913061
 30
0.0
 11
8.000004609883732
 21
0.0000078210868821
 31
0.0
  0
LINE
  5
834B
330
96F
100
AcDbEntity
  8
0
 62
     0
100
AcDbLine
 10
8.000004609883732
 20
0.0000078210868821
 30
0.0
 11
7.250004609883831
 21
-1.499992178913061
 31
0.0
  0
LWPOLYLINE
  5
834C
330
96F
100
AcDbEntity
  8
0
 62
     0
100
AcDbPolyline
 90
        2
 70
     1
 43
0.7500000000000003
 10
-0.3749953901162826
 20
0.0000078210868821
 42
1.0
 10
0.3750046098837174
 20
0.0000078210868821
 42
1.0
  0
LWPOLYLINE
  5
834D
330
96F
100
AcDbEntity
  8
0
 62
     0
100
AcDbPolyline
 90
        2
 70
     0
 43
0.0
 10
8.000004609883959
 20
-0.0000000000000284
 10
0.0000046098838311
 20
-0.0000000000000284
  0
ATTDEF
  5
834E
330
96F
100
AcDbEntity
  8
0
100
AcDbText
 10
-2.008735650481454
 20
4.950752625713708
 30
0.0
 40
2.311980220421041
  1
S_NAME
  7
ISOCP
 72
     1
 11
4.000004609883646
 21
6.106742735924229
 31
0.0
100
AcDbAttributeDefinition
  3
Signal Name
  2
S_NAME
 70
     0
 74
     2
280
     0
 71
     1
 72
     0
 11
4.000004609883646
 21
6.106742735924229
 31
0.0
  0
ATTDEF
  5
834F
330
96F
100
AcDbEntity
  8
0
100
AcDbText
 10
4.00000460988359
 20
1.889514875424655
 30
0.0
 40
2.311980220421041
  1

  7
ISOCP
 72
     1
 11
4.00000460988359
 21
3.045504985635176
 31
0.0
100
AcDbAttributeDefinition
  3
Relay Name
  2
R_NAME
 70
     0
 74
     2
280
     0
 71
     1
 72
     0
 11
4.00000460988359
 21
3.045504985635176
 31
0.0
  0
ATTDEF
  5
8350
330
96F
100
AcDbEntity
  8
0
 62
     0
100
AcDbText
 10
0.0000046098839448
 20
-4.068029883895881
 30
0.0
 40
2.311980220421041
  1

  7
ISOCP
 72
     1
 11
0.0000046098839448
 21
-1.75604966347484
 31
0.0
100
AcDbAttributeDefinition
  3
ARM
  2
A
 70
     0
 74
     3
280
     0
 71
     1
 72
     0
 11
0.0000046098839448
 21
-1.75604966347484
 31
0.0
  0
ATTDEF
  5
8351
330
96F
100
AcDbEntity
  8
0
 62
     0
100
AcDbText
 10
8.000004609883959
 20
-4.068029883895881
 30
0.0
 40
2.311980220421041
  1

  7
ISOCP
 72
     1
 11
8.000004609883959
 21
-1.75604966347484
 31
0.0
100
AcDbAttributeDefinition
  3
BACK
  2
B
 70
     0
 74
     3
280
     0
 71
     1
 72
     0
 11
8.000004609883959
 21
-1.75604966347484
 31
0.0
  0
ATTDEF
  5
8352
330
96F
100
AcDbEntity
  8
0
100
AcDbText
 10
3.113493534292883
 20
-3.893422972032536
 30
0.0
 40
2.311980220421041
  1
C
  7
ISOCP
 72
     1
 11
3.920278298710642
 21
-2.737432861822015
 31
0.0
100
AcDbAttributeDefinition
  3
C
  2
C
 70
     0
 74
     2
280
     0
 71
     1
 72
     0
 11
3.920278298710642
 21
-2.737432861822015
 31
0.0
  0
ATTDEF
  5
8353
330
96F
100
AcDbEntity
  8
0
100
AcDbText
 10
3.992258694013771
 20
7.82410665251118
 30
0.0
 40
2.311980220421041
  1

  7
ISOCP
 72
     1
 11
3.992258694013771
 21
8.9800967627217
 31
0.0
100
AcDbAttributeDefinition
  3
Relay position
  2
R(POS)
 70
     0
 74
     2
280
     0
 71
     1
 72
     0
 11
3.992258694013771
 21
8.9800967627217
 31
0.0
  0
ATTDEF
  5
8354
330
96F
100
AcDbEntity
  8
0
100
AcDbText
 10
4.10786976755511
 20
-7.391879427352012
 30
0.0
 40
2.0
  1

  7
ISOCP
 72
     1
 11
4.10786976755511
 21
-6.391879427352012
 31
0.0
100
AcDbAttributeDefinition
  3
WIRING_CNT
  2
WIRING
 70
     5
 74
     2
280
     1
 71
     1
 72
     0
 11
4.10786976755511
 21
-6.391879427352012
 31
0.0
  0
ATTDEF
  5
8355
330
96F
100
AcDbEntity
  8
0
100
AcDbText
 10
4.410769767555109
 20
-11.12477942735201
 30
0.0
 40
2.0
  1

  7
ISOCP
 72
     1
 11
4.410769767555109
 21
-10.12477942735201
 31
0.0
100
AcDbAttributeDefinition
  3
DIRECTION OF CONTACT
  2
DOC
 70
     5
 74
     2
280
     1
 71
     1
 72
     0
 11
4.410769767555109
 21
-10.12477942735201
 31
0.0
  0
ENDBLK
  5
8356
330
96F
100
AcDbEntity
  8
0
100
AcDbBlockEnd
  0
BLOCK
  5
83DE
330
D4B
100
AcDbEntity
  8
0
100
AcDbBlockBegin
  2
Relay_Coil
 70
     2
 10
0.0
 20
0.0
 30
0.0
  3
Relay_Coil
  1

  4
Relay coil
  0
LWPOLYLINE
  5
83DF
330
D4B
100
AcDbEntity
  8
0
 62
     0
100
AcDbPolyline
 90
        4
 70
     1
 43
0.0
 10
-21.66095397862534
 20
-0.0000000000000284
 10
-0.0000000000001137
 20
-0.0000000000000284
 10
-0.0000000000001137
 20
-5.000000000000028
 10
-21.66095397862534
 20
-5.000000000000028
  0
ATTDEF
  5
83E0
330
D4B
100
AcDbEntity
  8
0
 62
     0
100
AcDbText
 10
-16.72096194250204
 20
1.272339247232773
 30
0.0
 40
2.223824894598334
  1
S_NAME
  7
ISOCP
 72
     1
 11
-10.94133370081158
 21
2.38425169453194
 31
0.0
100
AcDbAttributeDefinition
  3
Signal Name
  2
S_NAME
 70
     0
 74
     2
280
     0
 71
     1
 72
     0
 11
-10.94133370081158
 21
2.38425169453194
 31
0.0
  0
ATTDEF
  5
83E1
330
D4B
100
AcDbEntity
  8
0
 62
     0
100
AcDbText
 10
-10.91256473594666
 20
-3.611912447299167
 30
0.0
 40
2.223824894598334
  1

  7
ISOCP
 72
     1
 11
-10.91256473594666
 21
-2.5
 31
0.0
100
AcDbAttributeDefinition
  3
Relay Name
  2
R_NAME
 70
     0
 74
     2
280
     0
 71
     1
 72
     0
 11
-10.91256473594666
 21
-2.5
 31
0.0
  0
ATTDEF
  5
83E2
330
D4B
100
AcDbEntity
  8
0
 62
     0
100
AcDbText
 10
-21.62903400060861
 20
0.888087552700833
 30
0.0
 40
2.223824894598334
  1

  7
ISOCP
 72
     1
 11
-21.62903400060861
 21
2.0
 31
0.0
100
AcDbAttributeDefinition
  3
COIL1
  2
L+
 70
     0
 74
     2
280
     0
 71
     1
 72
     0
 11
-21.62903400060861
 21
2.0
 31
0.0
  0
ATTDEF
  5
83E3
330
D4B
100
AcDbEntity
  8
0
 62
     0
100
AcDbText
 10
0.8390460213745996
 20
0.888087552700833
 30
0.0
 40
2.223824894598334
  1

  7
ISOCP
 72
     1
 11
0.8390460213745996
 21
2.0
 31
0.0
100
AcDbAttributeDefinition
  3
COIL2
  2
L-
 70
     0
 74
     2
280
     0
 71
     1
 72
     0
 11
0.8390460213745996
 21
2.0
 31
0.0
  0
ATTDEF
  5
83E4
330
D4B
100
AcDbEntity
  8
0
100
AcDbText
 10
-11.0342835441719
 20
4.156186153575314
 30
0.0
 40
2.223824894598334
  1

  7
ISOCP
 72
     1
 11
-11.0342835441719
 21
5.268098600874481
 31
0.0
100
AcDbAttributeDefinition
  3
Relay Position
  2
R(POS)
 70
     0
 74
     2
280
     0
 71
     1
 72
     0
 11
-11.0342835441719
 21
5.268098600874481
 31
0.0
  0
ATTDEF
  5
83E5
330
D4B
100
AcDbEntity
  8
0
100
AcDbText
 10
-11.2938928392155
 20
-7.558800945524312
 30
0.0
 40
2.0
  1

  7
ISOCP
 72
     1
 11
-11.2938928392155
 21
-6.558800945524312
 31
0.0
100
AcDbAttributeDefinition
  3
WIRING_CNT
  2
WIRING
 70
     5
 74
     2
280
     1
 71
     1
 72
     0
 11
-11.2938928392155
 21
-6.558800945524312
 31
0.0
  0
ATTDEF
  5
83E6
330
D4B
100
AcDbEntity
  8
0
100
AcDbText
 10
-10.9909928392155
 20
-11.29170094552431
 30
0.0
 40
2.0
  1

  7
ISOCP
 72
     1
 11
-10.9909928392155
 21
-10.29170094552431
 31
0.0
100
AcDbAttributeDefinition
  3
DIRECTION OF CONTACT
  2
DOC
 70
     5
 74
     2
280
     1
 71
     1
 72
     0
 11
-10.9909928392155
 21
-10.29170094552431
 31
0.0
  0
ENDBLK
  5
83E7
330
D4B
100
AcDbEntity
  8
0
100
AcDbBlockEnd
  0
BLOCK
  5
3955
330
3952
100
AcDbEntity
  8
0
100
AcDbBlockBegin
  2
24PPTC
 70
     0
 10
0.0
 20
0.0
 30
0.0
  3
24PPTC
  1

  0
LINE
  5
3956
330
3952
100
AcDbEntity
  8
PPTC
370
    -2
100
AcDbLine
 10
3.015016869894012
 20
0.452093368775877
 30
0.0
 11
0.5252073726708346
 21
-4.125706351198232
 31
0.0
  0
LINE
  5
3957
330
3952
100
AcDbEntity
  8
PPTC
100
AcDbLine
 10
3.525446120363327
 20
-3.210198491313122
 30
0.0
 11
2.720194406543001
 21
-0.6725097968314913
 31
0.0
  0
LINE
  5
3958
330
3952
100
AcDbEntity
  8
PPTC
100
AcDbLine
 10
2.720194406543001
 20
-0.6725097968314913
 30
0.0
 11
2.252276228592805
 21
-3.210198491313122
 31
0.0
  0
LINE
  5
3959
330
3952
100
AcDbEntity
  8
PPTC
100
AcDbLine
 10
2.252276228592805
 20
-3.210198491313122
 30
0.0
 11
1.490550888285057
 21
-0.6725097968310365
 31
0.0
  0
LINE
  5
395A
330
3952
100
AcDbEntity
  8
PPTC
100
AcDbLine
 10
4.646751318859302
 20
-3.210198491313122
 30
0.0
 11
4.091300019096948
 21
-0.6725097968314913
 31
0.0
  0
LINE
  5
395B
330
3952
100
AcDbEntity
  8
PPTC
100
AcDbLine
 10
5.992353457754248
 20
-1.971937971625266
 30
0.0
 11
5.704841574667647
 21
-2.921388571434733
 31
0.0
  0
LINE
  5
395C
330
3952
100
AcDbEntity
  8
PPTC
100
AcDbLine
 10
4.091300019096948
 20
-0.6725097968314913
 30
0.0
 11
3.525446120363327
 21
-3.210198491313122
 31
0.0
  0
LINE
  5
395D
330
3952
100
AcDbEntity
  8
PPTC
100
AcDbLine
 10
0.9246969895514354
 20
-3.210198491312667
 30
0.0
 11
0.1194452757311097
 21
-0.6725097968310365
 31
0.0
  0
LINE
  5
395E
330
3952
100
AcDbEntity
  8
PPTC
100
AcDbLine
 10
1.490550888285057
 20
-0.6725097968310365
 30
0.0
 11
0.9246969895514354
 21
-3.210198491312667
 31
0.0
  0
LINE
  5
395F
330
3952
100
AcDbEntity
  8
PPTC
100
AcDbLine
 10
-1.802875043217739
 20
-3.144546009324927
 30
0.0
 11
-2.768708211024361
 21
-1.971937971625266
 31
0.0
  0
LINE
  5
3960
330
3952
100
AcDbEntity
  8
PPTC
100
AcDbLine
 10
0.1194452757311097
 20
-0.6725097968310365
 30
0.0
 11
-0.4464086230025117
 21
-3.210198491312667
 31
0.0
  0
LINE
  5
3961
330
3952
100
AcDbEntity
  8
PPTC
100
AcDbLine
 10
3.015016869894012
 20
0.452093368775877
 30
0.0
 11
4.235352389184541
 21
0.452093368775877
 31
0.0
  0
LINE
  5
3962
330
3952
100
AcDbEntity
  8
0
100
AcDbLine
 10
5.992353457754248
 20
-1.971937971625266
 30
0.0
 11
8.805833049227573
 21
-1.971937971625266
 31
0.0
  0
LINE
  5
3963
330
3952
100
AcDbEntity
  8
0
100
AcDbLine
 10
8.805833049227573
 20
-1.971937971625266
 30
0.0
 11
8.805833049227573
 21
3.528062028374734
 31
0.0
  0
LINE
  5
3964
330
3952
100
AcDbEntity
  8
0
100
AcDbLine
 10
-5.582187802497685
 20
-1.971937971625266
 30
0.0
 11
-5.582187802497685
 21
3.528062028374734
 31
0.0
  0
LINE
  5
3965
330
3952
100
AcDbEntity
  8
0
100
AcDbLine
 10
5.577079173217271
 20
6.026980001766105
 30
0.0
 11
8.805833049227573
 21
3.528062028374734
 31
0.0
  0
LINE
  5
3966
330
3952
100
AcDbEntity
  8
0
100
AcDbLine
 10
-5.582187802497685
 20
3.528062028374734
 30
0.0
 11
-2.297049389605831
 21
6.028062028374734
 31
0.0
  0
LINE
  5
3967
330
3952
100
AcDbEntity
  8
0
100
AcDbLine
 10
-5.582187802497685
 20
-1.971937971625266
 30
0.0
 11
-2.768708211024361
 21
-1.971937971625266
 31
0.0
  0
LINE
  5
3968
330
3952
100
AcDbEntity
  8
PPTC
100
AcDbLine
 10
-0.4464086230025117
 20
-3.210198491312667
 30
0.0
 11
-1.251660336822837
 21
-0.6725097968310365
 31
0.0
  0
LINE
  5
3969
330
3952
100
AcDbEntity
  8
PPTC
100
AcDbLine
 10
-1.251660336822837
 20
-0.6725097968310365
 30
0.0
 11
-1.802875043217739
 21
-3.144546009324898
 31
0.0
  0
LINE
  5
396A
330
3952
100
AcDbEntity
  8
PPTC
100
AcDbLine
 10
5.212605217592923
 20
-0.6725097968314913
 30
0.0
 11
4.646751318859302
 21
-3.210198491313122
 31
0.0
  0
LINE
  5
396B
330
3952
100
AcDbEntity
  8
PPTC
100
AcDbLine
 10
5.704841574667647
 20
-2.921388571434733
 30
0.0
 11
5.212605217592923
 21
-0.6725097968314913
 31
0.0
  0
LINE
  5
396C
330
3952
100
AcDbEntity
  8
PPTC
100
AcDbLine
 10
-0.6951281466196946
 20
-4.125706351198232
 30
0.0
 11
0.5252073726708346
 21
-4.125706351198232
 31
0.0
  0
ENDBLK
  5
396D
330
3952
100
AcDbEntity
  8
0
100
AcDbBlockEnd
  0
BLOCK
  5
819D
330
819C
100
AcDbEntity
  8
0
100
AcDbBlockBegin
  2
FRONT_REPEATER
 70
     2
 10
0.0
 20
0.0
 30
0.0
  3
FRONT_REPEATER
  1

  0
LWPOLYLINE
  5
819E
330
819C
100
AcDbEntity
  8
0
 62
     0
100
AcDbPolyline
 90
        2
 70
     0
 43
0.0
 10
171.7966433084694
 20
201.8070570068078
 10
163.8823511163322
 20
201.8070570068078
  0
LWPOLYLINE
  5
819F
330
819C
100
AcDbEntity
  8
0
 62
     0
100
AcDbPolyline
 90
        2
 70
     1
 43
0.7419648930128658
 10
163.5113686698257
 20
201.8070570068078
 42
1.0
 10
164.2533335628386
 20
201.8070570068078
 42
1.0
  0
LWPOLYLINE
  5
81A0
330
819C
100
AcDbEntity
  8
0
 62
     0
100
AcDbPolyline
 90
        3
 70
     0
 43
0.0
 10
172.5386082014823
 20
203.2909867928335
 10
171.7966433084694
 20
201.8070570068078
 10
171.0546784154567
 20
203.2909867928335
  0
ATTDEF
  5
81A1
330
819C
100
AcDbEntity
  8
0
100
AcDbText
 10
162.1830454099735
 20
207.3975298772901
 30
0.0
 40
2.17643035283774
  1
S_NAME
  7
ISOCP
 72
     1
 11
167.8394972124008
 21
208.4857450537089
 31
0.0
100
AcDbAttributeDefinition
  3
Signal Name
  2
S_NAME
 70
     0
 74
     2
280
     0
 71
     1
 72
     0
 11
167.8394972124008
 21
208.4857450537089
 31
0.0
  0
ATTDEF
  5
81A2
330
819C
100
AcDbEntity
  8
0
100
AcDbText
 10
167.8394972124008
 20
203.7549720827759
 30
0.0
 40
2.17643035283774
  1

  7
ISOCP
 72
     1
 11
167.8394972124008
 21
204.8431872591948
 31
0.0
100
AcDbAttributeDefinition
  3
Relay Name
  2
R_NAME
 70
     0
 74
     2
280
     0
 71
     1
 72
     0
 11
167.8394972124008
 21
204.8431872591948
 31
0.0
  0
ATTDEF
  5
81A3
330
819C
100
AcDbEntity
  8
0
 62
     0
100
AcDbText
 10
163.8823511163322
 20
198.1466968679444
 30
0.0
 40
2.17643035283774
  1

  7
ISOCP
 72
     1
 11
163.8823511163322
 21
200.3231272207821
 31
0.0
100
AcDbAttributeDefinition
  3
ARM
  2
A
 70
     0
 74
     3
280
     0
 71
     1
 72
     0
 11
163.8823511163322
 21
200.3231272207821
 31
0.0
  0
ATTDEF
  5
81A4
330
819C
100
AcDbEntity
  8
0
 62
     0
100
AcDbText
 10
171.7966433084694
 20
198.1466968679444
 30
0.0
 40
2.17643035283774
  1

  7
ISOCP
 72
     1
 11
171.7966433084694
 21
200.3231272207821
 31
0.0
100
AcDbAttributeDefinition
  3
FRONT
  2
F
 70
     0
 74
     3
280
     0
 71
     1
 72
     0
 11
171.7966433084694
 21
200.3231272207821
 31
0.0
  0
ATTDEF
  5
81A5
330
819C
100
AcDbEntity
  8
0
100
AcDbText
 10
166.8709602797926
 20
198.2137690587456
 30
0.0
 40
2.17643035283774
  1
C
  7
ISOCP
 72
     1
 11
167.6304437883349
 21
199.3019842351645
 31
0.0
100
AcDbAttributeDefinition
  3
C
  2
C
 70
     0
 74
     2
280
     0
 71
     1
 72
     0
 11
167.6304437883349
 21
199.3019842351645
 31
0.0
  0
ATTDEF
  5
81A6
330
819C
100
AcDbEntity
  8
0
100
AcDbText
 10
167.9539484435018
 20
210.2925193588064
 30
0.0
 40
2.17643035283774
  1

  7
ISOCP
 72
     1
 11
167.9539484435018
 21
211.3807345352253
 31
0.0
100
AcDbAttributeDefinition
  3
Relay Position
  2
R(POS)
 70
     0
 74
     2
280
     0
 71
     1
 72
     0
 11
167.9539484435018
 21
211.3807345352253
 31
0.0
  0
ENDBLK
  5
81A7
330
819C
100
AcDbEntity
  8
0
100
AcDbBlockEnd
  0
ENDSEC
  0
SECTION
  2
ENTITIES
  0
LINE
  5
7D9D
330
1F
100
AcDbEntity
  8
0
100
AcDbLine
 10
58.95743342696829
 20
232.0824958406835
 30
0.0
 11
123.4057301562928
 21
232.0824958406835
 31
0.0
  0
LINE
  5
7D9E
330
1F
100
AcDbEntity
  8
0
100
AcDbLine
 10
131.603830635887
 20
261.1685602130271
 30
0.0
 11
157.94387061357
 21
261.1685602130271
 31
0.0
  0
LINE
  5
7D9F
330
1F
100
AcDbEntity
  8
0
100
AcDbLine
 10
131.603830635887
 20
232.0824958406835
 30
0.0
 11
158.1419624778594
 21
232.0824958406835
 31
0.0
  0
LWPOLYLINE
  5
7DA0
330
1F
100
AcDbEntity
  8
0
100
AcDbPolyline
 90
        7
 70
     0
 43
0.0
 10
159.0248730470105
 20
186.1157189267128
 10
151.3735613017383
 20
188.1652440466114
 10
151.3735613017383
 20
201.0173926570544
 10
190.2457236711162
 20
201.0173926570544
 10
190.2457236711162
 20
188.1652440466114
 10
171.322023766402
 20
188.1652440466114
 10
167.2229735266049
 20
186.1157189267128
  0
INSERT
  5
7DA1
330
1F
100
AcDbEntity
  8
0
100
AcDbBlockReference
 66
     1
  2
Front_Contact
 10
112.9539959197899
 20
185.9106920553491
 30
0.0
 41
1.024762559949282
 42
1.024762559949282
 43
1.024762559949282
  0
ATTRIB
  5
7DA2
330
7DA1
100
AcDbEntity
  8
0
100
AcDbText
 10
116.2853378262537
 20
190.984029974994
 30
0.0
 40
2.200000000000003
  1
*
  7
ISOCP
 72
     1
 11
117.053046159587
 21
192.084029974994
 31
0.0
100
AcDbAttribute
  2
S_NAME
 70
     0
 74
     2
280
     0
 71
     1
 72
     0
 11
117.053046159587
 21
192.084029974994
 31
0.0
  0
ATTRIB
  5
7DA3
330
7DA1
100
AcDbEntity
  8
0
100
AcDbText
 10
115.3022128262537
 20
187.8469881413944
 30
0.0
 40
2.200000000000003
  1
DR
  7
ISOCP
 72
     1
 11
117.053046159587
 21
188.9469881413944
 31
0.0
100
AcDbAttribute
  2
R_NAME
 70
     0
 74
     2
280
     0
 71
     1
 72
     0
 11
117.053046159587
 21
188.9469881413944
 31
0.0
  0
ATTRIB
  5
7DA4
330
7DA1
100
AcDbEntity
  8
0
 62
     0
100
AcDbText
 10
112.0831625864566
 20
182.4235482154251
 30
0.0
 40
2.200000000000003
  1
4
  7
ISOCP
 72
     1
 11
112.9539959197899
 21
184.6235482154251
 31
0.0
100
AcDbAttribute
  2
A
 70
     0
 74
     3
280
     0
 71
     1
 72
     0
 11
112.9539959197899
 21
184.6235482154251
 31
0.0
  0
ATTRIB
  5
7DA5
330
7DA1
100
AcDbEntity
  8
0
 62
     0
100
AcDbText
 10
120.3843880660509
 20
182.4235482154251
 30
0.0
 40
2.200000000000003
  1
3
  7
ISOCP
 72
     1
 11
121.1520963993842
 21
184.6235482154251
 31
0.0
100
AcDbAttribute
  2
F
 70
     0
 74
     3
280
     0
 71
     1
 72
     0
 11
121.1520963993842
 21
184.6235482154251
 31
0.0
  0
ATTRIB
  5
7DA6
330
7DA1
100
AcDbEntity
  8
0
100
AcDbText
 10
116.2853378262537
 20
182.4657868140401
 30
0.0
 40
2.200000000000003
  1
C
  7
ISOCP
 72
     1
 11
117.053046159587
 21
183.5657868140401
 31
0.0
100
AcDbAttribute
  2
C
 70
     0
 74
     2
280
     0
 71
     1
 72
     0
 11
117.053046159587
 21
183.5657868140401
 31
0.0
  0
ATTRIB
  5
7DA7
330
7DA1
100
AcDbEntity
  8
0
100
AcDbText
 10
112.0706338936242
 20
193.9285356031355
 30
0.0
 40
2.200000000000003
  1
XXXXX
  7
ISOCP
 72
     1
 11
117.0160505602909
 21
195.0285356031355
 31
0.0
100
AcDbAttribute
  2
R(POS)
 70
     0
 74
     2
280
     0
 71
     1
 72
     0
 11
117.0160505602909
 21
195.0285356031355
 31
0.0
  0
ATTRIB
  5
82E1
330
7DA1
100
AcDbEntity
  8
0
100
AcDbText
 10
116.1298125214668
 20
175.6471991820884
 30
0.0
 40
2.049525119898564
  1
RF
  7
ISOCP
 72
     1
 11
117.6648214393908
 21
176.6719617420377
 31
0.0
100
AcDbAttribute
  2
DOC
 70
     5
 74
     2
280
     1
 71
     1
 72
     0
 11
117.6648214393908
 21
176.6719617420377
 31
0.0
  0
ATTRIB
  5
82E2
330
7DA1
100
AcDbEntity
  8
0
100
AcDbText
 10
116.8527141900069
 20
179.472535342123
 30
0.0
 40
2.049525119898564
  1
1
  7
ISOCP
 72
     1
 11
117.3544208599821
 21
180.4972979020723
 31
0.0
100
AcDbAttribute
  2
WIRING
 70
     5
 74
     2
280
     1
 71
     1
 72
     0
 11
117.3544208599821
 21
180.4972979020723
 31
0.0
  0
SEQEND
  5
7DA8
330
7DA1
100
AcDbEntity
  8
0
  0
INSERT
  5
7DA9
330
1F
100
AcDbEntity
  8
0
100
AcDbBlockReference
 66
     1
  2
Back_Contact
 10
130.2167774130208
 20
185.910684040592
 30
0.0
 41
1.024762559949282
 42
1.024762559949282
 43
1.024762559949282
  0
ATTRIB
  5
7DAA
330
7DA9
100
AcDbEntity
  8
0
100
AcDbText
 10
133.4890695563413
 20
190.984029974994
 30
0.0
 40
2.369230769230771
  1
*
  7
ISOCP
 72
     1
 11
134.3158323768541
 21
192.1686453596094
 31
0.0
100
AcDbAttribute
  2
S_NAME
 70
     0
 74
     2
280
     0
 71
     1
 72
     0
 11
134.3158323768541
 21
192.1686453596094
 31
0.0
  0
ATTRIB
  5
7DAB
330
7DA9
100
AcDbEntity
  8
0
100
AcDbText
 10
130.7718580178796
 20
187.8469881413944
 30
0.0
 40
2.369230769230771
  1
DECR
  7
ISOCP
 72
     1
 11
134.315832376854
 21
189.0316035260098
 31
0.0
100
AcDbAttribute
  2
R_NAME
 70
     0
 74
     2
280
     0
 71
     1
 72
     0
 11
134.315832376854
 21
189.0316035260098
 31
0.0
  0
ATTRIB
  5
7DAC
330
7DA9
100
AcDbEntity
  8
0
 62
     0
100
AcDbText
 10
129.3900193165445
 20
181.7419193228206
 30
0.0
 40
2.369230769230771
  1
3
  7
ISOCP
 72
     1
 11
130.2167821370573
 21
184.1111500920514
 31
0.0
100
AcDbAttribute
  2
A
 70
     0
 74
     3
280
     0
 71
     1
 72
     0
 11
130.2167821370573
 21
184.1111500920514
 31
0.0
  0
ATTRIB
  5
7DAD
330
7DA9
100
AcDbEntity
  8
0
 62
     0
100
AcDbText
 10
137.477062103831
 20
181.7419193228206
 30
0.0
 40
2.369230769230771
  1
4
  7
ISOCP
 72
     1
 11
138.4148826166515
 21
184.1111500920514
 31
0.0
100
AcDbAttribute
  2
B
 70
     0
 74
     3
280
     0
 71
     1
 72
     0
 11
138.4148826166515
 21
184.1111500920514
 31
0.0
  0
ATTRIB
  5
7DAE
330
7DA9
100
AcDbEntity
  8
0
100
AcDbText
 10
133.1729138894032
 20
181.9208499488066
 30
0.0
 40
2.369230769230771
  1
A
  7
ISOCP
 72
     1
 11
134.2341318381211
 21
183.105465333422
 31
0.0
100
AcDbAttribute
  2
C
 70
     0
 74
     2
280
     0
 71
     1
 72
     0
 11
134.2341318381211
 21
183.105465333422
 31
0.0
  0
ATTRIB
  5
7DAF
330
7DA9
100
AcDbEntity
  8
0
100
AcDbText
 10
128.9820613189447
 20
193.9285356031355
 30
0.0
 40
2.369230769230771
  1
XXXXX
  7
ISOCP
 72
     1
 11
134.3078946522781
 21
195.1131509877509
 31
0.0
100
AcDbAttribute
  2
R(POS)
 70
     0
 74
     2
280
     0
 71
     1
 72
     0
 11
134.3078946522781
 21
195.1131509877509
 31
0.0
  0
ATTRIB
  5
8359
330
7DA9
100
AcDbEntity
  8
0
100
AcDbText
 10
133.1056887234482
 20
174.5104265957476
 30
0.0
 40
2.049525119898564
  1
RB
  7
ISOCP
 72
     1
 11
134.7367691313675
 21
175.5351891556969
 31
0.0
100
AcDbAttribute
  2
DOC
 70
     5
 74
     2
280
     1
 71
     1
 72
     0
 11
134.7367691313675
 21
175.5351891556969
 31
0.0
  0
ATTRIB
  5
835A
330
7DA9
100
AcDbEntity
  8
0
100
AcDbText
 10
133.9246618819836
 20
178.3357627557823
 30
0.0
 40
2.049525119898564
  1
1
  7
ISOCP
 72
     1
 11
134.4263685519588
 21
179.3605253157316
 31
0.0
100
AcDbAttribute
  2
WIRING
 70
     5
 74
     2
280
     1
 71
     1
 72
     0
 11
134.4263685519588
 21
179.3605253157316
 31
0.0
  0
SEQEND
  5
7DB0
330
7DA9
100
AcDbEntity
  8
0
  0
INSERT
  5
7DB1
330
1F
100
AcDbEntity
  8
0
100
AcDbBlockReference
 66
     1
  2
Front_Contact
 10
206.3195312727985
 20
215.7140635603033
 30
0.0
 41
1.024762559949282
 42
1.024762559949282
 43
1.024762559949282
  0
ATTRIB
  5
7DB2
330
7DB1
100
AcDbEntity
  8
0
100
AcDbText
 10
209.6508731792623
 20
220.7874014799482
 30
0.0
 40
2.200000000000003
  1
*
  7
ISOCP
 72
     1
 11
210.4185815125956
 21
221.8874014799482
 31
0.0
100
AcDbAttribute
  2
S_NAME
 70
     0
 74
     2
280
     0
 71
     1
 72
     0
 11
210.4185815125956
 21
221.8874014799482
 31
0.0
  0
ATTRIB
  5
7DB3
330
7DB1
100
AcDbEntity
  8
0
100
AcDbText
 10
207.7877481792623
 20
217.6503596463486
 30
0.0
 40
2.200000000000003
  1
HHR
  7
ISOCP
 72
     1
 11
210.4185815125956
 21
218.7503596463486
 31
0.0
100
AcDbAttribute
  2
R_NAME
 70
     0
 74
     2
280
     0
 71
     1
 72
     0
 11
210.4185815125956
 21
218.7503596463486
 31
0.0
  0
ATTRIB
  5
7DB4
330
7DB1
100
AcDbEntity
  8
0
 62
     0
100
AcDbText
 10
205.4486979394652
 20
212.2269197203793
 30
0.0
 40
2.200000000000003
  1
4
  7
ISOCP
 72
     1
 11
206.3195312727985
 21
214.4269197203793
 31
0.0
100
AcDbAttribute
  2
A
 70
     0
 74
     3
280
     0
 71
     1
 72
     0
 11
206.3195312727985
 21
214.4269197203793
 31
0.0
  0
ATTRIB
  5
7DB5
330
7DB1
100
AcDbEntity
  8
0
 62
     0
100
AcDbText
 10
213.7499234190595
 20
212.2269197203793
 30
0.0
 40
2.200000000000003
  1
3
  7
ISOCP
 72
     1
 11
214.5176317523928
 21
214.4269197203793
 31
0.0
100
AcDbAttribute
  2
F
 70
     0
 74
     3
280
     0
 71
     1
 72
     0
 11
214.5176317523928
 21
214.4269197203793
 31
0.0
  0
ATTRIB
  5
7DB6
330
7DB1
100
AcDbEntity
  8
0
100
AcDbText
 10
209.4331648459289
 20
212.2691583189943
 30
0.0
 40
2.200000000000003
  1
A
  7
ISOCP
 72
     1
 11
210.4185815125956
 21
213.3691583189943
 31
0.0
100
AcDbAttribute
  2
C
 70
     0
 74
     2
280
     0
 71
     1
 72
     0
 11
210.4185815125956
 21
213.3691583189943
 31
0.0
  0
ATTRIB
  5
7DB7
330
7DB1
100
AcDbEntity
  8
0
100
AcDbText
 10
205.4361692466328
 20
223.7319071080897
 30
0.0
 40
2.200000000000003
  1
XXXXX
  7
ISOCP
 72
     1
 11
210.3815859132995
 21
224.8319071080897
 31
0.0
100
AcDbAttribute
  2
R(POS)
 70
     0
 74
     2
280
     0
 71
     1
 72
     0
 11
210.3815859132995
 21
224.8319071080897
 31
0.0
  0
ATTRIB
  5
82E3
330
7DB1
100
AcDbEntity
  8
0
100
AcDbText
 10
209.4953478744754
 20
205.4505706870426
 30
0.0
 40
2.049525119898564
  1
RF
  7
ISOCP
 72
     1
 11
211.0303567923994
 21
206.4753332469919
 31
0.0
100
AcDbAttribute
  2
DOC
 70
     5
 74
     2
280
     1
 71
     1
 72
     0
 11
211.0303567923994
 21
206.4753332469919
 31
0.0
  0
ATTRIB
  5
82E4
330
7DB1
100
AcDbEntity
  8
0
100
AcDbText
 10
210.0047573430261
 20
209.2759068470772
 30
0.0
 40
2.049525119898564
  1
2
  7
ISOCP
 72
     1
 11
210.7199562129907
 21
210.3006694070265
 31
0.0
100
AcDbAttribute
  2
WIRING
 70
     5
 74
     2
280
     1
 71
     1
 72
     0
 11
210.7199562129907
 21
210.3006694070265
 31
0.0
  0
SEQEND
  5
7DB8
330
7DB1
100
AcDbEntity
  8
0
  0
LINE
  5
7DB9
330
1F
100
AcDbEntity
  8
0
100
AcDbLine
 10
159.0248810617676
 20
171.2140451963712
 30
0.0
 11
58.95743342696829
 21
171.2140451963712
 31
0.0
  0
LINE
  5
7DBA
330
1F
100
AcDbEntity
  8
0
100
AcDbLine
 10
167.2229735266049
 20
171.2140451963712
 30
0.0
 11
213.1303487204886
 21
171.2140365810663
 31
0.0
  0
LINE
  5
7DBB
330
1F
100
AcDbEntity
  8
0
100
AcDbLine
 10
213.1303487204886
 20
171.2140365810663
 30
0.0
 11
234.097066419028
 21
171.2140451963712
 31
0.0
  0
INSERT
  5
7DBC
330
1F
100
AcDbEntity
  8
0
100
AcDbBlockReference
 66
     1
  2
Relay_Coil
 10
256.2944010691078
 20
171.2140451963712
 30
0.0
 41
1.024762559949282
 42
1.024762559949282
 43
1.024762559949282
  0
ATTRIB
  5
7DBD
330
7DBC
100
AcDbEntity
  8
0
 62
     0
100
AcDbText
 10
244.2868934107969
 20
172.5178908204894
 30
0.0
 40
2.278892491867531
  1
*
  7
ISOCP
 72
     1
 11
245.0821319366048
 21
173.6573370664231
 31
0.0
100
AcDbAttribute
  2
S_NAME
 70
     0
 74
     2
280
     0
 71
     1
 72
     0
 11
245.0821319366048
 21
173.6573370664231
 31
0.0
  0
ATTRIB
  5
7DBE
330
7DBC
100
AcDbEntity
  8
0
 62
     0
100
AcDbText
 10
240.7912129455213
 20
167.5126925505643
 30
0.0
 40
2.278892491867531
  1
HHECR
  7
ISOCP
 72
     1
 11
245.1116132946868
 21
168.652138796498
 31
0.0
100
AcDbAttribute
  2
R_NAME
 70
     0
 74
     2
280
     0
 71
     1
 72
     0
 11
245.1116132946868
 21
168.652138796498
 31
0.0
  0
ATTRIB
  5
7DBF
330
7DBC
100
AcDbEntity
  8
0
 62
     0
100
AcDbText
 10
232.6603659294286
 20
172.1241240703359
 30
0.0
 40
2.278892491867531
  1
R1
  7
ISOCP
 72
     1
 11
234.129776817414
 21
173.2635703162697
 31
0.0
100
AcDbAttribute
  2
L+
 70
     0
 74
     2
280
     0
 71
     1
 72
     0
 11
234.129776817414
 21
173.2635703162697
 31
0.0
  0
ATTRIB
  5
7DC0
330
7DBC
100
AcDbEntity
  8
0
 62
     0
100
AcDbText
 10
255.447428495332
 20
172.1241240703359
 30
0.0
 40
2.278892491867531
  1
R2
  7
ISOCP
 72
     1
 11
257.1542240178869
 21
173.2635703162697
 31
0.0
100
AcDbAttribute
  2
L-
 70
     0
 74
     2
280
     0
 71
     1
 72
     0
 11
257.1542240178869
 21
173.2635703162697
 31
0.0
  0
ATTRIB
  5
7DC1
330
7DBC
100
AcDbEntity
  8
0
100
AcDbText
 10
239.8641200031654
 20
175.4731491587349
 30
0.0
 40
2.278892491867531
  1
XXXXX
  7
ISOCP
 72
     1
 11
244.9868804171759
 21
176.6125954046686
 31
0.0
100
AcDbAttribute
  2
R(POS)
 70
     0
 74
     2
280
     0
 71
     1
 72
     0
 11
244.9868804171759
 21
176.6125954046686
 31
0.0
  0
ATTRIB
  5
83EA
330
7DBC
100
AcDbEntity
  8
0
100
AcDbText
 10
242.99239260091
 20
159.642732829254
 30
0.0
 40
2.049525119898564
  1
LR1
  7
ISOCP
 72
     1
 11
245.0312431108091
 21
160.6674953892033
 31
0.0
100
AcDbAttribute
  2
DOC
 70
     5
 74
     2
280
     1
 71
     1
 72
     0
 11
245.0312431108091
 21
160.6674953892033
 31
0.0
  0
ATTRIB
  5
83EB
330
7DBC
100
AcDbEntity
  8
0
100
AcDbText
 10
244.2191358614252
 20
163.4680689892886
 30
0.0
 40
2.049525119898564
  1
1
  7
ISOCP
 72
     1
 11
244.7208425314004
 21
164.4928315492379
 31
0.0
100
AcDbAttribute
  2
WIRING
 70
     5
 74
     2
280
     1
 71
     1
 72
     0
 11
244.7208425314004
 21
164.4928315492379
 31
0.0
  0
SEQEND
  5
7DC2
330
7DBC
100
AcDbEntity
  8
0
  0
LINE
  5
7DC3
330
1F
100
AcDbEntity
  8
0
100
AcDbLine
 10
234.097066419028
 20
171.2140451963712
 30
0.0
 11
234.097066419028
 21
166.0902323966248
 31
0.0
  0
INSERT
  5
7DC4
330
1F
100
AcDbEntity
  8
0
100
AcDbBlockReference
 66
     1
  2
Relay_Coil
 10
256.2944005175804
 20
110.5614998173107
 30
0.0
 41
1.024762559949282
 42
1.024762559949282
 43
1.024762559949282
  0
ATTRIB
  5
7DC5
330
7DC4
100
AcDbEntity
  8
0
 62
     0
100
AcDbText
 10
244.2868928592694
 20
111.8653454414289
 30
0.0
 40
2.278892491867531
  1
*
  7
ISOCP
 72
     1
 11
245.0821313850774
 21
113.0047916873627
 31
0.0
100
AcDbAttribute
  2
S_NAME
 70
     0
 74
     2
280
     0
 71
     1
 72
     0
 11
245.0821313850774
 21
113.0047916873627
 31
0.0
  0
ATTRIB
  5
7DC6
330
7DC4
100
AcDbEntity
  8
0
 62
     0
100
AcDbText
 10
241.7027693907409
 20
106.8601471715037
 30
0.0
 40
2.278892491867531
  1
HECR
  7
ISOCP
 72
     1
 11
245.1116127431594
 21
107.9995934174375
 31
0.0
100
AcDbAttribute
  2
R_NAME
 70
     0
 74
     2
280
     0
 71
     1
 72
     0
 11
245.1116127431594
 21
107.9995934174375
 31
0.0
  0
ATTRIB
  5
7DC7
330
7DC4
100
AcDbEntity
  8
0
 62
     0
100
AcDbText
 10
232.6603653779013
 20
111.4715786912755
 30
0.0
 40
2.278892491867531
  1
R1
  7
ISOCP
 72
     1
 11
234.1297762658867
 21
112.6110249372093
 31
0.0
100
AcDbAttribute
  2
L+
 70
     0
 74
     2
280
     0
 71
     1
 72
     0
 11
234.1297762658867
 21
112.6110249372093
 31
0.0
  0
ATTRIB
  5
7DC8
330
7DC4
100
AcDbEntity
  8
0
 62
     0
100
AcDbText
 10
255.4474279438045
 20
111.4715786912755
 30
0.0
 40
2.278892491867531
  1
R2
  7
ISOCP
 72
     1
 11
257.1542234663595
 21
112.6110249372093
 31
0.0
100
AcDbAttribute
  2
L-
 70
     0
 74
     2
280
     0
 71
     1
 72
     0
 11
257.1542234663595
 21
112.6110249372093
 31
0.0
  0
ATTRIB
  5
7DC9
330
7DC4
100
AcDbEntity
  8
0
100
AcDbText
 10
239.8641194516381
 20
114.8206037796743
 30
0.0
 40
2.278892491867531
  1
XXXXX
  7
ISOCP
 72
     1
 11
244.9868798656486
 21
115.9600500256081
 31
0.0
100
AcDbAttribute
  2
R(POS)
 70
     0
 74
     2
280
     0
 71
     1
 72
     0
 11
244.9868798656486
 21
115.9600500256081
 31
0.0
  0
ATTRIB
  5
83EC
330
7DC4
100
AcDbEntity
  8
0
100
AcDbText
 10
242.9923920493826
 20
98.99018745019352
 30
0.0
 40
2.049525119898564
  1
LR1
  7
ISOCP
 72
     1
 11
245.0312425592817
 21
100.0149500101428
 31
0.0
100
AcDbAttribute
  2
DOC
 70
     5
 74
     2
280
     1
 71
     1
 72
     0
 11
245.0312425592817
 21
100.0149500101428
 31
0.0
  0
ATTRIB
  5
83ED
330
7DC4
100
AcDbEntity
  8
0
100
AcDbText
 10
244.2191353098979
 20
102.8155236102281
 30
0.0
 40
2.049525119898564
  1
1
  7
ISOCP
 72
     1
 11
244.7208419798731
 21
103.8402861701774
 31
0.0
100
AcDbAttribute
  2
WIRING
 70
     5
 74
     2
280
     1
 71
     1
 72
     0
 11
244.7208419798731
 21
103.8402861701774
 31
0.0
  0
SEQEND
  5
7DCA
330
7DC4
100
AcDbEntity
  8
0
  0
LINE
  5
7DCB
330
1F
100
AcDbEntity
  8
0
100
AcDbLine
 10
256.2944010691078
 20
171.2140451963712
 30
0.0
 11
273.9046950479907
 21
171.2140451963712
 31
0.0
  0
LINE
  5
7DCC
330
1F
100
AcDbEntity
  8
0
100
AcDbLine
 10
256.2944005175804
 20
110.5614998173107
 30
0.0
 11
274.13473654698
 21
110.5458823063684
 31
0.0
  0
LINE
  5
7DCD
330
1F
100
AcDbEntity
  8
0
100
AcDbLine
 10
166.1419710931644
 20
232.0824958406835
 30
0.0
 11
273.9046950479907
 21
232.0824958406835
 31
0.0
  0
INSERT
  5
7DCE
330
1F
100
AcDbEntity
  8
0
100
AcDbBlockReference
 66
     1
  2
Relay_Coil
 10
256.2944010691078
 20
232.0824958406835
 30
0.0
 41
1.024762559949282
 42
1.024762559949282
 43
1.024762559949282
  0
ATTRIB
  5
7DCF
330
7DCE
100
AcDbEntity
  8
0
 62
     0
100
AcDbText
 10
244.2868934107969
 20
233.3863414648016
 30
0.0
 40
2.278892491867531
  1
*
  7
ISOCP
 72
     1
 11
245.0821319366048
 21
234.5257877107354
 31
0.0
100
AcDbAttribute
  2
S_NAME
 70
     0
 74
     2
280
     0
 71
     1
 72
     0
 11
245.0821319366048
 21
234.5257877107354
 31
0.0
  0
ATTRIB
  5
7DD0
330
7DCE
100
AcDbEntity
  8
0
 62
     0
100
AcDbText
 10
241.7027699422683
 20
228.3811431948766
 30
0.0
 40
2.278892491867531
  1
DECR
  7
ISOCP
 72
     1
 11
245.1116132946868
 21
229.5205894408103
 31
0.0
100
AcDbAttribute
  2
R_NAME
 70
     0
 74
     2
280
     0
 71
     1
 72
     0
 11
245.1116132946868
 21
229.5205894408103
 31
0.0
  0
ATTRIB
  5
7DD1
330
7DCE
100
AcDbEntity
  8
0
 62
     0
100
AcDbText
 10
232.6603659294286
 20
232.9925747146484
 30
0.0
 40
2.278892491867531
  1
R1
  7
ISOCP
 72
     1
 11
234.129776817414
 21
234.1320209605821
 31
0.0
100
AcDbAttribute
  2
L+
 70
     0
 74
     2
280
     0
 71
     1
 72
     0
 11
234.129776817414
 21
234.1320209605821
 31
0.0
  0
ATTRIB
  5
7DD2
330
7DCE
100
AcDbEntity
  8
0
 62
     0
100
AcDbText
 10
255.447428495332
 20
232.9925747146484
 30
0.0
 40
2.278892491867531
  1
R2
  7
ISOCP
 72
     1
 11
257.1542240178869
 21
234.1320209605821
 31
0.0
100
AcDbAttribute
  2
L-
 70
     0
 74
     2
280
     0
 71
     1
 72
     0
 11
257.1542240178869
 21
234.1320209605821
 31
0.0
  0
ATTRIB
  5
7DD3
330
7DCE
100
AcDbEntity
  8
0
100
AcDbText
 10
239.8641200031654
 20
236.3415998030471
 30
0.0
 40
2.278892491867531
  1
XXXXX
  7
ISOCP
 72
     1
 11
244.9868804171759
 21
237.4810460489809
 31
0.0
100
AcDbAttribute
  2
R(POS)
 70
     0
 74
     2
280
     0
 71
     1
 72
     0
 11
244.9868804171759
 21
237.4810460489809
 31
0.0
  0
ATTRIB
  5
83EE
330
7DCE
100
AcDbEntity
  8
0
100
AcDbText
 10
242.99239260091
 20
220.5111834735663
 30
0.0
 40
2.049525119898564
  1
LR1
  7
ISOCP
 72
     1
 11
245.0312431108091
 21
221.5359460335156
 31
0.0
100
AcDbAttribute
  2
DOC
 70
     5
 74
     2
280
     1
 71
     1
 72
     0
 11
245.0312431108091
 21
221.5359460335156
 31
0.0
  0
ATTRIB
  5
83EF
330
7DCE
100
AcDbEntity
  8
0
100
AcDbText
 10
244.2191358614252
 20
224.3365196336009
 30
0.0
 40
2.049525119898564
  1
1
  7
ISOCP
 72
     1
 11
244.7208425314004
 21
225.3612821935502
 31
0.0
100
AcDbAttribute
  2
WIRING
 70
     5
 74
     2
280
     1
 71
     1
 72
     0
 11
244.7208425314004
 21
225.3612821935502
 31
0.0
  0
SEQEND
  5
7DD4
330
7DCE
100
AcDbEntity
  8
0
  0
LINE
  5
7DD5
330
1F
100
AcDbEntity
  8
0
100
AcDbLine
 10
166.1419710931644
 20
261.1685602130271
 30
0.0
 11
273.9046950479907
 21
261.1685602130271
 31
0.0
  0
LINE
  5
7DD6
330
1F
100
AcDbEntity
  8
0
100
AcDbLine
 10
285.0685809738576
 20
261.1685602130271
 30
0.0
 11
297.1289483156107
 21
261.1685602130271
 31
0.0
  0
LINE
  5
7DD7
330
1F
100
AcDbEntity
  8
0
100
AcDbLine
 10
285.0685803377872
 20
232.0824958406834
 30
0.0
 11
297.1289476795402
 21
232.0824958406834
 31
0.0
  0
LINE
  5
7DD8
330
1F
100
AcDbEntity
  8
0
100
AcDbLine
 10
305.3270481591344
 20
232.0824958406834
 30
0.0
 11
361.8203043352995
 21
232.0824958406834
 31
0.0
  0
LINE
  5
7DD9
330
1F
100
AcDbEntity
  8
0
100
AcDbLine
 10
305.3270487952049
 20
261.1685602130271
 30
0.0
 11
361.8203043352995
 21
261.1685602130271
 31
0.0
  0
LINE
  5
7DDA
330
1F
100
AcDbEntity
  8
0
100
AcDbLine
 10
285.0685809738576
 20
171.2140451963712
 30
0.0
 11
297.1289483156107
 21
171.2140451963712
 31
0.0
  0
LINE
  5
7DEB
330
1F
100
AcDbEntity
  8
0
100
AcDbLine
 10
305.3270481591344
 20
171.2140451963712
 30
0.0
 11
361.8203043352995
 21
171.2140451963712
 31
0.0
  0
LINE
  5
7DEC
330
1F
100
AcDbEntity
  8
0
100
AcDbLine
 10
285.0685803377862
 20
155.1177378501136
 30
0.0
 11
297.1289476795393
 21
155.1177378501136
 31
0.0
  0
LINE
  5
7DFD
330
1F
100
AcDbEntity
  8
0
100
AcDbLine
 10
285.0685804223303
 20
110.5614998173107
 30
0.0
 11
297.1289477640834
 21
110.5614998173107
 31
0.0
  0
LINE
  5
7E0E
330
1F
100
AcDbEntity
  8
0
100
AcDbLine
 10
305.3270487952038
 20
155.1177378501136
 30
0.0
 11
361.8203043352995
 21
155.1177378501137
 31
0.0
  0
LINE
  5
7E0F
330
1F
100
AcDbEntity
  8
0
100
AcDbLine
 10
305.3270476076072
 20
110.5614998173107
 30
0.0
 11
361.8203043352995
 21
110.5614998173107
 31
0.0
  0
MTEXT
  5
7E10
330
1F
100
AcDbEntity
  8
0
100
AcDbMText
 10
234.7279768189073
 20
287.3350275196741
 30
0.0
 40
2.464
 41
24.02088855743003
 46
2.464
 71
     5
 72
     5
  1
{\LHUT NAME}
  7
ISOCP
 73
     1
 44
1.0
1001
AcadAnnotative
1000
AnnotativeData
1002
{
1070
     1
1070
     0
1002
}
  0
MTEXT
  5
7E11
330
1F
100
AcDbEntity
  8
0
100
AcDbMText
 10
300.7715325412323
 20
286.398535481569
 30
0.0
 40
2.5
 41
36.05179217734644
 46
6.666666666666667
 71
     5
 72
     5
  1
{\LLOCATION\P }
  7
ISOCP
 73
     1
 44
1.0
  0
MTEXT
  5
7E12
330
1F
100
AcDbEntity
  8
0
100
AcDbMText
 10
350.9694783291738
 20
271.321692679481
 30
0.0
 40
2.8
 41
45.06474022168307
 46
0.0
 71
     5
 72
     5
  1
SIGNAL NO - *
  7
ISOCP
 73
     1
 44
1.0
101
Embedded Object
 70
     1
 10
1.0
 20
0.0
 30
0.0
 11
350.9694783291738
 21
271.321692679481
 31
0.0
 40
45.06474022168307
 41
0.0
 42
22.97749999999999
 43
2.8
 71
     2
 72
     1
 44
45.06474022168307
 45
12.48771513923294
 73
     0
 74
     0
 46
0.0
1001
AcadAnnotative
1000
AnnotativeData
1002
{
1070
     1
1070
     0
1002
}
  0
LWPOLYLINE
  5
7E13
330
1F
100
AcDbEntity
  8
0
100
AcDbPolyline
 90
        6
 70
     0
 43
0.0
 10
158.1419624778594
 20
232.0824958406835
 10
150.2925588682978
 20
234.1320209605821
 10
150.2925588682978
 20
246.9841695710251
 10
173.7932828384366
 20
246.9841695710251
 10
173.7932828384366
 20
234.1320209605821
 10
166.1419710931644
 20
232.0824958406835
  0
INSERT
  5
7E14
330
1F
100
AcDbEntity
  8
0
100
AcDbBlockReference
 66
     1
  2
Front_Contact
 10
123.4057301562928
 20
261.1685602130271
 30
0.0
 41
1.024762559949282
 42
1.024762559949282
 43
1.024762559949282
  0
ATTRIB
  5
7E15
330
7E14
100
AcDbEntity
  8
0
100
AcDbText
 10
126.7370720627566
 20
266.241898132672
 30
0.0
 40
2.200000000000003
  1
*
  7
ISOCP
 72
     1
 11
127.5047803960899
 21
267.341898132672
 31
0.0
100
AcDbAttribute
  2
S_NAME
 70
     0
 74
     2
280
     0
 71
     1
 72
     0
 11
127.5047803960899
 21
267.341898132672
 31
0.0
  0
ATTRIB
  5
7E16
330
7E14
100
AcDbEntity
  8
0
100
AcDbText
 10
125.7539470627566
 20
263.1048562990723
 30
0.0
 40
2.200000000000003
  1
HR
  7
ISOCP
 72
     1
 11
127.5047803960899
 21
264.2048562990723
 31
0.0
100
AcDbAttribute
  2
R_NAME
 70
     0
 74
     2
280
     0
 71
     1
 72
     0
 11
127.5047803960899
 21
264.2048562990723
 31
0.0
  0
ATTRIB
  5
7E17
330
7E14
100
AcDbEntity
  8
0
 62
     0
100
AcDbText
 10
122.5348968229595
 20
257.6814163731031
 30
0.0
 40
2.200000000000003
  1
4
  7
ISOCP
 72
     1
 11
123.4057301562928
 21
259.8814163731031
 31
0.0
100
AcDbAttribute
  2
A
 70
     0
 74
     3
280
     0
 71
     1
 72
     0
 11
123.4057301562928
 21
259.8814163731031
 31
0.0
  0
ATTRIB
  5
7E18
330
7E14
100
AcDbEntity
  8
0
 62
     0
100
AcDbText
 10
130.8361223025538
 20
257.6814163731031
 30
0.0
 40
2.200000000000003
  1
3
  7
ISOCP
 72
     1
 11
131.6038306358871
 21
259.8814163731031
 31
0.0
100
AcDbAttribute
  2
F
 70
     0
 74
     3
280
     0
 71
     1
 72
     0
 11
131.6038306358871
 21
259.8814163731031
 31
0.0
  0
ATTRIB
  5
7E19
330
7E14
100
AcDbEntity
  8
0
100
AcDbText
 10
126.5193637294232
 20
257.7236549717181
 30
0.0
 40
2.200000000000003
  1
A
  7
ISOCP
 72
     1
 11
127.5047803960899
 21
258.8236549717181
 31
0.0
100
AcDbAttribute
  2
C
 70
     0
 74
     2
280
     0
 71
     1
 72
     0
 11
127.5047803960899
 21
258.8236549717181
 31
0.0
  0
ATTRIB
  5
7E1A
330
7E14
100
AcDbEntity
  8
0
100
AcDbText
 10
122.5223681301271
 20
269.1864037608135
 30
0.0
 40
2.200000000000003
  1
XXXXX
  7
ISOCP
 72
     1
 11
127.4677847967938
 21
270.2864037608135
 31
0.0
100
AcDbAttribute
  2
R(POS)
 70
     0
 74
     2
280
     0
 71
     1
 72
     0
 11
127.4677847967938
 21
270.2864037608135
 31
0.0
  0
ATTRIB
  5
82E5
330
7E14
100
AcDbEntity
  8
0
100
AcDbText
 10
126.5815467579697
 20
250.9050673397664
 30
0.0
 40
2.049525119898564
  1
RF
  7
ISOCP
 72
     1
 11
128.1165556758937
 21
251.9298298997157
 31
0.0
100
AcDbAttribute
  2
DOC
 70
     5
 74
     2
280
     1
 71
     1
 72
     0
 11
128.1165556758937
 21
251.9298298997157
 31
0.0
  0
ATTRIB
  5
82E6
330
7E14
100
AcDbEntity
  8
0
100
AcDbText
 10
127.0909562265204
 20
254.730403499801
 30
0.0
 40
2.049525119898564
  1
2
  7
ISOCP
 72
     1
 11
127.806155096485
 21
255.7551660597503
 31
0.0
100
AcDbAttribute
  2
WIRING
 70
     5
 74
     2
280
     1
 71
     1
 72
     0
 11
127.806155096485
 21
255.7551660597503
 31
0.0
  0
SEQEND
  5
7E1B
330
7E14
100
AcDbEntity
  8
0
  0
INSERT
  5
7E1C
330
1F
100
AcDbEntity
  8
0
100
AcDbBlockReference
 66
     1
  2
Front_Contact
 10
123.4057301562928
 20
232.0824958406835
 30
0.0
 41
1.024762559949282
 42
1.024762559949282
 43
1.024762559949282
  0
ATTRIB
  5
7E1D
330
7E1C
100
AcDbEntity
  8
0
100
AcDbText
 10
126.7370720627566
 20
237.1558337603284
 30
0.0
 40
2.200000000000003
  1
*
  7
ISOCP
 72
     1
 11
127.5047803960899
 21
238.2558337603284
 31
0.0
100
AcDbAttribute
  2
S_NAME
 70
     0
 74
     2
280
     0
 71
     1
 72
     0
 11
127.5047803960899
 21
238.2558337603284
 31
0.0
  0
ATTRIB
  5
7E1E
330
7E1C
100
AcDbEntity
  8
0
100
AcDbText
 10
125.7539470627566
 20
234.0187919267288
 30
0.0
 40
2.200000000000003
  1
HR
  7
ISOCP
 72
     1
 11
127.5047803960899
 21
235.1187919267288
 31
0.0
100
AcDbAttribute
  2
R_NAME
 70
     0
 74
     2
280
     0
 71
     1
 72
     0
 11
127.5047803960899
 21
235.1187919267288
 31
0.0
  0
ATTRIB
  5
7E1F
330
7E1C
100
AcDbEntity
  8
0
 62
     0
100
AcDbText
 10
122.5348968229595
 20
228.5953520007595
 30
0.0
 40
2.200000000000003
  1
4
  7
ISOCP
 72
     1
 11
123.4057301562928
 21
230.7953520007595
 31
0.0
100
AcDbAttribute
  2
A
 70
     0
 74
     3
280
     0
 71
     1
 72
     0
 11
123.4057301562928
 21
230.7953520007595
 31
0.0
  0
ATTRIB
  5
7E20
330
7E1C
100
AcDbEntity
  8
0
 62
     0
100
AcDbText
 10
130.8361223025538
 20
228.5953520007595
 30
0.0
 40
2.200000000000003
  1
3
  7
ISOCP
 72
     1
 11
131.6038306358871
 21
230.7953520007595
 31
0.0
100
AcDbAttribute
  2
F
 70
     0
 74
     3
280
     0
 71
     1
 72
     0
 11
131.6038306358871
 21
230.7953520007595
 31
0.0
  0
ATTRIB
  5
7E21
330
7E1C
100
AcDbEntity
  8
0
100
AcDbText
 10
126.7370720627566
 20
228.6375905993745
 30
0.0
 40
2.200000000000003
  1
C
  7
ISOCP
 72
     1
 11
127.5047803960899
 21
229.7375905993745
 31
0.0
100
AcDbAttribute
  2
C
 70
     0
 74
     2
280
     0
 71
     1
 72
     0
 11
127.5047803960899
 21
229.7375905993745
 31
0.0
  0
ATTRIB
  5
7E22
330
7E1C
100
AcDbEntity
  8
0
100
AcDbText
 10
122.5223681301271
 20
240.1003393884699
 30
0.0
 40
2.200000000000003
  1
XXXXX
  7
ISOCP
 72
     1
 11
127.4677847967938
 21
241.2003393884699
 31
0.0
100
AcDbAttribute
  2
R(POS)
 70
     0
 74
     2
280
     0
 71
     1
 72
     0
 11
127.4677847967938
 21
241.2003393884699
 31
0.0
  0
ATTRIB
  5
82E7
330
7E1C
100
AcDbEntity
  8
0
100
AcDbText
 10
126.5815467579697
 20
221.8190029674228
 30
0.0
 40
2.049525119898564
  1
RF
  7
ISOCP
 72
     1
 11
128.1165556758937
 21
222.8437655273721
 31
0.0
100
AcDbAttribute
  2
DOC
 70
     5
 74
     2
280
     1
 71
     1
 72
     0
 11
128.1165556758937
 21
222.8437655273721
 31
0.0
  0
ATTRIB
  5
82E8
330
7E1C
100
AcDbEntity
  8
0
100
AcDbText
 10
127.0909562265204
 20
225.6443391274574
 30
0.0
 40
2.049525119898564
  1
2
  7
ISOCP
 72
     1
 11
127.806155096485
 21
226.6691016874067
 31
0.0
100
AcDbAttribute
  2
WIRING
 70
     5
 74
     2
280
     1
 71
     1
 72
     0
 11
127.806155096485
 21
226.6691016874067
 31
0.0
  0
SEQEND
  5
7E23
330
7E1C
100
AcDbEntity
  8
0
  0
LWPOLYLINE
  5
7E24
330
1F
100
AcDbEntity
  8
0
100
AcDbPolyline
 90
        6
 70
     0
 43
0.0
 10
157.94387061357
 20
261.1685602130271
 10
150.2925588682978
 20
263.2180853329257
 10
150.2925588682978
 20
276.0702339433686
 10
173.7932828384366
 20
276.0702339433686
 10
173.7932828384366
 20
263.2180853329257
 10
166.1419710931644
 20
261.1685602130271
  0
INSERT
  5
7E25
330
1F
100
AcDbEntity
  8
0
100
AcDbBlockReference
 66
     1
  2
Front_Contact
 10
157.94387061357
 20
261.1685602130271
 30
0.0
 41
1.024762559949282
 42
1.024762559949282
 43
1.024762559949282
  0
ATTRIB
  5
7E26
330
7E25
100
AcDbEntity
  8
0
100
AcDbText
 10
161.2752125200338
 20
266.241898132672
 30
0.0
 40
2.200000000000003
  1
*
  7
ISOCP
 72
     1
 11
162.0429208533671
 21
267.341898132672
 31
0.0
100
AcDbAttribute
  2
S_NAME
 70
     0
 74
     2
280
     0
 71
     1
 72
     0
 11
162.0429208533671
 21
267.341898132672
 31
0.0
  0
ATTRIB
  5
7E27
330
7E25
100
AcDbEntity
  8
0
100
AcDbText
 10
160.2920875200338
 20
263.1048562990723
 30
0.0
 40
2.200000000000003
  1
DR
  7
ISOCP
 72
     1
 11
162.0429208533671
 21
264.2048562990723
 31
0.0
100
AcDbAttribute
  2
R_NAME
 70
     0
 74
     2
280
     0
 71
     1
 72
     0
 11
162.0429208533671
 21
264.2048562990723
 31
0.0
  0
ATTRIB
  5
7E28
330
7E25
100
AcDbEntity
  8
0
 62
     0
100
AcDbText
 10
157.0730372802367
 20
257.6814163731031
 30
0.0
 40
2.200000000000003
  1
4
  7
ISOCP
 72
     1
 11
157.94387061357
 21
259.8814163731031
 31
0.0
100
AcDbAttribute
  2
A
 70
     0
 74
     3
280
     0
 71
     1
 72
     0
 11
157.94387061357
 21
259.8814163731031
 31
0.0
  0
ATTRIB
  5
7E29
330
7E25
100
AcDbEntity
  8
0
 62
     0
100
AcDbText
 10
165.374262759831
 20
257.6814163731031
 30
0.0
 40
2.200000000000003
  1
3
  7
ISOCP
 72
     1
 11
166.1419710931643
 21
259.8814163731031
 31
0.0
100
AcDbAttribute
  2
F
 70
     0
 74
     3
280
     0
 71
     1
 72
     0
 11
166.1419710931643
 21
259.8814163731031
 31
0.0
  0
ATTRIB
  5
7E2A
330
7E25
100
AcDbEntity
  8
0
100
AcDbText
 10
161.0575041867004
 20
257.7236549717181
 30
0.0
 40
2.200000000000003
  1
A
  7
ISOCP
 72
     1
 11
162.0429208533671
 21
258.8236549717181
 31
0.0
100
AcDbAttribute
  2
C
 70
     0
 74
     2
280
     0
 71
     1
 72
     0
 11
162.0429208533671
 21
258.8236549717181
 31
0.0
  0
ATTRIB
  5
7E2B
330
7E25
100
AcDbEntity
  8
0
100
AcDbText
 10
157.0605085874043
 20
269.1864037608135
 30
0.0
 40
2.200000000000003
  1
XXXXX
  7
ISOCP
 72
     1
 11
162.005925254071
 21
270.2864037608135
 31
0.0
100
AcDbAttribute
  2
R(POS)
 70
     0
 74
     2
280
     0
 71
     1
 72
     0
 11
162.005925254071
 21
270.2864037608135
 31
0.0
  0
ATTRIB
  5
82E9
330
7E25
100
AcDbEntity
  8
0
100
AcDbText
 10
161.1196872152469
 20
250.9050673397664
 30
0.0
 40
2.049525119898564
  1
RF
  7
ISOCP
 72
     1
 11
162.6546961331709
 21
251.9298298997157
 31
0.0
100
AcDbAttribute
  2
DOC
 70
     5
 74
     2
280
     1
 71
     1
 72
     0
 11
162.6546961331709
 21
251.9298298997157
 31
0.0
  0
ATTRIB
  5
82EA
330
7E25
100
AcDbEntity
  8
0
100
AcDbText
 10
161.6290966837976
 20
254.730403499801
 30
0.0
 40
2.049525119898564
  1
2
  7
ISOCP
 72
     1
 11
162.3442955537622
 21
255.7551660597503
 31
0.0
100
AcDbAttribute
  2
WIRING
 70
     5
 74
     2
280
     1
 71
     1
 72
     0
 11
162.3442955537622
 21
255.7551660597503
 31
0.0
  0
SEQEND
  5
7E2C
330
7E25
100
AcDbEntity
  8
0
  0
INSERT
  5
7E2D
330
1F
100
AcDbEntity
  8
0
100
AcDbBlockReference
 66
     1
  2
Front_Contact
 10
157.94387061357
 20
276.0702339433686
 30
0.0
 41
1.024762559949282
 42
1.024762559949282
 43
1.024762559949282
  0
ATTRIB
  5
7E2E
330
7E2D
100
AcDbEntity
  8
0
100
AcDbText
 10
161.2752125200338
 20
281.1435718630135
 30
0.0
 40
2.200000000000003
  1
*
  7
ISOCP
 72
     1
 11
162.0429208533671
 21
282.2435718630135
 31
0.0
100
AcDbAttribute
  2
S_NAME
 70
     0
 74
     2
280
     0
 71
     1
 72
     0
 11
162.0429208533671
 21
282.2435718630135
 31
0.0
  0
ATTRIB
  5
7E2F
330
7E2D
100
AcDbEntity
  8
0
100
AcDbText
 10
160.2920875200338
 20
278.0065300294138
 30
0.0
 40
2.200000000000003
  1
DR
  7
ISOCP
 72
     1
 11
162.0429208533671
 21
279.1065300294138
 31
0.0
100
AcDbAttribute
  2
R_NAME
 70
     0
 74
     2
280
     0
 71
     1
 72
     0
 11
162.0429208533671
 21
279.1065300294138
 31
0.0
  0
ATTRIB
  5
7E30
330
7E2D
100
AcDbEntity
  8
0
 62
     0
100
AcDbText
 10
157.0730372802367
 20
272.5830901034446
 30
0.0
 40
2.200000000000003
  1
4
  7
ISOCP
 72
     1
 11
157.94387061357
 21
274.7830901034446
 31
0.0
100
AcDbAttribute
  2
A
 70
     0
 74
     3
280
     0
 71
     1
 72
     0
 11
157.94387061357
 21
274.7830901034446
 31
0.0
  0
ATTRIB
  5
7E31
330
7E2D
100
AcDbEntity
  8
0
 62
     0
100
AcDbText
 10
165.374262759831
 20
272.5830901034446
 30
0.0
 40
2.200000000000003
  1
3
  7
ISOCP
 72
     1
 11
166.1419710931643
 21
274.7830901034446
 31
0.0
100
AcDbAttribute
  2
F
 70
     0
 74
     3
280
     0
 71
     1
 72
     0
 11
166.1419710931643
 21
274.7830901034446
 31
0.0
  0
ATTRIB
  5
7E32
330
7E2D
100
AcDbEntity
  8
0
100
AcDbText
 10
161.1720875200338
 20
272.6253287020596
 30
0.0
 40
2.200000000000003
  1
B
  7
ISOCP
 72
     1
 11
162.0429208533671
 21
273.7253287020596
 31
0.0
100
AcDbAttribute
  2
C
 70
     0
 74
     2
280
     0
 71
     1
 72
     0
 11
162.0429208533671
 21
273.7253287020596
 31
0.0
  0
ATTRIB
  5
7E33
330
7E2D
100
AcDbEntity
  8
0
100
AcDbText
 10
157.0605085874043
 20
284.088077491155
 30
0.0
 40
2.200000000000003
  1
XXXXX
  7
ISOCP
 72
     1
 11
162.005925254071
 21
285.188077491155
 31
0.0
100
AcDbAttribute
  2
R(POS)
 70
     0
 74
     2
280
     0
 71
     1
 72
     0
 11
162.005925254071
 21
285.188077491155
 31
0.0
  0
ATTRIB
  5
82EB
330
7E2D
100
AcDbEntity
  8
0
100
AcDbText
 10
161.1196872152469
 20
265.8067410701079
 30
0.0
 40
2.049525119898564
  1
RF
  7
ISOCP
 72
     1
 11
162.6546961331709
 21
266.8315036300572
 31
0.0
100
AcDbAttribute
  2
DOC
 70
     5
 74
     2
280
     1
 71
     1
 72
     0
 11
162.6546961331709
 21
266.8315036300572
 31
0.0
  0
ATTRIB
  5
82EC
330
7E2D
100
AcDbEntity
  8
0
100
AcDbText
 10
161.842588883787
 20
269.6320772301426
 30
0.0
 40
2.049525119898564
  1
1
  7
ISOCP
 72
     1
 11
162.3442955537622
 21
270.6568397900919
 31
0.0
100
AcDbAttribute
  2
WIRING
 70
     5
 74
     2
280
     1
 71
     1
 72
     0
 11
162.3442955537622
 21
270.6568397900919
 31
0.0
  0
SEQEND
  5
7E34
330
7E2D
100
AcDbEntity
  8
0
  0
LINE
  5
7E35
330
1F
100
AcDbEntity
  8
0
100
AcDbLine
 10
361.8203043352995
 20
261.1685602130271
 30
0.0
 11
361.8203043352995
 21
232.0824958406834
 31
0.0
  0
LWPOLYLINE
  5
7E3E
330
1F
100
AcDbEntity
  8
0
100
AcDbPolyline
 90
        6
 70
     0
 43
0.0
 10
297.2676975872167
 20
261.1685602130271
 10
289.6163858419446
 20
263.2180853329257
 10
289.6163858419446
 20
276.0702339433686
 10
313.1171098120832
 20
276.0702339433686
 10
313.1171098120832
 20
263.2180853329257
 10
305.4657980668109
 20
261.1685602130271
  0
LWPOLYLINE
  5
7E47
330
1F
100
AcDbEntity
  8
0
100
AcDbPolyline
 90
        6
 70
     0
 43
0.0
 10
297.1289476795402
 20
232.0824958406834
 10
289.477635934268
 20
234.132020960582
 10
289.477635934268
 20
246.984169571025
 10
312.9783599044068
 20
246.984169571025
 10
312.9783599044068
 20
234.132020960582
 10
305.3270481591344
 20
232.0824958406834
  0
LWPOLYLINE
  5
7E48
330
1F
100
AcDbEntity
  8
0
100
AcDbPolyline
 90
        6
 70
     0
 43
0.0
 10
159.0248730470105
 20
171.2140451963712
 10
151.3735613017383
 20
173.2635703162698
 10
151.3735613017383
 20
186.1157189267128
 10
174.874285271877
 20
186.1157189267128
 10
174.874285271877
 20
173.2635703162698
 10
167.2229735266049
 20
171.2140451963712
  0
LINE
  5
7E49
330
1F
100
AcDbEntity
  8
0
100
AcDbLine
 10
113.0453793463332
 20
215.7140475307892
 30
0.0
 11
213.1303530281411
 21
215.7140635603033
 31
0.0
  0
LINE
  5
7E4A
330
1F
100
AcDbEntity
  8
0
100
AcDbLine
 10
213.1303530281411
 20
215.7140635603033
 30
0.0
 11
361.8203043352994
 21
215.7140635603033
 31
0.0
  0
LWPOLYLINE
  5
7E5B
330
1F
100
AcDbEntity
  8
0
100
AcDbPolyline
 90
        6
 70
     0
 43
0.0
 10
297.2676975872166
 20
215.7140635603033
 10
289.6163858419445
 20
213.6645384404047
 10
289.6163858419445
 20
200.8123898299618
 10
313.1171098120831
 20
200.8123898299618
 10
313.1171098120831
 20
213.6645384404047
 10
305.4657980668108
 20
215.7140635603033
  0
LWPOLYLINE
  5
7E5C
330
1F
100
AcDbEntity
  8
0
100
AcDbPolyline
 90
        6
 70
     0
 43
0.0
 10
297.1289483156094
 20
155.1177378501136
 10
289.4776365703373
 20
153.0682127302151
 10
289.4776365703373
 20
139.7160641197721
 10
312.9783605404761
 20
139.7160641197721
 10
312.9783605404761
 20
153.0682127302151
 10
305.3270487952038
 20
155.1177378501136
  0
LWPOLYLINE
  5
7E5D
330
1F
100
AcDbEntity
  8
0
100
AcDbPolyline
 90
        6
 70
     0
 43
0.0
 10
305.3270476076072
 20
110.5614998173107
 10
312.9783593528794
 20
112.6110249372093
 10
312.9783593528794
 20
125.9631735476522
 10
289.4776353827406
 20
125.9631735476522
 10
289.4776353827406
 20
112.6110249372093
 10
297.1289471280128
 20
110.5614998173107
  0
LINE
  5
7E5E
330
1F
100
AcDbEntity
  8
0
100
AcDbLine
 10
273.9046937758489
 20
155.1177378501135
 30
0.0
 11
59.00923787739663
 21
155.0386119011191
 31
0.0
  0
LINE
  5
7E5F
330
1F
100
AcDbEntity
  8
0
100
AcDbLine
 10
113.0453793463332
 20
215.7140475307892
 30
0.0
 11
58.95743342696829
 21
215.7140475307891
 31
0.0
  0
LINE
  5
7E60
330
1F
100
AcDbEntity
  8
0
100
AcDbLine
 10
58.95743342696829
 20
261.1685602130271
 30
0.0
 11
123.4057301562928
 21
261.1685602130271
 31
0.0
  0
LWPOLYLINE
  5
7E61
330
1F
100
AcDbEntity
  8
0
100
AcDbPolyline
 90
        6
 70
     0
 43
0.0
 10
297.1289489516811
 20
171.2140451963712
 10
289.4776372064088
 20
173.2635703162697
 10
289.4776372064088
 20
186.1157189267127
 10
312.9783611765476
 20
186.1157189267127
 10
312.9783611765476
 20
173.2635703162697
 10
305.3270494312754
 20
171.2140451963712
  0
INSERT
  5
7E62
330
1F
100
AcDbEntity
  8
0
100
AcDbBlockReference
 66
     1
  2
Back_Contact
 10
92.75685158433191
 20
97.69871508467864
 30
0.0
 41
0.9515652342386188
 42
0.9515652342386188
 43
0.9515652342386188
  0
ATTRIB
  5
7E63
330
7E62
100
AcDbEntity
  8
0
100
AcDbText
 10
95.79540857455807
 20
102.4096791666234
 30
0.0
 40
2.200000000000002
  1
*
  7
ISOCP
 72
     1
 11
96.5631169078914
 21
103.5096791666234
 31
0.0
100
AcDbAttribute
  2
S_NAME
 70
     0
 74
     2
280
     0
 71
     1
 72
     0
 11
96.5631169078914
 21
103.5096791666234
 31
0.0
  0
ATTRIB
  5
7E64
330
7E62
100
AcDbEntity
  8
0
100
AcDbText
 10
94.81228357455801
 20
99.4967117497095
 30
0.0
 40
2.200000000000002
  1
HR
  7
ISOCP
 72
     1
 11
96.56311690789134
 21
100.5967117497095
 31
0.0
100
AcDbAttribute
  2
R_NAME
 70
     0
 74
     2
280
     0
 71
     1
 72
     0
 11
96.56311690789134
 21
100.5967117497095
 31
0.0
  0
ATTRIB
  5
7E65
330
7E62
100
AcDbEntity
  8
0
 62
     0
100
AcDbText
 10
91.97768930427054
 20
93.82771927531955
 30
0.0
 40
2.200000000000002
  1
5
  7
ISOCP
 72
     1
 11
92.75685597093721
 21
96.02771927531955
 31
0.0
100
AcDbAttribute
  2
A
 70
     0
 74
     3
280
     0
 71
     1
 72
     0
 11
92.75685597093721
 21
96.02771927531955
 31
0.0
  0
ATTRIB
  5
7E66
330
7E62
100
AcDbEntity
  8
0
 62
     0
100
AcDbText
 10
99.60166951151287
 20
93.82771927531955
 30
0.0
 40
2.200000000000002
  1
6
  7
ISOCP
 72
     1
 11
100.3693778448462
 21
96.02771927531955
 31
0.0
100
AcDbAttribute
  2
B
 70
     0
 74
     3
280
     0
 71
     1
 72
     0
 11
100.3693778448462
 21
96.02771927531955
 31
0.0
  0
ATTRIB
  5
7E67
330
7E62
100
AcDbEntity
  8
0
100
AcDbText
 10
95.50183545525842
 20
93.99386914230648
 30
0.0
 40
2.200000000000002
  1
A
  7
ISOCP
 72
     1
 11
96.48725212192508
 21
95.09386914230647
 31
0.0
100
AcDbAttribute
  2
C
 70
     0
 74
     2
280
     0
 71
     1
 72
     0
 11
96.48725212192508
 21
95.09386914230647
 31
0.0
  0
ATTRIB
  5
7E68
330
7E62
100
AcDbEntity
  8
0
100
AcDbText
 10
91.61032949697561
 20
105.1438629641834
 30
0.0
 40
2.200000000000002
  1
XXXXX
  7
ISOCP
 72
     1
 11
96.55574616364228
 21
106.2438629641834
 31
0.0
100
AcDbAttribute
  2
R(POS)
 70
     0
 74
     2
280
     0
 71
     1
 72
     0
 11
96.55574616364228
 21
106.2438629641834
 31
0.0
  0
ATTRIB
  5
835B
330
7E62
100
AcDbEntity
  8
0
100
AcDbText
 10
95.43941208687164
 20
87.11276174303745
 30
0.0
 40
1.903130468477238
  1
RB
  7
ISOCP
 72
     1
 11
96.9539867513681
 21
88.06432697727607
 31
0.0
100
AcDbAttribute
  2
DOC
 70
     5
 74
     2
280
     1
 71
     1
 72
     0
 11
96.9539867513681
 21
88.06432697727607
 31
0.0
  0
ATTRIB
  5
835C
330
7E62
100
AcDbEntity
  8
0
100
AcDbText
 10
96.00164440552152
 20
90.6648596059268
 30
0.0
 40
1.903130468477238
  1
2
  7
ISOCP
 72
     1
 11
96.66575764191722
 21
91.61642484016541
 31
0.0
100
AcDbAttribute
  2
WIRING
 70
     5
 74
     2
280
     1
 71
     1
 72
     0
 11
96.66575764191722
 21
91.61642484016541
 31
0.0
  0
SEQEND
  5
7E69
330
7E62
100
AcDbEntity
  8
0
  0
INSERT
  5
7E6A
330
1F
100
AcDbEntity
  8
0
100
AcDbBlockReference
 66
     1
  2
Back_Contact
 10
92.75683326759001
 20
83.43287519221869
 30
0.0
 41
0.9515652342386188
 42
0.9515652342386188
 43
0.9515652342386188
  0
ATTRIB
  5
7E6B
330
7E6A
100
AcDbEntity
  8
0
100
AcDbText
 10
95.79539025781617
 20
88.14383927416341
 30
0.0
 40
2.200000000000002
  1
*
  7
ISOCP
 72
     1
 11
96.5630985911495
 21
89.2438392741634
 31
0.0
100
AcDbAttribute
  2
S_NAME
 70
     0
 74
     2
280
     0
 71
     1
 72
     0
 11
96.5630985911495
 21
89.2438392741634
 31
0.0
  0
ATTRIB
  5
7E6C
330
7E6A
100
AcDbEntity
  8
0
100
AcDbText
 10
94.81226525781611
 20
85.23087185724951
 30
0.0
 40
2.200000000000002
  1
HR
  7
ISOCP
 72
     1
 11
96.56309859114944
 21
86.3308718572495
 31
0.0
100
AcDbAttribute
  2
R_NAME
 70
     0
 74
     2
280
     0
 71
     1
 72
     0
 11
96.56309859114944
 21
86.3308718572495
 31
0.0
  0
ATTRIB
  5
7E6D
330
7E6A
100
AcDbEntity
  8
0
 62
     0
100
AcDbText
 10
91.97767098752864
 20
79.5618793828596
 30
0.0
 40
2.200000000000002
  1
5
  7
ISOCP
 72
     1
 11
92.75683765419531
 21
81.7618793828596
 31
0.0
100
AcDbAttribute
  2
A
 70
     0
 74
     3
280
     0
 71
     1
 72
     0
 11
92.75683765419531
 21
81.7618793828596
 31
0.0
  0
ATTRIB
  5
7E6E
330
7E6A
100
AcDbEntity
  8
0
 62
     0
100
AcDbText
 10
99.60165119477097
 20
79.5618793828596
 30
0.0
 40
2.200000000000002
  1
6
  7
ISOCP
 72
     1
 11
100.3693595281043
 21
81.7618793828596
 31
0.0
100
AcDbAttribute
  2
B
 70
     0
 74
     3
280
     0
 71
     1
 72
     0
 11
100.3693595281043
 21
81.7618793828596
 31
0.0
  0
ATTRIB
  5
7E6F
330
7E6A
100
AcDbEntity
  8
0
100
AcDbText
 10
95.61640047184984
 20
79.72802924984653
 30
0.0
 40
2.200000000000002
  1
B
  7
ISOCP
 72
     1
 11
96.48723380518318
 21
80.82802924984652
 31
0.0
100
AcDbAttribute
  2
C
 70
     0
 74
     2
280
     0
 71
     1
 72
     0
 11
96.48723380518318
 21
80.82802924984652
 31
0.0
  0
ATTRIB
  5
7E70
330
7E6A
100
AcDbEntity
  8
0
100
AcDbText
 10
91.61031118023371
 20
90.87802307172343
 30
0.0
 40
2.200000000000002
  1
XXXXX
  7
ISOCP
 72
     1
 11
96.55572784690038
 21
91.97802307172343
 31
0.0
100
AcDbAttribute
  2
R(POS)
 70
     0
 74
     2
280
     0
 71
     1
 72
     0
 11
96.55572784690038
 21
91.97802307172343
 31
0.0
  0
ATTRIB
  5
835D
330
7E6A
100
AcDbEntity
  8
0
100
AcDbText
 10
95.43939377012974
 20
72.8469218505775
 30
0.0
 40
1.903130468477238
  1
RB
  7
ISOCP
 72
     1
 11
96.9539684346262
 21
73.79848708481612
 31
0.0
100
AcDbAttribute
  2
DOC
 70
     5
 74
     2
280
     1
 71
     1
 72
     0
 11
96.9539684346262
 21
73.79848708481612
 31
0.0
  0
ATTRIB
  5
835E
330
7E6A
100
AcDbEntity
  8
0
100
AcDbText
 10
96.00162608877962
 20
76.39901971346684
 30
0.0
 40
1.903130468477238
  1
2
  7
ISOCP
 72
     1
 11
96.66573932517532
 21
77.35058494770546
 31
0.0
100
AcDbAttribute
  2
WIRING
 70
     5
 74
     2
280
     1
 71
     1
 72
     0
 11
96.66573932517532
 21
77.35058494770546
 31
0.0
  0
SEQEND
  5
7E71
330
7E6A
100
AcDbEntity
  8
0
  0
LWPOLYLINE
  5
7E72
330
1F
100
AcDbEntity
  8
0
100
AcDbPolyline
 90
        7
 70
     0
 43
0.0
 10
92.7568376541952
 20
83.43287519221866
 10
85.65207021432151
 20
79.78695674357087
 10
85.65207021432151
 20
68.5687929048154
 10
142.2525279339544
 20
68.5687929048154
 10
142.2525279339544
 20
81.18150232879823
 10
107.4741710437365
 20
81.18150232879823
 10
100.3693595281041
 20
83.43288263449305
  0
INSERT
  5
7E73
330
1F
100
AcDbEntity
  8
0
100
AcDbBlockReference
 66
     1
  2
Back_Contact
 10
90.11808869162525
 20
68.56879290481545
 30
0.0
 41
0.9515652342386188
 42
0.9515652342386188
 43
0.9515652342386188
  0
ATTRIB
  5
7E74
330
7E73
100
AcDbEntity
  8
0
100
AcDbText
 10
93.1566456818514
 20
73.27975698676018
 30
0.0
 40
2.200000000000002
  1
*
  7
ISOCP
 72
     1
 11
93.92435401518473
 21
74.37975698676017
 31
0.0
100
AcDbAttribute
  2
S_NAME
 70
     0
 74
     2
280
     0
 71
     1
 72
     0
 11
93.92435401518473
 21
74.37975698676017
 31
0.0
  0
ATTRIB
  5
7E75
330
7E73
100
AcDbEntity
  8
0
100
AcDbText
 10
90.63352068185134
 20
70.36678956984628
 30
0.0
 40
2.200000000000002
  1
DECR
  7
ISOCP
 72
     1
 11
93.92435401518468
 21
71.46678956984627
 31
0.0
100
AcDbAttribute
  2
R_NAME
 70
     0
 74
     2
280
     0
 71
     1
 72
     0
 11
93.92435401518468
 21
71.46678956984627
 31
0.0
  0
ATTRIB
  5
7E76
330
7E73
100
AcDbEntity
  8
0
 62
     0
100
AcDbText
 10
89.35038474489721
 20
64.69779709545637
 30
0.0
 40
2.200000000000002
  1
3
  7
ISOCP
 72
     1
 11
90.11809307823054
 21
66.89779709545637
 31
0.0
100
AcDbAttribute
  2
A
 70
     0
 74
     3
280
     0
 71
     1
 72
     0
 11
90.11809307823054
 21
66.89779709545637
 31
0.0
  0
ATTRIB
  5
7E77
330
7E73
100
AcDbEntity
  8
0
 62
     0
100
AcDbText
 10
96.85978161880617
 20
64.69779709545637
 30
0.0
 40
2.200000000000002
  1
4
  7
ISOCP
 72
     1
 11
97.7306149521395
 21
66.89779709545637
 31
0.0
100
AcDbAttribute
  2
B
 70
     0
 74
     3
280
     0
 71
     1
 72
     0
 11
97.7306149521395
 21
66.89779709545637
 31
0.0
  0
ATTRIB
  5
7E78
330
7E73
100
AcDbEntity
  8
0
100
AcDbText
 10
92.97765589588508
 20
64.8639469624433
 30
0.0
 40
2.200000000000002
  1
B
  7
ISOCP
 72
     1
 11
93.84848922921842
 21
65.96394696244329
 31
0.0
100
AcDbAttribute
  2
C
 70
     0
 74
     2
280
     0
 71
     1
 72
     0
 11
93.84848922921842
 21
65.96394696244329
 31
0.0
  0
ATTRIB
  5
7E79
330
7E73
100
AcDbEntity
  8
0
100
AcDbText
 10
88.97156660426894
 20
76.0139407843202
 30
0.0
 40
2.200000000000002
  1
XXXXX
  7
ISOCP
 72
     1
 11
93.91698327093562
 21
77.11394078432019
 31
0.0
100
AcDbAttribute
  2
R(POS)
 70
     0
 74
     2
280
     0
 71
     1
 72
     0
 11
93.91698327093562
 21
77.11394078432019
 31
0.0
  0
ATTRIB
  5
835F
330
7E73
100
AcDbEntity
  8
0
100
AcDbText
 10
92.80064919416498
 20
57.98283956317417
 30
0.0
 40
1.903130468477238
  1
RB
  7
ISOCP
 72
     1
 11
94.31522385866144
 21
58.93440479741279
 31
0.0
100
AcDbAttribute
  2
DOC
 70
     5
 74
     2
280
     1
 71
     1
 72
     0
 11
94.31522385866144
 21
58.93440479741279
 31
0.0
  0
ATTRIB
  5
8360
330
7E73
100
AcDbEntity
  8
0
100
AcDbText
 10
93.36288151281485
 20
61.53493742606351
 30
0.0
 40
1.903130468477238
  1
2
  7
ISOCP
 72
     1
 11
94.02699474921056
 21
62.48650266030213
 31
0.0
100
AcDbAttribute
  2
WIRING
 70
     5
 74
     2
280
     1
 71
     1
 72
     0
 11
94.02699474921056
 21
62.48650266030213
 31
0.0
  0
SEQEND
  5
7E7A
330
7E73
100
AcDbEntity
  8
0
  0
INSERT
  5
7E7B
330
1F
100
AcDbEntity
  8
0
100
AcDbBlockReference
 66
     1
  2
Back_Contact
 10
107.0516958745623
 20
68.56879290481545
 30
0.0
 41
0.9515652342386188
 42
0.9515652342386188
 43
0.9515652342386188
  0
ATTRIB
  5
7E7C
330
7E7B
100
AcDbEntity
  8
0
100
AcDbText
 10
110.0902528647885
 20
73.27975698676018
 30
0.0
 40
2.200000000000002
  1
*
  7
ISOCP
 72
     1
 11
110.8579611981218
 21
74.37975698676017
 31
0.0
100
AcDbAttribute
  2
S_NAME
 70
     0
 74
     2
280
     0
 71
     1
 72
     0
 11
110.8579611981218
 21
74.37975698676017
 31
0.0
1001
AcadAnnotative
1000
AnnotativeData
1002
{
1070
     1
1070
     0
1002
}
  0
ATTRIB
  5
7E7D
330
7E7B
100
AcDbEntity
  8
0
100
AcDbText
 10
106.6871278647884
 20
70.36678956984628
 30
0.0
 40
2.200000000000002
  1
HHECR
  7
ISOCP
 72
     1
 11
110.8579611981217
 21
71.46678956984627
 31
0.0
100
AcDbAttribute
  2
R_NAME
 70
     0
 74
     2
280
     0
 71
     1
 72
     0
 11
110.8579611981217
 21
71.46678956984627
 31
0.0
  0
ATTRIB
  5
7E7E
330
7E7B
100
AcDbEntity
  8
0
 62
     0
100
AcDbText
 10
106.2839919278343
 20
64.69779709545637
 30
0.0
 40
2.200000000000002
  1
3
  7
ISOCP
 72
     1
 11
107.0517002611676
 21
66.89779709545637
 31
0.0
100
AcDbAttribute
  2
A
 70
     0
 74
     3
280
     0
 71
     1
 72
     0
 11
107.0517002611676
 21
66.89779709545637
 31
0.0
  0
ATTRIB
  5
7E7F
330
7E7B
100
AcDbEntity
  8
0
 62
     0
100
AcDbText
 10
113.7933888017433
 20
64.69779709545637
 30
0.0
 40
2.200000000000002
  1
4
  7
ISOCP
 72
     1
 11
114.6642221350766
 21
66.89779709545637
 31
0.0
100
AcDbAttribute
  2
B
 70
     0
 74
     3
280
     0
 71
     1
 72
     0
 11
114.6642221350766
 21
66.89779709545637
 31
0.0
  0
ATTRIB
  5
7E80
330
7E7B
100
AcDbEntity
  8
0
100
AcDbText
 10
109.7966797454888
 20
64.8639469624433
 30
0.0
 40
2.200000000000002
  1
A
  7
ISOCP
 72
     1
 11
110.7820964121555
 21
65.96394696244329
 31
0.0
100
AcDbAttribute
  2
C
 70
     0
 74
     2
280
     0
 71
     1
 72
     0
 11
110.7820964121555
 21
65.96394696244329
 31
0.0
  0
ATTRIB
  5
7E81
330
7E7B
100
AcDbEntity
  8
0
100
AcDbText
 10
105.905173787206
 20
76.0139407843202
 30
0.0
 40
2.200000000000002
  1
XXXXX
  7
ISOCP
 72
     1
 11
110.8505904538727
 21
77.11394078432019
 31
0.0
100
AcDbAttribute
  2
R(POS)
 70
     0
 74
     2
280
     0
 71
     1
 72
     0
 11
110.8505904538727
 21
77.11394078432019
 31
0.0
  0
ATTRIB
  5
8361
330
7E7B
100
AcDbEntity
  8
0
100
AcDbText
 10
109.734256377102
 20
57.98283956317417
 30
0.0
 40
1.903130468477238
  1
RB
  7
ISOCP
 72
     1
 11
111.2488310415985
 21
58.93440479741279
 31
0.0
100
AcDbAttribute
  2
DOC
 70
     5
 74
     2
280
     1
 71
     1
 72
     0
 11
111.2488310415985
 21
58.93440479741279
 31
0.0
  0
ATTRIB
  5
8362
330
7E7B
100
AcDbEntity
  8
0
100
AcDbText
 10
110.2964886957519
 20
61.53493742606351
 30
0.0
 40
1.903130468477238
  1
2
  7
ISOCP
 72
     1
 11
110.9606019321476
 21
62.48650266030213
 31
0.0
100
AcDbAttribute
  2
WIRING
 70
     5
 74
     2
280
     1
 71
     1
 72
     0
 11
110.9606019321476
 21
62.48650266030213
 31
0.0
  0
SEQEND
  5
7E82
330
7E7B
100
AcDbEntity
  8
0
  0
INSERT
  5
7E83
330
1F
100
AcDbEntity
  8
0
100
AcDbBlockReference
 66
     1
  2
Back_Contact
 10
124.0159728807649
 20
68.56879290481545
 30
0.0
 41
0.9515652342386188
 42
0.9515652342386188
 43
0.9515652342386188
  0
ATTRIB
  5
7E84
330
7E83
100
AcDbEntity
  8
0
100
AcDbText
 10
127.0545298709911
 20
73.27975698676018
 30
0.0
 40
2.200000000000002
  1
*
  7
ISOCP
 72
     1
 11
127.8222382043244
 21
74.37975698676017
 31
0.0
100
AcDbAttribute
  2
S_NAME
 70
     0
 74
     2
280
     0
 71
     1
 72
     0
 11
127.8222382043244
 21
74.37975698676017
 31
0.0
  0
ATTRIB
  5
7E85
330
7E83
100
AcDbEntity
  8
0
100
AcDbText
 10
124.531404870991
 20
70.36678956984628
 30
0.0
 40
2.200000000000002
  1
HECR
  7
ISOCP
 72
     1
 11
127.8222382043243
 21
71.46678956984627
 31
0.0
100
AcDbAttribute
  2
R_NAME
 70
     0
 74
     2
280
     0
 71
     1
 72
     0
 11
127.8222382043243
 21
71.46678956984627
 31
0.0
  0
ATTRIB
  5
7E86
330
7E83
100
AcDbEntity
  8
0
 62
     0
100
AcDbText
 10
123.2482689340369
 20
64.69779709545637
 30
0.0
 40
2.200000000000002
  1
3
  7
ISOCP
 72
     1
 11
124.0159772673702
 21
66.89779709545637
 31
0.0
100
AcDbAttribute
  2
A
 70
     0
 74
     3
280
     0
 71
     1
 72
     0
 11
124.0159772673702
 21
66.89779709545637
 31
0.0
  0
ATTRIB
  5
7E87
330
7E83
100
AcDbEntity
  8
0
 62
     0
100
AcDbText
 10
130.7576658079459
 20
64.69779709545637
 30
0.0
 40
2.200000000000002
  1
4
  7
ISOCP
 72
     1
 11
131.6284991412792
 21
66.89779709545637
 31
0.0
100
AcDbAttribute
  2
B
 70
     0
 74
     3
280
     0
 71
     1
 72
     0
 11
131.6284991412792
 21
66.89779709545637
 31
0.0
  0
ATTRIB
  5
7E88
330
7E83
100
AcDbEntity
  8
0
100
AcDbText
 10
126.7609567516914
 20
64.8639469624433
 30
0.0
 40
2.200000000000002
  1
A
  7
ISOCP
 72
     1
 11
127.7463734183581
 21
65.96394696244329
 31
0.0
100
AcDbAttribute
  2
C
 70
     0
 74
     2
280
     0
 71
     1
 72
     0
 11
127.7463734183581
 21
65.96394696244329
 31
0.0
  0
ATTRIB
  5
7E89
330
7E83
100
AcDbEntity
  8
0
100
AcDbText
 10
122.8694507934086
 20
76.0139407843202
 30
0.0
 40
2.200000000000002
  1
XXXXX
  7
ISOCP
 72
     1
 11
127.8148674600753
 21
77.11394078432019
 31
0.0
100
AcDbAttribute
  2
R(POS)
 70
     0
 74
     2
280
     0
 71
     1
 72
     0
 11
127.8148674600753
 21
77.11394078432019
 31
0.0
  0
ATTRIB
  5
8363
330
7E83
100
AcDbEntity
  8
0
100
AcDbText
 10
126.6985333833046
 20
57.98283956317417
 30
0.0
 40
1.903130468477238
  1
RB
  7
ISOCP
 72
     1
 11
128.2131080478011
 21
58.93440479741279
 31
0.0
100
AcDbAttribute
  2
DOC
 70
     5
 74
     2
280
     1
 71
     1
 72
     0
 11
128.2131080478011
 21
58.93440479741279
 31
0.0
  0
ATTRIB
  5
8364
330
7E83
100
AcDbEntity
  8
0
100
AcDbText
 10
127.2607657019545
 20
61.53493742606351
 30
0.0
 40
1.903130468477238
  1
2
  7
ISOCP
 72
     1
 11
127.9248789383502
 21
62.48650266030213
 31
0.0
100
AcDbAttribute
  2
WIRING
 70
     5
 74
     2
280
     1
 71
     1
 72
     0
 11
127.9248789383502
 21
62.48650266030213
 31
0.0
  0
SEQEND
  5
7E8A
330
7E83
100
AcDbEntity
  8
0
  0
INSERT
  5
7E8B
330
1F
100
AcDbEntity
  8
0
100
AcDbBlockReference
 66
     1
  2
Back_Contact
 10
107.0516869099257
 20
52.7071024647396
 30
0.0
 41
0.9515652342386188
 42
0.9515652342386188
 43
0.9515652342386188
  0
ATTRIB
  5
7E8C
330
7E8B
100
AcDbEntity
  8
0
100
AcDbText
 10
110.0902439001519
 20
57.41806654668432
 30
0.0
 40
2.200000000000002
  1
*
  7
ISOCP
 72
     1
 11
110.8579522334852
 21
58.51806654668432
 31
0.0
100
AcDbAttribute
  2
S_NAME
 70
     0
 74
     2
280
     0
 71
     1
 72
     0
 11
110.8579522334852
 21
58.51806654668432
 31
0.0
  0
ATTRIB
  5
7E8D
330
7E8B
100
AcDbEntity
  8
0
100
AcDbText
 10
106.6871189001518
 20
54.50509912977041
 30
0.0
 40
2.200000000000002
  1
HHECR
  7
ISOCP
 72
     1
 11
110.8579522334851
 21
55.60509912977041
 31
0.0
100
AcDbAttribute
  2
R_NAME
 70
     0
 74
     2
280
     0
 71
     1
 72
     0
 11
110.8579522334851
 21
55.60509912977041
 31
0.0
  0
ATTRIB
  5
7E8E
330
7E8B
100
AcDbEntity
  8
0
 62
     0
100
AcDbText
 10
106.2839829631977
 20
48.8361066553805
 30
0.0
 40
2.200000000000002
  1
3
  7
ISOCP
 72
     1
 11
107.051691296531
 21
51.03610665538051
 31
0.0
100
AcDbAttribute
  2
A
 70
     0
 74
     3
280
     0
 71
     1
 72
     0
 11
107.051691296531
 21
51.03610665538051
 31
0.0
  0
ATTRIB
  5
7E8F
330
7E8B
100
AcDbEntity
  8
0
 62
     0
100
AcDbText
 10
113.7933798371067
 20
48.8361066553805
 30
0.0
 40
2.200000000000002
  1
4
  7
ISOCP
 72
     1
 11
114.66421317044
 21
51.03610665538051
 31
0.0
100
AcDbAttribute
  2
B
 70
     0
 74
     3
280
     0
 71
     1
 72
     0
 11
114.66421317044
 21
51.03610665538051
 31
0.0
  0
ATTRIB
  5
7E90
330
7E8B
100
AcDbEntity
  8
0
100
AcDbText
 10
109.9112541141856
 20
49.00225652236744
 30
0.0
 40
2.200000000000002
  1
D
  7
ISOCP
 72
     1
 11
110.7820874475189
 21
50.10225652236744
 31
0.0
100
AcDbAttribute
  2
C
 70
     0
 74
     2
280
     0
 71
     1
 72
     0
 11
110.7820874475189
 21
50.10225652236744
 31
0.0
  0
ATTRIB
  5
7E91
330
7E8B
100
AcDbEntity
  8
0
100
AcDbText
 10
105.9051648225694
 20
60.15225034424434
 30
0.0
 40
2.200000000000002
  1
XXXXX
  7
ISOCP
 72
     1
 11
110.8505814892361
 21
61.25225034424434
 31
0.0
100
AcDbAttribute
  2
R(POS)
 70
     0
 74
     2
280
     0
 71
     1
 72
     0
 11
110.8505814892361
 21
61.25225034424434
 31
0.0
  0
ATTRIB
  5
8365
330
7E8B
100
AcDbEntity
  8
0
100
AcDbText
 10
109.7342474124654
 20
42.12114912309841
 30
0.0
 40
1.903130468477238
  1
RB
  7
ISOCP
 72
     1
 11
111.2488220769619
 21
43.07271435733703
 31
0.0
100
AcDbAttribute
  2
DOC
 70
     5
 74
     2
280
     1
 71
     1
 72
     0
 11
111.2488220769619
 21
43.07271435733703
 31
0.0
  0
ATTRIB
  5
8366
330
7E8B
100
AcDbEntity
  8
0
100
AcDbText
 10
110.4947224882483
 20
45.67324698598775
 30
0.0
 40
1.903130468477238
  1
1
  7
ISOCP
 72
     1
 11
110.960592967511
 21
46.62481222022637
 31
0.0
100
AcDbAttribute
  2
WIRING
 70
     5
 74
     2
280
     1
 71
     1
 72
     0
 11
110.960592967511
 21
46.62481222022637
 31
0.0
  0
SEQEND
  5
7E92
330
7E8B
100
AcDbEntity
  8
0
  0
INSERT
  5
7E93
330
1F
100
AcDbEntity
  8
0
100
AcDbBlockReference
 66
     1
  2
Back_Contact
 10
124.0159728807649
 20
52.7040835098429
 30
0.0
 41
0.9515652342386188
 42
0.9515652342386188
 43
0.9515652342386188
  0
ATTRIB
  5
7E94
330
7E93
100
AcDbEntity
  8
0
100
AcDbText
 10
127.0545298709911
 20
57.41504759178763
 30
0.0
 40
2.200000000000002
  1
*
  7
ISOCP
 72
     1
 11
127.8222382043244
 21
58.51504759178763
 31
0.0
100
AcDbAttribute
  2
S_NAME
 70
     0
 74
     2
280
     0
 71
     1
 72
     0
 11
127.8222382043244
 21
58.51504759178763
 31
0.0
  0
ATTRIB
  5
7E95
330
7E93
100
AcDbEntity
  8
0
100
AcDbText
 10
124.531404870991
 20
54.50208017487372
 30
0.0
 40
2.200000000000002
  1
HECR
  7
ISOCP
 72
     1
 11
127.8222382043243
 21
55.60208017487372
 31
0.0
100
AcDbAttribute
  2
R_NAME
 70
     0
 74
     2
280
     0
 71
     1
 72
     0
 11
127.8222382043243
 21
55.60208017487372
 31
0.0
  0
ATTRIB
  5
7E96
330
7E93
100
AcDbEntity
  8
0
 62
     0
100
AcDbText
 10
123.2482689340369
 20
48.83308770048382
 30
0.0
 40
2.200000000000002
  1
3
  7
ISOCP
 72
     1
 11
124.0159772673702
 21
51.03308770048382
 31
0.0
100
AcDbAttribute
  2
A
 70
     0
 74
     3
280
     0
 71
     1
 72
     0
 11
124.0159772673702
 21
51.03308770048382
 31
0.0
  0
ATTRIB
  5
7E97
330
7E93
100
AcDbEntity
  8
0
 62
     0
100
AcDbText
 10
130.7576658079459
 20
48.83308770048382
 30
0.0
 40
2.200000000000002
  1
4
  7
ISOCP
 72
     1
 11
131.6284991412792
 21
51.03308770048382
 31
0.0
100
AcDbAttribute
  2
B
 70
     0
 74
     3
280
     0
 71
     1
 72
     0
 11
131.6284991412792
 21
51.03308770048382
 31
0.0
  0
ATTRIB
  5
7E98
330
7E93
100
AcDbEntity
  8
0
100
AcDbText
 10
126.8755400850248
 20
48.99923756747074
 30
0.0
 40
2.200000000000002
  1
D
  7
ISOCP
 72
     1
 11
127.7463734183581
 21
50.09923756747074
 31
0.0
100
AcDbAttribute
  2
C
 70
     0
 74
     2
280
     0
 71
     1
 72
     0
 11
127.7463734183581
 21
50.09923756747074
 31
0.0
  0
ATTRIB
  5
7E99
330
7E93
100
AcDbEntity
  8
0
100
AcDbText
 10
122.8694507934086
 20
60.14923138934764
 30
0.0
 40
2.200000000000002
  1
XXXXX
  7
ISOCP
 72
     1
 11
127.8148674600753
 21
61.24923138934764
 31
0.0
100
AcDbAttribute
  2
R(POS)
 70
     0
 74
     2
280
     0
 71
     1
 72
     0
 11
127.8148674600753
 21
61.24923138934764
 31
0.0
  0
ATTRIB
  5
8367
330
7E93
100
AcDbEntity
  8
0
100
AcDbText
 10
126.6985333833046
 20
42.11813016820172
 30
0.0
 40
1.903130468477238
  1
RB
  7
ISOCP
 72
     1
 11
128.2131080478011
 21
43.06969540244034
 31
0.0
100
AcDbAttribute
  2
DOC
 70
     5
 74
     2
280
     1
 71
     1
 72
     0
 11
128.2131080478011
 21
43.06969540244034
 31
0.0
  0
ATTRIB
  5
8368
330
7E93
100
AcDbEntity
  8
0
100
AcDbText
 10
127.4590084590875
 20
45.67022803109106
 30
0.0
 40
1.903130468477238
  1
1
  7
ISOCP
 72
     1
 11
127.9248789383502
 21
46.62179326532968
 31
0.0
100
AcDbAttribute
  2
WIRING
 70
     5
 74
     2
280
     1
 71
     1
 72
     0
 11
127.9248789383502
 21
46.62179326532968
 31
0.0
  0
SEQEND
  5
7E9A
330
7E93
100
AcDbEntity
  8
0
  0
LWPOLYLINE
  5
7E9B
330
1F
100
AcDbEntity
  8
0
100
AcDbPolyline
 90
        6
 70
     0
 43
0.0
 10
92.7568596920743
 20
97.69871508467864
 10
85.65207021432151
 20
95.79558461620141
 10
85.65207021432151
 20
83.43287519221863
 10
107.4741710437365
 20
83.43287519221863
 10
107.4741710437365
 20
95.79558461620141
 10
100.3693815659832
 20
97.69871508467864
  0
LINE
  5
7E9C
330
1F
100
AcDbEntity
  8
0
100
AcDbLine
 10
157.6442594373752
 20
82.28913059955602
 30
0.0
 11
361.8203043352995
 21
82.28913059955602
 31
0.0
  0
INSERT
  5
7E9D
330
1F
100
AcDbEntity
  8
0
100
AcDbBlockReference
 66
     1
  2
Relay_Coil
 10
256.2944005175806
 20
51.92831107517451
 30
0.0
 41
0.9515652342386188
 42
0.9515652342386188
 43
0.9515652342386188
  0
ATTRIB
  5
7E9E
330
7E9D
100
AcDbEntity
  8
0
 62
     0
100
AcDbText
 10
245.1445719777204
 20
53.13902486899855
 30
0.0
 40
2.116114456734135
  1
*
  7
ISOCP
 72
     1
 11
245.8830077516849
 21
54.19708209736562
 31
0.0
100
AcDbAttribute
  2
S_NAME
 70
     0
 74
     2
280
     0
 71
     1
 72
     0
 11
245.8830077516849
 21
54.19708209736562
 31
0.0
1001
AcadAnnotative
1000
AnnotativeData
1002
{
1070
     1
1070
     0
1002
}
  0
ATTRIB
  5
7E9F
330
7E9D
100
AcDbEntity
  8
0
 62
     0
100
AcDbText
 10
242.7450287569439
 20
48.4913407612109
 30
0.0
 40
2.116114456734135
  1
RECR
  7
ISOCP
 72
     1
 11
245.9103832984754
 21
49.54939798957797
 31
0.0
100
AcDbAttribute
  2
R_NAME
 70
     0
 74
     2
280
     0
 71
     1
 72
     0
 11
245.9103832984754
 21
49.54939798957797
 31
0.0
  0
ATTRIB
  5
7EA0
330
7E9D
100
AcDbEntity
  8
0
 62
     0
100
AcDbText
 10
234.3485107450214
 20
52.77338431528468
 30
0.0
 40
2.116114456734135
  1
R1
  7
ISOCP
 72
     1
 11
235.7129637124364
 21
53.83144154365175
 31
0.0
100
AcDbAttribute
  2
L+
 70
     0
 74
     2
280
     0
 71
     1
 72
     0
 11
235.7129637124364
 21
53.83144154365175
 31
0.0
  0
ATTRIB
  5
7EA1
330
7E9D
100
AcDbEntity
  8
0
 62
     0
100
AcDbText
 10
255.5079259847888
 20
52.77338431528468
 30
0.0
 40
2.116114456734135
  1
R2
  7
ISOCP
 72
     1
 11
257.0928075414469
 21
53.83144154365175
 31
0.0
100
AcDbAttribute
  2
L-
 70
     0
 74
     2
280
     0
 71
     1
 72
     0
 11
257.0928075414469
 21
53.83144154365175
 31
0.0
  0
ATTRIB
  5
7EA2
330
7E9D
100
AcDbEntity
  8
0
100
AcDbText
 10
241.0377109563484
 20
55.88319332594071
 30
0.0
 40
2.116114456734135
  1
XXXXX
  7
ISOCP
 72
     1
 11
245.7945599122153
 21
56.94125055430778
 31
0.0
100
AcDbAttribute
  2
R(POS)
 70
     0
 74
     2
280
     0
 71
     1
 72
     0
 11
245.7945599122153
 21
56.94125055430778
 31
0.0
  0
ATTRIB
  5
83F0
330
7E9D
100
AcDbEntity
  8
0
100
AcDbText
 10
243.9425355113969
 20
41.18352101999423
 30
0.0
 40
1.903130468477238
  1
LR1
  7
ISOCP
 72
     1
 11
245.8357538420175
 21
42.13508625423285
 31
0.0
100
AcDbAttribute
  2
DOC
 70
     5
 74
     2
280
     1
 71
     1
 72
     0
 11
245.8357538420175
 21
42.13508625423285
 31
0.0
  0
ATTRIB
  5
83F1
330
7E9D
100
AcDbEntity
  8
0
100
AcDbText
 10
245.0816542533039
 20
44.73561888288358
 30
0.0
 40
1.903130468477238
  1
1
  7
ISOCP
 72
     1
 11
245.5475247325666
 21
45.6871841171222
 31
0.0
100
AcDbAttribute
  2
WIRING
 70
     5
 74
     2
280
     1
 71
     1
 72
     0
 11
245.5475247325666
 21
45.6871841171222
 31
0.0
  0
SEQEND
  5
7EA3
330
7E9D
100
AcDbEntity
  8
0
  0
LWPOLYLINE
  5
7EA4
330
1F
100
AcDbEntity
  8
0
100
AcDbPolyline
 90
        3
 70
     0
 43
0.0
 10
58.95743342696829
 20
97.72542630158613
 10
157.6442599889024
 20
97.72542630158615
 10
157.6442599889024
 20
82.28913059955602
  0
INSERT
  5
7EA5
330
1F
100
AcDbEntity
  8
0
100
AcDbBlockReference
 66
     1
  2
Back_Contact
 10
112.9539831809969
 20
215.7140475307893
 30
0.0
 41
1.024762559949282
 42
1.024762559949282
 43
1.024762559949282
  0
ATTRIB
  5
7EA6
330
7EA5
100
AcDbEntity
  8
0
100
AcDbText
 10
116.2262753243174
 20
220.7873934651913
 30
0.0
 40
2.369230769230771
  1
*
  7
ISOCP
 72
     1
 11
117.0530381448302
 21
221.9720088498067
 31
0.0
100
AcDbAttribute
  2
S_NAME
 70
     0
 74
     2
280
     0
 71
     1
 72
     0
 11
117.0530381448302
 21
221.9720088498067
 31
0.0
  0
ATTRIB
  5
7EA7
330
7EA5
100
AcDbEntity
  8
0
100
AcDbText
 10
115.1675253243173
 20
217.6503516315917
 30
0.0
 40
2.369230769230771
  1
DR
  7
ISOCP
 72
     1
 11
117.0530381448301
 21
218.8349670162071
 31
0.0
100
AcDbAttribute
  2
R_NAME
 70
     0
 74
     2
280
     0
 71
     1
 72
     0
 11
117.0530381448301
 21
218.8349670162071
 31
0.0
  0
ATTRIB
  5
7EA8
330
7EA5
100
AcDbEntity
  8
0
 62
     0
100
AcDbText
 10
112.1148853409308
 20
211.5452828130179
 30
0.0
 40
2.369230769230771
  1
5
  7
ISOCP
 72
     1
 11
112.9539879050334
 21
213.9145135822487
 31
0.0
100
AcDbAttribute
  2
A
 70
     0
 74
     3
280
     0
 71
     1
 72
     0
 11
112.9539879050334
 21
213.9145135822487
 31
0.0
  0
ATTRIB
  5
7EA9
330
7EA5
100
AcDbEntity
  8
0
 62
     0
100
AcDbText
 10
120.3253255641148
 20
211.5452828130179
 30
0.0
 40
2.369230769230771
  1
6
  7
ISOCP
 72
     1
 11
121.1520883846276
 21
213.9145135822487
 31
0.0
100
AcDbAttribute
  2
B
 70
     0
 74
     3
280
     0
 71
     1
 72
     0
 11
121.1520883846276
 21
213.9145135822487
 31
0.0
  0
ATTRIB
  5
7EAA
330
7EA5
100
AcDbEntity
  8
0
100
AcDbText
 10
115.9101196573792
 20
211.7242134390039
 30
0.0
 40
2.369230769230771
  1
A
  7
ISOCP
 72
     1
 11
116.9713376060972
 21
212.9088288236193
 31
0.0
100
AcDbAttribute
  2
C
 70
     0
 74
     2
280
     0
 71
     1
 72
     0
 11
116.9713376060972
 21
212.9088288236193
 31
0.0
  0
ATTRIB
  5
7EAB
330
7EA5
100
AcDbEntity
  8
0
100
AcDbText
 10
111.7192670869209
 20
223.7318990933328
 30
0.0
 40
2.369230769230771
  1
XXXXX
  7
ISOCP
 72
     1
 11
117.0451004202542
 21
224.9165144779482
 31
0.0
100
AcDbAttribute
  2
R(POS)
 70
     0
 74
     2
280
     0
 71
     1
 72
     0
 11
117.0451004202542
 21
224.9165144779482
 31
0.0
  0
ATTRIB
  5
8369
330
7EA5
100
AcDbEntity
  8
0
100
AcDbText
 10
115.8428944914243
 20
204.3137900859449
 30
0.0
 40
2.049525119898564
  1
RB
  7
ISOCP
 72
     1
 11
117.4739748993436
 21
205.3385526458942
 31
0.0
100
AcDbAttribute
  2
DOC
 70
     5
 74
     2
280
     1
 71
     1
 72
     0
 11
117.4739748993436
 21
205.3385526458942
 31
0.0
  0
ATTRIB
  5
836A
330
7EA5
100
AcDbEntity
  8
0
100
AcDbText
 10
116.4483754499703
 20
208.1391262459796
 30
0.0
 40
2.049525119898564
  1
2
  7
ISOCP
 72
     1
 11
117.1635743199349
 21
209.1638888059289
 31
0.0
100
AcDbAttribute
  2
WIRING
 70
     5
 74
     2
280
     1
 71
     1
 72
     0
 11
117.1635743199349
 21
209.1638888059289
 31
0.0
  0
SEQEND
  5
7EAC
330
7EA5
100
AcDbEntity
  8
0
  0
INSERT
  5
7EAD
330
1F
100
AcDbEntity
  8
0
100
AcDbBlockReference
 66
     1
  2
Back_Contact
 10
112.9539871883753
 20
200.8123657856907
 30
0.0
 41
1.024762559949282
 42
1.024762559949282
 43
1.024762559949282
  0
ATTRIB
  5
7EAE
330
7EAD
100
AcDbEntity
  8
0
100
AcDbText
 10
116.2262793316958
 20
205.8857117200927
 30
0.0
 40
2.369230769230771
  1
*
  7
ISOCP
 72
     1
 11
117.0530421522086
 21
207.0703271047081
 31
0.0
100
AcDbAttribute
  2
S_NAME
 70
     0
 74
     2
280
     0
 71
     1
 72
     0
 11
117.0530421522086
 21
207.0703271047081
 31
0.0
  0
ATTRIB
  5
7EAF
330
7EAD
100
AcDbEntity
  8
0
100
AcDbText
 10
115.1675293316957
 20
202.7486698864931
 30
0.0
 40
2.369230769230771
  1
DR
  7
ISOCP
 72
     1
 11
117.0530421522085
 21
203.9332852711085
 31
0.0
100
AcDbAttribute
  2
R_NAME
 70
     0
 74
     2
280
     0
 71
     1
 72
     0
 11
117.0530421522085
 21
203.9332852711085
 31
0.0
  0
ATTRIB
  5
7EB0
330
7EAD
100
AcDbEntity
  8
0
 62
     0
100
AcDbText
 10
112.1148893483092
 20
196.6436010679193
 30
0.0
 40
2.369230769230771
  1
5
  7
ISOCP
 72
     1
 11
112.9539919124118
 21
199.0128318371501
 31
0.0
100
AcDbAttribute
  2
A
 70
     0
 74
     3
280
     0
 71
     1
 72
     0
 11
112.9539919124118
 21
199.0128318371501
 31
0.0
  0
ATTRIB
  5
7EB1
330
7EAD
100
AcDbEntity
  8
0
 62
     0
100
AcDbText
 10
120.3253295714932
 20
196.6436010679193
 30
0.0
 40
2.369230769230771
  1
6
  7
ISOCP
 72
     1
 11
121.152092392006
 21
199.0128318371501
 31
0.0
100
AcDbAttribute
  2
B
 70
     0
 74
     3
280
     0
 71
     1
 72
     0
 11
121.152092392006
 21
199.0128318371501
 31
0.0
  0
ATTRIB
  5
7EB2
330
7EAD
100
AcDbEntity
  8
0
100
AcDbText
 10
116.0335211006551
 20
196.8225316939053
 30
0.0
 40
2.369230769230771
  1
B
  7
ISOCP
 72
     1
 11
116.9713416134756
 21
198.0071470785207
 31
0.0
100
AcDbAttribute
  2
C
 70
     0
 74
     2
280
     0
 71
     1
 72
     0
 11
116.9713416134756
 21
198.0071470785207
 31
0.0
  0
ATTRIB
  5
7EB3
330
7EAD
100
AcDbEntity
  8
0
100
AcDbText
 10
111.7192710942993
 20
207.6585902364619
 30
0.0
 40
2.369230769230771
  1
XXXXX
  7
ISOCP
 72
     1
 11
117.0451044276326
 21
208.8432056210773
 31
0.0
100
AcDbAttribute
  2
R(POS)
 70
     0
 74
     2
280
     0
 71
     1
 72
     0
 11
117.0451044276326
 21
208.8432056210773
 31
0.0
  0
ATTRIB
  5
836B
330
7EAD
100
AcDbEntity
  8
0
100
AcDbText
 10
115.8428984988027
 20
189.4121083408463
 30
0.0
 40
2.049525119898564
  1
RB
  7
ISOCP
 72
     1
 11
117.473978906722
 21
190.4368709007956
 31
0.0
100
AcDbAttribute
  2
DOC
 70
     5
 74
     2
280
     1
 71
     1
 72
     0
 11
117.473978906722
 21
190.4368709007956
 31
0.0
  0
ATTRIB
  5
836C
330
7EAD
100
AcDbEntity
  8
0
100
AcDbText
 10
116.4483794573487
 20
193.237444500881
 30
0.0
 40
2.049525119898564
  1
2
  7
ISOCP
 72
     1
 11
117.1635783273133
 21
194.2622070608303
 31
0.0
100
AcDbAttribute
  2
WIRING
 70
     5
 74
     2
280
     1
 71
     1
 72
     0
 11
117.1635783273133
 21
194.2622070608303
 31
0.0
  0
SEQEND
  5
7EB4
330
7EAD
100
AcDbEntity
  8
0
  0
INSERT
  5
7EB5
330
1F
100
AcDbEntity
  8
FUZEENDBLOCK.INSERT
 62
     0
100
AcDbBlockReference
 66
     1
  2
FUZEENDBLOCK
 10
40.48660547188729
 20
232.0824958406835
 30
0.0
 41
0.849233469199126
 42
0.849233469199126
 43
0.849233469199126
  0
ATTRIB
  5
7EB6
330
7EB5
100
AcDbEntity
  8
0
100
AcDbText
 10
43.65537226998798
 20
233.9548129828804
 30
0.849233469199126
 40
2.2
  1
NX110 (#)
  7
isocp.shx
 72
     1
 11
49.70078893665465
 21
235.0548129828804
 31
0.849233469199126
100
AcDbAttribute
  2
VOLT
 70
     0
 74
     2
280
     0
 71
     1
 72
     0
 11
49.70078893665465
 21
235.0548129828804
 31
0.849233469199126
  0
ATTRIB
  5
7EB7
330
7EB5
100
AcDbEntity
  8
0
100
AcDbText
 10
46.73537226998798
 20
227.585561963887
 30
0.849233469199126
 40
2.2
  1
XXX
  7
isocp.shx
 72
     1
 11
49.70078893665465
 21
228.685561963887
 31
0.849233469199126
100
AcDbAttribute
  2
FTOT
 70
     0
 74
     2
280
     0
 71
     1
 72
     0
 11
49.70078893665465
 21
228.685561963887
 31
0.849233469199126
  0
SEQEND
  5
7EB8
330
7EB5
100
AcDbEntity
  8
FUZEENDBLOCK.INSERT
 62
     0
  0
INSERT
  5
7EB9
330
1F
100
AcDbEntity
  8
FUZEBLOCK.INSERT
 62
     0
100
AcDbBlockReference
 66
     1
  2
FUZEBLOCK
 10
41.40974380222173
 20
261.1685602130271
 30
0.0
 41
0.8067903275745545
 42
0.8067903275745545
 43
0.8067903275745545
  0
ATTRIB
  5
7EBA
330
7EB9
100
AcDbEntity
  8
0
100
AcDbText
 10
27.30961054194065
 20
260.2261873678014
 30
0.8067903275745545
 40
2.200000000000001
  1
BX110 (#)
  7
isocp.shx
 72
     2
 11
39.07961054194065
 21
261.3261873678014
 31
0.8067903275745545
100
AcDbAttribute
  2
VOLT
 70
     0
 74
     2
280
     0
 71
     1
 72
     0
 11
39.07961054194065
 21
261.3261873678014
 31
0.8067903275745545
  0
ATTRIB
  5
7EBB
330
7EB9
100
AcDbEntity
  8
0
100
AcDbText
 10
40.13858682346164
 20
256.8413989027289
 30
0.8067903275745545
 40
2.200000000000001
  1
XXX
  7
isocp.shx
 72
     1
 11
43.10400349012831
 21
257.9413989027289
 31
0.8067903275745545
100
AcDbAttribute
  2
FTOT
 70
     0
 74
     2
280
     0
 71
     1
 72
     0
 11
43.10400349012831
 21
257.9413989027289
 31
0.8067903275745545
  0
ATTRIB
  5
7EBC
330
7EB9
100
AcDbEntity
  8
0
100
AcDbText
 10
50.58422565690824
 20
263.2957215233253
 30
0.8067903275745545
 40
2.200000000000001
  1
630mA
  7
isocp.shx
 72
     1
 11
54.86964232357491
 21
264.3957215233253
 31
0.8067903275745545
100
AcDbAttribute
  2
FUSEVALUE
 70
     0
 74
     2
280
     0
 71
     1
 72
     0
 11
54.86964232357491
 21
264.3957215233253
 31
0.8067903275745545
  0
SEQEND
  5
7EBD
330
7EB9
100
AcDbEntity
  8
FUZEBLOCK.INSERT
 62
     0
  0
INSERT
  5
7EBE
330
1F
100
AcDbEntity
  8
0
100
AcDbBlockReference
  2
24PPTC
 10
53.38035425375102
 20
255.141580211261
 30
0.0
  0
INSERT
  5
7EBF
330
1F
100
AcDbEntity
  8
FUZEBLOCK.INSERT
 62
     0
100
AcDbBlockReference
 66
     1
  2
FUZEBLOCK
 10
41.40974380222173
 20
97.72542630158613
 30
0.0
 41
0.8067903275745545
 42
0.8067903275745545
 43
0.8067903275745545
  0
ATTRIB
  5
7EC0
330
7EBF
100
AcDbEntity
  8
0
100
AcDbText
 10
27.30961054194065
 20
96.78305345636048
 30
0.8067903275745545
 40
2.200000000000001
  1
BX110 (#)
  7
isocp.shx
 72
     2
 11
39.07961054194065
 21
97.88305345636047
 31
0.8067903275745545
100
AcDbAttribute
  2
VOLT
 70
     0
 74
     2
280
     0
 71
     1
 72
     0
 11
39.07961054194065
 21
97.88305345636047
 31
0.8067903275745545
  0
ATTRIB
  5
7EC1
330
7EBF
100
AcDbEntity
  8
0
100
AcDbText
 10
40.13858682346164
 20
93.39826499128796
 30
0.8067903275745545
 40
2.200000000000001
  1
XXX
  7
isocp.shx
 72
     1
 11
43.10400349012831
 21
94.49826499128795
 31
0.8067903275745545
100
AcDbAttribute
  2
FTOT
 70
     0
 74
     2
280
     0
 71
     1
 72
     0
 11
43.10400349012831
 21
94.49826499128795
 31
0.8067903275745545
  0
ATTRIB
  5
7EC2
330
7EBF
100
AcDbEntity
  8
0
100
AcDbText
 10
50.58422565690824
 20
99.8525876118844
 30
0.8067903275745545
 40
2.200000000000001
  1
630mA
  7
isocp.shx
 72
     1
 11
54.86964232357491
 21
100.9525876118844
 31
0.8067903275745545
100
AcDbAttribute
  2
FUSEVALUE
 70
     0
 74
     2
280
     0
 71
     1
 72
     0
 11
54.86964232357491
 21
100.9525876118844
 31
0.8067903275745545
  0
SEQEND
  5
7EC3
330
7EBF
100
AcDbEntity
  8
FUZEBLOCK.INSERT
 62
     0
  0
INSERT
  5
7EC4
330
1F
100
AcDbEntity
  8
0
100
AcDbBlockReference
  2
24PPTC
 10
53.38035425375102
 20
91.19844629982008
 30
0.0
  0
INSERT
  5
7EC5
330
1F
100
AcDbEntity
  8
0
100
AcDbBlockReference
 66
     1
  2
CTR
 10
273.9046950479907
 20
232.0824958406835
 30
0.0
 41
-1.024762559949282
 42
1.024762559949282
 43
1.024762559949282
  0
ATTRIB
  5
7EC6
330
7EC5
100
AcDbEntity
  8
0
100
AcDbText
 10
271.3214394281185
 20
234.1633279550637
 30
0.0
 40
2.25447763188842
  1
CTR
  7
ISOCP
 72
     1
 11
273.9046950479907
 21
235.2905667710079
 31
0.0
100
AcDbAttribute
  2
CTR
 70
     0
 74
     2
280
     0
 71
     1
 72
     0
 11
273.9046950479907
 21
235.2905667710079
 31
0.0
  0
ATTRIB
  5
7EC7
330
7EC5
100
AcDbEntity
  8
0
 62
     0
100
AcDbText
 10
273.9046950479907
 20
227.7784930888966
 30
0.0
 40
2.25447763188842
  1

  7
ISOCP
 72
     1
 11
273.9046950479907
 21
230.032970720785
 31
0.0
100
AcDbAttribute
  2
POS
 70
     0
 74
     3
280
     0
 71
     1
 72
     0
 11
273.9046950479907
 21
230.032970720785
 31
0.0
  0
SEQEND
  5
7EC8
330
7EC5
100
AcDbEntity
  8
0
  0
LINE
  5
7EC9
330
1F
100
AcDbEntity
  8
0
100
AcDbLine
 10
273.9046944119203
 20
232.0824958406834
 30
0.0
 11
285.0685803377872
 21
232.0824958406834
 31
0.0
  0
LINE
  5
7ECA
330
1F
100
AcDbEntity
  8
0
  6
ACAD_ISO02W100
 48
0.5
370
    25
100
AcDbLine
 10
279.4866380109242
 20
271.7860683931958
 30
0.0
 11
279.4866380109242
 21
47.30477899266975
 31
0.0
  0
INSERT
  5
7ECB
330
1F
100
AcDbEntity
  8
0
100
AcDbBlockReference
 66
     1
  2
CTR
 10
285.0685803377872
 20
232.0824958406834
 30
0.0
 41
1.024762559949282
 42
1.024762559949282
 43
1.024762559949282
  0
ATTRIB
  5
7ECC
330
7ECB
100
AcDbEntity
  8
0
100
AcDbText
 10
282.485324717915
 20
234.1633279550635
 30
0.0
 40
2.25447763188842
  1
CTR
  7
ISOCP
 72
     1
 11
285.0685803377872
 21
235.2905667710077
 31
0.0
100
AcDbAttribute
  2
CTR
 70
     0
 74
     2
280
     0
 71
     1
 72
     0
 11
285.0685803377872
 21
235.2905667710077
 31
0.0
  0
ATTRIB
  5
7ECD
330
7ECB
100
AcDbEntity
  8
0
 62
     0
100
AcDbText
 10
285.0685803377872
 20
227.7784930888964
 30
0.0
 40
2.25447763188842
  1

  7
ISOCP
 72
     1
 11
285.0685803377872
 21
230.0329707207848
 31
0.0
100
AcDbAttribute
  2
POS
 70
     0
 74
     3
280
     0
 71
     1
 72
     0
 11
285.0685803377872
 21
230.0329707207848
 31
0.0
  0
SEQEND
  5
7ECE
330
7ECB
100
AcDbEntity
  8
0
  0
INSERT
  5
7ECF
330
1F
100
AcDbEntity
  8
0
100
AcDbBlockReference
 66
     1
  2
CTR
 10
273.9046950479907
 20
261.1685602130273
 30
0.0
 41
-1.024762559949282
 42
1.024762559949282
 43
1.024762559949282
  0
ATTRIB
  5
7ED0
330
7ECF
100
AcDbEntity
  8
0
100
AcDbText
 10
271.3214394281185
 20
263.2493923274073
 30
0.0
 40
2.25447763188842
  1
CTR
  7
ISOCP
 72
     1
 11
273.9046950479907
 21
264.3766311433516
 31
0.0
100
AcDbAttribute
  2
CTR
 70
     0
 74
     2
280
     0
 71
     1
 72
     0
 11
273.9046950479907
 21
264.3766311433516
 31
0.0
  0
ATTRIB
  5
7ED1
330
7ECF
100
AcDbEntity
  8
0
 62
     0
100
AcDbText
 10
273.9046950479907
 20
256.8645574612404
 30
0.0
 40
2.25447763188842
  1

  7
ISOCP
 72
     1
 11
273.9046950479907
 21
259.1190350931288
 31
0.0
100
AcDbAttribute
  2
POS
 70
     0
 74
     3
280
     0
 71
     1
 72
     0
 11
273.9046950479907
 21
259.1190350931288
 31
0.0
  0
SEQEND
  5
7ED2
330
7ECF
100
AcDbEntity
  8
0
  0
LINE
  5
7ED3
330
1F
100
AcDbEntity
  8
0
100
AcDbLine
 10
273.9046944119203
 20
261.1685602130271
 30
0.0
 11
285.0685803377872
 21
261.1685602130271
 31
0.0
  0
INSERT
  5
7ED4
330
1F
100
AcDbEntity
  8
0
100
AcDbBlockReference
 66
     1
  2
CTR
 10
285.0685803377872
 20
261.1685602130271
 30
0.0
 41
1.024762559949282
 42
1.024762559949282
 43
1.024762559949282
  0
ATTRIB
  5
7ED5
330
7ED4
100
AcDbEntity
  8
0
100
AcDbText
 10
282.485324717915
 20
263.2493923274073
 30
0.0
 40
2.25447763188842
  1
CTR
  7
ISOCP
 72
     1
 11
285.0685803377872
 21
264.3766311433515
 31
0.0
100
AcDbAttribute
  2
CTR
 70
     0
 74
     2
280
     0
 71
     1
 72
     0
 11
285.0685803377872
 21
264.3766311433515
 31
0.0
  0
ATTRIB
  5
7ED6
330
7ED4
100
AcDbEntity
  8
0
 62
     0
100
AcDbText
 10
285.0685803377872
 20
256.8645574612402
 30
0.0
 40
2.25447763188842
  1

  7
ISOCP
 72
     1
 11
285.0685803377872
 21
259.1190350931286
 31
0.0
100
AcDbAttribute
  2
POS
 70
     0
 74
     3
280
     0
 71
     1
 72
     0
 11
285.0685803377872
 21
259.1190350931286
 31
0.0
  0
SEQEND
  5
7ED7
330
7ED4
100
AcDbEntity
  8
0
  0
INSERT
  5
7ED8
330
1F
100
AcDbEntity
  8
0
100
AcDbBlockReference
 66
     1
  2
CTR
 10
273.9046950479906
 20
215.7140635603034
 30
0.0
 41
-1.024762559949282
 42
1.024762559949282
 43
1.024762559949282
  0
ATTRIB
  5
7ED9
330
7ED8
100
AcDbEntity
  8
0
100
AcDbText
 10
271.3214394281184
 20
217.7948956746836
 30
0.0
 40
2.25447763188842
  1
CTR
  7
ISOCP
 72
     1
 11
273.9046950479906
 21
218.9221344906278
 31
0.0
100
AcDbAttribute
  2
CTR
 70
     0
 74
     2
280
     0
 71
     1
 72
     0
 11
273.9046950479906
 21
218.9221344906278
 31
0.0
  0
ATTRIB
  5
7EDA
330
7ED8
100
AcDbEntity
  8
0
 62
     0
100
AcDbText
 10
273.9046950479906
 20
211.4100608085166
 30
0.0
 40
2.25447763188842
  1

  7
ISOCP
 72
     1
 11
273.9046950479906
 21
213.664538440405
 31
0.0
100
AcDbAttribute
  2
POS
 70
     0
 74
     3
280
     0
 71
     1
 72
     0
 11
273.9046950479906
 21
213.664538440405
 31
0.0
  0
SEQEND
  5
7EDB
330
7ED8
100
AcDbEntity
  8
0
  0
LINE
  5
7EDC
330
1F
100
AcDbEntity
  8
0
100
AcDbLine
 10
273.9046944119202
 20
215.7140635603033
 30
0.0
 11
285.0685803377871
 21
215.7140635603033
 31
0.0
  0
INSERT
  5
7EDD
330
1F
100
AcDbEntity
  8
0
100
AcDbBlockReference
 66
     1
  2
CTR
 10
285.0685803377871
 20
215.7140635603033
 30
0.0
 41
1.024762559949282
 42
1.024762559949282
 43
1.024762559949282
  0
ATTRIB
  5
7EDE
330
7EDD
100
AcDbEntity
  8
0
100
AcDbText
 10
282.485324717915
 20
217.7948956746835
 30
0.0
 40
2.25447763188842
  1
CTR
  7
ISOCP
 72
     1
 11
285.0685803377871
 21
218.9221344906277
 31
0.0
100
AcDbAttribute
  2
CTR
 70
     0
 74
     2
280
     0
 71
     1
 72
     0
 11
285.0685803377871
 21
218.9221344906277
 31
0.0
  0
ATTRIB
  5
7EDF
330
7EDD
100
AcDbEntity
  8
0
 62
     0
100
AcDbText
 10
285.0685803377871
 20
211.4100608085163
 30
0.0
 40
2.25447763188842
  1

  7
ISOCP
 72
     1
 11
285.0685803377871
 21
213.6645384404047
 31
0.0
100
AcDbAttribute
  2
POS
 70
     0
 74
     3
280
     0
 71
     1
 72
     0
 11
285.0685803377871
 21
213.6645384404047
 31
0.0
  0
SEQEND
  5
7EE0
330
7EDD
100
AcDbEntity
  8
0
  0
INSERT
  5
7EE1
330
1F
100
AcDbEntity
  8
0
100
AcDbBlockReference
 66
     1
  2
CTR
 10
273.9046950479907
 20
171.2140451963713
 30
0.0
 41
-1.024762559949282
 42
1.024762559949282
 43
1.024762559949282
  0
ATTRIB
  5
7EE2
330
7EE1
100
AcDbEntity
  8
0
100
AcDbText
 10
271.3214394281185
 20
173.2948773107515
 30
0.0
 40
2.25447763188842
  1
CTR
  7
ISOCP
 72
     1
 11
273.9046950479907
 21
174.4221161266957
 31
0.0
100
AcDbAttribute
  2
CTR
 70
     0
 74
     2
280
     0
 71
     1
 72
     0
 11
273.9046950479907
 21
174.4221161266957
 31
0.0
  0
ATTRIB
  5
7EE3
330
7EE1
100
AcDbEntity
  8
0
 62
     0
100
AcDbText
 10
273.9046950479907
 20
166.9100424445844
 30
0.0
 40
2.25447763188842
  1

  7
ISOCP
 72
     1
 11
273.9046950479907
 21
169.1645200764728
 31
0.0
100
AcDbAttribute
  2
POS
 70
     0
 74
     3
280
     0
 71
     1
 72
     0
 11
273.9046950479907
 21
169.1645200764728
 31
0.0
  0
SEQEND
  5
7EE4
330
7EE1
100
AcDbEntity
  8
0
  0
LINE
  5
7EE5
330
1F
100
AcDbEntity
  8
0
100
AcDbLine
 10
273.9046944119203
 20
171.2140451963712
 30
0.0
 11
285.0685803377872
 21
171.2140451963712
 31
0.0
  0
INSERT
  5
7EE6
330
1F
100
AcDbEntity
  8
0
100
AcDbBlockReference
 66
     1
  2
CTR
 10
285.0685803377872
 20
171.2140451963712
 30
0.0
 41
1.024762559949282
 42
1.024762559949282
 43
1.024762559949282
  0
ATTRIB
  5
7EE7
330
7EE6
100
AcDbEntity
  8
0
100
AcDbText
 10
282.485324717915
 20
173.2948773107514
 30
0.0
 40
2.25447763188842
  1
CTR
  7
ISOCP
 72
     1
 11
285.0685803377872
 21
174.4221161266956
 31
0.0
100
AcDbAttribute
  2
CTR
 70
     0
 74
     2
280
     0
 71
     1
 72
     0
 11
285.0685803377872
 21
174.4221161266956
 31
0.0
  0
ATTRIB
  5
7EE8
330
7EE6
100
AcDbEntity
  8
0
 62
     0
100
AcDbText
 10
285.0685803377872
 20
166.9100424445842
 30
0.0
 40
2.25447763188842
  1

  7
ISOCP
 72
     1
 11
285.0685803377872
 21
169.1645200764726
 31
0.0
100
AcDbAttribute
  2
POS
 70
     0
 74
     3
280
     0
 71
     1
 72
     0
 11
285.0685803377872
 21
169.1645200764726
 31
0.0
  0
SEQEND
  5
7EE9
330
7EE6
100
AcDbEntity
  8
0
  0
INSERT
  5
7EEA
330
1F
100
AcDbEntity
  8
0
100
AcDbBlockReference
 66
     1
  2
CTR
 10
273.9046950479898
 20
155.1177378501138
 30
0.0
 41
-1.024762559949282
 42
1.024762559949282
 43
1.024762559949282
  0
ATTRIB
  5
7EEB
330
7EEA
100
AcDbEntity
  8
0
100
AcDbText
 10
271.3214394281176
 20
157.198569964494
 30
0.0
 40
2.25447763188842
  1
CTR
  7
ISOCP
 72
     1
 11
273.9046950479898
 21
158.3258087804382
 31
0.0
100
AcDbAttribute
  2
CTR
 70
     0
 74
     2
280
     0
 71
     1
 72
     0
 11
273.9046950479898
 21
158.3258087804382
 31
0.0
  0
ATTRIB
  5
7EEC
330
7EEA
100
AcDbEntity
  8
0
 62
     0
100
AcDbText
 10
273.9046950479898
 20
150.8137350983269
 30
0.0
 40
2.25447763188842
  1

  7
ISOCP
 72
     1
 11
273.9046950479898
 21
153.0682127302153
 31
0.0
100
AcDbAttribute
  2
POS
 70
     0
 74
     3
280
     0
 71
     1
 72
     0
 11
273.9046950479898
 21
153.0682127302153
 31
0.0
  0
SEQEND
  5
7EED
330
7EEA
100
AcDbEntity
  8
0
  0
LINE
  5
7EEE
330
1F
100
AcDbEntity
  8
0
100
AcDbLine
 10
273.9046944119194
 20
155.1177378501137
 30
0.0
 11
285.0685803377863
 21
155.1177378501137
 31
0.0
  0
INSERT
  5
7EEF
330
1F
100
AcDbEntity
  8
0
100
AcDbBlockReference
 66
     1
  2
CTR
 10
285.0685803377863
 20
155.1177378501137
 30
0.0
 41
1.024762559949282
 42
1.024762559949282
 43
1.024762559949282
  0
ATTRIB
  5
7EF0
330
7EEF
100
AcDbEntity
  8
0
100
AcDbText
 10
282.4853247179141
 20
157.1985699644939
 30
0.0
 40
2.25447763188842
  1
CTR
  7
ISOCP
 72
     1
 11
285.0685803377863
 21
158.3258087804381
 31
0.0
100
AcDbAttribute
  2
CTR
 70
     0
 74
     2
280
     0
 71
     1
 72
     0
 11
285.0685803377863
 21
158.3258087804381
 31
0.0
  0
ATTRIB
  5
7EF1
330
7EEF
100
AcDbEntity
  8
0
 62
     0
100
AcDbText
 10
285.0685803377863
 20
150.8137350983267
 30
0.0
 40
2.25447763188842
  1

  7
ISOCP
 72
     1
 11
285.0685803377863
 21
153.0682127302151
 31
0.0
100
AcDbAttribute
  2
POS
 70
     0
 74
     3
280
     0
 71
     1
 72
     0
 11
285.0685803377863
 21
153.0682127302151
 31
0.0
  0
SEQEND
  5
7EF2
330
7EEF
100
AcDbEntity
  8
0
  0
INSERT
  5
7EF3
330
1F
100
AcDbEntity
  8
0
100
AcDbBlockReference
 66
     1
  2
CTR
 10
273.9046951325338
 20
110.5614998173108
 30
0.0
 41
-1.024762559949282
 42
1.024762559949282
 43
1.024762559949282
  0
ATTRIB
  5
7EF4
330
7EF3
100
AcDbEntity
  8
0
100
AcDbText
 10
271.3214395126616
 20
112.642331931691
 30
0.0
 40
2.25447763188842
  1
CTR
  7
ISOCP
 72
     1
 11
273.9046951325338
 21
113.7695707476352
 31
0.0
100
AcDbAttribute
  2
CTR
 70
     0
 74
     2
280
     0
 71
     1
 72
     0
 11
273.9046951325338
 21
113.7695707476352
 31
0.0
  0
ATTRIB
  5
7EF5
330
7EF3
100
AcDbEntity
  8
0
 62
     0
100
AcDbText
 10
273.9046951325338
 20
106.2574970655239
 30
0.0
 40
2.25447763188842
  1

  7
ISOCP
 72
     1
 11
273.9046951325338
 21
108.5119746974123
 31
0.0
100
AcDbAttribute
  2
POS
 70
     0
 74
     3
280
     0
 71
     1
 72
     0
 11
273.9046951325338
 21
108.5119746974123
 31
0.0
  0
SEQEND
  5
7EF6
330
7EF3
100
AcDbEntity
  8
0
  0
LINE
  5
7EF7
330
1F
100
AcDbEntity
  8
0
100
AcDbLine
 10
273.9046944964634
 20
110.5614998173107
 30
0.0
 11
285.0685804223303
 21
110.5614998173107
 31
0.0
  0
INSERT
  5
7EF8
330
1F
100
AcDbEntity
  8
0
100
AcDbBlockReference
 66
     1
  2
CTR
 10
285.0685804223303
 20
110.5614998173107
 30
0.0
 41
1.024762559949282
 42
1.024762559949282
 43
1.024762559949282
  0
ATTRIB
  5
7EF9
330
7EF8
100
AcDbEntity
  8
0
100
AcDbText
 10
282.4853248024581
 20
112.6423319316909
 30
0.0
 40
2.25447763188842
  1
CTR
  7
ISOCP
 72
     1
 11
285.0685804223303
 21
113.7695707476351
 31
0.0
100
AcDbAttribute
  2
CTR
 70
     0
 74
     2
280
     0
 71
     1
 72
     0
 11
285.0685804223303
 21
113.7695707476351
 31
0.0
  0
ATTRIB
  5
7EFA
330
7EF8
100
AcDbEntity
  8
0
 62
     0
100
AcDbText
 10
285.0685804223303
 20
106.2574970655237
 30
0.0
 40
2.25447763188842
  1

  7
ISOCP
 72
     1
 11
285.0685804223303
 21
108.5119746974121
 31
0.0
100
AcDbAttribute
  2
POS
 70
     0
 74
     3
280
     0
 71
     1
 72
     0
 11
285.0685804223303
 21
108.5119746974121
 31
0.0
  0
SEQEND
  5
7EFB
330
7EF8
100
AcDbEntity
  8
0
  0
INSERT
  5
7EFC
330
1F
100
AcDbEntity
  8
0
100
AcDbBlockReference
 66
     1
  2
CTR
 10
273.9046944964636
 20
82.28913059955613
 30
0.0
 41
-1.024762559949282
 42
1.024762559949282
 43
1.024762559949282
  0
ATTRIB
  5
7EFD
330
7EFC
100
AcDbEntity
  8
0
100
AcDbText
 10
271.3214388765915
 20
84.36996271393629
 30
0.0
 40
2.25447763188842
  1
CTR
  7
ISOCP
 72
     1
 11
273.9046944964636
 21
85.4972015298805
 31
0.0
100
AcDbAttribute
  2
CTR
 70
     0
 74
     2
280
     0
 71
     1
 72
     0
 11
273.9046944964636
 21
85.4972015298805
 31
0.0
  0
ATTRIB
  5
7EFE
330
7EFC
100
AcDbEntity
  8
0
 62
     0
100
AcDbText
 10
273.9046944964636
 20
77.98512784776923
 30
0.0
 40
2.25447763188842
  1

  7
ISOCP
 72
     1
 11
273.9046944964636
 21
80.23960547965765
 31
0.0
100
AcDbAttribute
  2
POS
 70
     0
 74
     3
280
     0
 71
     1
 72
     0
 11
273.9046944964636
 21
80.23960547965765
 31
0.0
  0
SEQEND
  5
7EFF
330
7EFC
100
AcDbEntity
  8
0
  0
LINE
  5
7F00
330
1F
100
AcDbEntity
  8
0
100
AcDbLine
 10
273.9046938603933
 20
82.28913059955602
 30
0.0
 11
285.0685797862602
 21
82.28913059955602
 31
0.0
  0
INSERT
  5
7F01
330
1F
100
AcDbEntity
  8
0
100
AcDbBlockReference
 66
     1
  2
CTR
 10
285.0685797862602
 20
82.28913059955602
 30
0.0
 41
1.024762559949282
 42
1.024762559949282
 43
1.024762559949282
  0
ATTRIB
  5
7F02
330
7F01
100
AcDbEntity
  8
0
100
AcDbText
 10
282.4853241663881
 20
84.36996271393618
 30
0.0
 40
2.25447763188842
  1
CTR
  7
ISOCP
 72
     1
 11
285.0685797862602
 21
85.49720152988039
 31
0.0
100
AcDbAttribute
  2
CTR
 70
     0
 74
     2
280
     0
 71
     1
 72
     0
 11
285.0685797862602
 21
85.49720152988039
 31
0.0
  0
ATTRIB
  5
7F03
330
7F01
100
AcDbEntity
  8
0
 62
     0
100
AcDbText
 10
285.0685797862602
 20
77.98512784776901
 30
0.0
 40
2.25447763188842
  1

  7
ISOCP
 72
     1
 11
285.0685797862602
 21
80.23960547965743
 31
0.0
100
AcDbAttribute
  2
POS
 70
     0
 74
     3
280
     0
 71
     1
 72
     0
 11
285.0685797862602
 21
80.23960547965743
 31
0.0
  0
SEQEND
  5
7F04
330
7F01
100
AcDbEntity
  8
0
  0
INSERT
  5
7F05
330
1F
100
AcDbEntity
  8
0
100
AcDbBlockReference
 66
     1
  2
CTR
 10
273.9046944964636
 20
51.92831107517463
 30
0.0
 41
-1.024762559949282
 42
1.024762559949282
 43
1.024762559949282
  0
ATTRIB
  5
7F06
330
7F05
100
AcDbEntity
  8
0
100
AcDbText
 10
271.3214388765915
 20
54.00914318955478
 30
0.0
 40
2.25447763188842
  1
CTR
  7
ISOCP
 72
     1
 11
273.9046944964636
 21
55.13638200549899
 31
0.0
100
AcDbAttribute
  2
CTR
 70
     0
 74
     2
280
     0
 71
     1
 72
     0
 11
273.9046944964636
 21
55.13638200549899
 31
0.0
  0
ATTRIB
  5
7F07
330
7F05
100
AcDbEntity
  8
0
 62
     0
100
AcDbText
 10
273.9046944964636
 20
47.62430832338773
 30
0.0
 40
2.25447763188842
  1

  7
ISOCP
 72
     1
 11
273.9046944964636
 21
49.87878595527615
 31
0.0
100
AcDbAttribute
  2
POS
 70
     0
 74
     3
280
     0
 71
     1
 72
     0
 11
273.9046944964636
 21
49.87878595527615
 31
0.0
  0
SEQEND
  5
7F08
330
7F05
100
AcDbEntity
  8
0
  0
LINE
  5
7F09
330
1F
100
AcDbEntity
  8
0
100
AcDbLine
 10
273.904693860393
 20
51.92831107517451
 30
0.0
 11
285.0685797862599
 21
51.92831107517451
 31
0.0
  0
INSERT
  5
7F0A
330
1F
100
AcDbEntity
  8
0
100
AcDbBlockReference
 66
     1
  2
CTR
 10
285.0685797862599
 20
51.92831107517451
 30
0.0
 41
1.024762559949282
 42
1.024762559949282
 43
1.024762559949282
  0
ATTRIB
  5
7F0B
330
7F0A
100
AcDbEntity
  8
0
100
AcDbText
 10
282.4853241663877
 20
54.00914318955467
 30
0.0
 40
2.25447763188842
  1
CTR
  7
ISOCP
 72
     1
 11
285.0685797862599
 21
55.13638200549888
 31
0.0
100
AcDbAttribute
  2
CTR
 70
     0
 74
     2
280
     0
 71
     1
 72
     0
 11
285.0685797862599
 21
55.13638200549888
 31
0.0
  0
ATTRIB
  5
7F0C
330
7F0A
100
AcDbEntity
  8
0
 62
     0
100
AcDbText
 10
285.0685797862599
 20
47.6243083233875
 30
0.0
 40
2.25447763188842
  1

  7
ISOCP
 72
     1
 11
285.0685797862599
 21
49.87878595527592
 31
0.0
100
AcDbAttribute
  2
POS
 70
     0
 74
     3
280
     0
 71
     1
 72
     0
 11
285.0685797862599
 21
49.87878595527592
 31
0.0
  0
SEQEND
  5
7F0D
330
7F0A
100
AcDbEntity
  8
0
  0
INSERT
  5
7F0E
330
1F
100
AcDbEntity
  8
FUZEENDBLOCK.INSERT
 62
     0
100
AcDbBlockReference
 66
     1
  2
FUZEENDBLOCK
 10
40.48660492036009
 20
59.95278985155129
 30
0.0
 41
0.849233469199126
 42
0.849233469199126
 43
0.849233469199126
  0
ATTRIB
  5
7F0F
330
7F0E
100
AcDbEntity
  8
0
100
AcDbText
 10
43.65537171846074
 20
61.82510699374824
 30
0.849233469199126
 40
2.2
  1
NX110 (#)
  7
isocp.shx
 72
     1
 11
49.7007883851274
 21
62.92510699374824
 31
0.849233469199126
100
AcDbAttribute
  2
VOLT
 70
     0
 74
     2
280
     0
 71
     1
 72
     0
 11
49.7007883851274
 21
62.92510699374824
 31
0.849233469199126
  0
ATTRIB
  5
7F10
330
7F0E
100
AcDbEntity
  8
0
100
AcDbText
 10
46.73537171846073
 20
55.45585597475476
 30
0.849233469199126
 40
2.2
  1
XXX
  7
isocp.shx
 72
     1
 11
49.7007883851274
 21
56.55585597475476
 31
0.849233469199126
100
AcDbAttribute
  2
FTOT
 70
     0
 74
     2
280
     0
 71
     1
 72
     0
 11
49.7007883851274
 21
56.55585597475476
 31
0.849233469199126
  0
SEQEND
  5
7F11
330
7F0E
100
AcDbEntity
  8
FUZEENDBLOCK.INSERT
 62
     0
  0
LWPOLYLINE
  5
7F12
330
1F
100
AcDbEntity
  8
0
100
AcDbPolyline
 90
        2
 70
     0
 43
0.0
 10
361.8203043352995
 20
51.92831107517451
 10
157.6442594373752
 20
51.92831107517451
  0
LWPOLYLINE
  5
7F1B
330
1F
100
AcDbEntity
  8
0
100
AcDbPolyline
 90
        4
 70
     0
 43
0.0
 10
107.0517002611674
 20
68.56880034708985
 10
102.8289718904087
 20
66.61899871090586
 10
102.8289718904087
 20
52.70409095211729
 10
118.9548963659987
 20
52.70409095211727
  0
LWPOLYLINE
  5
7F1C
330
1F
100
AcDbEntity
  8
0
100
AcDbPolyline
 90
        4
 70
     0
 43
0.0
 10
120.1624992645394
 20
52.70409095211727
 10
136.3503300876368
 20
52.70409095211727
 10
136.3503300876368
 20
66.57540982207183
 10
131.6285028624162
 20
68.5687929048154
  0
INSERT
  5
7F25
330
1F
100
AcDbEntity
  8
0
100
AcDbBlockReference
 66
     1
  2
CTR
 10
320.2725898162667
 20
232.0824958406835
 30
0.0
 41
-1.024762559949282
 42
1.024762559949282
 43
1.024762559949282
  0
ATTRIB
  5
7F26
330
7F25
100
AcDbEntity
  8
0
100
AcDbText
 10
317.6893341963946
 20
234.1633279550637
 30
0.0
 40
2.25447763188842
  1
CTR
  7
ISOCP
 72
     1
 11
320.2725898162667
 21
235.2905667710079
 31
0.0
100
AcDbAttribute
  2
CTR
 70
     0
 74
     2
280
     0
 71
     1
 72
     0
 11
320.2725898162667
 21
235.2905667710079
 31
0.0
  0
ATTRIB
  5
7F27
330
7F25
100
AcDbEntity
  8
0
 62
     0
100
AcDbText
 10
320.2725898162667
 20
227.7784930888966
 30
0.0
 40
2.25447763188842
  1

  7
ISOCP
 72
     1
 11
320.2725898162667
 21
230.032970720785
 31
0.0
100
AcDbAttribute
  2
POS
 70
     0
 74
     3
280
     0
 71
     1
 72
     0
 11
320.2725898162667
 21
230.032970720785
 31
0.0
  0
SEQEND
  5
7F28
330
7F25
100
AcDbEntity
  8
0
  0
LINE
  5
7F29
330
1F
100
AcDbEntity
  8
0
  6
ACAD_ISO02W100
 48
0.5
370
    25
100
AcDbLine
 10
325.8545327792002
 20
271.7860683931958
 30
0.0
 11
325.8545327792002
 21
47.30477899266975
 31
0.0
  0
INSERT
  5
7F2A
330
1F
100
AcDbEntity
  8
0
100
AcDbBlockReference
 66
     1
  2
CTR
 10
320.2725898162667
 20
261.1685602130273
 30
0.0
 41
-1.024762559949282
 42
1.024762559949282
 43
1.024762559949282
  0
ATTRIB
  5
7F2B
330
7F2A
100
AcDbEntity
  8
0
100
AcDbText
 10
317.6893341963946
 20
263.2493923274073
 30
0.0
 40
2.25447763188842
  1
CTR
  7
ISOCP
 72
     1
 11
320.2725898162667
 21
264.3766311433516
 31
0.0
100
AcDbAttribute
  2
CTR
 70
     0
 74
     2
280
     0
 71
     1
 72
     0
 11
320.2725898162667
 21
264.3766311433516
 31
0.0
  0
ATTRIB
  5
7F2C
330
7F2A
100
AcDbEntity
  8
0
 62
     0
100
AcDbText
 10
320.2725898162667
 20
256.8645574612404
 30
0.0
 40
2.25447763188842
  1

  7
ISOCP
 72
     1
 11
320.2725898162667
 21
259.1190350931288
 31
0.0
100
AcDbAttribute
  2
POS
 70
     0
 74
     3
280
     0
 71
     1
 72
     0
 11
320.2725898162667
 21
259.1190350931288
 31
0.0
  0
SEQEND
  5
7F2D
330
7F2A
100
AcDbEntity
  8
0
  0
INSERT
  5
7F2E
330
1F
100
AcDbEntity
  8
0
100
AcDbBlockReference
 66
     1
  2
CTR
 10
320.2725898162666
 20
215.7140635603034
 30
0.0
 41
-1.024762559949282
 42
1.024762559949282
 43
1.024762559949282
  0
ATTRIB
  5
7F2F
330
7F2E
100
AcDbEntity
  8
0
100
AcDbText
 10
317.6893341963944
 20
217.7948956746836
 30
0.0
 40
2.25447763188842
  1
CTR
  7
ISOCP
 72
     1
 11
320.2725898162666
 21
218.9221344906278
 31
0.0
100
AcDbAttribute
  2
CTR
 70
     0
 74
     2
280
     0
 71
     1
 72
     0
 11
320.2725898162666
 21
218.9221344906278
 31
0.0
  0
ATTRIB
  5
7F30
330
7F2E
100
AcDbEntity
  8
0
 62
     0
100
AcDbText
 10
320.2725898162666
 20
211.4100608085166
 30
0.0
 40
2.25447763188842
  1

  7
ISOCP
 72
     1
 11
320.2725898162666
 21
213.664538440405
 31
0.0
100
AcDbAttribute
  2
POS
 70
     0
 74
     3
280
     0
 71
     1
 72
     0
 11
320.2725898162666
 21
213.664538440405
 31
0.0
  0
SEQEND
  5
7F31
330
7F2E
100
AcDbEntity
  8
0
  0
INSERT
  5
7F32
330
1F
100
AcDbEntity
  8
0
100
AcDbBlockReference
 66
     1
  2
CTR
 10
320.2725898162667
 20
171.2140451963713
 30
0.0
 41
-1.024762559949282
 42
1.024762559949282
 43
1.024762559949282
  0
ATTRIB
  5
7F33
330
7F32
100
AcDbEntity
  8
0
100
AcDbText
 10
317.6893341963946
 20
173.2948773107515
 30
0.0
 40
2.25447763188842
  1
CTR
  7
ISOCP
 72
     1
 11
320.2725898162667
 21
174.4221161266957
 31
0.0
100
AcDbAttribute
  2
CTR
 70
     0
 74
     2
280
     0
 71
     1
 72
     0
 11
320.2725898162667
 21
174.4221161266957
 31
0.0
  0
ATTRIB
  5
7F34
330
7F32
100
AcDbEntity
  8
0
 62
     0
100
AcDbText
 10
320.2725898162667
 20
166.9100424445844
 30
0.0
 40
2.25447763188842
  1

  7
ISOCP
 72
     1
 11
320.2725898162667
 21
169.1645200764728
 31
0.0
100
AcDbAttribute
  2
POS
 70
     0
 74
     3
280
     0
 71
     1
 72
     0
 11
320.2725898162667
 21
169.1645200764728
 31
0.0
  0
SEQEND
  5
7F35
330
7F32
100
AcDbEntity
  8
0
  0
INSERT
  5
7F36
330
1F
100
AcDbEntity
  8
0
100
AcDbBlockReference
 66
     1
  2
CTR
 10
320.2725898162657
 20
155.1177378501138
 30
0.0
 41
-1.024762559949282
 42
1.024762559949282
 43
1.024762559949282
  0
ATTRIB
  5
7F37
330
7F36
100
AcDbEntity
  8
0
100
AcDbText
 10
317.6893341963935
 20
157.198569964494
 30
0.0
 40
2.25447763188842
  1
CTR
  7
ISOCP
 72
     1
 11
320.2725898162657
 21
158.3258087804382
 31
0.0
100
AcDbAttribute
  2
CTR
 70
     0
 74
     2
280
     0
 71
     1
 72
     0
 11
320.2725898162657
 21
158.3258087804382
 31
0.0
  0
ATTRIB
  5
7F38
330
7F36
100
AcDbEntity
  8
0
 62
     0
100
AcDbText
 10
320.2725898162657
 20
150.8137350983269
 30
0.0
 40
2.25447763188842
  1

  7
ISOCP
 72
     1
 11
320.2725898162657
 21
153.0682127302153
 31
0.0
100
AcDbAttribute
  2
POS
 70
     0
 74
     3
280
     0
 71
     1
 72
     0
 11
320.2725898162657
 21
153.0682127302153
 31
0.0
  0
SEQEND
  5
7F39
330
7F36
100
AcDbEntity
  8
0
  0
INSERT
  5
7F3A
330
1F
100
AcDbEntity
  8
0
100
AcDbBlockReference
 66
     1
  2
CTR
 10
320.2725899008098
 20
110.5614998173108
 30
0.0
 41
-1.024762559949282
 42
1.024762559949282
 43
1.024762559949282
  0
ATTRIB
  5
7F3B
330
7F3A
100
AcDbEntity
  8
0
100
AcDbText
 10
317.6893342809377
 20
112.642331931691
 30
0.0
 40
2.25447763188842
  1
CTR
  7
ISOCP
 72
     1
 11
320.2725899008098
 21
113.7695707476352
 31
0.0
100
AcDbAttribute
  2
CTR
 70
     0
 74
     2
280
     0
 71
     1
 72
     0
 11
320.2725899008098
 21
113.7695707476352
 31
0.0
  0
ATTRIB
  5
7F3C
330
7F3A
100
AcDbEntity
  8
0
 62
     0
100
AcDbText
 10
320.2725899008098
 20
106.2574970655239
 30
0.0
 40
2.25447763188842
  1

  7
ISOCP
 72
     1
 11
320.2725899008098
 21
108.5119746974123
 31
0.0
100
AcDbAttribute
  2
POS
 70
     0
 74
     3
280
     0
 71
     1
 72
     0
 11
320.2725899008098
 21
108.5119746974123
 31
0.0
  0
SEQEND
  5
7F3D
330
7F3A
100
AcDbEntity
  8
0
  0
INSERT
  5
7F3E
330
1F
100
AcDbEntity
  8
0
100
AcDbBlockReference
 66
     1
  2
CTR
 10
320.2725892647397
 20
82.28913059955613
 30
0.0
 41
-1.024762559949282
 42
1.024762559949282
 43
1.024762559949282
  0
ATTRIB
  5
7F3F
330
7F3E
100
AcDbEntity
  8
0
100
AcDbText
 10
317.6893336448675
 20
84.36996271393629
 30
0.0
 40
2.25447763188842
  1
CTR
  7
ISOCP
 72
     1
 11
320.2725892647397
 21
85.4972015298805
 31
0.0
100
AcDbAttribute
  2
CTR
 70
     0
 74
     2
280
     0
 71
     1
 72
     0
 11
320.2725892647397
 21
85.4972015298805
 31
0.0
  0
ATTRIB
  5
7F40
330
7F3E
100
AcDbEntity
  8
0
 62
     0
100
AcDbText
 10
320.2725892647397
 20
77.98512784776923
 30
0.0
 40
2.25447763188842
  1

  7
ISOCP
 72
     1
 11
320.2725892647397
 21
80.23960547965765
 31
0.0
100
AcDbAttribute
  2
POS
 70
     0
 74
     3
280
     0
 71
     1
 72
     0
 11
320.2725892647397
 21
80.23960547965765
 31
0.0
  0
SEQEND
  5
7F41
330
7F3E
100
AcDbEntity
  8
0
  0
INSERT
  5
7F42
330
1F
100
AcDbEntity
  8
0
100
AcDbBlockReference
 66
     1
  2
CTR
 10
320.2725892647395
 20
51.92831107517463
 30
0.0
 41
-1.024762559949282
 42
1.024762559949282
 43
1.024762559949282
  0
ATTRIB
  5
7F43
330
7F42
100
AcDbEntity
  8
0
100
AcDbText
 10
317.6893336448674
 20
54.00914318955478
 30
0.0
 40
2.25447763188842
  1
CTR
  7
ISOCP
 72
     1
 11
320.2725892647395
 21
55.13638200549899
 31
0.0
100
AcDbAttribute
  2
CTR
 70
     0
 74
     2
280
     0
 71
     1
 72
     0
 11
320.2725892647395
 21
55.13638200549899
 31
0.0
  0
ATTRIB
  5
7F44
330
7F42
100
AcDbEntity
  8
0
 62
     0
100
AcDbText
 10
320.2725892647395
 20
47.62430832338773
 30
0.0
 40
2.25447763188842
  1

  7
ISOCP
 72
     1
 11
320.2725892647395
 21
49.87878595527615
 31
0.0
100
AcDbAttribute
  2
POS
 70
     0
 74
     3
280
     0
 71
     1
 72
     0
 11
320.2725892647395
 21
49.87878595527615
 31
0.0
  0
SEQEND
  5
7F45
330
7F42
100
AcDbEntity
  8
0
  0
INSERT
  5
7F46
330
1F
100
AcDbEntity
  8
0
100
AcDbBlockReference
 66
     1
  2
Front_Contact
 10
206.3195312727985
 20
261.1685602130271
 30
0.0
 41
1.024762559949282
 42
1.024762559949282
 43
1.024762559949282
  0
ATTRIB
  5
7F47
330
7F46
100
AcDbEntity
  8
0
100
AcDbText
 10
209.6508731792623
 20
266.241898132672
 30
0.0
 40
2.200000000000003
  1
*
  7
ISOCP
 72
     1
 11
210.4185815125956
 21
267.341898132672
 31
0.0
100
AcDbAttribute
  2
S_NAME
 70
     0
 74
     2
280
     0
 71
     1
 72
     0
 11
210.4185815125956
 21
267.341898132672
 31
0.0
  0
ATTRIB
  5
7F48
330
7F46
100
AcDbEntity
  8
0
100
AcDbText
 10
207.7877481792623
 20
263.1048562990723
 30
0.0
 40
2.200000000000003
  1
HHR
  7
ISOCP
 72
     1
 11
210.4185815125956
 21
264.2048562990723
 31
0.0
100
AcDbAttribute
  2
R_NAME
 70
     0
 74
     2
280
     0
 71
     1
 72
     0
 11
210.4185815125956
 21
264.2048562990723
 31
0.0
  0
ATTRIB
  5
7F49
330
7F46
100
AcDbEntity
  8
0
 62
     0
100
AcDbText
 10
205.5518229394652
 20
257.6814163731031
 30
0.0
 40
2.200000000000003
  1
2
  7
ISOCP
 72
     1
 11
206.3195312727985
 21
259.8814163731031
 31
0.0
100
AcDbAttribute
  2
A
 70
     0
 74
     3
280
     0
 71
     1
 72
     0
 11
206.3195312727985
 21
259.8814163731031
 31
0.0
  0
ATTRIB
  5
7F4A
330
7F46
100
AcDbEntity
  8
0
 62
     0
100
AcDbText
 10
213.9790900857261
 20
257.6814163731031
 30
0.0
 40
2.200000000000003
  1
1
  7
ISOCP
 72
     1
 11
214.5176317523928
 21
259.8814163731031
 31
0.0
100
AcDbAttribute
  2
F
 70
     0
 74
     3
280
     0
 71
     1
 72
     0
 11
214.5176317523928
 21
259.8814163731031
 31
0.0
  0
ATTRIB
  5
7F4B
330
7F46
100
AcDbEntity
  8
0
100
AcDbText
 10
209.5477481792623
 20
257.7236549717181
 30
0.0
 40
2.200000000000003
  1
B
  7
ISOCP
 72
     1
 11
210.4185815125956
 21
258.8236549717181
 31
0.0
100
AcDbAttribute
  2
C
 70
     0
 74
     2
280
     0
 71
     1
 72
     0
 11
210.4185815125956
 21
258.8236549717181
 31
0.0
  0
ATTRIB
  5
7F4C
330
7F46
100
AcDbEntity
  8
0
100
AcDbText
 10
205.4361692466328
 20
269.1864037608135
 30
0.0
 40
2.200000000000003
  1
XXXXX
  7
ISOCP
 72
     1
 11
210.3815859132995
 21
270.2864037608135
 31
0.0
100
AcDbAttribute
  2
R(POS)
 70
     0
 74
     2
280
     0
 71
     1
 72
     0
 11
210.3815859132995
 21
270.2864037608135
 31
0.0
  0
ATTRIB
  5
82ED
330
7F46
100
AcDbEntity
  8
0
100
AcDbText
 10
209.4953478744754
 20
250.9050673397664
 30
0.0
 40
2.049525119898564
  1
RF
  7
ISOCP
 72
     1
 11
211.0303567923994
 21
251.9298298997157
 31
0.0
100
AcDbAttribute
  2
DOC
 70
     5
 74
     2
280
     1
 71
     1
 72
     0
 11
211.0303567923994
 21
251.9298298997157
 31
0.0
  0
ATTRIB
  5
82EE
330
7F46
100
AcDbEntity
  8
0
100
AcDbText
 10
210.0047573430261
 20
254.730403499801
 30
0.0
 40
2.049525119898564
  1
2
  7
ISOCP
 72
     1
 11
210.7199562129907
 21
255.7551660597503
 31
0.0
100
AcDbAttribute
  2
WIRING
 70
     5
 74
     2
280
     1
 71
     1
 72
     0
 11
210.7199562129907
 21
255.7551660597503
 31
0.0
  0
SEQEND
  5
7F4D
330
7F46
100
AcDbEntity
  8
0
  0
INSERT
  5
7F4E
330
1F
100
AcDbEntity
  8
0
100
AcDbBlockReference
 66
     1
  2
Front_Contact
 10
157.94387061357
 20
232.0824958406835
 30
0.0
 41
1.024762559949282
 42
1.024762559949282
 43
1.024762559949282
  0
ATTRIB
  5
7F4F
330
7F4E
100
AcDbEntity
  8
0
100
AcDbText
 10
161.2752125200338
 20
237.1558337603284
 30
0.0
 40
2.200000000000003
  1
*
  7
ISOCP
 72
     1
 11
162.0429208533671
 21
238.2558337603284
 31
0.0
100
AcDbAttribute
  2
S_NAME
 70
     0
 74
     2
280
     0
 71
     1
 72
     0
 11
162.0429208533671
 21
238.2558337603284
 31
0.0
  0
ATTRIB
  5
7F50
330
7F4E
100
AcDbEntity
  8
0
100
AcDbText
 10
158.8643791867004
 20
234.0187919267288
 30
0.0
 40
2.200000000000003
  1
DRP1
  7
ISOCP
 72
     1
 11
162.0429208533671
 21
235.1187919267288
 31
0.0
100
AcDbAttribute
  2
R_NAME
 70
     0
 74
     2
280
     0
 71
     1
 72
     0
 11
162.0429208533671
 21
235.1187919267288
 31
0.0
  0
ATTRIB
  5
7F51
330
7F4E
100
AcDbEntity
  8
0
 62
     0
100
AcDbText
 10
157.0730372802367
 20
228.5953520007595
 30
0.0
 40
2.200000000000003
  1
4
  7
ISOCP
 72
     1
 11
157.94387061357
 21
230.7953520007595
 31
0.0
100
AcDbAttribute
  2
A
 70
     0
 74
     3
280
     0
 71
     1
 72
     0
 11
157.94387061357
 21
230.7953520007595
 31
0.0
  0
ATTRIB
  5
7F52
330
7F4E
100
AcDbEntity
  8
0
 62
     0
100
AcDbText
 10
165.374262759831
 20
228.5953520007595
 30
0.0
 40
2.200000000000003
  1
3
  7
ISOCP
 72
     1
 11
166.1419710931643
 21
230.7953520007595
 31
0.0
100
AcDbAttribute
  2
F
 70
     0
 74
     3
280
     0
 71
     1
 72
     0
 11
166.1419710931643
 21
230.7953520007595
 31
0.0
  0
ATTRIB
  5
7F53
330
7F4E
100
AcDbEntity
  8
0
100
AcDbText
 10
161.0575041867004
 20
228.6375905993745
 30
0.0
 40
2.200000000000003
  1
A
  7
ISOCP
 72
     1
 11
162.0429208533671
 21
229.7375905993745
 31
0.0
100
AcDbAttribute
  2
C
 70
     0
 74
     2
280
     0
 71
     1
 72
     0
 11
162.0429208533671
 21
229.7375905993745
 31
0.0
  0
ATTRIB
  5
7F54
330
7F4E
100
AcDbEntity
  8
0
100
AcDbText
 10
157.0605085874043
 20
240.1003393884699
 30
0.0
 40
2.200000000000003
  1
XXXXX
  7
ISOCP
 72
     1
 11
162.005925254071
 21
241.2003393884699
 31
0.0
100
AcDbAttribute
  2
R(POS)
 70
     0
 74
     2
280
     0
 71
     1
 72
     0
 11
162.005925254071
 21
241.2003393884699
 31
0.0
  0
ATTRIB
  5
82EF
330
7F4E
100
AcDbEntity
  8
0
100
AcDbText
 10
161.1196872152469
 20
221.8190029674228
 30
0.0
 40
2.049525119898564
  1
RF
  7
ISOCP
 72
     1
 11
162.6546961331709
 21
222.8437655273721
 31
0.0
100
AcDbAttribute
  2
DOC
 70
     5
 74
     2
280
     1
 71
     1
 72
     0
 11
162.6546961331709
 21
222.8437655273721
 31
0.0
  0
ATTRIB
  5
82F0
330
7F4E
100
AcDbEntity
  8
0
100
AcDbText
 10
161.6290966837976
 20
225.6443391274574
 30
0.0
 40
2.049525119898564
  1
2
  7
ISOCP
 72
     1
 11
162.3442955537622
 21
226.6691016874067
 31
0.0
100
AcDbAttribute
  2
WIRING
 70
     5
 74
     2
280
     1
 71
     1
 72
     0
 11
162.3442955537622
 21
226.6691016874067
 31
0.0
  0
SEQEND
  5
7F55
330
7F4E
100
AcDbEntity
  8
0
  0
INSERT
  5
7F56
330
1F
100
AcDbEntity
  8
0
100
AcDbBlockReference
 66
     1
  2
Front_Contact
 10
157.94387061357
 20
246.984169571025
 30
0.0
 41
1.024762559949282
 42
1.024762559949282
 43
1.024762559949282
  0
ATTRIB
  5
7F57
330
7F56
100
AcDbEntity
  8
0
100
AcDbText
 10
161.2752125200338
 20
252.0575074906699
 30
0.0
 40
2.200000000000003
  1
*
  7
ISOCP
 72
     1
 11
162.0429208533671
 21
253.1575074906699
 31
0.0
100
AcDbAttribute
  2
S_NAME
 70
     0
 74
     2
280
     0
 71
     1
 72
     0
 11
162.0429208533671
 21
253.1575074906699
 31
0.0
  0
ATTRIB
  5
7F58
330
7F56
100
AcDbEntity
  8
0
100
AcDbText
 10
158.8643791867004
 20
248.9204656570703
 30
0.0
 40
2.200000000000003
  1
DRP1
  7
ISOCP
 72
     1
 11
162.0429208533671
 21
250.0204656570703
 31
0.0
100
AcDbAttribute
  2
R_NAME
 70
     0
 74
     2
280
     0
 71
     1
 72
     0
 11
162.0429208533671
 21
250.0204656570703
 31
0.0
  0
ATTRIB
  5
7F59
330
7F56
100
AcDbEntity
  8
0
 62
     0
100
AcDbText
 10
157.0730372802367
 20
243.497025731101
 30
0.0
 40
2.200000000000003
  1
4
  7
ISOCP
 72
     1
 11
157.94387061357
 21
245.697025731101
 31
0.0
100
AcDbAttribute
  2
A
 70
     0
 74
     3
280
     0
 71
     1
 72
     0
 11
157.94387061357
 21
245.697025731101
 31
0.0
  0
ATTRIB
  5
7F5A
330
7F56
100
AcDbEntity
  8
0
 62
     0
100
AcDbText
 10
165.374262759831
 20
243.497025731101
 30
0.0
 40
2.200000000000003
  1
3
  7
ISOCP
 72
     1
 11
166.1419710931643
 21
245.697025731101
 31
0.0
100
AcDbAttribute
  2
F
 70
     0
 74
     3
280
     0
 71
     1
 72
     0
 11
166.1419710931643
 21
245.697025731101
 31
0.0
  0
ATTRIB
  5
7F5B
330
7F56
100
AcDbEntity
  8
0
100
AcDbText
 10
161.1720875200338
 20
243.539264329716
 30
0.0
 40
2.200000000000003
  1
B
  7
ISOCP
 72
     1
 11
162.0429208533671
 21
244.639264329716
 31
0.0
100
AcDbAttribute
  2
C
 70
     0
 74
     2
280
     0
 71
     1
 72
     0
 11
162.0429208533671
 21
244.639264329716
 31
0.0
  0
ATTRIB
  5
7F5C
330
7F56
100
AcDbEntity
  8
0
100
AcDbText
 10
157.1225206615899
 20
254.4308890606452
 30
0.0
 40
2.200000000000003
  1
XXXXX
  7
ISOCP
 72
     1
 11
162.0679373282566
 21
255.5308890606452
 31
0.0
100
AcDbAttribute
  2
R(POS)
 70
     0
 74
     2
280
     0
 71
     1
 72
     0
 11
162.0679373282566
 21
255.5308890606452
 31
0.0
  0
ATTRIB
  5
82F1
330
7F56
100
AcDbEntity
  8
0
100
AcDbText
 10
161.1196872152469
 20
236.7206766977643
 30
0.0
 40
2.049525119898564
  1
RF
  7
ISOCP
 72
     1
 11
162.6546961331709
 21
237.7454392577136
 31
0.0
100
AcDbAttribute
  2
DOC
 70
     5
 74
     2
280
     1
 71
     1
 72
     0
 11
162.6546961331709
 21
237.7454392577136
 31
0.0
  0
ATTRIB
  5
82F2
330
7F56
100
AcDbEntity
  8
0
100
AcDbText
 10
161.842588883787
 20
240.546012857799
 30
0.0
 40
2.049525119898564
  1
1
  7
ISOCP
 72
     1
 11
162.3442955537622
 21
241.5707754177483
 31
0.0
100
AcDbAttribute
  2
WIRING
 70
     5
 74
     2
280
     1
 71
     1
 72
     0
 11
162.3442955537622
 21
241.5707754177483
 31
0.0
  0
SEQEND
  5
7F5D
330
7F56
100
AcDbEntity
  8
0
  0
INSERT
  5
7F5E
330
1F
100
AcDbEntity
  8
0
100
AcDbBlockReference
 66
     1
  2
Front_Contact
 10
206.3195312727985
 20
232.0824958406835
 30
0.0
 41
1.024762559949282
 42
1.024762559949282
 43
1.024762559949282
  0
ATTRIB
  5
7F5F
330
7F5E
100
AcDbEntity
  8
0
100
AcDbText
 10
209.6508731792623
 20
237.1558337603284
 30
0.0
 40
2.200000000000003
  1
*
  7
ISOCP
 72
     1
 11
210.4185815125956
 21
238.2558337603284
 31
0.0
100
AcDbAttribute
  2
S_NAME
 70
     0
 74
     2
280
     0
 71
     1
 72
     0
 11
210.4185815125956
 21
238.2558337603284
 31
0.0
  0
ATTRIB
  5
7F60
330
7F5E
100
AcDbEntity
  8
0
100
AcDbText
 10
207.7877481792623
 20
234.0187919267288
 30
0.0
 40
2.200000000000003
  1
HHR
  7
ISOCP
 72
     1
 11
210.4185815125956
 21
235.1187919267288
 31
0.0
100
AcDbAttribute
  2
R_NAME
 70
     0
 74
     2
280
     0
 71
     1
 72
     0
 11
210.4185815125956
 21
235.1187919267288
 31
0.0
  0
ATTRIB
  5
7F61
330
7F5E
100
AcDbEntity
  8
0
 62
     0
100
AcDbText
 10
205.5518229394652
 20
228.5953520007595
 30
0.0
 40
2.200000000000003
  1
2
  7
ISOCP
 72
     1
 11
206.3195312727985
 21
230.7953520007595
 31
0.0
100
AcDbAttribute
  2
A
 70
     0
 74
     3
280
     0
 71
     1
 72
     0
 11
206.3195312727985
 21
230.7953520007595
 31
0.0
  0
ATTRIB
  5
7F62
330
7F5E
100
AcDbEntity
  8
0
 62
     0
100
AcDbText
 10
213.9790900857261
 20
228.5953520007595
 30
0.0
 40
2.200000000000003
  1
1
  7
ISOCP
 72
     1
 11
214.5176317523928
 21
230.7953520007595
 31
0.0
100
AcDbAttribute
  2
F
 70
     0
 74
     3
280
     0
 71
     1
 72
     0
 11
214.5176317523928
 21
230.7953520007595
 31
0.0
  0
ATTRIB
  5
7F63
330
7F5E
100
AcDbEntity
  8
0
100
AcDbText
 10
209.6508731792623
 20
228.6375905993745
 30
0.0
 40
2.200000000000003
  1
C
  7
ISOCP
 72
     1
 11
210.4185815125956
 21
229.7375905993745
 31
0.0
100
AcDbAttribute
  2
C
 70
     0
 74
     2
280
     0
 71
     1
 72
     0
 11
210.4185815125956
 21
229.7375905993745
 31
0.0
  0
ATTRIB
  5
7F64
330
7F5E
100
AcDbEntity
  8
0
100
AcDbText
 10
205.4361692466328
 20
240.1003393884699
 30
0.0
 40
2.200000000000003
  1
XXXXX
  7
ISOCP
 72
     1
 11
210.3815859132995
 21
241.2003393884699
 31
0.0
100
AcDbAttribute
  2
R(POS)
 70
     0
 74
     2
280
     0
 71
     1
 72
     0
 11
210.3815859132995
 21
241.2003393884699
 31
0.0
  0
ATTRIB
  5
82F3
330
7F5E
100
AcDbEntity
  8
0
100
AcDbText
 10
209.4953478744754
 20
221.8190029674228
 30
0.0
 40
2.049525119898564
  1
RF
  7
ISOCP
 72
     1
 11
211.0303567923994
 21
222.8437655273721
 31
0.0
100
AcDbAttribute
  2
DOC
 70
     5
 74
     2
280
     1
 71
     1
 72
     0
 11
211.0303567923994
 21
222.8437655273721
 31
0.0
  0
ATTRIB
  5
82F4
330
7F5E
100
AcDbEntity
  8
0
100
AcDbText
 10
210.0047573430261
 20
225.6443391274574
 30
0.0
 40
2.049525119898564
  1
2
  7
ISOCP
 72
     1
 11
210.7199562129907
 21
226.6691016874067
 31
0.0
100
AcDbAttribute
  2
WIRING
 70
     5
 74
     2
280
     1
 71
     1
 72
     0
 11
210.7199562129907
 21
226.6691016874067
 31
0.0
  0
SEQEND
  5
7F65
330
7F5E
100
AcDbEntity
  8
0
  0
INSERT
  5
7F66
330
1F
100
AcDbEntity
  8
FUZEENDBLOCK.INSERT
 62
     0
100
AcDbBlockReference
 66
     1
  2
FUZEENDBLOCK
 10
40.48660547188729
 20
171.2140451963712
 30
0.0
 41
0.849233469199126
 42
0.849233469199126
 43
0.849233469199126
  0
ATTRIB
  5
7F67
330
7F66
100
AcDbEntity
  8
0
100
AcDbText
 10
43.65537226998798
 20
173.0863623385682
 30
0.849233469199126
 40
2.2
  1
NX110 (#)
  7
isocp.shx
 72
     1
 11
49.70078893665465
 21
174.1863623385682
 31
0.849233469199126
100
AcDbAttribute
  2
VOLT
 70
     0
 74
     2
280
     0
 71
     1
 72
     0
 11
49.70078893665465
 21
174.1863623385682
 31
0.849233469199126
  0
ATTRIB
  5
7F68
330
7F66
100
AcDbEntity
  8
0
100
AcDbText
 10
46.73537226998798
 20
166.7171113195747
 30
0.849233469199126
 40
2.2
  1
XXX
  7
isocp.shx
 72
     1
 11
49.70078893665465
 21
167.8171113195747
 31
0.849233469199126
100
AcDbAttribute
  2
FTOT
 70
     0
 74
     2
280
     0
 71
     1
 72
     0
 11
49.70078893665465
 21
167.8171113195747
 31
0.849233469199126
  0
SEQEND
  5
7F69
330
7F66
100
AcDbEntity
  8
FUZEENDBLOCK.INSERT
 62
     0
  0
INSERT
  5
7F6A
330
1F
100
AcDbEntity
  8
FUZEBLOCK.INSERT
 62
     0
100
AcDbBlockReference
 66
     1
  2
FUZEBLOCK
 10
41.40974380222173
 20
215.7140475307891
 30
0.0
 41
0.8067903275745545
 42
0.8067903275745545
 43
0.8067903275745545
  0
ATTRIB
  5
7F6B
330
7F6A
100
AcDbEntity
  8
0
100
AcDbText
 10
27.30961054194065
 20
214.7716746855634
 30
0.8067903275745545
 40
2.200000000000001
  1
BX110 (#)
  7
isocp.shx
 72
     2
 11
39.07961054194065
 21
215.8716746855634
 31
0.8067903275745545
100
AcDbAttribute
  2
VOLT
 70
     0
 74
     2
280
     0
 71
     1
 72
     0
 11
39.07961054194065
 21
215.8716746855634
 31
0.8067903275745545
  0
ATTRIB
  5
7F6C
330
7F6A
100
AcDbEntity
  8
0
100
AcDbText
 10
40.13858682346164
 20
211.3868862204909
 30
0.8067903275745545
 40
2.200000000000001
  1
XXX
  7
isocp.shx
 72
     1
 11
43.10400349012831
 21
212.4868862204909
 31
0.8067903275745545
100
AcDbAttribute
  2
FTOT
 70
     0
 74
     2
280
     0
 71
     1
 72
     0
 11
43.10400349012831
 21
212.4868862204909
 31
0.8067903275745545
  0
ATTRIB
  5
7F6D
330
7F6A
100
AcDbEntity
  8
0
100
AcDbText
 10
50.58422565690824
 20
217.8412088410874
 30
0.8067903275745545
 40
2.200000000000001
  1
630mA
  7
isocp.shx
 72
     1
 11
54.86964232357491
 21
218.9412088410874
 31
0.8067903275745545
100
AcDbAttribute
  2
FUSEVALUE
 70
     0
 74
     2
280
     0
 71
     1
 72
     0
 11
54.86964232357491
 21
218.9412088410874
 31
0.8067903275745545
  0
SEQEND
  5
7F6E
330
7F6A
100
AcDbEntity
  8
FUZEBLOCK.INSERT
 62
     0
  0
INSERT
  5
7F6F
330
1F
100
AcDbEntity
  8
0
100
AcDbBlockReference
  2
24PPTC
 10
53.38035425375102
 20
209.687067529023
 30
0.0
  0
INSERT
  5
7F70
330
1F
100
AcDbEntity
  8
0
100
AcDbBlockReference
 66
     1
  2
Front_Contact
 10
206.0993795299606
 20
171.2140370606451
 30
0.0
 41
1.024762559949282
 42
1.024762559949282
 43
1.024762559949282
  0
ATTRIB
  5
7F71
330
7F70
100
AcDbEntity
  8
0
100
AcDbText
 10
209.4307214364244
 20
176.28737498029
 30
0.0
 40
2.200000000000003
  1
*
  7
ISOCP
 72
     1
 11
210.1984297697577
 21
177.38737498029
 31
0.0
100
AcDbAttribute
  2
S_NAME
 70
     0
 74
     2
280
     0
 71
     1
 72
     0
 11
210.1984297697577
 21
177.38737498029
 31
0.0
  0
ATTRIB
  5
7F72
330
7F70
100
AcDbEntity
  8
0
100
AcDbText
 10
207.5675964364244
 20
173.1503331466904
 30
0.0
 40
2.200000000000003
  1
HHR
  7
ISOCP
 72
     1
 11
210.1984297697577
 21
174.2503331466904
 31
0.0
100
AcDbAttribute
  2
R_NAME
 70
     0
 74
     2
280
     0
 71
     1
 72
     0
 11
210.1984297697577
 21
174.2503331466904
 31
0.0
  0
ATTRIB
  5
7F73
330
7F70
100
AcDbEntity
  8
0
 62
     0
100
AcDbText
 10
205.2285461966273
 20
167.7268932207211
 30
0.0
 40
2.200000000000003
  1
4
  7
ISOCP
 72
     1
 11
206.0993795299606
 21
169.9268932207211
 31
0.0
100
AcDbAttribute
  2
A
 70
     0
 74
     3
280
     0
 71
     1
 72
     0
 11
206.0993795299606
 21
169.9268932207211
 31
0.0
  0
ATTRIB
  5
7F74
330
7F70
100
AcDbEntity
  8
0
 62
     0
100
AcDbText
 10
213.5297716762216
 20
167.7268932207211
 30
0.0
 40
2.200000000000003
  1
3
  7
ISOCP
 72
     1
 11
214.2974800095549
 21
169.9268932207211
 31
0.0
100
AcDbAttribute
  2
F
 70
     0
 74
     3
280
     0
 71
     1
 72
     0
 11
214.2974800095549
 21
169.9268932207211
 31
0.0
  0
ATTRIB
  5
7F75
330
7F70
100
AcDbEntity
  8
0
100
AcDbText
 10
209.4307214364244
 20
167.7691318193361
 30
0.0
 40
2.200000000000003
  1
C
  7
ISOCP
 72
     1
 11
210.1984297697577
 21
168.8691318193361
 31
0.0
100
AcDbAttribute
  2
C
 70
     0
 74
     2
280
     0
 71
     1
 72
     0
 11
210.1984297697577
 21
168.8691318193361
 31
0.0
  0
ATTRIB
  5
7F76
330
7F70
100
AcDbEntity
  8
0
100
AcDbText
 10
205.2160175037949
 20
179.2318806084315
 30
0.0
 40
2.200000000000003
  1
XXXXX
  7
ISOCP
 72
     1
 11
210.1614341704616
 21
180.3318806084315
 31
0.0
100
AcDbAttribute
  2
R(POS)
 70
     0
 74
     2
280
     0
 71
     1
 72
     0
 11
210.1614341704616
 21
180.3318806084315
 31
0.0
  0
ATTRIB
  5
82F5
330
7F70
100
AcDbEntity
  8
0
100
AcDbText
 10
209.2751961316375
 20
160.9505441873844
 30
0.0
 40
2.049525119898564
  1
RF
  7
ISOCP
 72
     1
 11
210.8102050495615
 21
161.9753067473337
 31
0.0
100
AcDbAttribute
  2
DOC
 70
     5
 74
     2
280
     1
 71
     1
 72
     0
 11
210.8102050495615
 21
161.9753067473337
 31
0.0
  0
ATTRIB
  5
82F6
330
7F70
100
AcDbEntity
  8
0
100
AcDbText
 10
209.7846056001882
 20
164.775880347419
 30
0.0
 40
2.049525119898564
  1
2
  7
ISOCP
 72
     1
 11
210.4998044701528
 21
165.8006429073683
 31
0.0
100
AcDbAttribute
  2
WIRING
 70
     5
 74
     2
280
     1
 71
     1
 72
     0
 11
210.4998044701528
 21
165.8006429073683
 31
0.0
  0
SEQEND
  5
7F77
330
7F70
100
AcDbEntity
  8
0
  0
INSERT
  5
7F78
330
1F
100
AcDbEntity
  8
FUZEENDBLOCK.INSERT
 62
     0
100
AcDbBlockReference
 66
     1
  2
FUZEENDBLOCK
 10
40.48660547188729
 20
110.5614998173106
 30
0.0
 41
0.849233469199126
 42
0.849233469199126
 43
0.849233469199126
  0
ATTRIB
  5
7F79
330
7F78
100
AcDbEntity
  8
0
100
AcDbText
 10
43.65537226998798
 20
112.4338169595075
 30
0.849233469199126
 40
2.2
  1
NX110 (#)
  7
isocp.shx
 72
     1
 11
49.70078893665465
 21
113.5338169595075
 31
0.849233469199126
100
AcDbAttribute
  2
VOLT
 70
     0
 74
     2
280
     0
 71
     1
 72
     0
 11
49.70078893665465
 21
113.5338169595075
 31
0.849233469199126
  0
ATTRIB
  5
7F7A
330
7F78
100
AcDbEntity
  8
0
100
AcDbText
 10
46.73537226998798
 20
106.0645659405141
 30
0.849233469199126
 40
2.2
  1
XXX
  7
isocp.shx
 72
     1
 11
49.70078893665465
 21
107.1645659405141
 31
0.849233469199126
100
AcDbAttribute
  2
FTOT
 70
     0
 74
     2
280
     0
 71
     1
 72
     0
 11
49.70078893665465
 21
107.1645659405141
 31
0.849233469199126
  0
SEQEND
  5
7F7B
330
7F78
100
AcDbEntity
  8
FUZEENDBLOCK.INSERT
 62
     0
  0
INSERT
  5
7F7C
330
1F
100
AcDbEntity
  8
FUZEBLOCK.INSERT
 62
     0
100
AcDbBlockReference
 66
     1
  2
FUZEBLOCK
 10
41.46154825265006
 20
155.0386119011191
 30
0.0
 41
0.8067903275745545
 42
0.8067903275745545
 43
0.8067903275745545
  0
ATTRIB
  5
7F7D
330
7F7C
100
AcDbEntity
  8
0
100
AcDbText
 10
27.36141499236897
 20
154.0962390558934
 30
0.8067903275745545
 40
2.200000000000001
  1
BX110 (#)
  7
isocp.shx
 72
     2
 11
39.13141499236898
 21
155.1962390558934
 31
0.8067903275745545
100
AcDbAttribute
  2
VOLT
 70
     0
 74
     2
280
     0
 71
     1
 72
     0
 11
39.13141499236898
 21
155.1962390558934
 31
0.8067903275745545
  0
ATTRIB
  5
7F7E
330
7F7C
100
AcDbEntity
  8
0
100
AcDbText
 10
40.19039127388996
 20
150.7114505908209
 30
0.8067903275745545
 40
2.200000000000001
  1
XXX
  7
isocp.shx
 72
     1
 11
43.15580794055663
 21
151.8114505908209
 31
0.8067903275745545
100
AcDbAttribute
  2
FTOT
 70
     0
 74
     2
280
     0
 71
     1
 72
     0
 11
43.15580794055663
 21
151.8114505908209
 31
0.8067903275745545
  0
ATTRIB
  5
7F7F
330
7F7C
100
AcDbEntity
  8
0
100
AcDbText
 10
50.63603010733656
 20
157.1657732114174
 30
0.8067903275745545
 40
2.200000000000001
  1
630mA
  7
isocp.shx
 72
     1
 11
54.92144677400323
 21
158.2657732114174
 31
0.8067903275745545
100
AcDbAttribute
  2
FUSEVALUE
 70
     0
 74
     2
280
     0
 71
     1
 72
     0
 11
54.92144677400323
 21
158.2657732114174
 31
0.8067903275745545
  0
SEQEND
  5
7F80
330
7F7C
100
AcDbEntity
  8
FUZEBLOCK.INSERT
 62
     0
  0
INSERT
  5
7F81
330
1F
100
AcDbEntity
  8
0
100
AcDbBlockReference
  2
24PPTC
 10
53.38035425375102
 20
149.0149721205603
 30
0.0
  0
LINE
  5
7F82
330
1F
100
AcDbEntity
  8
0
100
AcDbLine
 10
234.0970658675008
 20
110.5614998173107
 30
0.0
 11
215.1684376538912
 21
110.5614998173107
 31
0.0
  0
LINE
  5
7F83
330
1F
100
AcDbEntity
  8
0
100
AcDbLine
 10
215.1684376538912
 20
110.5614998173107
 30
0.0
 11
58.95743342696829
 21
110.5614998173106
 31
0.0
  0
LWPOLYLINE
  5
7F84
330
1F
100
AcDbEntity
  8
0
100
AcDbPolyline
 90
        7
 70
     0
 43
0.0
 10
112.9539959197899
 20
200.8123657856906
 10
105.3026841745177
 20
198.7628406657921
 10
105.3026841745177
 20
185.910692055349
 10
144.1748465438955
 20
185.910692055349
 10
144.1748465438955
 20
198.7628406657921
 10
125.2511466391813
 20
198.7628406657921
 10
121.1520963993842
 20
200.8123657856906
  0
LWPOLYLINE
  5
7F85
330
1F
100
AcDbEntity
  8
0
100
AcDbPolyline
 90
        6
 70
     0
 43
0.0
 10
112.9539919124115
 20
215.7140475307892
 10
105.3026801671393
 20
213.6645224108906
 10
105.3026801671393
 20
200.8123738004477
 10
128.8034041372779
 20
200.8123738004477
 10
128.8034041372779
 20
213.6645224108906
 10
121.1520923920058
 20
215.7140475307892
  0
INSERT
  5
7F86
330
1F
100
AcDbEntity
  8
0
100
AcDbBlockReference
 66
     1
  2
Front_Contact
 10
159.0248810617678
 20
201.0173926570544
 30
0.0
 41
1.024762559949282
 42
1.024762559949282
 43
1.024762559949282
  0
ATTRIB
  5
7F87
330
7F86
100
AcDbEntity
  8
0
100
AcDbText
 10
162.3562229682316
 20
206.0907305766993
 30
0.0
 40
2.200000000000003
  1
*
  7
ISOCP
 72
     1
 11
163.1239313015649
 21
207.1907305766993
 31
0.0
100
AcDbAttribute
  2
S_NAME
 70
     0
 74
     2
280
     0
 71
     1
 72
     0
 11
163.1239313015649
 21
207.1907305766993
 31
0.0
  0
ATTRIB
  5
7F88
330
7F86
100
AcDbEntity
  8
0
100
AcDbText
 10
159.9453896348982
 20
202.9536887430997
 30
0.0
 40
2.200000000000003
  1
DRP1
  7
ISOCP
 72
     1
 11
163.1239313015649
 21
204.0536887430997
 31
0.0
100
AcDbAttribute
  2
R_NAME
 70
     0
 74
     2
280
     0
 71
     1
 72
     0
 11
163.1239313015649
 21
204.0536887430997
 31
0.0
  0
ATTRIB
  5
7F89
330
7F86
100
AcDbEntity
  8
0
 62
     0
100
AcDbText
 10
158.1540477284344
 20
197.5302488171304
 30
0.0
 40
2.200000000000003
  1
4
  7
ISOCP
 72
     1
 11
159.0248810617678
 21
199.7302488171304
 31
0.0
100
AcDbAttribute
  2
A
 70
     0
 74
     3
280
     0
 71
     1
 72
     0
 11
159.0248810617678
 21
199.7302488171304
 31
0.0
  0
ATTRIB
  5
7F8A
330
7F86
100
AcDbEntity
  8
0
 62
     0
100
AcDbText
 10
166.4552732080288
 20
197.5302488171304
 30
0.0
 40
2.200000000000003
  1
3
  7
ISOCP
 72
     1
 11
167.2229815413621
 21
199.7302488171304
 31
0.0
100
AcDbAttribute
  2
F
 70
     0
 74
     3
280
     0
 71
     1
 72
     0
 11
167.2229815413621
 21
199.7302488171304
 31
0.0
  0
ATTRIB
  5
7F8B
330
7F86
100
AcDbEntity
  8
0
100
AcDbText
 10
162.3562229682316
 20
197.5724874157454
 30
0.0
 40
2.200000000000003
  1
C
  7
ISOCP
 72
     1
 11
163.1239313015649
 21
198.6724874157454
 31
0.0
100
AcDbAttribute
  2
C
 70
     0
 74
     2
280
     0
 71
     1
 72
     0
 11
163.1239313015649
 21
198.6724874157454
 31
0.0
  0
ATTRIB
  5
7F8C
330
7F86
100
AcDbEntity
  8
0
100
AcDbText
 10
158.1415190356021
 20
209.0352362048408
 30
0.0
 40
2.200000000000003
  1
XXXXX
  7
ISOCP
 72
     1
 11
163.0869357022688
 21
210.1352362048408
 31
0.0
100
AcDbAttribute
  2
R(POS)
 70
     0
 74
     2
280
     0
 71
     1
 72
     0
 11
163.0869357022688
 21
210.1352362048408
 31
0.0
  0
ATTRIB
  5
82F7
330
7F86
100
AcDbEntity
  8
0
100
AcDbText
 10
162.2006976634446
 20
190.7538997837937
 30
0.0
 40
2.049525119898564
  1
RF
  7
ISOCP
 72
     1
 11
163.7357065813686
 21
191.778662343743
 31
0.0
100
AcDbAttribute
  2
DOC
 70
     5
 74
     2
280
     1
 71
     1
 72
     0
 11
163.7357065813686
 21
191.778662343743
 31
0.0
  0
ATTRIB
  5
82F8
330
7F86
100
AcDbEntity
  8
0
100
AcDbText
 10
162.9235993319848
 20
194.5792359438283
 30
0.0
 40
2.049525119898564
  1
1
  7
ISOCP
 72
     1
 11
163.42530600196
 21
195.6039985037776
 31
0.0
100
AcDbAttribute
  2
WIRING
 70
     5
 74
     2
280
     1
 71
     1
 72
     0
 11
163.42530600196
 21
195.6039985037776
 31
0.0
  0
SEQEND
  5
7F8D
330
7F86
100
AcDbEntity
  8
0
  0
INSERT
  5
7F8E
330
1F
100
AcDbEntity
  8
0
100
AcDbBlockReference
 66
     1
  2
Back_Contact
 10
176.6866369270071
 20
201.0173846422974
 30
0.0
 41
1.024762559949282
 42
1.024762559949282
 43
1.024762559949282
  0
ATTRIB
  5
7F8F
330
7F8E
100
AcDbEntity
  8
0
100
AcDbText
 10
179.9589290703276
 20
206.0907305766994
 30
0.0
 40
2.369230769230771
  1
*
  7
ISOCP
 72
     1
 11
180.7856918908404
 21
207.2753459613148
 31
0.0
100
AcDbAttribute
  2
S_NAME
 70
     0
 74
     2
280
     0
 71
     1
 72
     0
 11
180.7856918908404
 21
207.2753459613148
 31
0.0
  0
ATTRIB
  5
7F90
330
7F8E
100
AcDbEntity
  8
0
100
AcDbText
 10
176.2940252241736
 20
202.9536887430998
 30
0.0
 40
2.369230769230771
  1
DECPR
  7
ISOCP
 72
     1
 11
180.7856918908403
 21
204.1383041277152
 31
0.0
100
AcDbAttribute
  2
R_NAME
 70
     0
 74
     2
280
     0
 71
     1
 72
     0
 11
180.7856918908403
 21
204.1383041277152
 31
0.0
  0
ATTRIB
  5
7F91
330
7F8E
100
AcDbEntity
  8
0
 62
     0
100
AcDbText
 10
175.847539086941
 20
196.848619924526
 30
0.0
 40
2.369230769230771
  1
5
  7
ISOCP
 72
     1
 11
176.6866416510436
 21
199.2178506937568
 31
0.0
100
AcDbAttribute
  2
A
 70
     0
 74
     3
280
     0
 71
     1
 72
     0
 11
176.6866416510436
 21
199.2178506937568
 31
0.0
  0
ATTRIB
  5
7F92
330
7F8E
100
AcDbEntity
  8
0
 62
     0
100
AcDbText
 10
184.057979310125
 20
196.848619924526
 30
0.0
 40
2.369230769230771
  1
6
  7
ISOCP
 72
     1
 11
184.8847421306378
 21
199.2178506937568
 31
0.0
100
AcDbAttribute
  2
B
 70
     0
 74
     3
280
     0
 71
     1
 72
     0
 11
184.8847421306378
 21
199.2178506937568
 31
0.0
  0
ATTRIB
  5
7F93
330
7F8E
100
AcDbEntity
  8
0
100
AcDbText
 10
179.6427734033895
 20
197.027550550512
 30
0.0
 40
2.369230769230771
  1
A
  7
ISOCP
 72
     1
 11
180.7039913521074
 21
198.2121659351274
 31
0.0
100
AcDbAttribute
  2
C
 70
     0
 74
     2
280
     0
 71
     1
 72
     0
 11
180.7039913521074
 21
198.2121659351274
 31
0.0
  0
ATTRIB
  5
7F94
330
7F8E
100
AcDbEntity
  8
0
100
AcDbText
 10
175.4519208329311
 20
209.0352362048409
 30
0.0
 40
2.369230769230771
  1
XXXXX
  7
ISOCP
 72
     1
 11
180.7777541662644
 21
210.2198515894563
 31
0.0
100
AcDbAttribute
  2
R(POS)
 70
     0
 74
     2
280
     0
 71
     1
 72
     0
 11
180.7777541662644
 21
210.2198515894563
 31
0.0
  0
ATTRIB
  5
836D
330
7F8E
100
AcDbEntity
  8
0
100
AcDbText
 10
179.5755482374345
 20
189.617127197453
 30
0.0
 40
2.049525119898564
  1
RB
  7
ISOCP
 72
     1
 11
181.2066286453538
 21
190.6418897574023
 31
0.0
100
AcDbAttribute
  2
DOC
 70
     5
 74
     2
280
     1
 71
     1
 72
     0
 11
181.2066286453538
 21
190.6418897574023
 31
0.0
  0
ATTRIB
  5
836E
330
7F8E
100
AcDbEntity
  8
0
100
AcDbText
 10
180.3945213959699
 20
193.4424633574877
 30
0.0
 40
2.049525119898564
  1
1
  7
ISOCP
 72
     1
 11
180.8962280659451
 21
194.467225917437
 31
0.0
100
AcDbAttribute
  2
WIRING
 70
     5
 74
     2
280
     1
 71
     1
 72
     0
 11
180.8962280659451
 21
194.467225917437
 31
0.0
  0
SEQEND
  5
7F95
330
7F8E
100
AcDbEntity
  8
0
  0
INSERT
  5
7F96
330
1F
100
AcDbEntity
  8
0
100
AcDbBlockReference
 66
     1
  2
Back_Contact
 10
159.0248763377314
 20
186.1157189267128
 30
0.0
 41
1.024762559949282
 42
1.024762559949282
 43
1.024762559949282
  0
ATTRIB
  5
7F97
330
7F96
100
AcDbEntity
  8
0
100
AcDbText
 10
162.2971684810519
 20
191.1890648611148
 30
0.0
 40
2.369230769230771
  1
*
  7
ISOCP
 72
     1
 11
163.1239313015647
 21
192.3736802457302
 31
0.0
100
AcDbAttribute
  2
S_NAME
 70
     0
 74
     2
280
     0
 71
     1
 72
     0
 11
163.1239313015647
 21
192.3736802457302
 31
0.0
  0
ATTRIB
  5
7F98
330
7F96
100
AcDbEntity
  8
0
100
AcDbText
 10
159.7008864297697
 20
188.0520230275152
 30
0.0
 40
2.369230769230771
  1
DRP1
  7
ISOCP
 72
     1
 11
163.1239313015646
 21
189.2366384121306
 31
0.0
100
AcDbAttribute
  2
R_NAME
 70
     0
 74
     2
280
     0
 71
     1
 72
     0
 11
163.1239313015646
 21
189.2366384121306
 31
0.0
  0
ATTRIB
  5
7F99
330
7F96
100
AcDbEntity
  8
0
 62
     0
100
AcDbText
 10
158.1857784976653
 20
181.9469542089414
 30
0.0
 40
2.369230769230771
  1
5
  7
ISOCP
 72
     1
 11
159.0248810617679
 21
184.3161849781722
 31
0.0
100
AcDbAttribute
  2
A
 70
     0
 74
     3
280
     0
 71
     1
 72
     0
 11
159.0248810617679
 21
184.3161849781722
 31
0.0
  0
ATTRIB
  5
7F9A
330
7F96
100
AcDbEntity
  8
0
 62
     0
100
AcDbText
 10
166.3962187208493
 20
181.9469542089414
 30
0.0
 40
2.369230769230771
  1
6
  7
ISOCP
 72
     1
 11
167.2229815413621
 21
184.3161849781722
 31
0.0
100
AcDbAttribute
  2
B
 70
     0
 74
     3
280
     0
 71
     1
 72
     0
 11
167.2229815413621
 21
184.3161849781722
 31
0.0
  0
ATTRIB
  5
7F9B
330
7F96
100
AcDbEntity
  8
0
100
AcDbText
 10
162.1044102500112
 20
182.1258848349274
 30
0.0
 40
2.369230769230771
  1
B
  7
ISOCP
 72
     1
 11
163.0422307628317
 21
183.3105002195428
 31
0.0
100
AcDbAttribute
  2
C
 70
     0
 74
     2
280
     0
 71
     1
 72
     0
 11
163.0422307628317
 21
183.3105002195428
 31
0.0
  0
ATTRIB
  5
7F9C
330
7F96
100
AcDbEntity
  8
0
100
AcDbText
 10
157.7901602436554
 20
194.1335704892563
 30
0.0
 40
2.369230769230771
  1
XXXXX
  7
ISOCP
 72
     1
 11
163.1159935769887
 21
195.3181858738717
 31
0.0
100
AcDbAttribute
  2
R(POS)
 70
     0
 74
     2
280
     0
 71
     1
 72
     0
 11
163.1159935769887
 21
195.3181858738717
 31
0.0
  0
ATTRIB
  5
836F
330
7F96
100
AcDbEntity
  8
0
100
AcDbText
 10
161.9137876481588
 20
174.7154614818684
 30
0.0
 40
2.049525119898564
  1
RB
  7
ISOCP
 72
     1
 11
163.5448680560781
 21
175.7402240418177
 31
0.0
100
AcDbAttribute
  2
DOC
 70
     5
 74
     2
280
     1
 71
     1
 72
     0
 11
163.5448680560781
 21
175.7402240418177
 31
0.0
  0
ATTRIB
  5
8370
330
7F96
100
AcDbEntity
  8
0
100
AcDbText
 10
162.5192686067048
 20
178.5407976419031
 30
0.0
 40
2.049525119898564
  1
2
  7
ISOCP
 72
     1
 11
163.2344674766694
 21
179.5655602018524
 31
0.0
100
AcDbAttribute
  2
WIRING
 70
     5
 74
     2
280
     1
 71
     1
 72
     0
 11
163.2344674766694
 21
179.5655602018524
 31
0.0
  0
SEQEND
  5
7F9D
330
7F96
100
AcDbEntity
  8
0
  0
INSERT
  5
7F9E
330
1F
100
AcDbEntity
  8
0
100
AcDbBlockReference
 66
     1
  2
Back_Contact
 10
159.0248643155959
 20
171.2140451963713
 30
0.0
 41
1.024762559949282
 42
1.024762559949282
 43
1.024762559949282
  0
ATTRIB
  5
7F9F
330
7F9E
100
AcDbEntity
  8
0
100
AcDbText
 10
162.2971564589164
 20
176.2873911307733
 30
0.0
 40
2.369230769230771
  1
*
  7
ISOCP
 72
     1
 11
163.1239192794292
 21
177.4720065153887
 31
0.0
100
AcDbAttribute
  2
S_NAME
 70
     0
 74
     2
280
     0
 71
     1
 72
     0
 11
163.1239192794292
 21
177.4720065153887
 31
0.0
  0
ATTRIB
  5
7FA0
330
7F9E
100
AcDbEntity
  8
0
100
AcDbText
 10
159.7008744076342
 20
173.1503492971737
 30
0.0
 40
2.369230769230771
  1
DRP1
  7
ISOCP
 72
     1
 11
163.1239192794291
 21
174.3349646817891
 31
0.0
100
AcDbAttribute
  2
R_NAME
 70
     0
 74
     2
280
     0
 71
     1
 72
     0
 11
163.1239192794291
 21
174.3349646817891
 31
0.0
  0
ATTRIB
  5
7FA1
330
7F9E
100
AcDbEntity
  8
0
 62
     0
100
AcDbText
 10
158.1857664755298
 20
167.0452804785999
 30
0.0
 40
2.369230769230771
  1
5
  7
ISOCP
 72
     1
 11
159.0248690396324
 21
169.4145112478307
 31
0.0
100
AcDbAttribute
  2
A
 70
     0
 74
     3
280
     0
 71
     1
 72
     0
 11
159.0248690396324
 21
169.4145112478307
 31
0.0
  0
ATTRIB
  5
7FA2
330
7F9E
100
AcDbEntity
  8
0
 62
     0
100
AcDbText
 10
166.3962066987138
 20
167.0452804785999
 30
0.0
 40
2.369230769230771
  1
6
  7
ISOCP
 72
     1
 11
167.2229695192266
 21
169.4145112478307
 31
0.0
100
AcDbAttribute
  2
B
 70
     0
 74
     3
280
     0
 71
     1
 72
     0
 11
167.2229695192266
 21
169.4145112478307
 31
0.0
  0
ATTRIB
  5
7FA3
330
7F9E
100
AcDbEntity
  8
0
100
AcDbText
 10
161.9810007919783
 20
167.2242111045859
 30
0.0
 40
2.369230769230771
  1
A
  7
ISOCP
 72
     1
 11
163.0422187406962
 21
168.4088264892013
 31
0.0
100
AcDbAttribute
  2
C
 70
     0
 74
     2
280
     0
 71
     1
 72
     0
 11
163.0422187406962
 21
168.4088264892013
 31
0.0
  0
ATTRIB
  5
7FA4
330
7F9E
100
AcDbEntity
  8
0
100
AcDbText
 10
157.7901482215198
 20
179.2318967589148
 30
0.0
 40
2.369230769230771
  1
XXXXX
  7
ISOCP
 72
     1
 11
163.1159815548532
 21
180.4165121435302
 31
0.0
100
AcDbAttribute
  2
R(POS)
 70
     0
 74
     2
280
     0
 71
     1
 72
     0
 11
163.1159815548532
 21
180.4165121435302
 31
0.0
  0
ATTRIB
  5
8371
330
7F9E
100
AcDbEntity
  8
0
100
AcDbText
 10
161.9137756260233
 20
159.8137877515269
 30
0.0
 40
2.049525119898564
  1
RB
  7
ISOCP
 72
     1
 11
163.5448560339426
 21
160.8385503114762
 31
0.0
100
AcDbAttribute
  2
DOC
 70
     5
 74
     2
280
     1
 71
     1
 72
     0
 11
163.5448560339426
 21
160.8385503114762
 31
0.0
  0
ATTRIB
  5
8372
330
7F9E
100
AcDbEntity
  8
0
100
AcDbText
 10
162.5192565845693
 20
163.6391239115616
 30
0.0
 40
2.049525119898564
  1
2
  7
ISOCP
 72
     1
 11
163.2344554545339
 21
164.6638864715109
 31
0.0
100
AcDbAttribute
  2
WIRING
 70
     5
 74
     2
280
     1
 71
     1
 72
     0
 11
163.2344554545339
 21
164.6638864715109
 31
0.0
  0
SEQEND
  5
7FA5
330
7F9E
100
AcDbEntity
  8
0
  0
INSERT
  5
7FA6
330
1F
100
AcDbEntity
  8
0
100
AcDbBlockReference
 66
     1
  2
Front_Contact
 10
84.08195648247971
 20
215.7140475307891
 30
0.0
 41
1.024762559949282
 42
1.024762559949282
 43
1.024762559949282
  0
ATTRIB
  5
7FA7
330
7FA6
100
AcDbEntity
  8
0
100
AcDbText
 10
87.41329838894347
 20
220.787385450434
 30
0.0
 40
2.200000000000003
  1
*
  7
ISOCP
 72
     1
 11
88.1810067222768
 21
221.887385450434
 31
0.0
100
AcDbAttribute
  2
S_NAME
 70
     0
 74
     2
280
     0
 71
     1
 72
     0
 11
88.1810067222768
 21
221.887385450434
 31
0.0
  0
ATTRIB
  5
7FA8
330
7FA6
100
AcDbEntity
  8
0
100
AcDbText
 10
86.43017338894347
 20
217.6503436168344
 30
0.0
 40
2.200000000000003
  1
HR
  7
ISOCP
 72
     1
 11
88.1810067222768
 21
218.7503436168344
 31
0.0
100
AcDbAttribute
  2
R_NAME
 70
     0
 74
     2
280
     0
 71
     1
 72
     0
 11
88.1810067222768
 21
218.7503436168344
 31
0.0
  0
ATTRIB
  5
7FA9
330
7FA6
100
AcDbEntity
  8
0
 62
     0
100
AcDbText
 10
83.21112314914636
 20
212.2269036908651
 30
0.0
 40
2.200000000000003
  1
4
  7
ISOCP
 72
     1
 11
84.0819564824797
 21
214.4269036908651
 31
0.0
100
AcDbAttribute
  2
A
 70
     0
 74
     3
280
     0
 71
     1
 72
     0
 11
84.0819564824797
 21
214.4269036908651
 31
0.0
  0
ATTRIB
  5
7FAA
330
7FA6
100
AcDbEntity
  8
0
 62
     0
100
AcDbText
 10
91.51234862874065
 20
212.2269036908651
 30
0.0
 40
2.200000000000003
  1
3
  7
ISOCP
 72
     1
 11
92.28005696207399
 21
214.4269036908651
 31
0.0
100
AcDbAttribute
  2
F
 70
     0
 74
     3
280
     0
 71
     1
 72
     0
 11
92.28005696207399
 21
214.4269036908651
 31
0.0
  0
ATTRIB
  5
7FAB
330
7FA6
100
AcDbEntity
  8
0
100
AcDbText
 10
87.31017338894348
 20
212.2691422894801
 30
0.0
 40
2.200000000000003
  1
B
  7
ISOCP
 72
     1
 11
88.18100672227682
 21
213.3691422894801
 31
0.0
100
AcDbAttribute
  2
C
 70
     0
 74
     2
280
     0
 71
     1
 72
     0
 11
88.18100672227682
 21
213.3691422894801
 31
0.0
  0
ATTRIB
  5
7FAC
330
7FA6
100
AcDbEntity
  8
0
100
AcDbText
 10
83.19859445631401
 20
223.7318910785755
 30
0.0
 40
2.200000000000003
  1
XXXXX
  7
ISOCP
 72
     1
 11
88.14401112298069
 21
224.8318910785755
 31
0.0
100
AcDbAttribute
  2
R(POS)
 70
     0
 74
     2
280
     0
 71
     1
 72
     0
 11
88.14401112298069
 21
224.8318910785755
 31
0.0
  0
ATTRIB
  5
82F9
330
7FA6
100
AcDbEntity
  8
0
100
AcDbText
 10
87.25777308415654
 20
205.4505546575284
 30
0.0
 40
2.049525119898564
  1
RF
  7
ISOCP
 72
     1
 11
88.79278200208057
 21
206.4753172174777
 31
0.0
100
AcDbAttribute
  2
DOC
 70
     5
 74
     2
280
     1
 71
     1
 72
     0
 11
88.79278200208057
 21
206.4753172174777
 31
0.0
  0
ATTRIB
  5
82FA
330
7FA6
100
AcDbEntity
  8
0
100
AcDbText
 10
87.76718255270733
 20
209.275890817563
 30
0.0
 40
2.049525119898564
  1
2
  7
ISOCP
 72
     1
 11
88.48238142267193
 21
210.3006533775123
 31
0.0
100
AcDbAttribute
  2
WIRING
 70
     5
 74
     2
280
     1
 71
     1
 72
     0
 11
88.48238142267193
 21
210.3006533775123
 31
0.0
  0
SEQEND
  5
7FAD
330
7FA6
100
AcDbEntity
  8
0
  0
INSERT
  5
7FAE
330
1F
100
AcDbEntity
  8
0
100
AcDbBlockReference
 66
     1
  2
Front_Contact
 10
84.08194152208665
 20
171.2140451963712
 30
0.0
 41
1.024762559949282
 42
1.024762559949282
 43
1.024762559949282
  0
ATTRIB
  5
7FAF
330
7FAE
100
AcDbEntity
  8
0
100
AcDbText
 10
87.41328342855041
 20
176.2873831160161
 30
0.0
 40
2.200000000000003
  1
*
  7
ISOCP
 72
     1
 11
88.18099176188375
 21
177.3873831160161
 31
0.0
100
AcDbAttribute
  2
S_NAME
 70
     0
 74
     2
280
     0
 71
     1
 72
     0
 11
88.18099176188375
 21
177.3873831160161
 31
0.0
  0
ATTRIB
  5
7FB0
330
7FAE
100
AcDbEntity
  8
0
100
AcDbText
 10
86.43015842855041
 20
173.1503412824165
 30
0.0
 40
2.200000000000003
  1
HR
  7
ISOCP
 72
     1
 11
88.18099176188375
 21
174.2503412824165
 31
0.0
100
AcDbAttribute
  2
R_NAME
 70
     0
 74
     2
280
     0
 71
     1
 72
     0
 11
88.18099176188375
 21
174.2503412824165
 31
0.0
  0
ATTRIB
  5
7FB1
330
7FAE
100
AcDbEntity
  8
0
 62
     0
100
AcDbText
 10
83.2111081887533
 20
167.7269013564472
 30
0.0
 40
2.200000000000003
  1
4
  7
ISOCP
 72
     1
 11
84.08194152208664
 21
169.9269013564472
 31
0.0
100
AcDbAttribute
  2
A
 70
     0
 74
     3
280
     0
 71
     1
 72
     0
 11
84.08194152208664
 21
169.9269013564472
 31
0.0
  0
ATTRIB
  5
7FB2
330
7FAE
100
AcDbEntity
  8
0
 62
     0
100
AcDbText
 10
91.5123336683476
 20
167.7269013564472
 30
0.0
 40
2.200000000000003
  1
3
  7
ISOCP
 72
     1
 11
92.28004200168093
 21
169.9269013564472
 31
0.0
100
AcDbAttribute
  2
F
 70
     0
 74
     3
280
     0
 71
     1
 72
     0
 11
92.28004200168093
 21
169.9269013564472
 31
0.0
  0
ATTRIB
  5
7FB3
330
7FAE
100
AcDbEntity
  8
0
100
AcDbText
 10
87.31015842855042
 20
167.7691399550622
 30
0.0
 40
2.200000000000003
  1
D
  7
ISOCP
 72
     1
 11
88.18099176188376
 21
168.8691399550622
 31
0.0
100
AcDbAttribute
  2
C
 70
     0
 74
     2
280
     0
 71
     1
 72
     0
 11
88.18099176188376
 21
168.8691399550622
 31
0.0
  0
ATTRIB
  5
7FB4
330
7FAE
100
AcDbEntity
  8
0
100
AcDbText
 10
83.19857949592095
 20
179.2318887441576
 30
0.0
 40
2.200000000000003
  1
XXXXX
  7
ISOCP
 72
     1
 11
88.14399616258763
 21
180.3318887441576
 31
0.0
100
AcDbAttribute
  2
R(POS)
 70
     0
 74
     2
280
     0
 71
     1
 72
     0
 11
88.14399616258763
 21
180.3318887441576
 31
0.0
  0
ATTRIB
  5
82FB
330
7FAE
100
AcDbEntity
  8
0
100
AcDbText
 10
87.25775812376348
 20
160.9505523231105
 30
0.0
 40
2.049525119898564
  1
RF
  7
ISOCP
 72
     1
 11
88.79276704168751
 21
161.9753148830598
 31
0.0
100
AcDbAttribute
  2
DOC
 70
     5
 74
     2
280
     1
 71
     1
 72
     0
 11
88.79276704168751
 21
161.9753148830598
 31
0.0
  0
ATTRIB
  5
82FC
330
7FAE
100
AcDbEntity
  8
0
100
AcDbText
 10
87.76716759231427
 20
164.7758884831451
 30
0.0
 40
2.049525119898564
  1
2
  7
ISOCP
 72
     1
 11
88.48236646227888
 21
165.8006510430944
 31
0.0
100
AcDbAttribute
  2
WIRING
 70
     5
 74
     2
280
     1
 71
     1
 72
     0
 11
88.48236646227888
 21
165.8006510430944
 31
0.0
  0
SEQEND
  5
7FB5
330
7FAE
100
AcDbEntity
  8
0
  0
LWPOLYLINE
  5
7FB6
330
1F
100
AcDbEntity
  8
0
100
AcDbPolyline
 90
        6
 70
     0
 43
0.0
 10
206.3195312727985
 20
215.7140635603033
 10
198.6682195275263
 20
213.6645384404047
 10
198.6682195275263
 20
200.8123898299618
 10
222.1689434976649
 20
200.8123898299618
 10
222.1689434976649
 20
213.6645384404047
 10
214.5176317523928
 20
215.7140635603033
  0
INSERT
  5
7FB7
330
1F
100
AcDbEntity
  8
0
100
AcDbBlockReference
 66
     1
  2
Front_Contact
 10
206.3195312727985
 20
200.8123898299618
 30
0.0
 41
1.024762559949282
 42
1.024762559949282
 43
1.024762559949282
  0
ATTRIB
  5
7FB8
330
7FB7
100
AcDbEntity
  8
0
100
AcDbText
 10
209.6508731792623
 20
205.8857277496067
 30
0.0
 40
2.200000000000003
  1
*
  7
ISOCP
 72
     1
 11
210.4185815125956
 21
206.9857277496067
 31
0.0
100
AcDbAttribute
  2
S_NAME
 70
     0
 74
     2
280
     0
 71
     1
 72
     0
 11
210.4185815125956
 21
206.9857277496067
 31
0.0
  0
ATTRIB
  5
7FB9
330
7FB7
100
AcDbEntity
  8
0
100
AcDbText
 10
207.7877481792623
 20
202.7486859160071
 30
0.0
 40
2.200000000000003
  1
HHR
  7
ISOCP
 72
     1
 11
210.4185815125956
 21
203.8486859160071
 31
0.0
100
AcDbAttribute
  2
R_NAME
 70
     0
 74
     2
280
     0
 71
     1
 72
     0
 11
210.4185815125956
 21
203.8486859160071
 31
0.0
  0
ATTRIB
  5
7FBA
330
7FB7
100
AcDbEntity
  8
0
 62
     0
100
AcDbText
 10
205.4486979394652
 20
197.3252459900378
 30
0.0
 40
2.200000000000003
  1
4
  7
ISOCP
 72
     1
 11
206.3195312727985
 21
199.5252459900378
 31
0.0
100
AcDbAttribute
  2
A
 70
     0
 74
     3
280
     0
 71
     1
 72
     0
 11
206.3195312727985
 21
199.5252459900378
 31
0.0
  0
ATTRIB
  5
7FBB
330
7FB7
100
AcDbEntity
  8
0
 62
     0
100
AcDbText
 10
213.7499234190595
 20
197.3252459900378
 30
0.0
 40
2.200000000000003
  1
3
  7
ISOCP
 72
     1
 11
214.5176317523928
 21
199.5252459900378
 31
0.0
100
AcDbAttribute
  2
F
 70
     0
 74
     3
280
     0
 71
     1
 72
     0
 11
214.5176317523928
 21
199.5252459900378
 31
0.0
  0
ATTRIB
  5
7FBC
330
7FB7
100
AcDbEntity
  8
0
100
AcDbText
 10
209.5477481792623
 20
197.3674845886528
 30
0.0
 40
2.200000000000003
  1
B
  7
ISOCP
 72
     1
 11
210.4185815125956
 21
198.4674845886528
 31
0.0
100
AcDbAttribute
  2
C
 70
     0
 74
     2
280
     0
 71
     1
 72
     0
 11
210.4185815125956
 21
198.4674845886528
 31
0.0
  0
ATTRIB
  5
7FBD
330
7FB7
100
AcDbEntity
  8
0
100
AcDbText
 10
205.4361692466328
 20
208.8302333777482
 30
0.0
 40
2.200000000000003
  1
XXXXX
  7
ISOCP
 72
     1
 11
210.3815859132995
 21
209.9302333777482
 31
0.0
100
AcDbAttribute
  2
R(POS)
 70
     0
 74
     2
280
     0
 71
     1
 72
     0
 11
210.3815859132995
 21
209.9302333777482
 31
0.0
  0
ATTRIB
  5
82FD
330
7FB7
100
AcDbEntity
  8
0
100
AcDbText
 10
209.4953478744754
 20
190.5488969567011
 30
0.0
 40
2.049525119898564
  1
RF
  7
ISOCP
 72
     1
 11
211.0303567923994
 21
191.5736595166504
 31
0.0
100
AcDbAttribute
  2
DOC
 70
     5
 74
     2
280
     1
 71
     1
 72
     0
 11
211.0303567923994
 21
191.5736595166504
 31
0.0
  0
ATTRIB
  5
82FE
330
7FB7
100
AcDbEntity
  8
0
100
AcDbText
 10
210.2182495430155
 20
194.3742331167357
 30
0.0
 40
2.049525119898564
  1
1
  7
ISOCP
 72
     1
 11
210.7199562129907
 21
195.398995676685
 31
0.0
100
AcDbAttribute
  2
WIRING
 70
     5
 74
     2
280
     1
 71
     1
 72
     0
 11
210.7199562129907
 21
195.398995676685
 31
0.0
  0
SEQEND
  5
7FBE
330
7FB7
100
AcDbEntity
  8
0
  0
LWPOLYLINE
  5
7FBF
330
1F
100
AcDbEntity
  8
0
100
AcDbPolyline
 90
        6
 70
     0
 43
0.0
 10
206.2974713942498
 20
171.2140370606451
 10
198.4480677846882
 20
173.2635621805437
 10
198.4480677846882
 20
186.1157107909867
 10
221.948791754827
 20
186.1157107909867
 10
221.948791754827
 20
173.2635621805437
 10
214.2974800095548
 20
171.2140370606451
  0
INSERT
  5
7FC0
330
1F
100
AcDbEntity
  8
0
100
AcDbBlockReference
 66
     1
  2
Front_Contact
 10
206.0993795299606
 20
186.1157107909867
 30
0.0
 41
1.024762559949282
 42
1.024762559949282
 43
1.024762559949282
  0
ATTRIB
  5
7FC1
330
7FC0
100
AcDbEntity
  8
0
100
AcDbText
 10
209.4307214364244
 20
191.1890487106316
 30
0.0
 40
2.200000000000003
  1
*
  7
ISOCP
 72
     1
 11
210.1984297697577
 21
192.2890487106316
 31
0.0
100
AcDbAttribute
  2
S_NAME
 70
     0
 74
     2
280
     0
 71
     1
 72
     0
 11
210.1984297697577
 21
192.2890487106316
 31
0.0
  0
ATTRIB
  5
7FC2
330
7FC0
100
AcDbEntity
  8
0
100
AcDbText
 10
207.5675964364244
 20
188.052006877032
 30
0.0
 40
2.200000000000003
  1
HHR
  7
ISOCP
 72
     1
 11
210.1984297697577
 21
189.152006877032
 31
0.0
100
AcDbAttribute
  2
R_NAME
 70
     0
 74
     2
280
     0
 71
     1
 72
     0
 11
210.1984297697577
 21
189.152006877032
 31
0.0
  0
ATTRIB
  5
7FC3
330
7FC0
100
AcDbEntity
  8
0
 62
     0
100
AcDbText
 10
205.2285461966273
 20
182.6285669510627
 30
0.0
 40
2.200000000000003
  1
4
  7
ISOCP
 72
     1
 11
206.0993795299606
 21
184.8285669510627
 31
0.0
100
AcDbAttribute
  2
A
 70
     0
 74
     3
280
     0
 71
     1
 72
     0
 11
206.0993795299606
 21
184.8285669510627
 31
0.0
  0
ATTRIB
  5
7FC4
330
7FC0
100
AcDbEntity
  8
0
 62
     0
100
AcDbText
 10
213.5297716762216
 20
182.6285669510627
 30
0.0
 40
2.200000000000003
  1
3
  7
ISOCP
 72
     1
 11
214.2974800095549
 21
184.8285669510627
 31
0.0
100
AcDbAttribute
  2
F
 70
     0
 74
     3
280
     0
 71
     1
 72
     0
 11
214.2974800095549
 21
184.8285669510627
 31
0.0
  0
ATTRIB
  5
7FC5
330
7FC0
100
AcDbEntity
  8
0
100
AcDbText
 10
209.3275964364244
 20
182.6708055496777
 30
0.0
 40
2.200000000000003
  1
D
  7
ISOCP
 72
     1
 11
210.1984297697577
 21
183.7708055496777
 31
0.0
100
AcDbAttribute
  2
C
 70
     0
 74
     2
280
     0
 71
     1
 72
     0
 11
210.1984297697577
 21
183.7708055496777
 31
0.0
  0
ATTRIB
  5
7FC6
330
7FC0
100
AcDbEntity
  8
0
100
AcDbText
 10
205.2160175037949
 20
194.1335543387731
 30
0.0
 40
2.200000000000003
  1
XXXXX
  7
ISOCP
 72
     1
 11
210.1614341704616
 21
195.2335543387731
 31
0.0
100
AcDbAttribute
  2
R(POS)
 70
     0
 74
     2
280
     0
 71
     1
 72
     0
 11
210.1614341704616
 21
195.2335543387731
 31
0.0
  0
ATTRIB
  5
82FF
330
7FC0
100
AcDbEntity
  8
0
100
AcDbText
 10
209.2751961316375
 20
175.852217917726
 30
0.0
 40
2.049525119898564
  1
RF
  7
ISOCP
 72
     1
 11
210.8102050495615
 21
176.8769804776753
 31
0.0
100
AcDbAttribute
  2
DOC
 70
     5
 74
     2
280
     1
 71
     1
 72
     0
 11
210.8102050495615
 21
176.8769804776753
 31
0.0
  0
ATTRIB
  5
8300
330
7FC0
100
AcDbEntity
  8
0
100
AcDbText
 10
209.9980978001776
 20
179.6775540777606
 30
0.0
 40
2.049525119898564
  1
1
  7
ISOCP
 72
     1
 11
210.4998044701528
 21
180.7023166377099
 31
0.0
100
AcDbAttribute
  2
WIRING
 70
     5
 74
     2
280
     1
 71
     1
 72
     0
 11
210.4998044701528
 21
180.7023166377099
 31
0.0
  0
SEQEND
  5
7FC7
330
7FC0
100
AcDbEntity
  8
0
  0
LWPOLYLINE
  5
7FC8
330
1F
100
AcDbEntity
  8
0
100
AcDbPolyline
 90
        7
 70
     0
 43
0.0
 10
159.0488664862884
 20
125.4631735476521
 10
151.3975547410162
 20
127.5126986675507
 10
151.3975547410162
 20
140.3648472779937
 10
190.2697171103941
 20
140.3648472779937
 10
190.2697171103941
 20
127.5126986675507
 10
171.3460172056799
 20
127.5126986675507
 10
167.2469669658828
 20
125.4631735476521
  0
INSERT
  5
7FC9
330
1F
100
AcDbEntity
  8
0
100
AcDbBlockReference
 66
     1
  2
Front_Contact
 10
112.9779893590677
 20
125.2581466762884
 30
0.0
 41
1.024762559949282
 42
1.024762559949282
 43
1.024762559949282
  0
ATTRIB
  5
7FCA
330
7FC9
100
AcDbEntity
  8
0
100
AcDbText
 10
116.3093312655315
 20
130.3314845959333
 30
0.0
 40
2.200000000000003
  1
*
  7
ISOCP
 72
     1
 11
117.0770395988648
 21
131.4314845959333
 31
0.0
100
AcDbAttribute
  2
S_NAME
 70
     0
 74
     2
280
     0
 71
     1
 72
     0
 11
117.0770395988648
 21
131.4314845959333
 31
0.0
  0
ATTRIB
  5
7FCB
330
7FC9
100
AcDbEntity
  8
0
100
AcDbText
 10
115.3262062655315
 20
127.1944427623337
 30
0.0
 40
2.200000000000003
  1
DR
  7
ISOCP
 72
     1
 11
117.0770395988648
 21
128.2944427623337
 31
0.0
100
AcDbAttribute
  2
R_NAME
 70
     0
 74
     2
280
     0
 71
     1
 72
     0
 11
117.0770395988648
 21
128.2944427623337
 31
0.0
  0
ATTRIB
  5
7FCC
330
7FC9
100
AcDbEntity
  8
0
 62
     0
100
AcDbText
 10
112.2102810257344
 20
121.7710028363644
 30
0.0
 40
2.200000000000003
  1
2
  7
ISOCP
 72
     1
 11
112.9779893590677
 21
123.9710028363644
 31
0.0
100
AcDbAttribute
  2
A
 70
     0
 74
     3
280
     0
 71
     1
 72
     0
 11
112.9779893590677
 21
123.9710028363644
 31
0.0
  0
ATTRIB
  5
7FCD
330
7FC9
100
AcDbEntity
  8
0
 62
     0
100
AcDbText
 10
120.6375481719953
 20
121.7710028363644
 30
0.0
 40
2.200000000000003
  1
1
  7
ISOCP
 72
     1
 11
121.176089838662
 21
123.9710028363644
 31
0.0
100
AcDbAttribute
  2
F
 70
     0
 74
     3
280
     0
 71
     1
 72
     0
 11
121.176089838662
 21
123.9710028363644
 31
0.0
  0
ATTRIB
  5
7FCE
330
7FC9
100
AcDbEntity
  8
0
100
AcDbText
 10
116.2062062655315
 20
121.8132414349794
 30
0.0
 40
2.200000000000003
  1
B
  7
ISOCP
 72
     1
 11
117.0770395988648
 21
122.9132414349794
 31
0.0
100
AcDbAttribute
  2
C
 70
     0
 74
     2
280
     0
 71
     1
 72
     0
 11
117.0770395988648
 21
122.9132414349794
 31
0.0
  0
ATTRIB
  5
7FCF
330
7FC9
100
AcDbEntity
  8
0
100
AcDbText
 10
112.094627332902
 20
133.2759902240748
 30
0.0
 40
2.200000000000003
  1
XXXXX
  7
ISOCP
 72
     1
 11
117.0400439995687
 21
134.3759902240748
 31
0.0
100
AcDbAttribute
  2
R(POS)
 70
     0
 74
     2
280
     0
 71
     1
 72
     0
 11
117.0400439995687
 21
134.3759902240748
 31
0.0
  0
ATTRIB
  5
8301
330
7FC9
100
AcDbEntity
  8
0
100
AcDbText
 10
116.1538059607446
 20
114.9946538030277
 30
0.0
 40
2.049525119898564
  1
RF
  7
ISOCP
 72
     1
 11
117.6888148786686
 21
116.019416362977
 31
0.0
100
AcDbAttribute
  2
DOC
 70
     5
 74
     2
280
     1
 71
     1
 72
     0
 11
117.6888148786686
 21
116.019416362977
 31
0.0
  0
ATTRIB
  5
8302
330
7FC9
100
AcDbEntity
  8
0
100
AcDbText
 10
116.8767076292847
 20
118.8199899630624
 30
0.0
 40
2.049525119898564
  1
1
  7
ISOCP
 72
     1
 11
117.3784142992599
 21
119.8447525230117
 31
0.0
100
AcDbAttribute
  2
WIRING
 70
     5
 74
     2
280
     1
 71
     1
 72
     0
 11
117.3784142992599
 21
119.8447525230117
 31
0.0
  0
SEQEND
  5
7FD0
330
7FC9
100
AcDbEntity
  8
0
  0
INSERT
  5
7FD1
330
1F
100
AcDbEntity
  8
0
100
AcDbBlockReference
 66
     1
  2
Back_Contact
 10
130.2407708522987
 20
125.2581386615313
 30
0.0
 41
1.024762559949282
 42
1.024762559949282
 43
1.024762559949282
  0
ATTRIB
  5
7FD2
330
7FD1
100
AcDbEntity
  8
0
100
AcDbText
 10
133.5130629956192
 20
130.3314845959333
 30
0.0
 40
2.369230769230771
  1
*
  7
ISOCP
 72
     1
 11
134.339825816132
 21
131.5160999805487
 31
0.0
100
AcDbAttribute
  2
S_NAME
 70
     0
 74
     2
280
     0
 71
     1
 72
     0
 11
134.339825816132
 21
131.5160999805487
 31
0.0
  0
ATTRIB
  5
7FD3
330
7FD1
100
AcDbEntity
  8
0
100
AcDbText
 10
130.7958514571575
 20
127.1944427623337
 30
0.0
 40
2.369230769230771
  1
DECR
  7
ISOCP
 72
     1
 11
134.3398258161319
 21
128.3790581469491
 31
0.0
100
AcDbAttribute
  2
R_NAME
 70
     0
 74
     2
280
     0
 71
     1
 72
     0
 11
134.3398258161319
 21
128.3790581469491
 31
0.0
  0
ATTRIB
  5
7FD4
330
7FD1
100
AcDbEntity
  8
0
 62
     0
100
AcDbText
 10
129.4140127558224
 20
121.0893739437599
 30
0.0
 40
2.369230769230771
  1
3
  7
ISOCP
 72
     1
 11
130.2407755763352
 21
123.4586047129907
 31
0.0
100
AcDbAttribute
  2
A
 70
     0
 74
     3
280
     0
 71
     1
 72
     0
 11
130.2407755763352
 21
123.4586047129907
 31
0.0
  0
ATTRIB
  5
7FD5
330
7FD1
100
AcDbEntity
  8
0
 62
     0
100
AcDbText
 10
137.501055543109
 20
121.0893739437599
 30
0.0
 40
2.369230769230771
  1
4
  7
ISOCP
 72
     1
 11
138.4388760559295
 21
123.4586047129907
 31
0.0
100
AcDbAttribute
  2
B
 70
     0
 74
     3
280
     0
 71
     1
 72
     0
 11
138.4388760559295
 21
123.4586047129907
 31
0.0
  0
ATTRIB
  5
7FD6
330
7FD1
100
AcDbEntity
  8
0
100
AcDbText
 10
133.4313624568862
 20
121.2683045697459
 30
0.0
 40
2.369230769230771
  1
C
  7
ISOCP
 72
     1
 11
134.258125277399
 21
122.4529199543613
 31
0.0
100
AcDbAttribute
  2
C
 70
     0
 74
     2
280
     0
 71
     1
 72
     0
 11
134.258125277399
 21
122.4529199543613
 31
0.0
  0
ATTRIB
  5
7FD7
330
7FD1
100
AcDbEntity
  8
0
100
AcDbText
 10
129.0060547582227
 20
133.2759902240749
 30
0.0
 40
2.369230769230771
  1
XXXXX
  7
ISOCP
 72
     1
 11
134.331888091556
 21
134.4606056086903
 31
0.0
100
AcDbAttribute
  2
R(POS)
 70
     0
 74
     2
280
     0
 71
     1
 72
     0
 11
134.331888091556
 21
134.4606056086903
 31
0.0
  0
ATTRIB
  5
8373
330
7FD1
100
AcDbEntity
  8
0
100
AcDbText
 10
133.1296821627261
 20
113.8578812166869
 30
0.0
 40
2.049525119898564
  1
RB
  7
ISOCP
 72
     1
 11
134.7607625706454
 21
114.8826437766362
 31
0.0
100
AcDbAttribute
  2
DOC
 70
     5
 74
     2
280
     1
 71
     1
 72
     0
 11
134.7607625706454
 21
114.8826437766362
 31
0.0
  0
ATTRIB
  5
8374
330
7FD1
100
AcDbEntity
  8
0
100
AcDbText
 10
133.9486553212615
 20
117.6832173767216
 30
0.0
 40
2.049525119898564
  1
1
  7
ISOCP
 72
     1
 11
134.4503619912367
 21
118.7079799366709
 31
0.0
100
AcDbAttribute
  2
WIRING
 70
     5
 74
     2
280
     1
 71
     1
 72
     0
 11
134.4503619912367
 21
118.7079799366709
 31
0.0
  0
SEQEND
  5
7FD8
330
7FD1
100
AcDbEntity
  8
0
  0
LWPOLYLINE
  5
7FD9
330
1F
100
AcDbEntity
  8
0
100
AcDbPolyline
 90
        6
 70
     0
 43
0.0
 10
159.0488664862884
 20
110.5614998173106
 10
151.3975547410162
 20
112.6110249372092
 10
151.3975547410162
 20
125.4631735476521
 10
174.8982787111549
 20
125.4631735476521
 10
174.8982787111549
 20
112.6110249372092
 10
167.2469669658828
 20
110.5614998173106
  0
INSERT
  5
7FDA
330
1F
100
AcDbEntity
  8
0
100
AcDbBlockReference
 66
     1
  2
Back_Contact
 10
112.9779766202748
 20
155.0615021517286
 30
0.0
 41
1.024762559949282
 42
1.024762559949282
 43
1.024762559949282
  0
ATTRIB
  5
7FDB
330
7FDA
100
AcDbEntity
  8
0
100
AcDbText
 10
116.2502687635953
 20
160.1348480861306
 30
0.0
 40
2.369230769230771
  1
*
  7
ISOCP
 72
     1
 11
117.0770315841081
 21
161.319463470746
 31
0.0
100
AcDbAttribute
  2
S_NAME
 70
     0
 74
     2
280
     0
 71
     1
 72
     0
 11
117.0770315841081
 21
161.319463470746
 31
0.0
  0
ATTRIB
  5
7FDC
330
7FDA
100
AcDbEntity
  8
0
100
AcDbText
 10
115.1915187635952
 20
156.997806252531
 30
0.0
 40
2.369230769230771
  1
DR
  7
ISOCP
 72
     1
 11
117.077031584108
 21
158.1824216371464
 31
0.0
100
AcDbAttribute
  2
R_NAME
 70
     0
 74
     2
280
     0
 71
     1
 72
     0
 11
117.077031584108
 21
158.1824216371464
 31
0.0
  0
ATTRIB
  5
7FDD
330
7FDA
100
AcDbEntity
  8
0
 62
     0
100
AcDbText
 10
112.1388787802087
 20
150.8927374339572
 30
0.0
 40
2.369230769230771
  1
5
  7
ISOCP
 72
     1
 11
112.9779813443113
 21
153.261968203188
 31
0.0
100
AcDbAttribute
  2
A
 70
     0
 74
     3
280
     0
 71
     1
 72
     0
 11
112.9779813443113
 21
153.261968203188
 31
0.0
  0
ATTRIB
  5
7FDE
330
7FDA
100
AcDbEntity
  8
0
 62
     0
100
AcDbText
 10
120.3493190033927
 20
150.8927374339572
 30
0.0
 40
2.369230769230771
  1
6
  7
ISOCP
 72
     1
 11
121.1760818239055
 21
153.261968203188
 31
0.0
100
AcDbAttribute
  2
B
 70
     0
 74
     3
280
     0
 71
     1
 72
     0
 11
121.1760818239055
 21
153.261968203188
 31
0.0
  0
ATTRIB
  5
7FDF
330
7FDA
100
AcDbEntity
  8
0
100
AcDbText
 10
116.1685682248623
 20
151.0716680599432
 30
0.0
 40
2.369230769230771
  1
C
  7
ISOCP
 72
     1
 11
116.9953310453751
 21
152.2562834445586
 31
0.0
100
AcDbAttribute
  2
C
 70
     0
 74
     2
280
     0
 71
     1
 72
     0
 11
116.9953310453751
 21
152.2562834445586
 31
0.0
  0
ATTRIB
  5
7FE0
330
7FDA
100
AcDbEntity
  8
0
100
AcDbText
 10
111.7432605261988
 20
163.0793537142721
 30
0.0
 40
2.369230769230771
  1
XXXXX
  7
ISOCP
 72
     1
 11
117.0690938595321
 21
164.2639690988875
 31
0.0
100
AcDbAttribute
  2
R(POS)
 70
     0
 74
     2
280
     0
 71
     1
 72
     0
 11
117.0690938595321
 21
164.2639690988875
 31
0.0
  0
ATTRIB
  5
8375
330
7FDA
100
AcDbEntity
  8
0
100
AcDbText
 10
115.8668879307022
 20
143.6612447068842
 30
0.0
 40
2.049525119898564
  1
RB
  7
ISOCP
 72
     1
 11
117.4979683386215
 21
144.6860072668335
 31
0.0
100
AcDbAttribute
  2
DOC
 70
     5
 74
     2
280
     1
 71
     1
 72
     0
 11
117.4979683386215
 21
144.6860072668335
 31
0.0
  0
ATTRIB
  5
8376
330
7FDA
100
AcDbEntity
  8
0
100
AcDbText
 10
116.4723688892482
 20
147.4865808669189
 30
0.0
 40
2.049525119898564
  1
2
  7
ISOCP
 72
     1
 11
117.1875677592128
 21
148.5113434268682
 31
0.0
100
AcDbAttribute
  2
WIRING
 70
     5
 74
     2
280
     1
 71
     1
 72
     0
 11
117.1875677592128
 21
148.5113434268682
 31
0.0
  0
SEQEND
  5
7FE1
330
7FDA
100
AcDbEntity
  8
0
  0
INSERT
  5
7FE2
330
1F
100
AcDbEntity
  8
0
100
AcDbBlockReference
 66
     1
  2
Back_Contact
 10
112.9779806276532
 20
140.15982040663
 30
0.0
 41
1.024762559949282
 42
1.024762559949282
 43
1.024762559949282
  0
ATTRIB
  5
7FE3
330
7FE2
100
AcDbEntity
  8
0
100
AcDbText
 10
116.2502727709737
 20
145.233166341032
 30
0.0
 40
2.369230769230771
  1
*
  7
ISOCP
 72
     1
 11
117.0770355914865
 21
146.4177817256474
 31
0.0
100
AcDbAttribute
  2
S_NAME
 70
     0
 74
     2
280
     0
 71
     1
 72
     0
 11
117.0770355914865
 21
146.4177817256474
 31
0.0
  0
ATTRIB
  5
7FE4
330
7FE2
100
AcDbEntity
  8
0
100
AcDbText
 10
115.1915227709736
 20
142.0961245074324
 30
0.0
 40
2.369230769230771
  1
DR
  7
ISOCP
 72
     1
 11
117.0770355914864
 21
143.2807398920478
 31
0.0
100
AcDbAttribute
  2
R_NAME
 70
     0
 74
     2
280
     0
 71
     1
 72
     0
 11
117.0770355914864
 21
143.2807398920478
 31
0.0
  0
ATTRIB
  5
7FE5
330
7FE2
100
AcDbEntity
  8
0
 62
     0
100
AcDbText
 10
112.1388827875871
 20
135.9910556888586
 30
0.0
 40
2.369230769230771
  1
5
  7
ISOCP
 72
     1
 11
112.9779853516897
 21
138.3602864580894
 31
0.0
100
AcDbAttribute
  2
A
 70
     0
 74
     3
280
     0
 71
     1
 72
     0
 11
112.9779853516897
 21
138.3602864580894
 31
0.0
  0
ATTRIB
  5
7FE6
330
7FE2
100
AcDbEntity
  8
0
 62
     0
100
AcDbText
 10
120.3493230107711
 20
135.9910556888586
 30
0.0
 40
2.369230769230771
  1
6
  7
ISOCP
 72
     1
 11
121.1760858312839
 21
138.3602864580894
 31
0.0
100
AcDbAttribute
  2
B
 70
     0
 74
     3
280
     0
 71
     1
 72
     0
 11
121.1760858312839
 21
138.3602864580894
 31
0.0
  0
ATTRIB
  5
7FE7
330
7FE2
100
AcDbEntity
  8
0
100
AcDbText
 10
116.057514539933
 20
136.1699863148446
 30
0.0
 40
2.369230769230771
  1
D
  7
ISOCP
 72
     1
 11
116.9953350527535
 21
137.35460169946
 31
0.0
100
AcDbAttribute
  2
C
 70
     0
 74
     2
280
     0
 71
     1
 72
     0
 11
116.9953350527535
 21
137.35460169946
 31
0.0
  0
ATTRIB
  5
7FE8
330
7FE2
100
AcDbEntity
  8
0
100
AcDbText
 10
111.7432645335772
 20
148.1776719691735
 30
0.0
 40
2.369230769230771
  1
XXXXX
  7
ISOCP
 72
     1
 11
117.0690978669105
 21
149.3622873537889
 31
0.0
100
AcDbAttribute
  2
R(POS)
 70
     0
 74
     2
280
     0
 71
     1
 72
     0
 11
117.0690978669105
 21
149.3622873537889
 31
0.0
  0
ATTRIB
  5
8377
330
7FE2
100
AcDbEntity
  8
0
100
AcDbText
 10
115.8668919380806
 20
128.7595629617856
 30
0.0
 40
2.049525119898564
  1
RB
  7
ISOCP
 72
     1
 11
117.4979723459999
 21
129.7843255217349
 31
0.0
100
AcDbAttribute
  2
DOC
 70
     5
 74
     2
280
     1
 71
     1
 72
     0
 11
117.4979723459999
 21
129.7843255217349
 31
0.0
  0
ATTRIB
  5
8378
330
7FE2
100
AcDbEntity
  8
0
100
AcDbText
 10
116.4723728966266
 20
132.5848991218203
 30
0.0
 40
2.049525119898564
  1
2
  7
ISOCP
 72
     1
 11
117.1875717665912
 21
133.6096616817696
 31
0.0
100
AcDbAttribute
  2
WIRING
 70
     5
 74
     2
280
     1
 71
     1
 72
     0
 11
117.1875717665912
 21
133.6096616817696
 31
0.0
  0
SEQEND
  5
7FE9
330
7FE2
100
AcDbEntity
  8
0
  0
LWPOLYLINE
  5
7FEA
330
1F
100
AcDbEntity
  8
0
100
AcDbPolyline
 90
        7
 70
     0
 43
0.0
 10
112.9779893590677
 20
140.15982040663
 10
105.3266776137955
 20
138.1102952867314
 10
105.3266776137955
 20
125.2581466762884
 10
144.1988399831734
 20
125.2581466762884
 10
144.1988399831734
 20
138.1102952867314
 10
125.2751400784592
 20
138.1102952867314
 10
121.1760898386621
 20
140.15982040663
  0
LWPOLYLINE
  5
7FEB
330
1F
100
AcDbEntity
  8
0
100
AcDbPolyline
 90
        6
 70
     0
 43
0.0
 10
112.9779853516894
 20
155.0615021517285
 10
105.3266736064172
 20
153.01197703183
 10
105.3266736064172
 20
140.159828421387
 10
128.8273975765558
 20
140.159828421387
 10
128.8273975765558
 20
153.01197703183
 10
121.1760858312837
 20
155.0615021517285
  0
INSERT
  5
7FEC
330
1F
100
AcDbEntity
  8
0
100
AcDbBlockReference
 66
     1
  2
Front_Contact
 10
159.0488745010456
 20
140.3648472779937
 30
0.0
 41
1.024762559949282
 42
1.024762559949282
 43
1.024762559949282
  0
ATTRIB
  5
7FED
330
7FEC
100
AcDbEntity
  8
0
100
AcDbText
 10
162.3802164075094
 20
145.4381851976386
 30
0.0
 40
2.200000000000003
  1
*
  7
ISOCP
 72
     1
 11
163.1479247408427
 21
146.5381851976386
 31
0.0
100
AcDbAttribute
  2
S_NAME
 70
     0
 74
     2
280
     0
 71
     1
 72
     0
 11
163.1479247408427
 21
146.5381851976386
 31
0.0
  0
ATTRIB
  5
7FEE
330
7FEC
100
AcDbEntity
  8
0
100
AcDbText
 10
159.9693830741761
 20
142.301143364039
 30
0.0
 40
2.200000000000003
  1
DRP1
  7
ISOCP
 72
     1
 11
163.1479247408427
 21
143.401143364039
 31
0.0
100
AcDbAttribute
  2
R_NAME
 70
     0
 74
     2
280
     0
 71
     1
 72
     0
 11
163.1479247408427
 21
143.401143364039
 31
0.0
  0
ATTRIB
  5
7FEF
330
7FEC
100
AcDbEntity
  8
0
 62
     0
100
AcDbText
 10
158.2811661677123
 20
136.8777034380697
 30
0.0
 40
2.200000000000003
  1
2
  7
ISOCP
 72
     1
 11
159.0488745010456
 21
139.0777034380697
 31
0.0
100
AcDbAttribute
  2
A
 70
     0
 74
     3
280
     0
 71
     1
 72
     0
 11
159.0488745010456
 21
139.0777034380697
 31
0.0
  0
ATTRIB
  5
7FF0
330
7FEC
100
AcDbEntity
  8
0
 62
     0
100
AcDbText
 10
166.7084333139732
 20
136.8777034380697
 30
0.0
 40
2.200000000000003
  1
1
  7
ISOCP
 72
     1
 11
167.2469749806399
 21
139.0777034380697
 31
0.0
100
AcDbAttribute
  2
F
 70
     0
 74
     3
280
     0
 71
     1
 72
     0
 11
167.2469749806399
 21
139.0777034380697
 31
0.0
  0
ATTRIB
  5
7FF1
330
7FEC
100
AcDbEntity
  8
0
100
AcDbText
 10
162.2770914075094
 20
136.9199420366847
 30
0.0
 40
2.200000000000003
  1
B
  7
ISOCP
 72
     1
 11
163.1479247408427
 21
138.0199420366847
 31
0.0
100
AcDbAttribute
  2
C
 70
     0
 74
     2
280
     0
 71
     1
 72
     0
 11
163.1479247408427
 21
138.0199420366847
 31
0.0
  0
ATTRIB
  5
7FF2
330
7FEC
100
AcDbEntity
  8
0
100
AcDbText
 10
158.1655124748799
 20
148.3826908257801
 30
0.0
 40
2.200000000000003
  1
XXXXX
  7
ISOCP
 72
     1
 11
163.1109291415466
 21
149.4826908257801
 31
0.0
100
AcDbAttribute
  2
R(POS)
 70
     0
 74
     2
280
     0
 71
     1
 72
     0
 11
163.1109291415466
 21
149.4826908257801
 31
0.0
  0
ATTRIB
  5
8303
330
7FEC
100
AcDbEntity
  8
0
100
AcDbText
 10
162.2246911027224
 20
130.101354404733
 30
0.0
 40
2.049525119898564
  1
RF
  7
ISOCP
 72
     1
 11
163.7597000206464
 21
131.1261169646823
 31
0.0
100
AcDbAttribute
  2
DOC
 70
     5
 74
     2
280
     1
 71
     1
 72
     0
 11
163.7597000206464
 21
131.1261169646823
 31
0.0
  0
ATTRIB
  5
8304
330
7FEC
100
AcDbEntity
  8
0
100
AcDbText
 10
162.9475927712626
 20
133.9266905647676
 30
0.0
 40
2.049525119898564
  1
1
  7
ISOCP
 72
     1
 11
163.4492994412378
 21
134.9514531247169
 31
0.0
100
AcDbAttribute
  2
WIRING
 70
     5
 74
     2
280
     1
 71
     1
 72
     0
 11
163.4492994412378
 21
134.9514531247169
 31
0.0
  0
SEQEND
  5
7FF3
330
7FEC
100
AcDbEntity
  8
0
  0
INSERT
  5
7FF4
330
1F
100
AcDbEntity
  8
0
100
AcDbBlockReference
 66
     1
  2
Back_Contact
 10
176.710630366285
 20
140.3648392632367
 30
0.0
 41
1.024762559949282
 42
1.024762559949282
 43
1.024762559949282
  0
ATTRIB
  5
7FF5
330
7FF4
100
AcDbEntity
  8
0
100
AcDbText
 10
179.9829225096055
 20
145.4381851976387
 30
0.0
 40
2.369230769230771
  1
*
  7
ISOCP
 72
     1
 11
180.8096853301183
 21
146.6228005822541
 31
0.0
100
AcDbAttribute
  2
S_NAME
 70
     0
 74
     2
280
     0
 71
     1
 72
     0
 11
180.8096853301183
 21
146.6228005822541
 31
0.0
  0
ATTRIB
  5
7FF6
330
7FF4
100
AcDbEntity
  8
0
100
AcDbText
 10
176.3180186634515
 20
142.3011433640391
 30
0.0
 40
2.369230769230771
  1
DECPR
  7
ISOCP
 72
     1
 11
180.8096853301182
 21
143.4857587486545
 31
0.0
100
AcDbAttribute
  2
R_NAME
 70
     0
 74
     2
280
     0
 71
     1
 72
     0
 11
180.8096853301182
 21
143.4857587486545
 31
0.0
  0
ATTRIB
  5
7FF7
330
7FF4
100
AcDbEntity
  8
0
 62
     0
100
AcDbText
 10
175.8715325262189
 20
136.1960745454653
 30
0.0
 40
2.369230769230771
  1
5
  7
ISOCP
 72
     1
 11
176.7106350903215
 21
138.5653053146961
 31
0.0
100
AcDbAttribute
  2
A
 70
     0
 74
     3
280
     0
 71
     1
 72
     0
 11
176.7106350903215
 21
138.5653053146961
 31
0.0
  0
ATTRIB
  5
7FF8
330
7FF4
100
AcDbEntity
  8
0
 62
     0
100
AcDbText
 10
184.0819727494029
 20
136.1960745454653
 30
0.0
 40
2.369230769230771
  1
6
  7
ISOCP
 72
     1
 11
184.9087355699157
 21
138.5653053146961
 31
0.0
100
AcDbAttribute
  2
B
 70
     0
 74
     3
280
     0
 71
     1
 72
     0
 11
184.9087355699157
 21
138.5653053146961
 31
0.0
  0
ATTRIB
  5
7FF9
330
7FF4
100
AcDbEntity
  8
0
100
AcDbText
 10
179.7901642785648
 20
136.3750051714513
 30
0.0
 40
2.369230769230771
  1
D
  7
ISOCP
 72
     1
 11
180.7279847913853
 21
137.5596205560667
 31
0.0
100
AcDbAttribute
  2
C
 70
     0
 74
     2
280
     0
 71
     1
 72
     0
 11
180.7279847913853
 21
137.5596205560667
 31
0.0
  0
ATTRIB
  5
7FFA
330
7FF4
100
AcDbEntity
  8
0
100
AcDbText
 10
175.4759142722089
 20
148.3826908257802
 30
0.0
 40
2.369230769230771
  1
XXXXX
  7
ISOCP
 72
     1
 11
180.8017476055423
 21
149.5673062103956
 31
0.0
100
AcDbAttribute
  2
R(POS)
 70
     0
 74
     2
280
     0
 71
     1
 72
     0
 11
180.8017476055423
 21
149.5673062103956
 31
0.0
  0
ATTRIB
  5
8379
330
7FF4
100
AcDbEntity
  8
0
100
AcDbText
 10
179.5995416767123
 20
128.9645818183923
 30
0.0
 40
2.049525119898564
  1
RB
  7
ISOCP
 72
     1
 11
181.2306220846316
 21
129.9893443783416
 31
0.0
100
AcDbAttribute
  2
DOC
 70
     5
 74
     2
280
     1
 71
     1
 72
     0
 11
181.2306220846316
 21
129.9893443783416
 31
0.0
  0
ATTRIB
  5
837A
330
7FF4
100
AcDbEntity
  8
0
100
AcDbText
 10
180.4185148352478
 20
132.789917978427
 30
0.0
 40
2.049525119898564
  1
1
  7
ISOCP
 72
     1
 11
180.920221505223
 21
133.8146805383763
 31
0.0
100
AcDbAttribute
  2
WIRING
 70
     5
 74
     2
280
     1
 71
     1
 72
     0
 11
180.920221505223
 21
133.8146805383763
 31
0.0
  0
SEQEND
  5
7FFB
330
7FF4
100
AcDbEntity
  8
0
  0
INSERT
  5
7FFC
330
1F
100
AcDbEntity
  8
0
100
AcDbBlockReference
 66
     1
  2
Back_Contact
 10
159.0488697770093
 20
125.4631735476521
 30
0.0
 41
1.024762559949282
 42
1.024762559949282
 43
1.024762559949282
  0
ATTRIB
  5
7FFD
330
7FFC
100
AcDbEntity
  8
0
100
AcDbText
 10
162.3211619203298
 20
130.5365194820541
 30
0.0
 40
2.369230769230771
  1
*
  7
ISOCP
 72
     1
 11
163.1479247408426
 21
131.7211348666695
 31
0.0
100
AcDbAttribute
  2
S_NAME
 70
     0
 74
     2
280
     0
 71
     1
 72
     0
 11
163.1479247408426
 21
131.7211348666695
 31
0.0
  0
ATTRIB
  5
7FFE
330
7FFC
100
AcDbEntity
  8
0
100
AcDbText
 10
159.7248798690476
 20
127.3994776484545
 30
0.0
 40
2.369230769230771
  1
DRP1
  7
ISOCP
 72
     1
 11
163.1479247408425
 21
128.5840930330699
 31
0.0
100
AcDbAttribute
  2
R_NAME
 70
     0
 74
     2
280
     0
 71
     1
 72
     0
 11
163.1479247408425
 21
128.5840930330699
 31
0.0
  0
ATTRIB
  5
7FFF
330
7FFC
100
AcDbEntity
  8
0
 62
     0
100
AcDbText
 10
158.2097719369432
 20
121.2944088298807
 30
0.0
 40
2.369230769230771
  1
5
  7
ISOCP
 72
     1
 11
159.0488745010458
 21
123.6636395991115
 31
0.0
100
AcDbAttribute
  2
A
 70
     0
 74
     3
280
     0
 71
     1
 72
     0
 11
159.0488745010458
 21
123.6636395991115
 31
0.0
  0
ATTRIB
  5
8000
330
7FFC
100
AcDbEntity
  8
0
 62
     0
100
AcDbText
 10
166.4202121601272
 20
121.2944088298807
 30
0.0
 40
2.369230769230771
  1
6
  7
ISOCP
 72
     1
 11
167.24697498064
 21
123.6636395991115
 31
0.0
100
AcDbAttribute
  2
B
 70
     0
 74
     3
280
     0
 71
     1
 72
     0
 11
167.24697498064
 21
123.6636395991115
 31
0.0
  0
ATTRIB
  5
8001
330
7FFC
100
AcDbEntity
  8
0
100
AcDbText
 10
162.1284036892891
 20
121.4733394558667
 30
0.0
 40
2.369230769230771
  1
D
  7
ISOCP
 72
     1
 11
163.0662242021096
 21
122.6579548404821
 31
0.0
100
AcDbAttribute
  2
C
 70
     0
 74
     2
280
     0
 71
     1
 72
     0
 11
163.0662242021096
 21
122.6579548404821
 31
0.0
  0
ATTRIB
  5
8002
330
7FFC
100
AcDbEntity
  8
0
100
AcDbText
 10
157.8141536829332
 20
133.4810251101956
 30
0.0
 40
2.369230769230771
  1
XXXXX
  7
ISOCP
 72
     1
 11
163.1399870162666
 21
134.665640494811
 31
0.0
100
AcDbAttribute
  2
R(POS)
 70
     0
 74
     2
280
     0
 71
     1
 72
     0
 11
163.1399870162666
 21
134.665640494811
 31
0.0
  0
ATTRIB
  5
837B
330
7FFC
100
AcDbEntity
  8
0
100
AcDbText
 10
161.9377810874367
 20
114.0629161028077
 30
0.0
 40
2.049525119898564
  1
RB
  7
ISOCP
 72
     1
 11
163.568861495356
 21
115.087678662757
 31
0.0
100
AcDbAttribute
  2
DOC
 70
     5
 74
     2
280
     1
 71
     1
 72
     0
 11
163.568861495356
 21
115.087678662757
 31
0.0
  0
ATTRIB
  5
837C
330
7FFC
100
AcDbEntity
  8
0
100
AcDbText
 10
162.5432620459827
 20
117.8882522628424
 30
0.0
 40
2.049525119898564
  1
2
  7
ISOCP
 72
     1
 11
163.2584609159473
 21
118.9130148227917
 31
0.0
100
AcDbAttribute
  2
WIRING
 70
     5
 74
     2
280
     1
 71
     1
 72
     0
 11
163.2584609159473
 21
118.9130148227917
 31
0.0
  0
SEQEND
  5
8003
330
7FFC
100
AcDbEntity
  8
0
  0
INSERT
  5
8004
330
1F
100
AcDbEntity
  8
0
100
AcDbBlockReference
 66
     1
  2
Back_Contact
 10
159.0488577548738
 20
110.5614998173106
 30
0.0
 41
1.024762559949282
 42
1.024762559949282
 43
1.024762559949282
  0
ATTRIB
  5
8005
330
8004
100
AcDbEntity
  8
0
100
AcDbText
 10
162.3211498981943
 20
115.6348457517126
 30
0.0
 40
2.369230769230771
  1
*
  7
ISOCP
 72
     1
 11
163.1479127187071
 21
116.819461136328
 31
0.0
100
AcDbAttribute
  2
S_NAME
 70
     0
 74
     2
280
     0
 71
     1
 72
     0
 11
163.1479127187071
 21
116.819461136328
 31
0.0
  0
ATTRIB
  5
8006
330
8004
100
AcDbEntity
  8
0
100
AcDbText
 10
159.7248678469121
 20
112.497803918113
 30
0.0
 40
2.369230769230771
  1
DRP1
  7
ISOCP
 72
     1
 11
163.147912718707
 21
113.6824193027284
 31
0.0
100
AcDbAttribute
  2
R_NAME
 70
     0
 74
     2
280
     0
 71
     1
 72
     0
 11
163.147912718707
 21
113.6824193027284
 31
0.0
  0
ATTRIB
  5
8007
330
8004
100
AcDbEntity
  8
0
 62
     0
100
AcDbText
 10
158.2097599148077
 20
106.3927350995392
 30
0.0
 40
2.369230769230771
  1
5
  7
ISOCP
 72
     1
 11
159.0488624789103
 21
108.76196586877
 31
0.0
100
AcDbAttribute
  2
A
 70
     0
 74
     3
280
     0
 71
     1
 72
     0
 11
159.0488624789103
 21
108.76196586877
 31
0.0
  0
ATTRIB
  5
8008
330
8004
100
AcDbEntity
  8
0
 62
     0
100
AcDbText
 10
166.4202001379918
 20
106.3927350995392
 30
0.0
 40
2.369230769230771
  1
6
  7
ISOCP
 72
     1
 11
167.2469629585046
 21
108.76196586877
 31
0.0
100
AcDbAttribute
  2
B
 70
     0
 74
     3
280
     0
 71
     1
 72
     0
 11
167.2469629585046
 21
108.76196586877
 31
0.0
  0
ATTRIB
  5
8009
330
8004
100
AcDbEntity
  8
0
100
AcDbText
 10
162.2394493594613
 20
106.5716657255252
 30
0.0
 40
2.369230769230771
  1
C
  7
ISOCP
 72
     1
 11
163.0662121799741
 21
107.7562811101406
 31
0.0
100
AcDbAttribute
  2
C
 70
     0
 74
     2
280
     0
 71
     1
 72
     0
 11
163.0662121799741
 21
107.7562811101406
 31
0.0
  0
ATTRIB
  5
800A
330
8004
100
AcDbEntity
  8
0
100
AcDbText
 10
157.8141416607978
 20
118.5793513798542
 30
0.0
 40
2.369230769230771
  1
XXXXX
  7
ISOCP
 72
     1
 11
163.1399749941311
 21
119.7639667644696
 31
0.0
100
AcDbAttribute
  2
R(POS)
 70
     0
 74
     2
280
     0
 71
     1
 72
     0
 11
163.1399749941311
 21
119.7639667644696
 31
0.0
  0
ATTRIB
  5
837D
330
8004
100
AcDbEntity
  8
0
100
AcDbText
 10
161.9377690653012
 20
99.16124237246622
 30
0.0
 40
2.049525119898564
  1
RB
  7
ISOCP
 72
     1
 11
163.5688494732205
 21
100.1860049324155
 31
0.0
100
AcDbAttribute
  2
DOC
 70
     5
 74
     2
280
     1
 71
     1
 72
     0
 11
163.5688494732205
 21
100.1860049324155
 31
0.0
  0
ATTRIB
  5
837E
330
8004
100
AcDbEntity
  8
0
100
AcDbText
 10
162.5432500238472
 20
102.9865785325009
 30
0.0
 40
2.049525119898564
  1
2
  7
ISOCP
 72
     1
 11
163.2584488938118
 21
104.0113410924502
 31
0.0
100
AcDbAttribute
  2
WIRING
 70
     5
 74
     2
280
     1
 71
     1
 72
     0
 11
163.2584488938118
 21
104.0113410924502
 31
0.0
  0
SEQEND
  5
800B
330
8004
100
AcDbEntity
  8
0
  0
INSERT
  5
800C
330
1F
100
AcDbEntity
  8
0
100
AcDbBlockReference
 66
     1
  2
Front_Contact
 10
84.1059499217576
 20
155.0615021517285
 30
0.0
 41
1.024762559949282
 42
1.024762559949282
 43
1.024762559949282
  0
ATTRIB
  5
800D
330
800C
100
AcDbEntity
  8
0
100
AcDbText
 10
87.43729182822136
 20
160.1348400713734
 30
0.0
 40
2.200000000000003
  1
*
  7
ISOCP
 72
     1
 11
88.2050001615547
 21
161.2348400713734
 31
0.0
100
AcDbAttribute
  2
S_NAME
 70
     0
 74
     2
280
     0
 71
     1
 72
     0
 11
88.2050001615547
 21
161.2348400713734
 31
0.0
  0
ATTRIB
  5
800E
330
800C
100
AcDbEntity
  8
0
100
AcDbText
 10
86.45416682822136
 20
156.9977982377738
 30
0.0
 40
2.200000000000003
  1
HR
  7
ISOCP
 72
     1
 11
88.2050001615547
 21
158.0977982377738
 31
0.0
100
AcDbAttribute
  2
R_NAME
 70
     0
 74
     2
280
     0
 71
     1
 72
     0
 11
88.2050001615547
 21
158.0977982377738
 31
0.0
  0
ATTRIB
  5
800F
330
800C
100
AcDbEntity
  8
0
 62
     0
100
AcDbText
 10
83.33824158842425
 20
151.5743583118045
 30
0.0
 40
2.200000000000003
  1
2
  7
ISOCP
 72
     1
 11
84.10594992175758
 21
153.7743583118045
 31
0.0
100
AcDbAttribute
  2
A
 70
     0
 74
     3
280
     0
 71
     1
 72
     0
 11
84.10594992175758
 21
153.7743583118045
 31
0.0
  0
ATTRIB
  5
8010
330
800C
100
AcDbEntity
  8
0
 62
     0
100
AcDbText
 10
91.7655087346852
 20
151.5743583118045
 30
0.0
 40
2.200000000000003
  1
1
  7
ISOCP
 72
     1
 11
92.30405040135187
 21
153.7743583118045
 31
0.0
100
AcDbAttribute
  2
F
 70
     0
 74
     3
280
     0
 71
     1
 72
     0
 11
92.30405040135187
 21
153.7743583118045
 31
0.0
  0
ATTRIB
  5
8011
330
800C
100
AcDbEntity
  8
0
100
AcDbText
 10
87.33416682822137
 20
151.6165969104195
 30
0.0
 40
2.200000000000003
  1
B
  7
ISOCP
 72
     1
 11
88.20500016155471
 21
152.7165969104195
 31
0.0
100
AcDbAttribute
  2
C
 70
     0
 74
     2
280
     0
 71
     1
 72
     0
 11
88.20500016155471
 21
152.7165969104195
 31
0.0
  0
ATTRIB
  5
8012
330
800C
100
AcDbEntity
  8
0
100
AcDbText
 10
83.2225878955919
 20
163.0793456995149
 30
0.0
 40
2.200000000000003
  1
XXXXX
  7
ISOCP
 72
     1
 11
88.16800456225857
 21
164.1793456995149
 31
0.0
100
AcDbAttribute
  2
R(POS)
 70
     0
 74
     2
280
     0
 71
     1
 72
     0
 11
88.16800456225857
 21
164.1793456995149
 31
0.0
  0
ATTRIB
  5
8305
330
800C
100
AcDbEntity
  8
0
100
AcDbText
 10
87.28176652343443
 20
144.7980092784678
 30
0.0
 40
2.049525119898564
  1
RF
  7
ISOCP
 72
     1
 11
88.81677544135846
 21
145.8227718384171
 31
0.0
100
AcDbAttribute
  2
DOC
 70
     5
 74
     2
280
     1
 71
     1
 72
     0
 11
88.81677544135846
 21
145.8227718384171
 31
0.0
  0
ATTRIB
  5
8306
330
800C
100
AcDbEntity
  8
0
100
AcDbText
 10
87.79117599198521
 20
148.6233454385024
 30
0.0
 40
2.049525119898564
  1
2
  7
ISOCP
 72
     1
 11
88.50637486194982
 21
149.6481079984517
 31
0.0
100
AcDbAttribute
  2
WIRING
 70
     5
 74
     2
280
     1
 71
     1
 72
     0
 11
88.50637486194982
 21
149.6481079984517
 31
0.0
  0
SEQEND
  5
8013
330
800C
100
AcDbEntity
  8
0
  0
INSERT
  5
8014
330
1F
100
AcDbEntity
  8
0
100
AcDbBlockReference
 66
     1
  2
Front_Contact
 10
84.10593496136454
 20
110.5614998173106
 30
0.0
 41
1.024762559949282
 42
1.024762559949282
 43
1.024762559949282
  0
ATTRIB
  5
8015
330
8014
100
AcDbEntity
  8
0
100
AcDbText
 10
87.4372768678283
 20
115.6348377369555
 30
0.0
 40
2.200000000000003
  1
*
  7
ISOCP
 72
     1
 11
88.20498520116163
 21
116.7348377369555
 31
0.0
100
AcDbAttribute
  2
S_NAME
 70
     0
 74
     2
280
     0
 71
     1
 72
     0
 11
88.20498520116163
 21
116.7348377369555
 31
0.0
  0
ATTRIB
  5
8016
330
8014
100
AcDbEntity
  8
0
100
AcDbText
 10
86.4541518678283
 20
112.4977959033559
 30
0.0
 40
2.200000000000003
  1
HR
  7
ISOCP
 72
     1
 11
88.20498520116163
 21
113.5977959033559
 31
0.0
100
AcDbAttribute
  2
R_NAME
 70
     0
 74
     2
280
     0
 71
     1
 72
     0
 11
88.20498520116163
 21
113.5977959033559
 31
0.0
  0
ATTRIB
  5
8017
330
8014
100
AcDbEntity
  8
0
 62
     0
100
AcDbText
 10
83.3382266280312
 20
107.0743559773866
 30
0.0
 40
2.200000000000003
  1
2
  7
ISOCP
 72
     1
 11
84.10593496136453
 21
109.2743559773866
 31
0.0
100
AcDbAttribute
  2
A
 70
     0
 74
     3
280
     0
 71
     1
 72
     0
 11
84.10593496136453
 21
109.2743559773866
 31
0.0
  0
ATTRIB
  5
8018
330
8014
100
AcDbEntity
  8
0
 62
     0
100
AcDbText
 10
91.76549377429214
 20
107.0743559773866
 30
0.0
 40
2.200000000000003
  1
1
  7
ISOCP
 72
     1
 11
92.30403544095881
 21
109.2743559773866
 31
0.0
100
AcDbAttribute
  2
F
 70
     0
 74
     3
280
     0
 71
     1
 72
     0
 11
92.30403544095881
 21
109.2743559773866
 31
0.0
  0
ATTRIB
  5
8019
330
8014
100
AcDbEntity
  8
0
100
AcDbText
 10
87.33415186782831
 20
107.1165945760016
 30
0.0
 40
2.200000000000003
  1
D
  7
ISOCP
 72
     1
 11
88.20498520116165
 21
108.2165945760016
 31
0.0
100
AcDbAttribute
  2
C
 70
     0
 74
     2
280
     0
 71
     1
 72
     0
 11
88.20498520116165
 21
108.2165945760016
 31
0.0
  0
ATTRIB
  5
801A
330
8014
100
AcDbEntity
  8
0
100
AcDbText
 10
83.22257293519884
 20
118.579343365097
 30
0.0
 40
2.200000000000003
  1
XXXXX
  7
ISOCP
 72
     1
 11
88.16798960186551
 21
119.679343365097
 31
0.0
100
AcDbAttribute
  2
R(POS)
 70
     0
 74
     2
280
     0
 71
     1
 72
     0
 11
88.16798960186551
 21
119.679343365097
 31
0.0
  0
ATTRIB
  5
8307
330
8014
100
AcDbEntity
  8
0
100
AcDbText
 10
87.28175156304137
 20
100.2980069440499
 30
0.0
 40
2.049525119898564
  1
RF
  7
ISOCP
 72
     1
 11
88.8167604809654
 21
101.3227695039992
 31
0.0
100
AcDbAttribute
  2
DOC
 70
     5
 74
     2
280
     1
 71
     1
 72
     0
 11
88.8167604809654
 21
101.3227695039992
 31
0.0
  0
ATTRIB
  5
8308
330
8014
100
AcDbEntity
  8
0
100
AcDbText
 10
87.79116103159215
 20
104.1233431040846
 30
0.0
 40
2.049525119898564
  1
2
  7
ISOCP
 72
     1
 11
88.50635990155676
 21
105.1481056640339
 31
0.0
100
AcDbAttribute
  2
WIRING
 70
     5
 74
     2
280
     1
 71
     1
 72
     0
 11
88.50635990155676
 21
105.1481056640339
 31
0.0
  0
SEQEND
  5
801B
330
8014
100
AcDbEntity
  8
0
  0
LINE
  5
801C
330
1F
100
AcDbEntity
  8
0
100
AcDbLine
 10
157.6442594373752
 20
51.92831107517451
 30
0.0
 11
157.6442594373752
 21
47.37812836360217
 31
0.0
  0
LINE
  5
801D
330
1F
100
AcDbEntity
  8
0
100
AcDbLine
 10
157.6442594373752
 20
47.37812836360217
 30
0.0
 11
81.521731645633
 21
47.37812836360217
 31
0.0
  0
LINE
  5
801E
330
1F
100
AcDbEntity
  8
0
100
AcDbLine
 10
81.521731645633
 20
47.37812836360217
 30
0.0
 11
81.521731645633
 21
59.95278985155129
 31
0.0
  0
LINE
  5
801F
330
1F
100
AcDbEntity
  8
0
100
AcDbLine
 10
81.521731645633
 20
59.95278985155129
 30
0.0
 11
58.95743287544104
 21
59.95278985155129
 31
0.0
  0
LINE
  5
8020
330
1F
100
AcDbEntity
  8
0
100
AcDbLine
 10
114.6642258562139
 20
68.56879290481542
 30
0.0
 11
118.9548963659987
 21
66.61899871090586
 31
0.0
  0
LINE
  5
8021
330
1F
100
AcDbEntity
  8
0
100
AcDbLine
 10
118.9548963659987
 20
66.61899871090586
 30
0.0
 11
118.9548963659987
 21
52.70409095211727
 31
0.0
  0
LINE
  5
8022
330
1F
100
AcDbEntity
  8
0
100
AcDbLine
 10
124.01597726737
 20
68.56879290481542
 30
0.0
 11
120.1624992645394
 21
66.61899871090586
 31
0.0
  0
LINE
  5
8023
330
1F
100
AcDbEntity
  8
0
100
AcDbLine
 10
120.1624992645394
 20
66.61899871090586
 30
0.0
 11
120.1624992645394
 21
52.70409095211727
 31
0.0
  0
INSERT
  5
8024
330
1F
100
AcDbEntity
  8
0
100
AcDbBlockReference
 66
     1
  2
Back_Contact
 10
90.11807972698868
 20
52.7070950224652
 30
0.0
 41
0.9515652342386188
 42
0.9515652342386188
 43
0.9515652342386188
  0
ATTRIB
  5
8025
330
8024
100
AcDbEntity
  8
0
100
AcDbText
 10
93.15663671721484
 20
57.41805910440993
 30
0.0
 40
2.200000000000002
  1
*
  7
ISOCP
 72
     1
 11
93.92434505054817
 21
58.51805910440993
 31
0.0
100
AcDbAttribute
  2
S_NAME
 70
     0
 74
     2
280
     0
 71
     1
 72
     0
 11
93.92434505054817
 21
58.51805910440993
 31
0.0
  0
ATTRIB
  5
8026
330
8024
100
AcDbEntity
  8
0
100
AcDbText
 10
90.63351171721477
 20
54.50509168749602
 30
0.0
 40
2.200000000000002
  1
DECR
  7
ISOCP
 72
     1
 11
93.92434505054811
 21
55.60509168749602
 31
0.0
100
AcDbAttribute
  2
R_NAME
 70
     0
 74
     2
280
     0
 71
     1
 72
     0
 11
93.92434505054811
 21
55.60509168749602
 31
0.0
  0
ATTRIB
  5
8027
330
8024
100
AcDbEntity
  8
0
 62
     0
100
AcDbText
 10
89.35037578026065
 20
48.83609921310612
 30
0.0
 40
2.200000000000002
  1
3
  7
ISOCP
 72
     1
 11
90.11808411359398
 21
51.03609921310612
 31
0.0
100
AcDbAttribute
  2
A
 70
     0
 74
     3
280
     0
 71
     1
 72
     0
 11
90.11808411359398
 21
51.03609921310612
 31
0.0
  0
ATTRIB
  5
8028
330
8024
100
AcDbEntity
  8
0
 62
     0
100
AcDbText
 10
96.8597726541696
 20
48.83609921310612
 30
0.0
 40
2.200000000000002
  1
4
  7
ISOCP
 72
     1
 11
97.73060598750294
 21
51.03609921310612
 31
0.0
100
AcDbAttribute
  2
B
 70
     0
 74
     3
280
     0
 71
     1
 72
     0
 11
97.73060598750294
 21
51.03609921310612
 31
0.0
  0
ATTRIB
  5
8029
330
8024
100
AcDbEntity
  8
0
100
AcDbText
 10
92.97764693124851
 20
49.00224908009304
 30
0.0
 40
2.200000000000002
  1
D
  7
ISOCP
 72
     1
 11
93.84848026458185
 21
50.10224908009304
 31
0.0
100
AcDbAttribute
  2
C
 70
     0
 74
     2
280
     0
 71
     1
 72
     0
 11
93.84848026458185
 21
50.10224908009304
 31
0.0
  0
ATTRIB
  5
802A
330
8024
100
AcDbEntity
  8
0
100
AcDbText
 10
88.97155763963238
 20
60.15224290196994
 30
0.0
 40
2.200000000000002
  1
XXXXX
  7
ISOCP
 72
     1
 11
93.91697430629905
 21
61.25224290196994
 31
0.0
100
AcDbAttribute
  2
R(POS)
 70
     0
 74
     2
280
     0
 71
     1
 72
     0
 11
93.91697430629905
 21
61.25224290196994
 31
0.0
  0
ATTRIB
  5
837F
330
8024
100
AcDbEntity
  8
0
100
AcDbText
 10
92.80064022952841
 20
42.12114168082401
 30
0.0
 40
1.903130468477238
  1
RB
  7
ISOCP
 72
     1
 11
94.31521489402488
 21
43.07270691506263
 31
0.0
100
AcDbAttribute
  2
DOC
 70
     5
 74
     2
280
     1
 71
     1
 72
     0
 11
94.31521489402488
 21
43.07270691506263
 31
0.0
  0
ATTRIB
  5
8380
330
8024
100
AcDbEntity
  8
0
100
AcDbText
 10
93.56111530531133
 20
45.67323954371336
 30
0.0
 40
1.903130468477238
  1
1
  7
ISOCP
 72
     1
 11
94.026985784574
 21
46.62480477795198
 31
0.0
100
AcDbAttribute
  2
WIRING
 70
     5
 74
     2
280
     1
 71
     1
 72
     0
 11
94.026985784574
 21
46.62480477795198
 31
0.0
  0
SEQEND
  5
802B
330
8024
100
AcDbEntity
  8
0
  0
LWPOLYLINE
  5
802C
330
1F
100
AcDbEntity
  8
0
100
AcDbPolyline
 90
        4
 70
     0
 43
0.0
 10
90.11809307823039
 20
68.56879290481545
 10
85.89536470747173
 20
66.61899126863146
 10
85.89536470747173
 20
52.7040835098429
 10
102.0212891830611
 20
52.70408350984289
  0
LINE
  5
802D
330
1F
100
AcDbEntity
  8
0
100
AcDbLine
 10
97.7306186732766
 20
68.56878546254103
 30
0.0
 11
102.0212891830611
 21
66.61899126863146
 31
0.0
  0
LINE
  5
802E
330
1F
100
AcDbEntity
  8
0
100
AcDbLine
 10
102.0212891830611
 20
66.61899126863146
 30
0.0
 11
102.0212891830611
 21
52.70408350984289
 31
0.0
  0
LINE
  5
8036
330
1F
100
AcDbEntity
  8
0
100
AcDbLine
 10
361.8203043352995
 20
215.7140635603033
 30
0.0
 11
361.8203043352995
 21
171.2140451963712
 31
0.0
  0
LINE
  5
8037
330
1F
100
AcDbEntity
  8
0
100
AcDbLine
 10
361.8203043352995
 20
155.1177378501138
 30
0.0
 11
361.8203043352995
 21
110.5614998173107
 31
0.0
  0
LINE
  5
8038
330
1F
100
AcDbEntity
  8
0
100
AcDbLine
 10
361.8203043352995
 20
82.28913059955605
 30
0.0
 11
361.8203043352995
 21
51.92831107517449
 31
0.0
  0
LWPOLYLINE
  5
804E
330
1F
100
AcDbEntity
  8
0
100
AcDbPolyline
 90
        6
 70
     0
 43
0.0
 10
205.9352453128175
 20
261.1685602130271
 10
198.2839335675453
 20
263.2180853329257
 10
198.2839335675453
 20
276.0702339433686
 10
221.7846575376846
 20
276.0702339433686
 10
221.7846575376846
 20
263.2180853329257
 10
214.1333457924122
 20
261.1685602130271
  0
INSERT
  5
804F
330
1F
100
AcDbEntity
  8
0
100
AcDbBlockReference
 66
     1
  2
Front_Contact
 10
205.9352453128175
 20
276.0702339433686
 30
0.0
 41
1.024762559949282
 42
1.024762559949282
 43
1.024762559949282
  0
ATTRIB
  5
8050
330
804F
100
AcDbEntity
  8
0
100
AcDbText
 10
209.2665872192813
 20
281.1435718630135
 30
0.0
 40
2.200000000000003
  1
*
  7
ISOCP
 72
     1
 11
210.0342955526146
 21
282.2435718630135
 31
0.0
100
AcDbAttribute
  2
S_NAME
 70
     0
 74
     2
280
     0
 71
     1
 72
     0
 11
210.0342955526146
 21
282.2435718630135
 31
0.0
  0
ATTRIB
  5
8051
330
804F
100
AcDbEntity
  8
0
100
AcDbText
 10
205.9757538859479
 20
278.0065300294138
 30
0.0
 40
2.200000000000003
  1
HHRP1
  7
ISOCP
 72
     1
 11
210.0342955526146
 21
279.1065300294138
 31
0.0
100
AcDbAttribute
  2
R_NAME
 70
     0
 74
     2
280
     0
 71
     1
 72
     0
 11
210.0342955526146
 21
279.1065300294138
 31
0.0
  0
ATTRIB
  5
8052
330
804F
100
AcDbEntity
  8
0
 62
     0
100
AcDbText
 10
205.1675369794842
 20
272.5830901034446
 30
0.0
 40
2.200000000000003
  1
2
  7
ISOCP
 72
     1
 11
205.9352453128175
 21
274.7830901034446
 31
0.0
100
AcDbAttribute
  2
A
 70
     0
 74
     3
280
     0
 71
     1
 72
     0
 11
205.9352453128175
 21
274.7830901034446
 31
0.0
  0
ATTRIB
  5
8053
330
804F
100
AcDbEntity
  8
0
 62
     0
100
AcDbText
 10
213.5948041257451
 20
272.5830901034446
 30
0.0
 40
2.200000000000003
  1
1
  7
ISOCP
 72
     1
 11
214.1333457924118
 21
274.7830901034446
 31
0.0
100
AcDbAttribute
  2
F
 70
     0
 74
     3
280
     0
 71
     1
 72
     0
 11
214.1333457924118
 21
274.7830901034446
 31
0.0
  0
ATTRIB
  5
8054
330
804F
100
AcDbEntity
  8
0
100
AcDbText
 10
209.0488788859479
 20
272.6253287020596
 30
0.0
 40
2.200000000000003
  1
A
  7
ISOCP
 72
     1
 11
210.0342955526146
 21
273.7253287020596
 31
0.0
100
AcDbAttribute
  2
C
 70
     0
 74
     2
280
     0
 71
     1
 72
     0
 11
210.0342955526146
 21
273.7253287020596
 31
0.0
  0
ATTRIB
  5
8055
330
804F
100
AcDbEntity
  8
0
100
AcDbText
 10
205.0518832866518
 20
284.088077491155
 30
0.0
 40
2.200000000000003
  1
XXXXX
  7
ISOCP
 72
     1
 11
209.9972999533185
 21
285.188077491155
 31
0.0
100
AcDbAttribute
  2
R(POS)
 70
     0
 74
     2
280
     0
 71
     1
 72
     0
 11
209.9972999533185
 21
285.188077491155
 31
0.0
  0
ATTRIB
  5
8309
330
804F
100
AcDbEntity
  8
0
100
AcDbText
 10
209.1110619144944
 20
265.8067410701079
 30
0.0
 40
2.049525119898564
  1
RF
  7
ISOCP
 72
     1
 11
210.6460708324184
 21
266.8315036300572
 31
0.0
100
AcDbAttribute
  2
DOC
 70
     5
 74
     2
280
     1
 71
     1
 72
     0
 11
210.6460708324184
 21
266.8315036300572
 31
0.0
  0
ATTRIB
  5
830A
330
804F
100
AcDbEntity
  8
0
100
AcDbText
 10
209.8339635830345
 20
269.6320772301426
 30
0.0
 40
2.049525119898564
  1
1
  7
ISOCP
 72
     1
 11
210.3356702530097
 21
270.6568397900919
 31
0.0
100
AcDbAttribute
  2
WIRING
 70
     5
 74
     2
280
     1
 71
     1
 72
     0
 11
210.3356702530097
 21
270.6568397900919
 31
0.0
  0
SEQEND
  5
8056
330
804F
100
AcDbEntity
  8
0
  0
LWPOLYLINE
  5
8057
330
1F
100
AcDbEntity
  8
0
100
AcDbPolyline
 90
        6
 70
     0
 43
0.0
 10
205.9352453128175
 20
232.0824958406835
 10
198.2839335675453
 20
234.1320209605821
 10
198.2839335675453
 20
246.984169571025
 10
221.7846575376846
 20
246.984169571025
 10
221.7846575376846
 20
234.1320209605821
 10
214.1333457924122
 20
232.0824958406835
  0
INSERT
  5
8058
330
1F
100
AcDbEntity
  8
0
100
AcDbBlockReference
 66
     1
  2
Front_Contact
 10
205.9352453128175
 20
246.984169571025
 30
0.0
 41
1.024762559949282
 42
1.024762559949282
 43
1.024762559949282
  0
ATTRIB
  5
8059
330
8058
100
AcDbEntity
  8
0
100
AcDbText
 10
209.2665872192813
 20
252.0575074906699
 30
0.0
 40
2.200000000000003
  1
*
  7
ISOCP
 72
     1
 11
210.0342955526146
 21
253.1575074906699
 31
0.0
100
AcDbAttribute
  2
S_NAME
 70
     0
 74
     2
280
     0
 71
     1
 72
     0
 11
210.0342955526146
 21
253.1575074906699
 31
0.0
  0
ATTRIB
  5
805A
330
8058
100
AcDbEntity
  8
0
100
AcDbText
 10
205.9757538859479
 20
248.9204656570703
 30
0.0
 40
2.200000000000003
  1
HHRP1
  7
ISOCP
 72
     1
 11
210.0342955526146
 21
250.0204656570703
 31
0.0
100
AcDbAttribute
  2
R_NAME
 70
     0
 74
     2
280
     0
 71
     1
 72
     0
 11
210.0342955526146
 21
250.0204656570703
 31
0.0
  0
ATTRIB
  5
805B
330
8058
100
AcDbEntity
  8
0
 62
     0
100
AcDbText
 10
205.0644119794842
 20
243.497025731101
 30
0.0
 40
2.200000000000003
  1
4
  7
ISOCP
 72
     1
 11
205.9352453128175
 21
245.697025731101
 31
0.0
100
AcDbAttribute
  2
A
 70
     0
 74
     3
280
     0
 71
     1
 72
     0
 11
205.9352453128175
 21
245.697025731101
 31
0.0
  0
ATTRIB
  5
805C
330
8058
100
AcDbEntity
  8
0
 62
     0
100
AcDbText
 10
213.3656374590785
 20
243.497025731101
 30
0.0
 40
2.200000000000003
  1
3
  7
ISOCP
 72
     1
 11
214.1333457924118
 21
245.697025731101
 31
0.0
100
AcDbAttribute
  2
F
 70
     0
 74
     3
280
     0
 71
     1
 72
     0
 11
214.1333457924118
 21
245.697025731101
 31
0.0
  0
ATTRIB
  5
805D
330
8058
100
AcDbEntity
  8
0
100
AcDbText
 10
209.0488788859479
 20
243.539264329716
 30
0.0
 40
2.200000000000003
  1
A
  7
ISOCP
 72
     1
 11
210.0342955526146
 21
244.639264329716
 31
0.0
100
AcDbAttribute
  2
C
 70
     0
 74
     2
280
     0
 71
     1
 72
     0
 11
210.0342955526146
 21
244.639264329716
 31
0.0
  0
ATTRIB
  5
805E
330
8058
100
AcDbEntity
  8
0
100
AcDbText
 10
205.0518832866518
 20
254.0532594705255
 30
0.0
 40
2.200000000000003
  1
XXXXX
  7
ISOCP
 72
     1
 11
209.9972999533185
 21
255.1532594705255
 31
0.0
100
AcDbAttribute
  2
R(POS)
 70
     0
 74
     2
280
     0
 71
     1
 72
     0
 11
209.9972999533185
 21
255.1532594705255
 31
0.0
  0
ATTRIB
  5
830B
330
8058
100
AcDbEntity
  8
0
100
AcDbText
 10
209.1110619144944
 20
236.7206766977643
 30
0.0
 40
2.049525119898564
  1
RF
  7
ISOCP
 72
     1
 11
210.6460708324184
 21
237.7454392577136
 31
0.0
100
AcDbAttribute
  2
DOC
 70
     5
 74
     2
280
     1
 71
     1
 72
     0
 11
210.6460708324184
 21
237.7454392577136
 31
0.0
  0
ATTRIB
  5
830C
330
8058
100
AcDbEntity
  8
0
100
AcDbText
 10
209.8339635830345
 20
240.546012857799
 30
0.0
 40
2.049525119898564
  1
1
  7
ISOCP
 72
     1
 11
210.3356702530097
 21
241.5707754177483
 31
0.0
100
AcDbAttribute
  2
WIRING
 70
     5
 74
     2
280
     1
 71
     1
 72
     0
 11
210.3356702530097
 21
241.5707754177483
 31
0.0
  0
SEQEND
  5
805F
330
8058
100
AcDbEntity
  8
0
  0
LWPOLYLINE
  5
8060
330
1F
100
AcDbEntity
  8
0
100
AcDbPolyline
 90
        6
 70
     0
 43
0.0
 10
123.0214777378202
 20
261.1736374107238
 10
115.370165992548
 20
263.2231625306224
 10
115.370165992548
 20
276.0753111410653
 10
138.8708899626872
 20
276.0753111410653
 10
138.8708899626872
 20
263.2231625306224
 10
131.2195782174149
 20
261.1736374107238
  0
INSERT
  5
8061
330
1F
100
AcDbEntity
  8
0
100
AcDbBlockReference
 66
     1
  2
Front_Contact
 10
123.0214777378202
 20
276.0753111410653
 30
0.0
 41
1.024762559949282
 42
1.024762559949282
 43
1.024762559949282
  0
ATTRIB
  5
8062
330
8061
100
AcDbEntity
  8
0
100
AcDbText
 10
126.352819644284
 20
281.1486490607102
 30
0.0
 40
2.200000000000003
  1
*
  7
ISOCP
 72
     1
 11
127.1205279776173
 21
282.2486490607102
 31
0.0
100
AcDbAttribute
  2
S_NAME
 70
     0
 74
     2
280
     0
 71
     1
 72
     0
 11
127.1205279776173
 21
282.2486490607102
 31
0.0
  0
ATTRIB
  5
8063
330
8061
100
AcDbEntity
  8
0
100
AcDbText
 10
123.9419863109506
 20
278.0116072271105
 30
0.0
 40
2.200000000000003
  1
HRP1
  7
ISOCP
 72
     1
 11
127.1205279776173
 21
279.1116072271105
 31
0.0
100
AcDbAttribute
  2
R_NAME
 70
     0
 74
     2
280
     0
 71
     1
 72
     0
 11
127.1205279776173
 21
279.1116072271105
 31
0.0
  0
ATTRIB
  5
8064
330
8061
100
AcDbEntity
  8
0
 62
     0
100
AcDbText
 10
122.2537694044869
 20
272.5881673011413
 30
0.0
 40
2.200000000000003
  1
2
  7
ISOCP
 72
     1
 11
123.0214777378202
 21
274.7881673011413
 31
0.0
100
AcDbAttribute
  2
A
 70
     0
 74
     3
280
     0
 71
     1
 72
     0
 11
123.0214777378202
 21
274.7881673011413
 31
0.0
  0
ATTRIB
  5
8065
330
8061
100
AcDbEntity
  8
0
 62
     0
100
AcDbText
 10
130.6810365507478
 20
272.5881673011413
 30
0.0
 40
2.200000000000003
  1
1
  7
ISOCP
 72
     1
 11
131.2195782174145
 21
274.7881673011413
 31
0.0
100
AcDbAttribute
  2
F
 70
     0
 74
     3
280
     0
 71
     1
 72
     0
 11
131.2195782174145
 21
274.7881673011413
 31
0.0
  0
ATTRIB
  5
8066
330
8061
100
AcDbEntity
  8
0
100
AcDbText
 10
126.1351113109506
 20
272.6304058997563
 30
0.0
 40
2.200000000000003
  1
A
  7
ISOCP
 72
     1
 11
127.1205279776173
 21
273.7304058997563
 31
0.0
100
AcDbAttribute
  2
C
 70
     0
 74
     2
280
     0
 71
     1
 72
     0
 11
127.1205279776173
 21
273.7304058997563
 31
0.0
  0
ATTRIB
  5
8067
330
8061
100
AcDbEntity
  8
0
100
AcDbText
 10
122.1381157116545
 20
284.0931546888517
 30
0.0
 40
2.200000000000003
  1
XXXXX
  7
ISOCP
 72
     1
 11
127.0835323783212
 21
285.1931546888517
 31
0.0
100
AcDbAttribute
  2
R(POS)
 70
     0
 74
     2
280
     0
 71
     1
 72
     0
 11
127.0835323783212
 21
285.1931546888517
 31
0.0
  0
ATTRIB
  5
830D
330
8061
100
AcDbEntity
  8
0
100
AcDbText
 10
126.1972943394971
 20
265.8118182678046
 30
0.0
 40
2.049525119898564
  1
RF
  7
ISOCP
 72
     1
 11
127.7323032574211
 21
266.8365808277539
 31
0.0
100
AcDbAttribute
  2
DOC
 70
     5
 74
     2
280
     1
 71
     1
 72
     0
 11
127.7323032574211
 21
266.8365808277539
 31
0.0
  0
ATTRIB
  5
830E
330
8061
100
AcDbEntity
  8
0
100
AcDbText
 10
126.9201960080372
 20
269.6371544278393
 30
0.0
 40
2.049525119898564
  1
1
  7
ISOCP
 72
     1
 11
127.4219026780124
 21
270.6619169877886
 31
0.0
100
AcDbAttribute
  2
WIRING
 70
     5
 74
     2
280
     1
 71
     1
 72
     0
 11
127.4219026780124
 21
270.6619169877886
 31
0.0
  0
SEQEND
  5
8068
330
8061
100
AcDbEntity
  8
0
  0
LWPOLYLINE
  5
8069
330
1F
100
AcDbEntity
  8
0
100
AcDbPolyline
 90
        6
 70
     0
 43
0.0
 10
123.0214777378202
 20
232.0875730383802
 10
115.370165992548
 20
234.1370981582788
 10
115.370165992548
 20
246.9892467687217
 10
138.8708899626872
 20
246.9892467687217
 10
138.8708899626872
 20
234.1370981582788
 10
131.2195782174149
 20
232.0875730383802
  0
INSERT
  5
806A
330
1F
100
AcDbEntity
  8
0
100
AcDbBlockReference
 66
     1
  2
Front_Contact
 10
123.0214777378202
 20
246.9892467687217
 30
0.0
 41
1.024762559949282
 42
1.024762559949282
 43
1.024762559949282
  0
ATTRIB
  5
806B
330
806A
100
AcDbEntity
  8
0
100
AcDbText
 10
126.352819644284
 20
252.0625846883666
 30
0.0
 40
2.200000000000003
  1
*
  7
ISOCP
 72
     1
 11
127.1205279776173
 21
253.1625846883666
 31
0.0
100
AcDbAttribute
  2
S_NAME
 70
     0
 74
     2
280
     0
 71
     1
 72
     0
 11
127.1205279776173
 21
253.1625846883666
 31
0.0
  0
ATTRIB
  5
806C
330
806A
100
AcDbEntity
  8
0
100
AcDbText
 10
123.9419863109506
 20
248.925542854767
 30
0.0
 40
2.200000000000003
  1
HRP1
  7
ISOCP
 72
     1
 11
127.1205279776173
 21
250.025542854767
 31
0.0
100
AcDbAttribute
  2
R_NAME
 70
     0
 74
     2
280
     0
 71
     1
 72
     0
 11
127.1205279776173
 21
250.025542854767
 31
0.0
  0
ATTRIB
  5
806D
330
806A
100
AcDbEntity
  8
0
 62
     0
100
AcDbText
 10
122.1506444044869
 20
243.5021029287977
 30
0.0
 40
2.200000000000003
  1
4
  7
ISOCP
 72
     1
 11
123.0214777378202
 21
245.7021029287977
 31
0.0
100
AcDbAttribute
  2
A
 70
     0
 74
     3
280
     0
 71
     1
 72
     0
 11
123.0214777378202
 21
245.7021029287977
 31
0.0
  0
ATTRIB
  5
806E
330
806A
100
AcDbEntity
  8
0
 62
     0
100
AcDbText
 10
130.4518698840812
 20
243.5021029287977
 30
0.0
 40
2.200000000000003
  1
3
  7
ISOCP
 72
     1
 11
131.2195782174145
 21
245.7021029287977
 31
0.0
100
AcDbAttribute
  2
F
 70
     0
 74
     3
280
     0
 71
     1
 72
     0
 11
131.2195782174145
 21
245.7021029287977
 31
0.0
  0
ATTRIB
  5
806F
330
806A
100
AcDbEntity
  8
0
100
AcDbText
 10
126.1351113109506
 20
243.5443415274127
 30
0.0
 40
2.200000000000003
  1
A
  7
ISOCP
 72
     1
 11
127.1205279776173
 21
244.6443415274127
 31
0.0
100
AcDbAttribute
  2
C
 70
     0
 74
     2
280
     0
 71
     1
 72
     0
 11
127.1205279776173
 21
244.6443415274127
 31
0.0
  0
ATTRIB
  5
8070
330
806A
100
AcDbEntity
  8
0
100
AcDbText
 10
122.1381157116545
 20
254.232486918513
 30
0.0
 40
2.200000000000003
  1
XXXXX
  7
ISOCP
 72
     1
 11
127.0835323783212
 21
255.332486918513
 31
0.0
100
AcDbAttribute
  2
R(POS)
 70
     0
 74
     2
280
     0
 71
     1
 72
     0
 11
127.0835323783212
 21
255.332486918513
 31
0.0
  0
ATTRIB
  5
830F
330
806A
100
AcDbEntity
  8
0
100
AcDbText
 10
126.1972943394971
 20
236.725753895461
 30
0.0
 40
2.049525119898564
  1
RF
  7
ISOCP
 72
     1
 11
127.7323032574211
 21
237.7505164554103
 31
0.0
100
AcDbAttribute
  2
DOC
 70
     5
 74
     2
280
     1
 71
     1
 72
     0
 11
127.7323032574211
 21
237.7505164554103
 31
0.0
  0
ATTRIB
  5
8310
330
806A
100
AcDbEntity
  8
0
100
AcDbText
 10
126.9201960080372
 20
240.5510900554956
 30
0.0
 40
2.049525119898564
  1
1
  7
ISOCP
 72
     1
 11
127.4219026780124
 21
241.5758526154449
 31
0.0
100
AcDbAttribute
  2
WIRING
 70
     5
 74
     2
280
     1
 71
     1
 72
     0
 11
127.4219026780124
 21
241.5758526154449
 31
0.0
  0
SEQEND
  5
8071
330
806A
100
AcDbEntity
  8
0
  0
LWPOLYLINE
  5
8072
330
1F
100
AcDbEntity
  8
0
100
AcDbPolyline
 90
        6
 70
     0
 43
0.0
 10
83.9602131681229
 20
110.5614998173106
 10
76.3089014228507
 20
112.6110249372092
 10
76.3089014228507
 20
125.463173547652
 10
99.80962539298999
 20
125.463173547652
 10
99.80962539298999
 20
112.6110249372092
 10
92.1583136477176
 20
110.5614998173106
  0
INSERT
  5
8073
330
1F
100
AcDbEntity
  8
0
100
AcDbBlockReference
 66
     1
  2
Front_Contact
 10
83.9602131681229
 20
125.463173547652
 30
0.0
 41
1.024762559949282
 42
1.024762559949282
 43
1.024762559949282
  0
ATTRIB
  5
8074
330
8073
100
AcDbEntity
  8
0
100
AcDbText
 10
87.29155507458667
 20
130.5365114672969
 30
0.0
 40
2.200000000000003
  1
*
  7
ISOCP
 72
     1
 11
88.05926340792
 21
131.6365114672969
 31
0.0
100
AcDbAttribute
  2
S_NAME
 70
     0
 74
     2
280
     0
 71
     1
 72
     0
 11
88.05926340792
 21
131.6365114672969
 31
0.0
  0
ATTRIB
  5
8075
330
8073
100
AcDbEntity
  8
0
100
AcDbText
 10
84.88072174125332
 20
127.3994696336973
 30
0.0
 40
2.200000000000003
  1
HRP1
  7
ISOCP
 72
     1
 11
88.05926340792
 21
128.4994696336973
 31
0.0
100
AcDbAttribute
  2
R_NAME
 70
     0
 74
     2
280
     0
 71
     1
 72
     0
 11
88.05926340792
 21
128.4994696336973
 31
0.0
  0
ATTRIB
  5
8076
330
8073
100
AcDbEntity
  8
0
 62
     0
100
AcDbText
 10
83.08937983478955
 20
121.976029707728
 30
0.0
 40
2.200000000000003
  1
4
  7
ISOCP
 72
     1
 11
83.96021316812289
 21
124.176029707728
 31
0.0
100
AcDbAttribute
  2
A
 70
     0
 74
     3
280
     0
 71
     1
 72
     0
 11
83.96021316812289
 21
124.176029707728
 31
0.0
  0
ATTRIB
  5
8077
330
8073
100
AcDbEntity
  8
0
 62
     0
100
AcDbText
 10
91.39060531438385
 20
121.976029707728
 30
0.0
 40
2.200000000000003
  1
3
  7
ISOCP
 72
     1
 11
92.15831364771718
 21
124.176029707728
 31
0.0
100
AcDbAttribute
  2
F
 70
     0
 74
     3
280
     0
 71
     1
 72
     0
 11
92.15831364771718
 21
124.176029707728
 31
0.0
  0
ATTRIB
  5
8078
330
8073
100
AcDbEntity
  8
0
100
AcDbText
 10
87.18843007458668
 20
122.018268306343
 30
0.0
 40
2.200000000000003
  1
D
  7
ISOCP
 72
     1
 11
88.05926340792001
 21
123.118268306343
 31
0.0
100
AcDbAttribute
  2
C
 70
     0
 74
     2
280
     0
 71
     1
 72
     0
 11
88.05926340792001
 21
123.118268306343
 31
0.0
  0
ATTRIB
  5
8079
330
8073
100
AcDbEntity
  8
0
100
AcDbText
 10
83.0768511419572
 20
133.4810170954384
 30
0.0
 40
2.200000000000003
  1
XXXXX
  7
ISOCP
 72
     1
 11
88.02226780862388
 21
134.5810170954384
 31
0.0
100
AcDbAttribute
  2
R(POS)
 70
     0
 74
     2
280
     0
 71
     1
 72
     0
 11
88.02226780862388
 21
134.5810170954384
 31
0.0
  0
ATTRIB
  5
8311
330
8073
100
AcDbEntity
  8
0
100
AcDbText
 10
87.13602976979973
 20
115.1996806743913
 30
0.0
 40
2.049525119898564
  1
RF
  7
ISOCP
 72
     1
 11
88.67103868772377
 21
116.2244432343406
 31
0.0
100
AcDbAttribute
  2
DOC
 70
     5
 74
     2
280
     1
 71
     1
 72
     0
 11
88.67103868772377
 21
116.2244432343406
 31
0.0
  0
ATTRIB
  5
8312
330
8073
100
AcDbEntity
  8
0
100
AcDbText
 10
87.85893143833997
 20
119.025016834426
 30
0.0
 40
2.049525119898564
  1
1
  7
ISOCP
 72
     1
 11
88.36063810831513
 21
120.0497793943753
 31
0.0
100
AcDbAttribute
  2
WIRING
 70
     5
 74
     2
280
     1
 71
     1
 72
     0
 11
88.36063810831513
 21
120.0497793943753
 31
0.0
  0
SEQEND
  5
807A
330
8073
100
AcDbEntity
  8
0
  0
LWPOLYLINE
  5
807B
330
1F
100
AcDbEntity
  8
0
100
AcDbPolyline
 90
        6
 70
     0
 43
0.0
 10
83.9602131681229
 20
171.2140451963711
 10
76.3089014228507
 20
173.2635703162697
 10
76.3089014228507
 20
186.1157189267126
 10
99.80962539298999
 20
186.1157189267126
 10
99.80962539298999
 20
173.2635703162697
 10
92.1583136477176
 20
171.2140451963711
  0
INSERT
  5
807C
330
1F
100
AcDbEntity
  8
0
100
AcDbBlockReference
 66
     1
  2
Front_Contact
 10
83.9602131681229
 20
186.1157189267126
 30
0.0
 41
1.024762559949282
 42
1.024762559949282
 43
1.024762559949282
  0
ATTRIB
  5
807D
330
807C
100
AcDbEntity
  8
0
100
AcDbText
 10
87.29155507458667
 20
191.1890568463575
 30
0.0
 40
2.200000000000003
  1
*
  7
ISOCP
 72
     1
 11
88.05926340792
 21
192.2890568463575
 31
0.0
100
AcDbAttribute
  2
S_NAME
 70
     0
 74
     2
280
     0
 71
     1
 72
     0
 11
88.05926340792
 21
192.2890568463575
 31
0.0
  0
ATTRIB
  5
807E
330
807C
100
AcDbEntity
  8
0
100
AcDbText
 10
84.88072174125332
 20
188.0520150127579
 30
0.0
 40
2.200000000000003
  1
HRP1
  7
ISOCP
 72
     1
 11
88.05926340792
 21
189.1520150127579
 31
0.0
100
AcDbAttribute
  2
R_NAME
 70
     0
 74
     2
280
     0
 71
     1
 72
     0
 11
88.05926340792
 21
189.1520150127579
 31
0.0
  0
ATTRIB
  5
807F
330
807C
100
AcDbEntity
  8
0
 62
     0
100
AcDbText
 10
83.08937983478955
 20
182.6285750867886
 30
0.0
 40
2.200000000000003
  1
4
  7
ISOCP
 72
     1
 11
83.96021316812289
 21
184.8285750867886
 31
0.0
100
AcDbAttribute
  2
A
 70
     0
 74
     3
280
     0
 71
     1
 72
     0
 11
83.96021316812289
 21
184.8285750867886
 31
0.0
  0
ATTRIB
  5
8080
330
807C
100
AcDbEntity
  8
0
 62
     0
100
AcDbText
 10
91.39060531438385
 20
182.6285750867886
 30
0.0
 40
2.200000000000003
  1
3
  7
ISOCP
 72
     1
 11
92.15831364771718
 21
184.8285750867886
 31
0.0
100
AcDbAttribute
  2
F
 70
     0
 74
     3
280
     0
 71
     1
 72
     0
 11
92.15831364771718
 21
184.8285750867886
 31
0.0
  0
ATTRIB
  5
8081
330
807C
100
AcDbEntity
  8
0
100
AcDbText
 10
87.29155507458668
 20
182.6708136854036
 30
0.0
 40
2.200000000000003
  1
C
  7
ISOCP
 72
     1
 11
88.05926340792001
 21
183.7708136854036
 31
0.0
100
AcDbAttribute
  2
C
 70
     0
 74
     2
280
     0
 71
     1
 72
     0
 11
88.05926340792001
 21
183.7708136854036
 31
0.0
  0
ATTRIB
  5
8082
330
807C
100
AcDbEntity
  8
0
100
AcDbText
 10
83.0768511419572
 20
194.133562474499
 30
0.0
 40
2.200000000000003
  1
XXXXX
  7
ISOCP
 72
     1
 11
88.02226780862388
 21
195.233562474499
 31
0.0
100
AcDbAttribute
  2
R(POS)
 70
     0
 74
     2
280
     0
 71
     1
 72
     0
 11
88.02226780862388
 21
195.233562474499
 31
0.0
  0
ATTRIB
  5
8313
330
807C
100
AcDbEntity
  8
0
100
AcDbText
 10
87.13602976979973
 20
175.8522260534519
 30
0.0
 40
2.049525119898564
  1
RF
  7
ISOCP
 72
     1
 11
88.67103868772377
 21
176.8769886134012
 31
0.0
100
AcDbAttribute
  2
DOC
 70
     5
 74
     2
280
     1
 71
     1
 72
     0
 11
88.67103868772377
 21
176.8769886134012
 31
0.0
  0
ATTRIB
  5
8314
330
807C
100
AcDbEntity
  8
0
100
AcDbText
 10
87.85893143833997
 20
179.6775622134865
 30
0.0
 40
2.049525119898564
  1
1
  7
ISOCP
 72
     1
 11
88.36063810831513
 21
180.7023247734358
 31
0.0
100
AcDbAttribute
  2
WIRING
 70
     5
 74
     2
280
     1
 71
     1
 72
     0
 11
88.36063810831513
 21
180.7023247734358
 31
0.0
  0
SEQEND
  5
8083
330
807C
100
AcDbEntity
  8
0
  0
LWPOLYLINE
  5
8084
330
1F
100
AcDbEntity
  8
0
100
AcDbPolyline
 90
        6
 70
     0
 43
0.0
 10
84.08195648247987
 20
155.0615021517284
 10
76.43064473720766
 20
153.01197703183
 10
76.43064473720766
 20
140.1598284213869
 10
99.93136870734627
 20
140.1598284213869
 10
99.93136870734627
 20
153.01197703183
 10
92.28005696207417
 20
155.0615021517284
  0
INSERT
  5
8085
330
1F
100
AcDbEntity
  8
0
100
AcDbBlockReference
 66
     1
  2
Front_Contact
 10
84.08195648247987
 20
140.1598284213869
 30
0.0
 41
1.024762559949282
 42
1.024762559949282
 43
1.024762559949282
  0
ATTRIB
  5
8086
330
8085
100
AcDbEntity
  8
0
100
AcDbText
 10
87.41329838894363
 20
145.2331663410318
 30
0.0
 40
2.200000000000003
  1
*
  7
ISOCP
 72
     1
 11
88.18100672227696
 21
146.3331663410318
 31
0.0
100
AcDbAttribute
  2
S_NAME
 70
     0
 74
     2
280
     0
 71
     1
 72
     0
 11
88.18100672227696
 21
146.3331663410318
 31
0.0
  0
ATTRIB
  5
8087
330
8085
100
AcDbEntity
  8
0
100
AcDbText
 10
85.00246505561029
 20
142.0961245074322
 30
0.0
 40
2.200000000000003
  1
HRP1
  7
ISOCP
 72
     1
 11
88.18100672227696
 21
143.1961245074322
 31
0.0
100
AcDbAttribute
  2
R_NAME
 70
     0
 74
     2
280
     0
 71
     1
 72
     0
 11
88.18100672227696
 21
143.1961245074322
 31
0.0
  0
ATTRIB
  5
8088
330
8085
100
AcDbEntity
  8
0
 62
     0
100
AcDbText
 10
83.31424814914652
 20
136.6726845814629
 30
0.0
 40
2.200000000000003
  1
2
  7
ISOCP
 72
     1
 11
84.08195648247985
 21
138.8726845814629
 31
0.0
100
AcDbAttribute
  2
A
 70
     0
 74
     3
280
     0
 71
     1
 72
     0
 11
84.08195648247985
 21
138.8726845814629
 31
0.0
  0
ATTRIB
  5
8089
330
8085
100
AcDbEntity
  8
0
 62
     0
100
AcDbText
 10
91.74151529540747
 20
136.6726845814629
 30
0.0
 40
2.200000000000003
  1
1
  7
ISOCP
 72
     1
 11
92.28005696207414
 21
138.8726845814629
 31
0.0
100
AcDbAttribute
  2
F
 70
     0
 74
     3
280
     0
 71
     1
 72
     0
 11
92.28005696207414
 21
138.8726845814629
 31
0.0
  0
ATTRIB
  5
808A
330
8085
100
AcDbEntity
  8
0
100
AcDbText
 10
87.31017338894364
 20
136.7149231800779
 30
0.0
 40
2.200000000000003
  1
D
  7
ISOCP
 72
     1
 11
88.18100672227698
 21
137.8149231800779
 31
0.0
100
AcDbAttribute
  2
C
 70
     0
 74
     2
280
     0
 71
     1
 72
     0
 11
88.18100672227698
 21
137.8149231800779
 31
0.0
  0
ATTRIB
  5
808B
330
8085
100
AcDbEntity
  8
0
100
AcDbText
 10
83.19859445631417
 20
148.1776719691733
 30
0.0
 40
2.200000000000003
  1
XXXXX
  7
ISOCP
 72
     1
 11
88.14401112298084
 21
149.2776719691733
 31
0.0
100
AcDbAttribute
  2
R(POS)
 70
     0
 74
     2
280
     0
 71
     1
 72
     0
 11
88.14401112298084
 21
149.2776719691733
 31
0.0
  0
ATTRIB
  5
8315
330
8085
100
AcDbEntity
  8
0
100
AcDbText
 10
87.2577730841567
 20
129.8963355481262
 30
0.0
 40
2.049525119898564
  1
RF
  7
ISOCP
 72
     1
 11
88.79278200208073
 21
130.9210981080755
 31
0.0
100
AcDbAttribute
  2
DOC
 70
     5
 74
     2
280
     1
 71
     1
 72
     0
 11
88.79278200208073
 21
130.9210981080755
 31
0.0
  0
ATTRIB
  5
8316
330
8085
100
AcDbEntity
  8
0
100
AcDbText
 10
87.98067475269693
 20
133.7216717081608
 30
0.0
 40
2.049525119898564
  1
1
  7
ISOCP
 72
     1
 11
88.48238142267209
 21
134.7464342681101
 31
0.0
100
AcDbAttribute
  2
WIRING
 70
     5
 74
     2
280
     1
 71
     1
 72
     0
 11
88.48238142267209
 21
134.7464342681101
 31
0.0
  0
SEQEND
  5
808C
330
8085
100
AcDbEntity
  8
0
  0
LWPOLYLINE
  5
808D
330
1F
100
AcDbEntity
  8
0
100
AcDbPolyline
 90
        6
 70
     0
 43
0.0
 10
84.08195648247971
 20
215.7140475307891
 10
76.4306447372075
 20
213.6645224108906
 10
76.4306447372075
 20
200.8123738004476
 10
99.93136870734611
 20
200.8123738004476
 10
99.93136870734611
 20
213.6645224108906
 10
92.28005696207401
 20
215.7140475307891
  0
INSERT
  5
808E
330
1F
100
AcDbEntity
  8
0
100
AcDbBlockReference
 66
     1
  2
Front_Contact
 10
84.08195648247971
 20
200.8123738004476
 30
0.0
 41
1.024762559949282
 42
1.024762559949282
 43
1.024762559949282
  0
ATTRIB
  5
808F
330
808E
100
AcDbEntity
  8
0
100
AcDbText
 10
87.41329838894347
 20
205.8857117200925
 30
0.0
 40
2.200000000000003
  1
*
  7
ISOCP
 72
     1
 11
88.1810067222768
 21
206.9857117200925
 31
0.0
100
AcDbAttribute
  2
S_NAME
 70
     0
 74
     2
280
     0
 71
     1
 72
     0
 11
88.1810067222768
 21
206.9857117200925
 31
0.0
  0
ATTRIB
  5
8090
330
808E
100
AcDbEntity
  8
0
100
AcDbText
 10
85.00246505561013
 20
202.7486698864929
 30
0.0
 40
2.200000000000003
  1
HRP1
  7
ISOCP
 72
     1
 11
88.1810067222768
 21
203.8486698864929
 31
0.0
100
AcDbAttribute
  2
R_NAME
 70
     0
 74
     2
280
     0
 71
     1
 72
     0
 11
88.1810067222768
 21
203.8486698864929
 31
0.0
  0
ATTRIB
  5
8091
330
808E
100
AcDbEntity
  8
0
 62
     0
100
AcDbText
 10
83.31424814914637
 20
197.3252299605236
 30
0.0
 40
2.200000000000003
  1
2
  7
ISOCP
 72
     1
 11
84.0819564824797
 21
199.5252299605236
 31
0.0
100
AcDbAttribute
  2
A
 70
     0
 74
     3
280
     0
 71
     1
 72
     0
 11
84.0819564824797
 21
199.5252299605236
 31
0.0
  0
ATTRIB
  5
8092
330
808E
100
AcDbEntity
  8
0
 62
     0
100
AcDbText
 10
91.74151529540731
 20
197.3252299605236
 30
0.0
 40
2.200000000000003
  1
1
  7
ISOCP
 72
     1
 11
92.28005696207399
 21
199.5252299605236
 31
0.0
100
AcDbAttribute
  2
F
 70
     0
 74
     3
280
     0
 71
     1
 72
     0
 11
92.28005696207399
 21
199.5252299605236
 31
0.0
  0
ATTRIB
  5
8093
330
808E
100
AcDbEntity
  8
0
100
AcDbText
 10
87.41329838894349
 20
197.3674685591386
 30
0.0
 40
2.200000000000003
  1
C
  7
ISOCP
 72
     1
 11
88.18100672227682
 21
198.4674685591386
 31
0.0
100
AcDbAttribute
  2
C
 70
     0
 74
     2
280
     0
 71
     1
 72
     0
 11
88.18100672227682
 21
198.4674685591386
 31
0.0
  0
ATTRIB
  5
8094
330
808E
100
AcDbEntity
  8
0
100
AcDbText
 10
83.19859445631401
 20
207.826027182286
 30
0.0
 40
2.200000000000003
  1
XXXXX
  7
ISOCP
 72
     1
 11
88.14401112298069
 21
208.926027182286
 31
0.0
100
AcDbAttribute
  2
R(POS)
 70
     0
 74
     2
280
     0
 71
     1
 72
     0
 11
88.14401112298069
 21
208.926027182286
 31
0.0
  0
ATTRIB
  5
8317
330
808E
100
AcDbEntity
  8
0
100
AcDbText
 10
87.25777308415654
 20
190.5488809271869
 30
0.0
 40
2.049525119898564
  1
RF
  7
ISOCP
 72
     1
 11
88.79278200208057
 21
191.5736434871362
 31
0.0
100
AcDbAttribute
  2
DOC
 70
     5
 74
     2
280
     1
 71
     1
 72
     0
 11
88.79278200208057
 21
191.5736434871362
 31
0.0
  0
ATTRIB
  5
8318
330
808E
100
AcDbEntity
  8
0
100
AcDbText
 10
87.98067475269677
 20
194.3742170872215
 30
0.0
 40
2.049525119898564
  1
1
  7
ISOCP
 72
     1
 11
88.48238142267193
 21
195.3989796471708
 31
0.0
100
AcDbAttribute
  2
WIRING
 70
     5
 74
     2
280
     1
 71
     1
 72
     0
 11
88.48238142267193
 21
195.3989796471708
 31
0.0
  0
SEQEND
  5
8095
330
808E
100
AcDbEntity
  8
0
  0
INSERT
  5
820B
330
1F
100
AcDbEntity
  8
0
100
AcDbBlockReference
 66
     1
  2
FRONT_REPEATER
 10
133.5304054867357
 20
74.26317693656077
 30
0.0
  0
ATTRIB
  5
820C
330
820B
100
AcDbEntity
  8
0
100
AcDbText
 10
300.6104191905941
 20
281.6607068138508
 30
0.0
 40
2.17643035283774
  1
*
  7
ISOCP
 72
     1
 11
301.3699026991365
 21
282.7489219902697
 31
0.0
100
AcDbAttribute
  2
S_NAME
 70
     0
 74
     2
280
     0
 71
     1
 72
     0
 11
301.3699026991365
 21
282.7489219902697
 31
0.0
  0
ATTRIB
  5
820D
330
820B
100
AcDbEntity
  8
0
100
AcDbText
 10
298.7672547355347
 20
278.0181490193367
 30
0.0
 40
2.17643035283774
  1
DPR
  7
ISOCP
 72
     1
 11
301.3699026991365
 21
279.1063641957556
 31
0.0
100
AcDbAttribute
  2
R_NAME
 70
     0
 74
     2
280
     0
 71
     1
 72
     0
 11
301.3699026991365
 21
279.1063641957556
 31
0.0
  0
ATTRIB
  5
820E
330
820B
100
AcDbEntity
  8
0
 62
     0
100
AcDbText
 10
297.4127566030679
 20
272.4098738045052
 30
0.0
 40
2.17643035283774
  1

  7
ISOCP
 72
     1
 11
297.4127566030679
 21
274.5863041573429
 31
0.0
100
AcDbAttribute
  2
A
 70
     0
 74
     3
280
     0
 71
     1
 72
     0
 11
297.4127566030679
 21
274.5863041573429
 31
0.0
  0
ATTRIB
  5
820F
330
820B
100
AcDbEntity
  8
0
 62
     0
100
AcDbText
 10
305.3270487952051
 20
272.4098738045052
 30
0.0
 40
2.17643035283774
  1

  7
ISOCP
 72
     1
 11
305.3270487952051
 21
274.5863041573429
 31
0.0
100
AcDbAttribute
  2
F
 70
     0
 74
     3
280
     0
 71
     1
 72
     0
 11
305.3270487952051
 21
274.5863041573429
 31
0.0
  0
ATTRIB
  5
8210
330
820B
100
AcDbEntity
  8
0
100
AcDbText
 10
301.1608492750706
 20
272.4769459953064
 30
0.0
 40
2.17643035283774
  1

  7
ISOCP
 72
     1
 11
301.1608492750706
 21
273.5651611717253
 31
0.0
100
AcDbAttribute
  2
C
 70
     0
 74
     2
280
     0
 71
     1
 72
     0
 11
301.1608492750706
 21
273.5651611717253
 31
0.0
  0
ATTRIB
  5
8211
330
820B
100
AcDbEntity
  8
0
100
AcDbText
 10
301.4843539302375
 20
284.5556962953671
 30
0.0
 40
2.17643035283774
  1

  7
ISOCP
 72
     1
 11
301.4843539302375
 21
285.643911471786
 31
0.0
100
AcDbAttribute
  2
R(POS)
 70
     0
 74
     2
280
     0
 71
     1
 72
     0
 11
301.4843539302375
 21
285.643911471786
 31
0.0
  0
SEQEND
  5
8212
330
820B
100
AcDbEntity
  8
0
  0
INSERT
  5
8213
330
1F
100
AcDbEntity
  8
0
100
AcDbBlockReference
 66
     1
  2
FRONT_REPEATER
 10
133.5304054867355
 20
59.36150320621928
 30
0.0
  0
ATTRIB
  5
8214
330
8213
100
AcDbEntity
  8
0
100
AcDbText
 10
300.6104191905939
 20
266.7590330835093
 30
0.0
 40
2.17643035283774
  1
*
  7
ISOCP
 72
     1
 11
301.3699026991363
 21
267.8472482599282
 31
0.0
100
AcDbAttribute
  2
S_NAME
 70
     0
 74
     2
280
     0
 71
     1
 72
     0
 11
301.3699026991363
 21
267.8472482599282
 31
0.0
  0
ATTRIB
  5
8215
330
8213
100
AcDbEntity
  8
0
100
AcDbText
 10
298.7672547355345
 20
263.1164752889953
 30
0.0
 40
2.17643035283774
  1
DPR
  7
ISOCP
 72
     1
 11
301.3699026991363
 21
264.2046904654142
 31
0.0
100
AcDbAttribute
  2
R_NAME
 70
     0
 74
     2
280
     0
 71
     1
 72
     0
 11
301.3699026991363
 21
264.2046904654142
 31
0.0
  0
ATTRIB
  5
8216
330
8213
100
AcDbEntity
  8
0
 62
     0
100
AcDbText
 10
297.4127566030677
 20
257.5082000741637
 30
0.0
 40
2.17643035283774
  1

  7
ISOCP
 72
     1
 11
297.4127566030677
 21
259.6846304270014
 31
0.0
100
AcDbAttribute
  2
A
 70
     0
 74
     3
280
     0
 71
     1
 72
     0
 11
297.4127566030677
 21
259.6846304270014
 31
0.0
  0
ATTRIB
  5
8217
330
8213
100
AcDbEntity
  8
0
 62
     0
100
AcDbText
 10
305.3270487952049
 20
257.5082000741637
 30
0.0
 40
2.17643035283774
  1

  7
ISOCP
 72
     1
 11
305.3270487952049
 21
259.6846304270014
 31
0.0
100
AcDbAttribute
  2
F
 70
     0
 74
     3
280
     0
 71
     1
 72
     0
 11
305.3270487952049
 21
259.6846304270014
 31
0.0
  0
ATTRIB
  5
8218
330
8213
100
AcDbEntity
  8
0
100
AcDbText
 10
301.1608492750704
 20
257.5752722649648
 30
0.0
 40
2.17643035283774
  1

  7
ISOCP
 72
     1
 11
301.1608492750704
 21
258.6634874413837
 31
0.0
100
AcDbAttribute
  2
C
 70
     0
 74
     2
280
     0
 71
     1
 72
     0
 11
301.1608492750704
 21
258.6634874413837
 31
0.0
  0
ATTRIB
  5
8219
330
8213
100
AcDbEntity
  8
0
100
AcDbText
 10
301.4843539302373
 20
269.6540225650257
 30
0.0
 40
2.17643035283774
  1

  7
ISOCP
 72
     1
 11
301.4843539302373
 21
270.7422377414446
 31
0.0
100
AcDbAttribute
  2
R(POS)
 70
     0
 74
     2
280
     0
 71
     1
 72
     0
 11
301.4843539302373
 21
270.7422377414446
 31
0.0
  0
SEQEND
  5
821A
330
8213
100
AcDbEntity
  8
0
  0
INSERT
  5
821B
330
1F
100
AcDbEntity
  8
0
100
AcDbBlockReference
 66
     1
  2
FRONT_REPEATER
 10
133.5327260285021
 20
45.1771125642172
 30
0.0
  0
ATTRIB
  5
821C
330
821B
100
AcDbEntity
  8
0
100
AcDbText
 10
300.6127397323605
 20
252.5746424415073
 30
0.0
 40
2.17643035283774
  1
*
  7
ISOCP
 72
     1
 11
301.3722232409029
 21
253.6628576179261
 31
0.0
100
AcDbAttribute
  2
S_NAME
 70
     0
 74
     2
280
     0
 71
     1
 72
     0
 11
301.3722232409029
 21
253.6628576179261
 31
0.0
  0
ATTRIB
  5
821D
330
821B
100
AcDbEntity
  8
0
100
AcDbText
 10
298.7695752773011
 20
248.9320846469931
 30
0.0
 40
2.17643035283774
  1
DPR
  7
ISOCP
 72
     1
 11
301.3722232409029
 21
250.020299823412
 31
0.0
100
AcDbAttribute
  2
R_NAME
 70
     0
 74
     2
280
     0
 71
     1
 72
     0
 11
301.3722232409029
 21
250.020299823412
 31
0.0
  0
ATTRIB
  5
821E
330
821B
100
AcDbEntity
  8
0
 62
     0
100
AcDbText
 10
297.4150771448343
 20
243.3238094321616
 30
0.0
 40
2.17643035283774
  1

  7
ISOCP
 72
     1
 11
297.4150771448343
 21
245.5002397849993
 31
0.0
100
AcDbAttribute
  2
A
 70
     0
 74
     3
280
     0
 71
     1
 72
     0
 11
297.4150771448343
 21
245.5002397849993
 31
0.0
  0
ATTRIB
  5
821F
330
821B
100
AcDbEntity
  8
0
 62
     0
100
AcDbText
 10
305.3293693369715
 20
243.3238094321616
 30
0.0
 40
2.17643035283774
  1

  7
ISOCP
 72
     1
 11
305.3293693369715
 21
245.5002397849993
 31
0.0
100
AcDbAttribute
  2
F
 70
     0
 74
     3
280
     0
 71
     1
 72
     0
 11
305.3293693369715
 21
245.5002397849993
 31
0.0
  0
ATTRIB
  5
8220
330
821B
100
AcDbEntity
  8
0
100
AcDbText
 10
301.163169816837
 20
243.3908816229628
 30
0.0
 40
2.17643035283774
  1

  7
ISOCP
 72
     1
 11
301.163169816837
 21
244.4790967993817
 31
0.0
100
AcDbAttribute
  2
C
 70
     0
 74
     2
280
     0
 71
     1
 72
     0
 11
301.163169816837
 21
244.4790967993817
 31
0.0
  0
ATTRIB
  5
8221
330
821B
100
AcDbEntity
  8
0
100
AcDbText
 10
301.4866744720039
 20
255.4696319230236
 30
0.0
 40
2.17643035283774
  1

  7
ISOCP
 72
     1
 11
301.4866744720039
 21
256.5578470994425
 31
0.0
100
AcDbAttribute
  2
R(POS)
 70
     0
 74
     2
280
     0
 71
     1
 72
     0
 11
301.4866744720039
 21
256.5578470994425
 31
0.0
  0
SEQEND
  5
8222
330
821B
100
AcDbEntity
  8
0
  0
INSERT
  5
8223
330
1F
100
AcDbEntity
  8
0
100
AcDbBlockReference
 66
     1
  2
FRONT_REPEATER
 10
133.5327260285023
 20
30.54722421972966
 30
0.0
  0
ATTRIB
  5
8224
330
8223
100
AcDbEntity
  8
0
100
AcDbText
 10
300.6127397323608
 20
237.9447540970197
 30
0.0
 40
2.17643035283774
  1
*
  7
ISOCP
 72
     1
 11
301.3722232409031
 21
239.0329692734386
 31
0.0
100
AcDbAttribute
  2
S_NAME
 70
     0
 74
     2
280
     0
 71
     1
 72
     0
 11
301.3722232409031
 21
239.0329692734386
 31
0.0
  0
ATTRIB
  5
8225
330
8223
100
AcDbEntity
  8
0
100
AcDbText
 10
298.7695752773013
 20
234.3021963025056
 30
0.0
 40
2.17643035283774
  1
DPR
  7
ISOCP
 72
     1
 11
301.3722232409031
 21
235.3904114789245
 31
0.0
100
AcDbAttribute
  2
R_NAME
 70
     0
 74
     2
280
     0
 71
     1
 72
     0
 11
301.3722232409031
 21
235.3904114789245
 31
0.0
  0
ATTRIB
  5
8226
330
8223
100
AcDbEntity
  8
0
 62
     0
100
AcDbText
 10
297.4150771448345
 20
228.693921087674
 30
0.0
 40
2.17643035283774
  1

  7
ISOCP
 72
     1
 11
297.4150771448345
 21
230.8703514405117
 31
0.0
100
AcDbAttribute
  2
A
 70
     0
 74
     3
280
     0
 71
     1
 72
     0
 11
297.4150771448345
 21
230.8703514405117
 31
0.0
  0
ATTRIB
  5
8227
330
8223
100
AcDbEntity
  8
0
 62
     0
100
AcDbText
 10
305.3293693369717
 20
228.693921087674
 30
0.0
 40
2.17643035283774
  1

  7
ISOCP
 72
     1
 11
305.3293693369717
 21
230.8703514405117
 31
0.0
100
AcDbAttribute
  2
F
 70
     0
 74
     3
280
     0
 71
     1
 72
     0
 11
305.3293693369717
 21
230.8703514405117
 31
0.0
  0
ATTRIB
  5
8228
330
8223
100
AcDbEntity
  8
0
100
AcDbText
 10
301.1631698168372
 20
228.7609932784752
 30
0.0
 40
2.17643035283774
  1

  7
ISOCP
 72
     1
 11
301.1631698168372
 21
229.8492084548941
 31
0.0
100
AcDbAttribute
  2
C
 70
     0
 74
     2
280
     0
 71
     1
 72
     0
 11
301.1631698168372
 21
229.8492084548941
 31
0.0
  0
ATTRIB
  5
8229
330
8223
100
AcDbEntity
  8
0
100
AcDbText
 10
301.4866744720041
 20
240.839743578536
 30
0.0
 40
2.17643035283774
  1

  7
ISOCP
 72
     1
 11
301.4866744720041
 21
241.9279587549549
 31
0.0
100
AcDbAttribute
  2
R(POS)
 70
     0
 74
     2
280
     0
 71
     1
 72
     0
 11
301.4866744720041
 21
241.9279587549549
 31
0.0
  0
SEQEND
  5
822A
330
8223
100
AcDbEntity
  8
0
  0
TEXT
  5
822B
330
1F
100
AcDbEntity
  8
0
100
AcDbText
 10
343.3007279249716
 20
172.5178908204894
 30
0.0
 40
2.27889249186753
  1
*
  7
ISOCP
 72
     1
 11
344.0959664507795
 21
173.6573370664231
 31
0.0
100
AcDbText
 73
     2
  0
TEXT
  5
822C
330
1F
100
AcDbEntity
  8
0
100
AcDbText
 10
340.5955382928125
 20
167.5126925505643
 30
0.0
 40
2.27889249186753
  1
HHGE
  7
ISOCP
 72
     1
 11
344.1254478088615
 21
168.652138796498
 31
0.0
100
AcDbText
 73
     2
  0
TEXT
  5
822D
330
1F
100
AcDbEntity
  8
0
100
AcDbText
 10
355.3082355832824
 20
172.1241240703359
 30
0.0
 40
2.27889249186753
  1

  7
ISOCP
 72
     1
 11
355.3082355832824
 21
173.2635703162697
 31
0.0
100
AcDbText
 73
     2
  0
TEXT
  5
822E
330
1F
100
AcDbEntity
  8
0
100
AcDbText
 10
333.1109009332028
 20
172.1241240703361
 30
0.0
 40
2.27889249186753
  1

  7
ISOCP
 72
     1
 11
333.1109009332028
 21
173.2635703162698
 31
0.0
100
AcDbText
 73
     2
  0
TEXT
  5
822F
330
1F
100
AcDbEntity
  8
0
100
AcDbText
 10
344.0007149313506
 20
175.4731491587349
 30
0.0
 40
2.27889249186753
  1

  7
ISOCP
 72
     1
 11
344.0007149313506
 21
176.6125954046686
 31
0.0
100
AcDbText
 73
     2
  0
LWPOLYLINE
  5
8230
330
1F
100
AcDbEntity
  8
0
100
AcDbPolyline
 90
        4
 70
     1
 43
0.0
 10
333.1109009332028
 20
171.2140451963712
 10
355.3082355832824
 20
171.2140451963712
 10
355.3082355832824
 20
166.0902323966247
 10
333.1109009332028
 20
166.0902323966247
  0
TEXT
  5
8236
330
1F
100
AcDbEntity
  8
0
100
AcDbText
 10
343.3007279249716
 20
233.3863414648015
 30
0.0
 40
2.27889249186753
  1
*
  7
ISOCP
 72
     1
 11
344.0959664507795
 21
234.5257877107353
 31
0.0
100
AcDbText
 73
     2
  0
TEXT
  5
8237
330
1F
100
AcDbEntity
  8
0
100
AcDbText
 10
341.5070952895596
 20
228.3811431948766
 30
0.0
 40
2.27889249186753
  1
DGE
  7
ISOCP
 72
     1
 11
344.1254478088615
 21
229.5205894408103
 31
0.0
100
AcDbText
 73
     2
  0
TEXT
  5
8238
330
1F
100
AcDbEntity
  8
0
100
AcDbText
 10
355.3082355832824
 20
232.9925747146482
 30
0.0
 40
2.27889249186753
  1

  7
ISOCP
 72
     1
 11
355.3082355832824
 21
234.1320209605819
 31
0.0
100
AcDbText
 73
     2
  0
TEXT
  5
8239
330
1F
100
AcDbEntity
  8
0
100
AcDbText
 10
333.1109009332028
 20
232.9925747146484
 30
0.0
 40
2.27889249186753
  1

  7
ISOCP
 72
     1
 11
333.1109009332028
 21
234.1320209605821
 31
0.0
100
AcDbText
 73
     2
  0
TEXT
  5
823A
330
1F
100
AcDbEntity
  8
0
100
AcDbText
 10
344.0007149313506
 20
236.341599803047
 30
0.0
 40
2.27889249186753
  1

  7
ISOCP
 72
     1
 11
344.0007149313506
 21
237.4810460489808
 31
0.0
100
AcDbText
 73
     2
  0
LWPOLYLINE
  5
823B
330
1F
100
AcDbEntity
  8
0
100
AcDbPolyline
 90
        4
 70
     1
 43
0.0
 10
333.1109009332028
 20
232.0824958406834
 10
355.3082355832824
 20
232.0824958406834
 10
355.3082355832824
 20
226.958683040937
 10
333.1109009332028
 20
226.958683040937
  0
TEXT
  5
8241
330
1F
100
AcDbEntity
  8
0
100
AcDbText
 10
343.3007279249716
 20
111.8653454414288
 30
0.0
 40
2.27889249186753
  1
*
  7
ISOCP
 72
     1
 11
344.0959664507795
 21
113.0047916873626
 31
0.0
100
AcDbText
 73
     2
  0
TEXT
  5
8242
330
1F
100
AcDbEntity
  8
0
100
AcDbText
 10
341.5070952895596
 20
106.8601471715038
 30
0.0
 40
2.27889249186753
  1
HGE
  7
ISOCP
 72
     1
 11
344.1254478088615
 21
107.9995934174376
 31
0.0
100
AcDbText
 73
     2
  0
TEXT
  5
8243
330
1F
100
AcDbEntity
  8
0
100
AcDbText
 10
355.3082355832824
 20
111.4715786912754
 30
0.0
 40
2.27889249186753
  1

  7
ISOCP
 72
     1
 11
355.3082355832824
 21
112.6110249372092
 31
0.0
100
AcDbText
 73
     2
  0
TEXT
  5
8244
330
1F
100
AcDbEntity
  8
0
100
AcDbText
 10
333.1109009332028
 20
111.4715786912756
 30
0.0
 40
2.27889249186753
  1

  7
ISOCP
 72
     1
 11
333.1109009332028
 21
112.6110249372094
 31
0.0
100
AcDbText
 73
     2
  0
TEXT
  5
8245
330
1F
100
AcDbEntity
  8
0
100
AcDbText
 10
344.0007149313506
 20
114.8206037796743
 30
0.0
 40
2.27889249186753
  1

  7
ISOCP
 72
     1
 11
344.0007149313506
 21
115.9600500256081
 31
0.0
100
AcDbText
 73
     2
  0
LWPOLYLINE
  5
8246
330
1F
100
AcDbEntity
  8
0
100
AcDbPolyline
 90
        4
 70
     1
 43
0.0
 10
333.1109009332028
 20
110.5614998173107
 10
355.3082355832824
 20
110.5614998173107
 10
355.3082355832824
 20
105.4376870175643
 10
333.1109009332028
 20
105.4376870175643
  0
TEXT
  5
824F
330
1F
100
AcDbEntity
  8
0
100
AcDbText
 10
343.3007279249716
 20
53.23215669929264
 30
0.0
 40
2.27889249186753
  1
*
  7
ISOCP
 72
     1
 11
344.0959664507795
 21
54.37160294522641
 31
0.0
100
AcDbText
 73
     2
  0
TEXT
  5
8250
330
1F
100
AcDbEntity
  8
0
100
AcDbText
 10
341.5070952895596
 20
48.22695842936758
 30
0.0
 40
2.27889249186753
  1
RGE
  7
ISOCP
 72
     1
 11
344.1254478088615
 21
49.36640467530134
 31
0.0
100
AcDbText
 73
     2
  0
TEXT
  5
8251
330
1F
100
AcDbEntity
  8
0
100
AcDbText
 10
355.3082355832824
 20
52.83838994913926
 30
0.0
 40
2.27889249186753
  1

  7
ISOCP
 72
     1
 11
355.3082355832824
 21
53.97783619507302
 31
0.0
100
AcDbText
 73
     2
  0
TEXT
  5
8252
330
1F
100
AcDbEntity
  8
0
100
AcDbText
 10
333.1109009332028
 20
52.83838994913938
 30
0.0
 40
2.27889249186753
  1

  7
ISOCP
 72
     1
 11
333.1109009332028
 21
53.97783619507314
 31
0.0
100
AcDbText
 73
     2
  0
TEXT
  5
8253
330
1F
100
AcDbEntity
  8
0
100
AcDbText
 10
344.0007149313506
 20
56.18741503753814
 30
0.0
 40
2.27889249186753
  1

  7
ISOCP
 72
     1
 11
344.0007149313506
 21
57.32686128347191
 31
0.0
100
AcDbText
 73
     2
  0
LWPOLYLINE
  5
8254
330
1F
100
AcDbEntity
  8
0
100
AcDbPolyline
 90
        4
 70
     1
 43
0.0
 10
333.1109009332028
 20
51.92831107517449
 10
355.3082355832824
 20
51.92831107517449
 10
355.3082355832824
 20
46.80449827542808
 10
333.1109009332028
 20
46.80449827542808
  0
INSERT
  5
825D
330
1F
100
AcDbEntity
  8
0
100
AcDbBlockReference
 66
     1
  2
FRONT_REPEATER
 10
133.6691547583414
 20
13.90700655349548
 30
0.0
  0
ATTRIB
  5
825E
330
825D
100
AcDbEntity
  8
0
100
AcDbText
 10
300.7491684621999
 20
221.3045364307855
 30
0.0
 40
2.17643035283774
  1
*
  7
ISOCP
 72
     1
 11
301.5086519707422
 21
222.3927516072044
 31
0.0
100
AcDbAttribute
  2
S_NAME
 70
     0
 74
     2
280
     0
 71
     1
 72
     0
 11
301.5086519707422
 21
222.3927516072044
 31
0.0
  0
ATTRIB
  5
825F
330
825D
100
AcDbEntity
  8
0
100
AcDbText
 10
298.0354318660054
 20
217.6619786362714
 30
0.0
 40
2.17643035283774
  1
HHPR
  7
ISOCP
 72
     1
 11
301.5086519707422
 21
218.7501938126903
 31
0.0
100
AcDbAttribute
  2
R_NAME
 70
     0
 74
     2
280
     0
 71
     1
 72
     0
 11
301.5086519707422
 21
218.7501938126903
 31
0.0
  0
ATTRIB
  5
8260
330
825D
100
AcDbEntity
  8
0
 62
     0
100
AcDbText
 10
297.5515058746736
 20
212.0537034214398
 30
0.0
 40
2.17643035283774
  1

  7
ISOCP
 72
     1
 11
297.5515058746736
 21
214.2301337742776
 31
0.0
100
AcDbAttribute
  2
A
 70
     0
 74
     3
280
     0
 71
     1
 72
     0
 11
297.5515058746736
 21
214.2301337742776
 31
0.0
  0
ATTRIB
  5
8261
330
825D
100
AcDbEntity
  8
0
 62
     0
100
AcDbText
 10
305.4657980668108
 20
212.0537034214398
 30
0.0
 40
2.17643035283774
  1

  7
ISOCP
 72
     1
 11
305.4657980668108
 21
214.2301337742776
 31
0.0
100
AcDbAttribute
  2
F
 70
     0
 74
     3
280
     0
 71
     1
 72
     0
 11
305.4657980668108
 21
214.2301337742776
 31
0.0
  0
ATTRIB
  5
8262
330
825D
100
AcDbEntity
  8
0
100
AcDbText
 10
301.2995985466763
 20
212.1207756122411
 30
0.0
 40
2.17643035283774
  1

  7
ISOCP
 72
     1
 11
301.2995985466763
 21
213.20899078866
 31
0.0
100
AcDbAttribute
  2
C
 70
     0
 74
     2
280
     0
 71
     1
 72
     0
 11
301.2995985466763
 21
213.20899078866
 31
0.0
  0
ATTRIB
  5
8263
330
825D
100
AcDbEntity
  8
0
100
AcDbText
 10
301.6231032018432
 20
224.1995259123019
 30
0.0
 40
2.17643035283774
  1

  7
ISOCP
 72
     1
 11
301.6231032018432
 21
225.2877410887207
 31
0.0
100
AcDbAttribute
  2
R(POS)
 70
     0
 74
     2
280
     0
 71
     1
 72
     0
 11
301.6231032018432
 21
225.2877410887207
 31
0.0
  0
SEQEND
  5
8264
330
825D
100
AcDbEntity
  8
0
  0
INSERT
  5
8265
330
1F
100
AcDbEntity
  8
0
100
AcDbBlockReference
 66
     1
  2
FRONT_REPEATER
 10
133.6691547583412
 20
-0.9946671768460078
 30
0.0
  0
ATTRIB
  5
8266
330
8265
100
AcDbEntity
  8
0
100
AcDbText
 10
300.7491684621996
 20
206.402862700444
 30
0.0
 40
2.17643035283774
  1
*
  7
ISOCP
 72
     1
 11
301.508651970742
 21
207.4910778768629
 31
0.0
100
AcDbAttribute
  2
S_NAME
 70
     0
 74
     2
280
     0
 71
     1
 72
     0
 11
301.508651970742
 21
207.4910778768629
 31
0.0
  0
ATTRIB
  5
8267
330
8265
100
AcDbEntity
  8
0
100
AcDbText
 10
298.0354318660051
 20
202.76030490593
 30
0.0
 40
2.17643035283774
  1
HHPR
  7
ISOCP
 72
     1
 11
301.508651970742
 21
203.8485200823489
 31
0.0
100
AcDbAttribute
  2
R_NAME
 70
     0
 74
     2
280
     0
 71
     1
 72
     0
 11
301.508651970742
 21
203.8485200823489
 31
0.0
  0
ATTRIB
  5
8268
330
8265
100
AcDbEntity
  8
0
 62
     0
100
AcDbText
 10
297.5515058746734
 20
197.1520296910984
 30
0.0
 40
2.17643035283774
  1

  7
ISOCP
 72
     1
 11
297.5515058746734
 21
199.3284600439361
 31
0.0
100
AcDbAttribute
  2
A
 70
     0
 74
     3
280
     0
 71
     1
 72
     0
 11
297.5515058746734
 21
199.3284600439361
 31
0.0
  0
ATTRIB
  5
8269
330
8265
100
AcDbEntity
  8
0
 62
     0
100
AcDbText
 10
305.4657980668106
 20
197.1520296910984
 30
0.0
 40
2.17643035283774
  1

  7
ISOCP
 72
     1
 11
305.4657980668106
 21
199.3284600439361
 31
0.0
100
AcDbAttribute
  2
F
 70
     0
 74
     3
280
     0
 71
     1
 72
     0
 11
305.4657980668106
 21
199.3284600439361
 31
0.0
  0
ATTRIB
  5
826A
330
8265
100
AcDbEntity
  8
0
100
AcDbText
 10
301.2995985466761
 20
197.2191018818995
 30
0.0
 40
2.17643035283774
  1

  7
ISOCP
 72
     1
 11
301.2995985466761
 21
198.3073170583184
 31
0.0
100
AcDbAttribute
  2
C
 70
     0
 74
     2
280
     0
 71
     1
 72
     0
 11
301.2995985466761
 21
198.3073170583184
 31
0.0
  0
ATTRIB
  5
826B
330
8265
100
AcDbEntity
  8
0
100
AcDbText
 10
301.623103201843
 20
209.2978521819605
 30
0.0
 40
2.17643035283774
  1

  7
ISOCP
 72
     1
 11
301.623103201843
 21
210.3860673583793
 31
0.0
100
AcDbAttribute
  2
R(POS)
 70
     0
 74
     2
280
     0
 71
     1
 72
     0
 11
301.623103201843
 21
210.3860673583793
 31
0.0
  0
SEQEND
  5
826C
330
8265
100
AcDbEntity
  8
0
  0
INSERT
  5
826D
330
1F
100
AcDbEntity
  8
0
100
AcDbBlockReference
 66
     1
  2
FRONT_REPEATER
 10
133.6714753001078
 20
-15.69133808009511
 30
0.0
  0
ATTRIB
  5
826E
330
826D
100
AcDbEntity
  8
0
100
AcDbText
 10
300.7514890039662
 20
191.7061917971949
 30
0.0
 40
2.17643035283774
  1
*
  7
ISOCP
 72
     1
 11
301.5109725125086
 21
192.7944069736138
 31
0.0
100
AcDbAttribute
  2
S_NAME
 70
     0
 74
     2
280
     0
 71
     1
 72
     0
 11
301.5109725125086
 21
192.7944069736138
 31
0.0
  0
ATTRIB
  5
826F
330
826D
100
AcDbEntity
  8
0
100
AcDbText
 10
298.0377524077717
 20
188.0636340026809
 30
0.0
 40
2.17643035283774
  1
HHPR
  7
ISOCP
 72
     1
 11
301.5109725125086
 21
189.1518491790997
 31
0.0
100
AcDbAttribute
  2
R_NAME
 70
     0
 74
     2
280
     0
 71
     1
 72
     0
 11
301.5109725125086
 21
189.1518491790997
 31
0.0
  0
ATTRIB
  5
8270
330
826D
100
AcDbEntity
  8
0
 62
     0
100
AcDbText
 10
297.55382641644
 20
182.4553587878493
 30
0.0
 40
2.17643035283774
  1

  7
ISOCP
 72
     1
 11
297.55382641644
 21
184.631789140687
 31
0.0
100
AcDbAttribute
  2
A
 70
     0
 74
     3
280
     0
 71
     1
 72
     0
 11
297.55382641644
 21
184.631789140687
 31
0.0
  0
ATTRIB
  5
8271
330
826D
100
AcDbEntity
  8
0
 62
     0
100
AcDbText
 10
305.4681186085772
 20
182.4553587878493
 30
0.0
 40
2.17643035283774
  1

  7
ISOCP
 72
     1
 11
305.4681186085772
 21
184.631789140687
 31
0.0
100
AcDbAttribute
  2
F
 70
     0
 74
     3
280
     0
 71
     1
 72
     0
 11
305.4681186085772
 21
184.631789140687
 31
0.0
  0
ATTRIB
  5
8272
330
826D
100
AcDbEntity
  8
0
100
AcDbText
 10
301.3019190884427
 20
182.5224309786505
 30
0.0
 40
2.17643035283774
  1

  7
ISOCP
 72
     1
 11
301.3019190884427
 21
183.6106461550694
 31
0.0
100
AcDbAttribute
  2
C
 70
     0
 74
     2
280
     0
 71
     1
 72
     0
 11
301.3019190884427
 21
183.6106461550694
 31
0.0
  0
ATTRIB
  5
8273
330
826D
100
AcDbEntity
  8
0
100
AcDbText
 10
301.6254237436096
 20
194.6011812787114
 30
0.0
 40
2.17643035283774
  1

  7
ISOCP
 72
     1
 11
301.6254237436096
 21
195.6893964551302
 31
0.0
100
AcDbAttribute
  2
R(POS)
 70
     0
 74
     2
280
     0
 71
     1
 72
     0
 11
301.6254237436096
 21
195.6893964551302
 31
0.0
  0
SEQEND
  5
8274
330
826D
100
AcDbEntity
  8
0
  0
INSERT
  5
8275
330
1F
100
AcDbEntity
  8
0
100
AcDbBlockReference
 66
     1
  2
FRONT_REPEATER
 10
133.673797665543
 20
-30.59301181043662
 30
0.0
  0
ATTRIB
  5
8276
330
8275
100
AcDbEntity
  8
0
100
AcDbText
 10
300.7538113694014
 20
176.8045180668534
 30
0.0
 40
2.17643035283774
  1
*
  7
ISOCP
 72
     1
 11
301.5132948779438
 21
177.8927332432723
 31
0.0
100
AcDbAttribute
  2
S_NAME
 70
     0
 74
     2
280
     0
 71
     1
 72
     0
 11
301.5132948779438
 21
177.8927332432723
 31
0.0
  0
ATTRIB
  5
8277
330
8275
100
AcDbEntity
  8
0
100
AcDbText
 10
298.0400747732069
 20
173.1619602723393
 30
0.0
 40
2.17643035283774
  1
HHPR
  7
ISOCP
 72
     1
 11
301.5132948779438
 21
174.2501754487582
 31
0.0
100
AcDbAttribute
  2
R_NAME
 70
     0
 74
     2
280
     0
 71
     1
 72
     0
 11
301.5132948779438
 21
174.2501754487582
 31
0.0
  0
ATTRIB
  5
8278
330
8275
100
AcDbEntity
  8
0
 62
     0
100
AcDbText
 10
297.5561487818753
 20
167.5536850575077
 30
0.0
 40
2.17643035283774
  1

  7
ISOCP
 72
     1
 11
297.5561487818753
 21
169.7301154103454
 31
0.0
100
AcDbAttribute
  2
A
 70
     0
 74
     3
280
     0
 71
     1
 72
     0
 11
297.5561487818753
 21
169.7301154103454
 31
0.0
  0
ATTRIB
  5
8279
330
8275
100
AcDbEntity
  8
0
 62
     0
100
AcDbText
 10
305.4704409740124
 20
167.5536850575077
 30
0.0
 40
2.17643035283774
  1

  7
ISOCP
 72
     1
 11
305.4704409740124
 21
169.7301154103454
 31
0.0
100
AcDbAttribute
  2
F
 70
     0
 74
     3
280
     0
 71
     1
 72
     0
 11
305.4704409740124
 21
169.7301154103454
 31
0.0
  0
ATTRIB
  5
827A
330
8275
100
AcDbEntity
  8
0
100
AcDbText
 10
301.3042414538779
 20
167.6207572483089
 30
0.0
 40
2.17643035283774
  1

  7
ISOCP
 72
     1
 11
301.3042414538779
 21
168.7089724247278
 31
0.0
100
AcDbAttribute
  2
C
 70
     0
 74
     2
280
     0
 71
     1
 72
     0
 11
301.3042414538779
 21
168.7089724247278
 31
0.0
  0
ATTRIB
  5
827B
330
8275
100
AcDbEntity
  8
0
100
AcDbText
 10
301.6277461090448
 20
179.6995075483698
 30
0.0
 40
2.17643035283774
  1

  7
ISOCP
 72
     1
 11
301.6277461090448
 21
180.7877227247886
 31
0.0
100
AcDbAttribute
  2
R(POS)
 70
     0
 74
     2
280
     0
 71
     1
 72
     0
 11
301.6277461090448
 21
180.7877227247886
 31
0.0
  0
SEQEND
  5
827C
330
8275
100
AcDbEntity
  8
0
  0
INSERT
  5
827D
330
1F
100
AcDbEntity
  8
0
100
AcDbBlockReference
 66
     1
  2
FRONT_REPEATER
 10
133.5304054867344
 20
-46.68931915669421
 30
0.0
  0
ATTRIB
  5
827E
330
827D
100
AcDbEntity
  8
0
100
AcDbText
 10
300.6104191905928
 20
160.7082107205958
 30
0.0
 40
2.17643035283774
  1
*
  7
ISOCP
 72
     1
 11
301.3699026991352
 21
161.7964258970147
 31
0.0
100
AcDbAttribute
  2
S_NAME
 70
     0
 74
     2
280
     0
 71
     1
 72
     0
 11
301.3699026991352
 21
161.7964258970147
 31
0.0
  0
ATTRIB
  5
827F
330
827D
100
AcDbEntity
  8
0
100
AcDbText
 10
298.7672547355334
 20
157.0656529260818
 30
0.0
 40
2.17643035283774
  1
HPR
  7
ISOCP
 72
     1
 11
301.3699026991352
 21
158.1538681025006
 31
0.0
100
AcDbAttribute
  2
R_NAME
 70
     0
 74
     2
280
     0
 71
     1
 72
     0
 11
301.3699026991352
 21
158.1538681025006
 31
0.0
  0
ATTRIB
  5
8280
330
827D
100
AcDbEntity
  8
0
 62
     0
100
AcDbText
 10
297.4127566030666
 20
151.4573777112502
 30
0.0
 40
2.17643035283774
  1

  7
ISOCP
 72
     1
 11
297.4127566030666
 21
153.6338080640879
 31
0.0
100
AcDbAttribute
  2
A
 70
     0
 74
     3
280
     0
 71
     1
 72
     0
 11
297.4127566030666
 21
153.6338080640879
 31
0.0
  0
ATTRIB
  5
8281
330
827D
100
AcDbEntity
  8
0
 62
     0
100
AcDbText
 10
305.3270487952038
 20
151.4573777112502
 30
0.0
 40
2.17643035283774
  1

  7
ISOCP
 72
     1
 11
305.3270487952038
 21
153.6338080640879
 31
0.0
100
AcDbAttribute
  2
F
 70
     0
 74
     3
280
     0
 71
     1
 72
     0
 11
305.3270487952038
 21
153.6338080640879
 31
0.0
  0
ATTRIB
  5
8282
330
827D
100
AcDbEntity
  8
0
100
AcDbText
 10
301.1608492750693
 20
151.5244499020514
 30
0.0
 40
2.17643035283774
  1

  7
ISOCP
 72
     1
 11
301.1608492750693
 21
152.6126650784703
 31
0.0
100
AcDbAttribute
  2
C
 70
     0
 74
     2
280
     0
 71
     1
 72
     0
 11
301.1608492750693
 21
152.6126650784703
 31
0.0
  0
ATTRIB
  5
8283
330
827D
100
AcDbEntity
  8
0
100
AcDbText
 10
301.4843539302362
 20
163.6032002021121
 30
0.0
 40
2.17643035283774
  1

  7
ISOCP
 72
     1
 11
301.4843539302362
 21
164.691415378531
 31
0.0
100
AcDbAttribute
  2
R(POS)
 70
     0
 74
     2
280
     0
 71
     1
 72
     0
 11
301.4843539302362
 21
164.691415378531
 31
0.0
  0
SEQEND
  5
8284
330
827D
100
AcDbEntity
  8
0
  0
INSERT
  5
8285
330
1F
100
AcDbEntity
  8
0
100
AcDbBlockReference
 66
     1
  2
FRONT_REPEATER
 10
133.528083757371
 20
-62.0909928870357
 30
0.0
  0
ATTRIB
  5
8286
330
8285
100
AcDbEntity
  8
0
100
AcDbText
 10
300.6080974612294
 20
145.3065369902543
 30
0.0
 40
2.17643035283774
  1
*
  7
ISOCP
 72
     1
 11
301.3675809697717
 21
146.3947521666732
 31
0.0
100
AcDbAttribute
  2
S_NAME
 70
     0
 74
     2
280
     0
 71
     1
 72
     0
 11
301.3675809697717
 21
146.3947521666732
 31
0.0
  0
ATTRIB
  5
8287
330
8285
100
AcDbEntity
  8
0
100
AcDbText
 10
298.7649330061699
 20
141.6639791957404
 30
0.0
 40
2.17643035283774
  1
HPR
  7
ISOCP
 72
     1
 11
301.3675809697717
 21
142.7521943721592
 31
0.0
100
AcDbAttribute
  2
R_NAME
 70
     0
 74
     2
280
     0
 71
     1
 72
     0
 11
301.3675809697717
 21
142.7521943721592
 31
0.0
  0
ATTRIB
  5
8288
330
8285
100
AcDbEntity
  8
0
 62
     0
100
AcDbText
 10
297.4104348737031
 20
136.0557039809086
 30
0.0
 40
2.17643035283774
  1

  7
ISOCP
 72
     1
 11
297.4104348737031
 21
138.2321343337464
 31
0.0
100
AcDbAttribute
  2
A
 70
     0
 74
     3
280
     0
 71
     1
 72
     0
 11
297.4104348737031
 21
138.2321343337464
 31
0.0
  0
ATTRIB
  5
8289
330
8285
100
AcDbEntity
  8
0
 62
     0
100
AcDbText
 10
305.3247270658404
 20
136.0557039809086
 30
0.0
 40
2.17643035283774
  1

  7
ISOCP
 72
     1
 11
305.3247270658404
 21
138.2321343337464
 31
0.0
100
AcDbAttribute
  2
F
 70
     0
 74
     3
280
     0
 71
     1
 72
     0
 11
305.3247270658404
 21
138.2321343337464
 31
0.0
  0
ATTRIB
  5
828A
330
8285
100
AcDbEntity
  8
0
100
AcDbText
 10
301.1585275457059
 20
136.1227761717098
 30
0.0
 40
2.17643035283774
  1

  7
ISOCP
 72
     1
 11
301.1585275457059
 21
137.2109913481287
 31
0.0
100
AcDbAttribute
  2
C
 70
     0
 74
     2
280
     0
 71
     1
 72
     0
 11
301.1585275457059
 21
137.2109913481287
 31
0.0
  0
ATTRIB
  5
828B
330
8285
100
AcDbEntity
  8
0
100
AcDbText
 10
301.4820322008728
 20
148.2015264717707
 30
0.0
 40
2.17643035283774
  1

  7
ISOCP
 72
     1
 11
301.4820322008728
 21
149.2897416481896
 31
0.0
100
AcDbAttribute
  2
R(POS)
 70
     0
 74
     2
280
     0
 71
     1
 72
     0
 11
301.4820322008728
 21
149.2897416481896
 31
0.0
  0
SEQEND
  5
828C
330
8285
100
AcDbEntity
  8
0
  0
INSERT
  5
828D
330
1F
100
AcDbEntity
  8
0
100
AcDbBlockReference
 66
     1
  2
FRONT_REPEATER
 10
133.5327260285008
 20
-75.77538352903778
 30
0.0
  0
ATTRIB
  5
828E
330
828D
100
AcDbEntity
  8
0
100
AcDbText
 10
300.6127397323592
 20
131.6221463482522
 30
0.0
 40
2.17643035283774
  1
*
  7
ISOCP
 72
     1
 11
301.3722232409016
 21
132.7103615246711
 31
0.0
100
AcDbAttribute
  2
S_NAME
 70
     0
 74
     2
280
     0
 71
     1
 72
     0
 11
301.3722232409016
 21
132.7103615246711
 31
0.0
  0
ATTRIB
  5
828F
330
828D
100
AcDbEntity
  8
0
100
AcDbText
 10
298.7695752772998
 20
127.9795885537381
 30
0.0
 40
2.17643035283774
  1
HPR
  7
ISOCP
 72
     1
 11
301.3722232409016
 21
129.067803730157
 31
0.0
100
AcDbAttribute
  2
R_NAME
 70
     0
 74
     2
280
     0
 71
     1
 72
     0
 11
301.3722232409016
 21
129.067803730157
 31
0.0
  0
ATTRIB
  5
8290
330
828D
100
AcDbEntity
  8
0
 62
     0
100
AcDbText
 10
297.415077144833
 20
122.3713133389066
 30
0.0
 40
2.17643035283774
  1

  7
ISOCP
 72
     1
 11
297.415077144833
 21
124.5477436917443
 31
0.0
100
AcDbAttribute
  2
A
 70
     0
 74
     3
280
     0
 71
     1
 72
     0
 11
297.415077144833
 21
124.5477436917443
 31
0.0
  0
ATTRIB
  5
8291
330
828D
100
AcDbEntity
  8
0
 62
     0
100
AcDbText
 10
305.3293693369702
 20
122.3713133389066
 30
0.0
 40
2.17643035283774
  1

  7
ISOCP
 72
     1
 11
305.3293693369702
 21
124.5477436917443
 31
0.0
100
AcDbAttribute
  2
F
 70
     0
 74
     3
280
     0
 71
     1
 72
     0
 11
305.3293693369702
 21
124.5477436917443
 31
0.0
  0
ATTRIB
  5
8292
330
828D
100
AcDbEntity
  8
0
100
AcDbText
 10
301.1631698168357
 20
122.4383855297078
 30
0.0
 40
2.17643035283774
  1

  7
ISOCP
 72
     1
 11
301.1631698168357
 21
123.5266007061267
 31
0.0
100
AcDbAttribute
  2
C
 70
     0
 74
     2
280
     0
 71
     1
 72
     0
 11
301.1631698168357
 21
123.5266007061267
 31
0.0
  0
ATTRIB
  5
8293
330
828D
100
AcDbEntity
  8
0
100
AcDbText
 10
301.4866744720026
 20
134.5171358297686
 30
0.0
 40
2.17643035283774
  1

  7
ISOCP
 72
     1
 11
301.4866744720026
 21
135.6053510061875
 31
0.0
100
AcDbAttribute
  2
R(POS)
 70
     0
 74
     2
280
     0
 71
     1
 72
     0
 11
301.4866744720026
 21
135.6053510061875
 31
0.0
  0
SEQEND
  5
8294
330
828D
100
AcDbEntity
  8
0
  0
INSERT
  5
8295
330
1F
100
AcDbEntity
  8
0
100
AcDbBlockReference
 66
     1
  2
FRONT_REPEATER
 10
133.5304042991378
 20
-91.2455571894971
 30
0.0
  0
ATTRIB
  5
8296
330
8295
100
AcDbEntity
  8
0
100
AcDbText
 10
300.6104180029963
 20
116.1519726877929
 30
0.0
 40
2.17643035283774
  1
*
  7
ISOCP
 72
     1
 11
301.3699015115386
 21
117.2401878642118
 31
0.0
100
AcDbAttribute
  2
S_NAME
 70
     0
 74
     2
280
     0
 71
     1
 72
     0
 11
301.3699015115386
 21
117.2401878642118
 31
0.0
  0
ATTRIB
  5
8297
330
8295
100
AcDbEntity
  8
0
100
AcDbText
 10
298.7672535479368
 20
112.5094148932788
 30
0.0
 40
2.17643035283774
  1
HPR
  7
ISOCP
 72
     1
 11
301.3699015115386
 21
113.5976300696977
 31
0.0
100
AcDbAttribute
  2
R_NAME
 70
     0
 74
     2
280
     0
 71
     1
 72
     0
 11
301.3699015115386
 21
113.5976300696977
 31
0.0
  0
ATTRIB
  5
8298
330
8295
100
AcDbEntity
  8
0
 62
     0
100
AcDbText
 10
297.41275541547
 20
106.9011396784472
 30
0.0
 40
2.17643035283774
  1

  7
ISOCP
 72
     1
 11
297.41275541547
 21
109.0775700312849
 31
0.0
100
AcDbAttribute
  2
A
 70
     0
 74
     3
280
     0
 71
     1
 72
     0
 11
297.41275541547
 21
109.0775700312849
 31
0.0
  0
ATTRIB
  5
8299
330
8295
100
AcDbEntity
  8
0
 62
     0
100
AcDbText
 10
305.3270476076071
 20
106.9011396784472
 30
0.0
 40
2.17643035283774
  1

  7
ISOCP
 72
     1
 11
305.3270476076071
 21
109.0775700312849
 31
0.0
100
AcDbAttribute
  2
F
 70
     0
 74
     3
280
     0
 71
     1
 72
     0
 11
305.3270476076071
 21
109.0775700312849
 31
0.0
  0
ATTRIB
  5
829A
330
8295
100
AcDbEntity
  8
0
100
AcDbText
 10
301.1608480874726
 20
106.9682118692484
 30
0.0
 40
2.17643035283774
  1

  7
ISOCP
 72
     1
 11
301.1608480874726
 21
108.0564270456673
 31
0.0
100
AcDbAttribute
  2
C
 70
     0
 74
     2
280
     0
 71
     1
 72
     0
 11
301.1608480874726
 21
108.0564270456673
 31
0.0
  0
ATTRIB
  5
829B
330
8295
100
AcDbEntity
  8
0
100
AcDbText
 10
301.4843527426395
 20
119.0469621693092
 30
0.0
 40
2.17643035283774
  1

  7
ISOCP
 72
     1
 11
301.4843527426395
 21
120.1351773457281
 31
0.0
100
AcDbAttribute
  2
R(POS)
 70
     0
 74
     2
280
     0
 71
     1
 72
     0
 11
301.4843527426395
 21
120.1351773457281
 31
0.0
  0
SEQEND
  5
829C
330
8295
100
AcDbEntity
  8
0
  0
ENDSEC
  0
SECTION
  2
OBJECTS
  0
DICTIONARY
  5
C
330
0
100
AcDbDictionary
281
     1
  3
ACAD_CIP_PREVIOUS_PRODUCT_INFO
350
1A5
  3
ACAD_COLOR
350
73
  3
ACAD_DATALINK
350
35BE
  3
ACAD_DETAILVIEWSTYLE
350
1AB
  3
ACAD_DGNDEFINITIONS
350
6612
  3
ACAD_DWFDEFINITIONS
350
6611
  3
ACAD_FIELDLIST
350
6449
  3
ACAD_GROUP
350
D
  3
ACAD_IMAGE_VARS
350
35BD
  3
ACAD_LAST_SAVED_VERSION_INFO
350
2F6
  3
ACAD_LAYOUT
350
1A
  3
ACAD_MATERIAL
350
72
  3
ACAD_MLEADERSTYLE
350
D7
  3
ACAD_MLINESTYLE
350
17
  3
ACAD_PDFDEFINITIONS
350
6610
  3
ACAD_PLOTSETTINGS
350
19
  3
ACAD_PLOTSTYLENAME
350
E
  3
ACAD_SCALELIST
350
B6
  3
ACAD_SECTIONVIEWSTYLE
350
1A8
  3
ACAD_TABLESTYLE
350
86
  3
ACAD_VISUALSTYLE
350
99
  3
ACDB_RECOMPOSE_DATA
350
846D
  3
AcDbVariableDictionary
350
66
  3
APPDATA
350
35BB
  3
EZDXF_META
350
810B
  0
SUN
  5
8464
330
8463
100
AcDbSun
 90
        1
290
     0
 63
     7
421
 16777215
 40
1.0
291
     1
 91
  2455826
 92
 54000000
292
     0
 70
     2
 71
   256
280
     1
  0
DICTIONARY
  5
18E
330
2
100
AcDbDictionary
280
     1
281
     1
  3
ACAD_LAYERSTATES
360
18F
  0
DICTIONARY
  5
15D
330
1F
100
AcDbDictionary
280
     1
281
     1
  3
ACAD_SORTENTS
360
2F5
  0
DICTIONARY
  5
8451
330
245
100
AcDbDictionary
280
     1
281
     1
  3
ACAD_SORTENTS
360
8452
  0
DICTIONARY
  5
1C6A
330
255
100
AcDbDictionary
280
     1
281
     1
  3
ACAD_SORTENTS
360
23F0
  0
DICTIONARY
  5
82CF
330
931
100
AcDbDictionary
280
     1
281
     1
  3
ACAD_SORTENTS
360
82D0
  0
DICTIONARY
  5
8346
330
96F
100
AcDbDictionary
280
     1
281
     1
  3
ACAD_SORTENTS
360
8347
  0
DICTIONARY
  5
83DB
330
D4B
100
AcDbDictionary
280
     1
281
     1
  3
ACAD_SORTENTS
360
83DC
  0
DICTIONARY
  5
3953
330
3952
100
AcDbDictionary
280
     1
281
     1
  3
ACAD_SORTENTS
360
3954
  0
XRECORD
  5
1A5
102
{ACAD_REACTORS
330
C
102
}
330
C
100
AcDbXrecord
280
     1
300
ACDLT
300
2026
300

  0
DICTIONARY
  5
73
102
{ACAD_REACTORS
330
C
102
}
330
C
100
AcDbDictionary
281
     1
  0
DICTIONARY
  5
35BE
102
{ACAD_REACTORS
330
C
102
}
330
C
100
AcDbDictionary
281
     1
  0
DICTIONARY
  5
1AB
102
{ACAD_REACTORS
330
C
102
}
330
C
100
AcDbDictionary
281
     1
  3
Imperial24
350
1AC
  3
Metric50
350
4CB
  0
DICTIONARY
  5
6612
102
{ACAD_REACTORS
330
C
102
}
330
C
100
AcDbDictionary
281
     1
  0
DICTIONARY
  5
6611
102
{ACAD_REACTORS
330
C
102
}
330
C
100
AcDbDictionary
281
     1
  0
FIELDLIST
  5
6449
102
{ACAD_REACTORS
330
C
102
}
330
C
100
AcDbIdSet
 90
        0
100
AcDbFieldList
  0
DICTIONARY
  5
D
102
{ACAD_REACTORS
330
C
102
}
330
C
100
AcDbDictionary
281
     1
  0
RASTERVARIABLES
  5
35BD
102
{ACAD_REACTORS
330
C
102
}
330
C
100
AcDbRasterVariables
 90
        0
 70
     1
 71
     1
 72
     1
  0
XRECORD
  5
2F6
102
{ACAD_REACTORS
330
C
102
}
330
C
100
AcDbXrecord
280
     1
300
{50C6A036-038E-EC4A-AA23-F82AFB3BA323}
301
{83EC8E86-7B4D-EC4E-AEC1-F55E562DED58}
302
{50C6A036-038E-EC4A-AA23-F82AFB3BA323}
303
E:\MSDAC\015.KBT - TO MSDAC Auto hut IFC _INDU-ST-25-26-0386_20250721\6. Wip\MASTER\13.08.2025\PROJ_SG_MS_51_KBT-TO_HUT1_2025_002.dwg
301
{82EB644E-55E7-4F43-9AB8-B3F8A5425404}
302
{75AF8F18-DEDD-DD4B-BCBC-E1D2236B6EAE}
303
F:\OTHER EMPLOYEES\SAMPATH\MSDAC\011-WJR-MCN-MSDAC Autohut IFC\6. Wip\MASTER\22.05.2025\PROJ_SG_WJR_MCN_51_2025_002.dwg
301
{FE2936C4-5180-8E4C-B89E-CE3B90107E60}
302
{E91310E3-2BD5-4741-816B-338F279B09EC}
303
E:\SAMPATH\wjr-mcn\24.04.2025\PROJ_SG_WJR_MCN_51_2025_002.dwg
301
{C9920A38-6A04-264B-9454-41A36F739E0E}
302
{0BF8CFA1-1B04-6C44-8ED9-0F2F6022556A}
303
E:\kavish\010.PEL-DVR MSDAC Autohut IFC\6. WIP\SUPERSEDED\08.02.2025\WIP\PROJ_SG_PEL_DVR_51_2024_002.dwg
301
{66B35012-EF34-084D-A7CE-AF922FCFD18F}
302
{A28AD6CC-FBF4-3947-9204-D45236B46394}
303
D:\Senthilkumar S\MSDAC\PEL-DVR\Reference\RENAME\PROJ_SG_MS_51_2024_0002.dwg
301
{3ED469F7-5113-6042-B98D-58F8E4C2CD5F}
302
{C0F03AA7-D07E-1243-A8C4-4B06FB3C31A0}
303
E:\MAHITHA\MSDAC\004. PV - TBM MSDAC Autohut IFC\6.WIP\New 15.07.2024\PROJ_SG_MS_51_2024_0132.dwg
301
{CD559B23-52C7-3B43-9974-35D7C51204F6}
302
{E3CA13C9-B06D-EF43-8574-42F79FC2F99E}
303
D:\PYTHON\PYTHON PROJECTS\Testing_Automation_2024\pdf\PROJ_SG_MS_51_2024_0132.dwg
301
{797CFB49-9665-AA4C-920A-CCFC6A046875}
302
{65CFAB05-7417-CC4D-8806-EC84CB640AD6}
303
D:\Interface Circuits\8.Southern Railway\MSDAC\INDU-ST-24-25-0006-MSDAC-STM - PV\6.WIP\FINAL FILE\PROJ_SG_MS_51_2024_0062.dwg
  0
DICTIONARY
  5
1A
102
{ACAD_REACTORS
330
C
102
}
330
C
100
AcDbDictionary
281
     1
  3
Layout1
350
59
  3
Layout2
350
5E
  3
Model
350
22
  0
DICTIONARY
  5
72
102
{ACAD_REACTORS
330
C
102
}
330
C
100
AcDbDictionary
281
     1
  3
ByBlock
350
97
  3
ByLayer
350
96
  3
Global
350
98
  0
DICTIONARY
  5
D7
102
{ACAD_REACTORS
330
C
102
}
330
C
100
AcDbDictionary
281
     1
  3
Standard
350
D8
  0
DICTIONARY
  5
17
102
{ACAD_REACTORS
330
C
102
}
330
C
100
AcDbDictionary
281
     1
  3
Standard
350
18
  0
DICTIONARY
  5
6610
102
{ACAD_REACTORS
330
C
102
}
330
C
100
AcDbDictionary
281
     1
  0
DICTIONARY
  5
19
102
{ACAD_REACTORS
330
C
102
}
330
C
100
AcDbDictionary
281
     1
  0
ACDBDICTIONARYWDFLT
  5
E
102
{ACAD_REACTORS
330
C
102
}
330
C
100
AcDbDictionary
281
     1
  3
Normal
350
F
100
AcDbDictionaryWithDefault
340
F
  0
DICTIONARY
  5
B6
102
{ACAD_REACTORS
330
C
102
}
330
C
100
AcDbDictionary
281
     1
  3
A0
350
B7
  3
A1
350
124
  3
A2
350
125
  3
A3
350
126
  3
A4
350
127
  3
A5
350
128
  3
A6
350
129
  3
A7
350
12A
  3
A8
350
12B
  3
A9
350
12C
  3
B0
350
12D
  3
B1
350
12E
  3
B2
350
12F
  3
B3
350
130
  3
B4
350
131
  3
B5
350
132
  3
B6
350
133
  3
B7
350
134
  3
B8
350
135
  3
B9
350
136
  3
C0
350
137
  3
C1
350
138
  3
C2
350
139
  3
C3
350
13A
  3
C4
350
13B
  3
C5
350
13C
  3
C6
350
13D
  3
C7
350
13E
  3
C8
350
13F
  3
C9
350
140
  3
D0
350
141
  3
D1
350
142
  3
D2
350
143
  0
DICTIONARY
  5
1A8
102
{ACAD_REACTORS
330
C
102
}
330
C
100
AcDbDictionary
281
     1
  3
Imperial24
350
1AA
  3
Metric50
350
4CA
  0
DICTIONARY
  5
86
102
{ACAD_REACTORS
330
C
102
}
330
C
100
AcDbDictionary
281
     1
  3
Standard
350
87
  0
DICTIONARY
  5
99
102
{ACAD_REACTORS
330
C
102
}
330
C
100
AcDbDictionary
281
     1
  3
2dWireframe
350
9F
  3
3dWireframe
350
4D5B
  3
Basic
350
9E
  3
Brighten
350
A5
  3
ColorChange
350
A9
  3
Conceptual
350
A2
  3
Dim
350
A4
  3
EdgeColorOff
350
175
  3
Facepattern
350
A8
  3
Flat
350
9A
  3
FlatWithEdges
350
9B
  3
Gouraud
350
9C
  3
GouraudWithEdges
350
9D
  3
Hidden
350
A1
  3
JitterOff
350
173
  3
Linepattern
350
A7
  3
OverhangOff
350
174
  3
Realistic
350
A3
  3
Shaded
350
182
  3
Shaded with edges
350
181
  3
Shades of Gray
350
17E
  3
Sketchy
350
17F
  3
Thicken
350
A6
  3
Wireframe
350
A0
  3
X-Ray
350
180
  0
XRECORD
  5
846D
102
{ACAD_REACTORS
330
C
102
}
330
C
100
AcDbXrecord
280
     1
 90
        1
330
87
  0
DICTIONARY
  5
66
102
{ACAD_REACTORS
330
C
102
}
330
C
100
AcDbDictionary
281
     1
  3
CANNOSCALE
350
F0
  3
CMLEADERSTYLE
350
EF
  3
CTABLESTYLE
350
89
  3
CVIEWDETAILSTYLE
350
1B7
  3
CVIEWSECTIONSTYLE
350
1B8
  3
DIMASSOC
350
67
  3
HIDETEXT
350
6B
  3
HPCOLOR
350
D81
  3
HPTRANSPARENCY
350
D80
  3
LAYEREVAL
350
14D
  3
LAYERNOTIFY
350
14E
  0
DICTIONARY
  5
35BB
102
{ACAD_REACTORS
330
C
102
}
330
C
100
AcDbDictionary
281
     1
  0
DICTIONARY
  5
810B
330
C
100
AcDbDictionary
281
     1
  3
WRITTEN_BY_EZDXF
350
810C
  0
DICTIONARY
  5
18F
102
{ACAD_REACTORS
330
18E
102
}
330
18E
100
AcDbDictionary
281
     1
  0
SORTENTSTABLE
  5
2F5
102
{ACAD_REACTORS
330
15D
102
}
330
15D
100
AcDbSortentsTable
330
1F
  0
SORTENTSTABLE
  5
8452
102
{ACAD_REACTORS
330
8451
102
}
330
8451
100
AcDbSortentsTable
330
245
  0
SORTENTSTABLE
  5
23F0
102
{ACAD_REACTORS
330
1C6A
102
}
330
1C6A
100
AcDbSortentsTable
330
255
  0
SORTENTSTABLE
  5
82D0
102
{ACAD_REACTORS
330
82CF
102
}
330
82CF
100
AcDbSortentsTable
330
931
  0
SORTENTSTABLE
  5
8347
102
{ACAD_REACTORS
330
8346
102
}
330
8346
100
AcDbSortentsTable
330
96F
  0
SORTENTSTABLE
  5
83DC
102
{ACAD_REACTORS
330
83DB
102
}
330
83DB
100
AcDbSortentsTable
330
D4B
  0
SORTENTSTABLE
  5
3954
102
{ACAD_REACTORS
330
3953
102
}
330
3953
100
AcDbSortentsTable
330
3952
  0
ACDBDETAILVIEWSTYLE
  5
1AC
102
{ACAD_REACTORS
330
1AB
102
}
330
1AB
100
AcDbModelDocViewStyle
 70
     0
  3
Imperial24
290
     0
300
Imperial24
 90
        0
100
AcDbDetailViewStyle
 70
     0
 71
     0
 90
        3
 71
     1
340
11
 62
   256
 40
0.24
340
0
 62
   256
 40
0.24
300

 40
0.36
280
     3
 71
     2
340
16
 90
       25
 62
   256
 71
     3
340
11
 62
   256
 40
0.24
 90
        1
 40
0.75
 90
        1
300
%<\AcVar ViewType \f "%tc1">% %<\AcVar ViewDetailId>%\PSCALE %<\AcVar ViewScale \f "%sn">%
 71
     4
340
16
 90
       25
 62
   256
340
16
 90
       25
 62
   256
280
     0
  0
ACDBDETAILVIEWSTYLE
  5
4CB
102
{ACAD_REACTORS
330
1AB
102
}
330
1AB
100
AcDbModelDocViewStyle
 70
     0
  3
Metric50
290
     0
300
Metric50
 90
        0
100
AcDbDetailViewStyle
 70
     0
 71
     0
 90
        3
 71
     1
340
11
 62
   256
 40
5.0
340
0
 62
   256
 40
5.0
300

 40
0.0
280
     1
 71
     2
340
16
 90
       25
 62
   256
 71
     3
340
11
 62
   256
 40
5.0
 90
        0
 40
15.0
 90
        1
300
%<\AcVar ViewDetailId>% (%<\AcVar ViewScale \f "%sn">%)
 71
     4
340
16
 90
       25
 62
   256
340
16
 90
       25
 62
   256
280
     0
  0
LAYOUT
  5
59
102
{ACAD_REACTORS
330
1A
102
}
330
1A
100
AcDbPlotSettings
  1

  2
None
  4

  6

 40
0.0
 41
0.0
 42
0.0
 43
0.0
 44
0.0
 45
0.0
 46
0.0
 47
0.0
 48
0.0
 49
0.0
140
0.0
141
0.0
142
1.0
143
1.0
 70
   688
 72
     0
 73
     0
 74
     5
  7

 75
    16
 76
     0
 77
     2
 78
   300
147
1.0
148
0.0
149
0.0
100
AcDbLayout
  1
Layout1
 70
     1
 71
     1
 10
0.0
 20
0.0
 11
12.0
 21
9.0
 12
0.0
 22
0.0
 32
0.0
 14
0.0
 24
0.0
 34
0.0
 15
0.0
 25
0.0
 35
0.0
146
0.0
 13
0.0
 23
0.0
 33
0.0
 16
1.0
 26
0.0
 36
0.0
 17
0.0
 27
1.0
 37
0.0
 76
     0
330
58
  0
LAYOUT
  5
5E
102
{ACAD_REACTORS
330
1A
102
}
330
1A
100
AcDbPlotSettings
  1

  2
None
  4

  6

 40
0.0
 41
0.0
 42
0.0
 43
0.0
 44
0.0
 45
0.0
 46
0.0
 47
0.0
 48
0.0
 49
0.0
140
0.0
141
0.0
142
1.0
143
1.0
 70
   688
 72
     0
 73
     0
 74
     5
  7

 75
    16
 76
     0
 77
     2
 78
   300
147
1.0
148
0.0
149
0.0
100
AcDbLayout
  1
Layout2
 70
     1
 71
     2
 10
0.0
 20
0.0
 11
12.0
 21
9.0
 12
0.0
 22
0.0
 32
0.0
 14
0.0
 24
0.0
 34
0.0
 15
0.0
 25
0.0
 35
0.0
146
0.0
 13
0.0
 23
0.0
 33
0.0
 16
1.0
 26
0.0
 36
0.0
 17
0.0
 27
1.0
 37
0.0
 76
     0
330
5D
  0
LAYOUT
  5
22
102
{ACAD_REACTORS
330
1A
102
}
330
1A
100
AcDbPlotSettings
  1

  2
none_device
  4
ANSI_A_(8.50_x_11.00_Inches)
  6

 40
6.349999904632568
 41
19.04999923706055
 42
6.350006103515625
 43
19.04998779296875
 44
215.8999938964844
 45
279.3999938964844
 46
0.0
 47
0.0
 48
0.0
 49
0.0
140
0.0
141
0.0
142
1.0
143
2.584895464708374
 70
 11952
 72
     0
 73
     1
 74
     0
  7

 75
     0
 76
     0
 77
     2
 78
   300
147
0.3868628397755418
148
0.0
149
0.0
100
AcDbLayout
  1
Model
 70
     1
 71
     0
 10
0.0
 20
0.0
 11
12.0
 21
9.0
 12
0.0
 22
0.0
 32
0.0
 14
27.63044387527398
 24
46.80449827542807
 34
0.0
 15
362.4582283291738
 25
289.851660481569
 35
0.849233469199126
146
0.0
 13
0.0
 23
0.0
 33
0.0
 16
1.0
 26
0.0
 36
0.0
 17
0.0
 27
1.0
 37
0.0
 76
     0
330
1F
331
8463
  0
MATERIAL
  5
97
102
{ACAD_REACTORS
330
72
102
}
102
{ACAD_XDICTIONARY
360
188
102
}
330
72
100
AcDbMaterial
  1
ByBlock
 72
     1
 78
     2
172
     2
176
     2
270
     2
273
     1
274
     2
 94
       63
  0
MATERIAL
  5
96
102
{ACAD_REACTORS
330
72
102
}
102
{ACAD_XDICTIONARY
360
186
102
}
330
72
100
AcDbMaterial
  1
ByLayer
 72
     1
 78
     2
172
     2
176
     2
270
     2
273
     1
274
     2
 94
       63
  0
MATERIAL
  5
98
102
{ACAD_REACTORS
330
72
102
}
102
{ACAD_XDICTIONARY
360
110
102
}
330
72
100
AcDbMaterial
  1
Global
 72
     1
 43
0.0208000000566244
 43
0.0
 43
0.0
 43
0.0
 43
0.0
 43
0.0208000000566244
 43
0.0
 43
0.0
 43
0.0
 43
0.0
 43
1.0
 43
0.0
 43
0.0
 43
0.0
 43
0.0
 43
1.0
 78
     2
172
     2
 49
0.0208000000566244
 49
0.0
 49
0.0
 49
0.0
 49
0.0
 49
0.0208000000566244
 49
0.0
 49
0.0
 49
0.0
 49
0.0
 49
1.0
 49
0.0
 49
0.0
 49
0.0
 49
0.0
 49
1.0
176
     2
142
0.0208000000566244
142
0.0
142
0.0
142
0.0
142
0.0
142
0.0208000000566244
142
0.0
142
0.0
142
0.0
142
0.0
142
1.0
142
0.0
142
0.0
142
0.0
142
0.0
142
1.0
270
     2
144
0.0208000000566244
144
0.0
144
0.0
144
0.0
144
0.0
144
0.0208000000566244
144
0.0
144
0.0
144
0.0
144
0.0
144
1.0
144
0.0
144
0.0
144
0.0
144
0.0
144
1.0
273
     1
274
     2
 94
       63
1001
ACAD
1070
    -1
1070
     3
1070
     0
1000

1071
        0
1070
     0
  0
MLEADERSTYLE
  5
D8
102
{ACAD_REACTORS
330
D7
102
}
330
D7
100
AcDbMLeaderStyle
179
     2
170
     2
171
     1
172
     0
 90
        2
 40
0.0
 41
0.0
173
     1
 91
-1056964608
340
14
 92
       -2
290
     1
 42
0.09
291
     1
 43
-0.36
  3
Standard
341
0
 44
1.0
300

342
11
174
     1
178
     1
175
     1
176
     0
 93
-1056964608
 45
0.18
292
     0
297
     0
 46
0.18
343
0
 94
-1056964608
 47
1.0
 49
1.0
140
1.0
293
     1
141
0.0
294
     1
177
     0
142
1.0
295
     0
296
     0
143
0.125
271
     0
272
     9
273
     9
298
     0
  0
MLINESTYLE
  5
18
102
{ACAD_REACTORS
330
17
102
}
330
17
100
AcDbMlineStyle
  2
STANDARD
 70
     0
  3

 62
   256
 51
90.0
 52
90.0
 71
     2
 49
0.5
 62
   256
  6
BYLAYER
 49
-0.5
 62
   256
  6
BYLAYER
  0
ACDBPLACEHOLDER
  5
F
102
{ACAD_REACTORS
330
E
102
}
330
E
  0
SCALE
  5
B7
102
{ACAD_REACTORS
330
B6
102
}
330
B6
100
AcDbScale
 70
     0
300
1:1
140
1.0
141
1.0
290
     1
  0
SCALE
  5
124
102
{ACAD_REACTORS
330
B6
102
}
330
B6
100
AcDbScale
 70
     0
300
1:2
140
1.0
141
2.0
290
     0
  0
SCALE
  5
125
102
{ACAD_REACTORS
330
B6
102
}
330
B6
100
AcDbScale
 70
     0
300
1:4
140
1.0
141
4.0
290
     0
  0
SCALE
  5
126
102
{ACAD_REACTORS
330
B6
102
}
330
B6
100
AcDbScale
 70
     0
300
1:5
140
1.0
141
5.0
290
     0
  0
SCALE
  5
127
102
{ACAD_REACTORS
330
B6
102
}
330
B6
100
AcDbScale
 70
     0
300
1:8
140
1.0
141
8.0
290
     0
  0
SCALE
  5
128
102
{ACAD_REACTORS
330
B6
102
}
330
B6
100
AcDbScale
 70
     0
300
1:10
140
1.0
141
10.0
290
     0
  0
SCALE
  5
129
102
{ACAD_REACTORS
330
B6
102
}
330
B6
100
AcDbScale
 70
     0
300
1:16
140
1.0
141
16.0
290
     0
  0
SCALE
  5
12A
102
{ACAD_REACTORS
330
B6
102
}
330
B6
100
AcDbScale
 70
     0
300
1:20
140
1.0
141
20.0
290
     0
  0
SCALE
  5
12B
102
{ACAD_REACTORS
330
B6
102
}
330
B6
100
AcDbScale
 70
     0
300
1:30
140
1.0
141
30.0
290
     0
  0
SCALE
  5
12C
102
{ACAD_REACTORS
330
B6
102
}
330
B6
100
AcDbScale
 70
     0
300
1:40
140
1.0
141
40.0
290
     0
  0
SCALE
  5
12D
102
{ACAD_REACTORS
330
B6
102
}
330
B6
100
AcDbScale
 70
     0
300
1:50
140
1.0
141
50.0
290
     0
  0
SCALE
  5
12E
102
{ACAD_REACTORS
330
B6
102
}
330
B6
100
AcDbScale
 70
     0
300
1:100
140
1.0
141
100.0
290
     0
  0
SCALE
  5
12F
102
{ACAD_REACTORS
330
B6
102
}
330
B6
100
AcDbScale
 70
     0
300
2:1
140
2.0
141
1.0
290
     0
  0
SCALE
  5
130
102
{ACAD_REACTORS
330
B6
102
}
330
B6
100
AcDbScale
 70
     0
300
4:1
140
4.0
141
1.0
290
     0
  0
SCALE
  5
131
102
{ACAD_REACTORS
330
B6
102
}
330
B6
100
AcDbScale
 70
     0
300
8:1
140
8.0
141
1.0
290
     0
  0
SCALE
  5
132
102
{ACAD_REACTORS
330
B6
102
}
330
B6
100
AcDbScale
 70
     0
300
10:1
140
10.0
141
1.0
290
     0
  0
SCALE
  5
133
102
{ACAD_REACTORS
330
B6
102
}
330
B6
100
AcDbScale
 70
     0
300
100:1
140
100.0
141
1.0
290
     0
  0
SCALE
  5
134
102
{ACAD_REACTORS
330
B6
102
}
330
B6
100
AcDbScale
 70
     0
300
1/128" = 1'-0"
140
0.0078125
141
12.0
290
     0
  0
SCALE
  5
135
102
{ACAD_REACTORS
330
B6
102
}
330
B6
100
AcDbScale
 70
     0
300
1/64" = 1'-0"
140
0.015625
141
12.0
290
     0
  0
SCALE
  5
136
102
{ACAD_REACTORS
330
B6
102
}
330
B6
100
AcDbScale
 70
     0
300
1/32" = 1'-0"
140
0.03125
141
12.0
290
     0
  0
SCALE
  5
137
102
{ACAD_REACTORS
330
B6
102
}
330
B6
100
AcDbScale
 70
     0
300
1/16" = 1'-0"
140
0.0625
141
12.0
290
     0
  0
SCALE
  5
138
102
{ACAD_REACTORS
330
B6
102
}
330
B6
100
AcDbScale
 70
     0
300
3/32" = 1'-0"
140
0.09375
141
12.0
290
     0
  0
SCALE
  5
139
102
{ACAD_REACTORS
330
B6
102
}
330
B6
100
AcDbScale
 70
     0
300
1/8" = 1'-0"
140
0.125
141
12.0
290
     0
  0
SCALE
  5
13A
102
{ACAD_REACTORS
330
B6
102
}
330
B6
100
AcDbScale
 70
     0
300
3/16" = 1'-0"
140
0.1875
141
12.0
290
     0
  0
SCALE
  5
13B
102
{ACAD_REACTORS
330
B6
102
}
330
B6
100
AcDbScale
 70
     0
300
1/4" = 1'-0"
140
0.25
141
12.0
290
     0
  0
SCALE
  5
13C
102
{ACAD_REACTORS
330
B6
102
}
330
B6
100
AcDbScale
 70
     0
300
3/8" = 1'-0"
140
0.375
141
12.0
290
     0
  0
SCALE
  5
13D
102
{ACAD_REACTORS
330
B6
102
}
330
B6
100
AcDbScale
 70
     0
300
1/2" = 1'-0"
140
0.5
141
12.0
290
     0
  0
SCALE
  5
13E
102
{ACAD_REACTORS
330
B6
102
}
330
B6
100
AcDbScale
 70
     0
300
3/4" = 1'-0"
140
0.75
141
12.0
290
     0
  0
SCALE
  5
13F
102
{ACAD_REACTORS
330
B6
102
}
330
B6
100
AcDbScale
 70
     0
300
1" = 1'-0"
140
1.0
141
12.0
290
     0
  0
SCALE
  5
140
102
{ACAD_REACTORS
330
B6
102
}
330
B6
100
AcDbScale
 70
     0
300
1-1/2" = 1'-0"
140
1.5
141
12.0
290
     0
  0
SCALE
  5
141
102
{ACAD_REACTORS
330
B6
102
}
330
B6
100
AcDbScale
 70
     0
300
3" = 1'-0"
140
3.0
141
12.0
290
     0
  0
SCALE
  5
142
102
{ACAD_REACTORS
330
B6
102
}
330
B6
100
AcDbScale
 70
     0
300
6" = 1'-0"
140
6.0
141
12.0
290
     0
  0
SCALE
  5
143
102
{ACAD_REACTORS
330
B6
102
}
330
B6
100
AcDbScale
 70
     0
300
1'-0" = 1'-0"
140
12.0
141
12.0
290
     0
  0
ACDBSECTIONVIEWSTYLE
  5
1AA
102
{ACAD_REACTORS
330
1A8
102
}
330
1A8
100
AcDbModelDocViewStyle
 70
     0
  3
Imperial24
290
     0
300
Imperial24
 90
        0
100
AcDbSectionViewStyle
 70
     0
 71
     0
 90
       78
 71
     1
340
11
 62
   256
 40
0.24
340
0
340
0
 62
   256
 40
0.24
300
I, O, Q, S, X, Z
 40
0.48
 90
        3
 40
0.18
 90
        1
 71
     2
340
16
 90
       25
 62
   256
340
16
 90
       50
 62
   256
 40
0.24
 40
0.0
 40
0.24
 71
     3
340
11
 62
   256
 40
0.24
 90
        1
 40
0.75
 90
        1
300
%<\AcVar ViewType \f "%tc1">% %<\AcVar ViewSectionStartId>%-%<\AcVar ViewSectionEndId>%\PSCALE %<\AcVar ViewScale \f "%sn">%
 71
     4
 62
   256
 62
   257
300
ANSI31
 40
1.0
 90
        0
290
     0
290
     0
 90
        6
 40
0.0
 40
1.570796326794897
 40
0.2617993877991494
 40
1.308996938995747
 40
-0.2617993877991494
 40
1.832595714594046
  0
ACDBSECTIONVIEWSTYLE
  5
4CA
102
{ACAD_REACTORS
330
1A8
102
}
330
1A8
100
AcDbModelDocViewStyle
 70
     0
  3
Metric50
290
     0
300
Metric50
 90
        0
100
AcDbSectionViewStyle
 70
     0
 71
     0
 90
      102
 71
     1
340
11
 62
   256
 40
5.0
340
0
340
0
 62
   256
 40
5.0
300
I, O, Q, S, X, Z
 40
10.0
 90
        0
 40
2.5
 90
        0
 71
     2
340
16
 90
       25
 62
   256
340
16
 90
       50
 62
   256
 40
5.0
 40
2.5
 40
5.0
 71
     3
340
11
 62
   256
 40
5.0
 90
        0
 40
15.0
 90
        1
300
%<\AcVar ViewSectionStartId>%-%<\AcVar ViewSectionEndId>% (%<\AcVar ViewScale \f "%sn">%)
 71
     4
 62
   256
 62
   257
300
ANSI31
 40
1.0
 90
        0
290
     0
290
     0
 90
        6
 40
0.0
 40
1.570796326794897
 40
0.2617993877991494
 40
1.308996938995747
 40
-0.2617993877991494
 40
1.832595714594046
  0
TABLESTYLE
  5
87
102
{ACAD_REACTORS
330
86
102
}
102
{ACAD_XDICTIONARY
360
846B
102
}
330
86
100
AcDbTableStyle
  3
Standard
 70
     0
 71
     0
 40
0.06
 41
0.06
280
     0
281
     0
  7
Standard
140
0.18
170
     2
 62
     0
 63
   257
283
     0
 90
      512
 91
        0
  1

274
    -2
284
     1
 64
     0
275
    -2
285
     1
 65
     0
276
    -2
286
     1
 66
     0
277
    -2
287
     1
 67
     0
278
    -2
288
     1
 68
     0
279
    -2
289
     1
 69
     0
  7
Standard
140
0.25
170
     5
 62
     0
 63
   257
283
     0
 90
      512
 91
        0
  1

274
    -2
284
     1
 64
     0
275
    -2
285
     1
 65
     0
276
    -2
286
     1
 66
     0
277
    -2
287
     1
 67
     0
278
    -2
288
     1
 68
     0
279
    -2
289
     1
 69
     0
  7
Standard
140
0.18
170
     5
 62
     0
 63
   257
283
     0
 90
      512
 91
        0
  1

274
    -2
284
     1
 64
     0
275
    -2
285
     1
 65
     0
276
    -2
286
     1
 66
     0
277
    -2
287
     1
 67
     0
278
    -2
288
     1
 68
     0
279
    -2
289
     1
 69
     0
  0
VISUALSTYLE
  5
9F
102
{ACAD_REACTORS
330
99
102
}
330
99
100
AcDbVisualStyle
  2
2dWireframe
 70
     4
177
     3
291
     0
 70
    58
 90
        0
176
     1
 90
        2
176
     1
 90
        1
176
     1
 90
        0
176
     1
 40
0.6
176
     1
 40
30.0
176
     1
 62
     7
420
 16777215
176
     1
 90
        1
176
     1
 90
        4
176
     1
 62
     7
176
     1
 62
   257
176
     1
 90
        1
176
     1
 90
        1
176
     1
 40
1.0
176
     1
 90
        0
176
     1
 62
   257
176
     1
 40
1.0
176
     1
 90
        1
176
     1
 90
        6
176
     1
 90
        2
176
     1
 62
     7
176
     1
 90
        5
176
     1
 90
        0
176
     1
 90
        0
176
     1
290
     0
176
     1
 90
        1
176
     1
 40
0.0
176
     1
 90
        0
176
     1
290
     1
176
     1
290
     1
176
     1
290
     0
176
     1
290
     0
176
     1
290
     0
176
     1
290
     0
176
     1
290
     0
176
     1
290
     0
176
     1
290
     0
176
     1
 90
       50
176
     1
 40
0.0
176
     1
 40
1.0
176
     1
 90
        0
176
     1
 62
    18
420
        0
176
     1
 90
       50
176
     1
 90
        3
176
     1
 62
     5
420
      255
176
     1
290
     0
176
     1
 90
       50
176
     1
 90
       50
176
     1
 90
       50
176
     1
290
     0
176
     1
 90
       50
176
     1
 62
   256
176
     0
 40
1.0
176
     0
 90
        2
176
     1
  1
strokes_ogs.tif
176
     1
290
     0
176
     1
 40
1.0
176
     1
 40
1.0
176
     1
  0
VISUALSTYLE
  5
4D5B
102
{ACAD_REACTORS
330
99
102
}
330
99
100
AcDbVisualStyle
  2
3dWireframe
 70
     5
177
     3
291
     0
 70
    58
 90
        0
176
     1
 90
        2
176
     1
 90
        0
176
     1
 90
        0
176
     1
 40
0.6
176
     1
 40
30.0
176
     1
 62
     7
176
     1
 90
        1
176
     1
 90
        4
176
     1
 62
     7
176
     1
 62
   257
176
     1
 90
        1
176
     1
 90
        1
176
     1
 40
1.0
176
     1
 90
        0
176
     1
 62
   257
176
     1
 40
1.0
176
     1
 90
        1
176
     1
 90
        6
176
     1
 90
        2
176
     1
 62
     7
176
     1
 90
        5
176
     1
 90
        0
176
     1
 90
        0
176
     1
290
     0
176
     1
 90
        1
176
     1
 40
0.0
176
     1
 90
        0
176
     1
290
     0
176
     1
290
     1
176
     1
290
     1
176
     1
290
     0
176
     1
290
     0
176
     1
290
     0
176
     1
290
     0
176
     1
290
     0
176
     1
290
     0
176
     1
 90
       50
176
     1
 40
0.0
176
     1
 40
1.0
176
     1
 90
        0
176
     1
 62
    18
420
        0
176
     1
 90
       50
176
     1
 90
        3
176
     1
 62
     5
420
      255
176
     1
290
     0
176
     1
 90
       50
176
     1
 90
       50
176
     1
 90
       50
176
     1
290
     0
176
     1
 90
       50
176
     1
 62
   256
176
     0
 40
1.0
176
     0
 90
        2
176
     1
  1
strokes_ogs.tif
176
     1
290
     0
176
     1
 40
1.0
176
     1
 40
1.0
176
     1
1001
ACAD
1000
AcRTDxfName
1000
VISUALSTYLE
1000
AcRTDxfName
1000
VISUALSTYLE
1000
AcRTDxfName
1000
VISUALSTYLE
1000
AcRTDxfName
1000
VISUALSTYLE
1000
AcRTDxfName
1000
VISUALSTYLE
1000
AcRTDxfName
1000
VISUALSTYLE
1000
AcRTDxfName
1000
VISUALSTYLE
1000
AcRTDxfName
1000
VISUALSTYLE
1000
AcRTDxfName
1000
VISUALSTYLE
1000
AcRTDxfName
1000
VISUALSTYLE
1000
AcRTDxfName
1000
VISUALSTYLE
1000
AcRTDxfName
1000
VISUALSTYLE
1000
AcRTDxfName
1000
VISUALSTYLE
1000
AcRTDxfName
1000
VISUALSTYLE
1000
AcRTDxfName
1000
VISUALSTYLE
1000
AcRTDxfName
1000
VISUALSTYLE
1000
AcRTDxfName
1000
VISUALSTYLE
1000
AcRTDxfName
1000
VISUALSTYLE
1000
AcRTDxfName
1000
VISUALSTYLE
1000
AcRTDxfName
1000
VISUALSTYLE
1000
AcRTDxfName
1000
VISUALSTYLE
1000
AcRTDxfName
1000
VISUALSTYLE
1000
AcRTDxfName
1000
VISUALSTYLE
1000
AcRTDxfName
1000
VISUALSTYLE
1000
AcRTDxfName
1000
VISUALSTYLE
1000
AcRTDxfName
1000
VISUALSTYLE
1000
AcRTDxfName
1000
VISUALSTYLE
1000
AcRTDxfName
1000
VISUALSTYLE
1000
AcRTDxfName
1000
VISUALSTYLE
1000
AcRTDxfName
1000
VISUALSTYLE
1000
AcRTDxfName
1000
VISUALSTYLE
1000
AcRTDxfName
1000
VISUALSTYLE
1000
AcRTDxfName
1000
VISUALSTYLE
1000
AcRTDxfName
1000
VISUALSTYLE
1000
AcRTDxfName
1000
VISUALSTYLE
1000
AcRTDxfName
1000
VISUALSTYLE
1000
AcRTDxfName
1000
VISUALSTYLE
1000
AcRTDxfName
1000
VISUALSTYLE
1000
AcRTDxfName
1000
VISUALSTYLE
1000
AcRTDxfName
1000
VISUALSTYLE
1000
AcRTDxfName
1000
VISUALSTYLE
1000
AcRTDxfName
1000
VISUALSTYLE
1000
AcRTDxfName
1000
VISUALSTYLE
1000
AcRTDxfName
1000
VISUALSTYLE
1000
AcRTDxfName
1000
VISUALSTYLE
1000
AcRTDxfName
1000
VISUALSTYLE
1000
AcRTDxfName
1000
VISUALSTYLE
1000
AcRTDxfName
1000
VISUALSTYLE
1000
AcRTDxfName
1000
VISUALSTYLE
1000
AcRTDxfName
1000
VISUALSTYLE
1000
AcRTDxfName
1000
VISUALSTYLE
1000
AcRTDxfName
1000
VISUALSTYLE
1000
AcRTDxfName
1000
VISUALSTYLE
1000
AcRTDxfName
1000
VISUALSTYLE
1000
AcRTDxfName
1000
VISUALSTYLE
1000
AcRTDxfName
1000
VISUALSTYLE
1000
AcRTDxfName
1000
VISUALSTYLE
1000
AcRTDxfName
1000
VISUALSTYLE
1000
AcRTDxfName
1000
VISUALSTYLE
1000
AcRTDxfName
1000
VISUALSTYLE
1000
AcRTDxfName
1000
VISUALSTYLE
1000
AcRTDxfName
1000
VISUALSTYLE
1000
AcRTDxfName
1000
VISUALSTYLE
1000
AcRTDxfName
1000
VISUALSTYLE
1000
AcRTDxfName
1000
VISUALSTYLE
1000
AcRTDxfName
1000
VISUALSTYLE
1000
AcRTDxfName
1000
VISUALSTYLE
1000
AcRTDxfName
1000
VISUALSTYLE
1000
AcRTDxfName
1000
VISUALSTYLE
1000
AcRTDxfName
1000
VISUALSTYLE
1000
AcRTDxfName
1000
VISUALSTYLE
1000
AcRTDxfName
1000
VISUALSTYLE
1000
AcRTDxfName
1000
VISUALSTYLE
1000
AcRTDxfName
1000
VISUALSTYLE
1000
AcRTDxfName
1000
VISUALSTYLE
1000
AcRTDxfName
1000
VISUALSTYLE
1000
AcRTDxfName
1000
VISUALSTYLE
1000
AcRTDxfName
1000
VISUALSTYLE
1000
AcRTDxfName
1000
VISUALSTYLE
1000
AcRTDxfName
1000
VISUALSTYLE
1000
AcRTDxfName
1000
VISUALSTYLE
1000
AcRTDxfName
1000
VISUALSTYLE
1000
AcRTDxfName
1000
VISUALSTYLE
1000
AcRTDxfName
1000
VISUALSTYLE
1000
AcRTDxfName
1000
VISUALSTYLE
1000
AcRTDxfName
1000
VISUALSTYLE
1000
AcRTDxfName
1000
VISUALSTYLE
1000
AcRTDxfName
1000
VISUALSTYLE
1000
AcRTDxfName
1000
VISUALSTYLE
1000
AcRTDxfName
1000
VISUALSTYLE
1000
AcRTDxfName
1000
VISUALSTYLE
1000
AcRTDxfName
1000
VISUALSTYLE
1000
AcRTDxfName
1000
VISUALSTYLE
1000
AcRTDxfName
1000
VISUALSTYLE
1000
AcRTDxfName
1000
VISUALSTYLE
1000
AcRTDxfName
1000
VISUALSTYLE
1000
AcRTDxfName
1000
VISUALSTYLE
1000
AcRTDxfName
1000
VISUALSTYLE
1000
AcRTDxfName
1000
VISUALSTYLE
1000
AcRTDxfName
1000
VISUALSTYLE
1000
AcRTDxfName
1000
VISUALSTYLE
1000
AcRTDxfName
1000
VISUALSTYLE
1000
AcRTDxfName
1000
VISUALSTYLE
1000
AcRTDxfName
1000
VISUALSTYLE
1000
AcRTDxfName
1000
VISUALSTYLE
1000
AcRTDxfName
1000
VISUALSTYLE
1000
AcRTDxfName
1000
VISUALSTYLE
1000
AcRTDxfName
1000
VISUALSTYLE
1000
AcRTDxfName
1000
VISUALSTYLE
1000
AcRTDxfName
1000
VISUALSTYLE
1000
AcRTDxfName
1000
VISUALSTYLE
1000
AcRTDxfName
1000
VISUALSTYLE
1000
AcRTDxfName
1000
VISUALSTYLE
1000
AcRTDxfName
1000
VISUALSTYLE
1000
AcRTDxfName
1000
VISUALSTYLE
1000
AcRTDxfName
1000
VISUALSTYLE
1000
AcRTDxfName
1000
VISUALSTYLE
1000
AcRTDxfName
1000
VISUALSTYLE
1000
AcRTDxfName
1000
VISUALSTYLE
1000
AcRTDxfName
1000
VISUALSTYLE
1000
AcRTDxfName
1000
VISUALSTYLE
1000
AcRTDxfName
1000
VISUALSTYLE
1000
AcRTDxfName
1000
VISUALSTYLE
1000
AcRTDxfName
1000
VISUALSTYLE
1000
AcRTDxfName
1000
VISUALSTYLE
1000
AcRTDxfName
1000
VISUALSTYLE
1000
AcRTDxfName
1000
VISUALSTYLE
1000
AcRTDxfName
1000
VISUALSTYLE
1000
AcRTDxfName
1000
VISUALSTYLE
1000
AcRTDxfName
1000
VISUALSTYLE
1000
AcRTDxfName
1000
VISUALSTYLE
1000
AcRTDxfName
1000
VISUALSTYLE
1000
AcRTDxfName
1000
VISUALSTYLE
1000
AcRTDxfName
1000
VISUALSTYLE
1000
AcRTDxfName
1000
VISUALSTYLE
1000
AcRTDxfName
1000
VISUALSTYLE
1000
AcRTDxfName
1000
VISUALSTYLE
1000
AcRTDxfName
1000
VISUALSTYLE
1000
AcRTDxfName
1000
VISUALSTYLE
1000
AcRTDxfName
1000
VISUALSTYLE
1000
AcRTDxfName
1000
VISUALSTYLE
1000
AcRTDxfName
1000
VISUALSTYLE
1000
AcRTDxfName
1000
VISUALSTYLE
1000
AcRTDxfName
1000
VISUALSTYLE
1000
AcRTDxfName
1000
VISUALSTYLE
1000
AcRTDxfName
1000
VISUALSTYLE
1000
AcRTDxfName
1000
VISUALSTYLE
1000
AcRTDxfName
1000
VISUALSTYLE
1000
AcRTDxfName
1000
VISUALSTYLE
1000
AcRTDxfName
1000
VISUALSTYLE
1000
AcRTDxfName
1000
VISUALSTYLE
1000
AcRTDxfName
1000
VISUALSTYLE
1000
AcRTDxfName
1000
VISUALSTYLE
1000
AcRTDxfName
1000
VISUALSTYLE
1000
AcRTDxfName
1000
VISUALSTYLE
1000
AcRTDxfName
1000
VISUALSTYLE
1000
AcRTDxfName
1000
VISUALSTYLE
1000
AcRTDxfName
1000
VISUALSTYLE
1000
AcRTDxfName
1000
VISUALSTYLE
1000
AcRTDxfName
1000
VISUALSTYLE
1000
AcRTDxfName
1000
VISUALSTYLE
1000
AcRTDxfName
1000
VISUALSTYLE
1000
AcRTDxfName
1000
VISUALSTYLE
1000
AcRTDxfName
1000
VISUALSTYLE
1000
AcRTDxfName
1000
VISUALSTYLE
1000
AcRTDxfName
1000
VISUALSTYLE
1000
AcRTDxfName
1000
VISUALSTYLE
1000
AcRTDxfName
1000
VISUALSTYLE
1000
AcRTDxfName
1000
VISUALSTYLE
1000
AcRTDxfName
1000
VISUALSTYLE
1000
AcRTDxfName
1000
VISUALSTYLE
1000
AcRTDxfName
1000
VISUALSTYLE
1000
AcRTDxfName
1000
VISUALSTYLE
1000
AcRTDxfName
1000
VISUALSTYLE
1000
AcRTDxfName
1000
VISUALSTYLE
1000
AcRTDxfName
1000
VISUALSTYLE
1000
AcRTDxfName
1000
VISUALSTYLE
1000
AcRTDxfName
1000
VISUALSTYLE
1000
AcRTDxfName
1000
VISUALSTYLE
1000
AcRTDxfName
1000
VISUALSTYLE
1000
AcRTDxfName
1000
VISUALSTYLE
1000
AcRTDxfName
1000
VISUALSTYLE
1000
AcRTDxfName
1000
VISUALSTYLE
1000
AcRTDxfName
1000
VISUALSTYLE
1000
AcRTDxfName
1000
VISUALSTYLE
1000
AcRTDxfName
1000
VISUALSTYLE
1000
AcRTDxfName
1000
VISUALSTYLE
1000
AcRTDxfName
1000
VISUALSTYLE
1000
AcRTDxfName
1000
VISUALSTYLE
1000
AcRTDxfName
1000
VISUALSTYLE
1000
AcRTDxfName
1000
VISUALSTYLE
1000
AcRTDxfName
1000
VISUALSTYLE
1000
AcRTDxfName
1000
VISUALSTYLE
1000
AcRTDxfName
1000
VISUALSTYLE
1000
AcRTDxfName
1000
VISUALSTYLE
1000
AcRTDxfName
1000
VISUALSTYLE
1000
AcRTDxfName
1000
VISUALSTYLE
1000
AcRTDxfName
1000
VISUALSTYLE
1000
AcRTDxfName
1000
VISUALSTYLE
1000
AcRTDxfName
1000
VISUALSTYLE
1000
AcRTDxfName
1000
VISUALSTYLE
1000
AcRTDxfName
1000
VISUALSTYLE
1000
AcRTDxfName
1000
VISUALSTYLE
1000
AcRTDxfName
1000
VISUALSTYLE
1000
AcRTDxfName
1000
VISUALSTYLE
1000
AcRTDxfName
1000
VISUALSTYLE
1000
AcRTDxfName
1000
VISUALSTYLE
1000
AcRTDxfName
1000
VISUALSTYLE
1000
AcRTDxfName
1000
VISUALSTYLE
1000
AcRTDxfName
1000
VISUALSTYLE
1000
AcRTDxfName
1000
VISUALSTYLE
1000
AcRTDxfName
1000
VISUALSTYLE
1000
AcRTDxfName
1000
VISUALSTYLE
1000
AcRTDxfName
1000
VISUALSTYLE
1000
AcRTDxfName
1000
VISUALSTYLE
1000
AcRTDxfName
1000
VISUALSTYLE
1000
AcRTDxfName
1000
VISUALSTYLE
1000
AcRTDxfName
1000
VISUALSTYLE
1000
AcRTDxfName
1000
VISUALSTYLE
1000
AcRTDxfName
1000
VISUALSTYLE
1000
AcRTDxfName
1000
VISUALSTYLE
1000
AcRTDxfName
1000
VISUALSTYLE
1000
AcRTDxfName
1000
VISUALSTYLE
1000
AcRTDxfName
1000
VISUALSTYLE
1000
AcRTDxfName
1000
VISUALSTYLE
1000
AcRTDxfName
1000
VISUALSTYLE
1000
AcRTDxfName
1000
VISUALSTYLE
1000
AcRTDxfName
1000
VISUALSTYLE
1000
AcRTDxfName
1000
VISUALSTYLE
1000
AcRTDxfName
1000
VISUALSTYLE
1000
AcRTDxfName
1000
VISUALSTYLE
1000
AcRTDxfName
1000
VISUALSTYLE
1000
AcRTDxfName
1000
VISUALSTYLE
1000
AcRTDxfName
1000
VISUALSTYLE
1000
AcRTDxfName
1000
VISUALSTYLE
1000
AcRTDxfName
1000
VISUALSTYLE
1000
AcRTDxfName
1000
VISUALSTYLE
1000
AcRTDxfName
1000
VISUALSTYLE
1000
AcRTDxfName
1000
VISUALSTYLE
1000
AcRTDxfName
1000
VISUALSTYLE
1000
AcRTDxfName
1000
VISUALSTYLE
1000
AcRTDxfName
1000
VISUALSTYLE
1000
AcRTDxfName
1000
VISUALSTYLE
1000
AcRTDxfName
1000
VISUALSTYLE
1000
AcRTDxfName
1000
VISUALSTYLE
1000
AcRTDxfName
1000
VISUALSTYLE
1000
AcRTDxfName
1000
VISUALSTYLE
1000
AcRTDxfName
1000
VISUALSTYLE
1000
AcRTDxfName
1000
VISUALSTYLE
1000
AcRTDxfName
1000
VISUALSTYLE
1000
AcRTDxfName
1000
VISUALSTYLE
1000
AcRTDxfName
1000
VISUALSTYLE
1000
AcRTDxfName
1000
VISUALSTYLE
1000
AcRTDxfName
1000
VISUALSTYLE
1000
AcRTDxfName
1000
VISUALSTYLE
1000
AcRTDxfName
1000
VISUALSTYLE
1000
AcRTDxfName
1000
VISUALSTYLE
1000
AcRTDxfName
1000
VISUALSTYLE
1000
AcRTDxfName
1000
VISUALSTYLE
1000
AcRTDxfName
1000
VISUALSTYLE
1000
AcRTDxfName
1000
VISUALSTYLE
1000
AcRTDxfName
1000
VISUALSTYLE
1000
AcRTDxfName
1000
VISUALSTYLE
1000
AcRTDxfName
1000
VISUALSTYLE
1000
AcRTDxfName
1000
VISUALSTYLE
1000
AcRTDxfName
1000
VISUALSTYLE
1000
AcRTDxfName
1000
VISUALSTYLE
1000
AcRTDxfName
1000
VISUALSTYLE
1000
AcRTDxfName
1000
VISUALSTYLE
1000
AcRTDxfName
1000
VISUALSTYLE
1000
AcRTDxfName
1000
VISUALSTYLE
1000
AcRTDxfName
1000
VISUALSTYLE
1000
AcRTDxfName
1000
VISUALSTYLE
1000
AcRTDxfName
1000
VISUALSTYLE
1000
AcRTDxfName
1000
VISUALSTYLE
1000
AcRTDxfName
1000
VISUALSTYLE
1000
AcRTDxfName
1000
VISUALSTYLE
1000
AcRTDxfName
1000
VISUALSTYLE
1000
AcRTDxfName
1000
VISUALSTYLE
1000
AcRTDxfName
1000
VISUALSTYLE
1000
AcRTDxfName
1000
VISUALSTYLE
1000
AcRTDxfName
1000
VISUALSTYLE
1000
AcRTDxfName
1000
VISUALSTYLE
1000
AcRTDxfName
1000
VISUALSTYLE
1000
AcRTDxfName
1000
VISUALSTYLE
1000
AcRTDxfName
1000
VISUALSTYLE
1000
AcRTDxfName
1000
VISUALSTYLE
1000
AcRTDxfName
1000
VISUALSTYLE
1000
AcRTDxfName
1000
VISUALSTYLE
1000
AcRTDxfName
1000
VISUALSTYLE
1000
AcRTDxfName
1000
VISUALSTYLE
1000
AcRTDxfName
1000
VISUALSTYLE
1000
AcRTDxfName
1000
VISUALSTYLE
  0
VISUALSTYLE
  5
9E
102
{ACAD_REACTORS
330
99
102
}
330
99
100
AcDbVisualStyle
  2
Basic
 70
     7
177
     3
291
     1
 70
    58
 90
        1
176
     1
 90
        0
176
     1
 90
        1
176
     1
 90
        0
176
     1
 40
0.6
176
     1
 40
30.0
176
     1
 62
     7
420
 16777215
176
     1
 90
        0
176
     1
 90
        4
176
     1
 62
     7
176
     1
 62
   257
176
     1
 90
        1
176
     1
 90
        1
176
     1
 40
1.0
176
     1
 90
        8
176
     1
 62
     7
176
     1
 40
1.0
176
     1
 90
        1
176
     1
 90
        6
176
     1
 90
        2
176
     1
 62
     7
176
     1
 90
        5
176
     1
 90
        0
176
     1
 90
        0
176
     1
290
     0
176
     1
 90
        1
176
     1
 40
0.0
176
     1
 90
        0
176
     1
290
     0
176
     1
290
     1
176
     1
290
     1
176
     1
290
     0
176
     1
290
     0
176
     1
290
     0
176
     1
290
     0
176
     1
290
     0
176
     1
290
     0
176
     1
 90
       50
176
     1
 40
0.0
176
     1
 40
1.0
176
     1
 90
        0
176
     1
 62
    18
420
        0
176
     1
 90
       50
176
     1
 90
        3
176
     1
 62
     5
420
      255
176
     1
290
     0
176
     1
 90
       50
176
     1
 90
       50
176
     1
 90
       50
176
     1
290
     0
176
     1
 90
       50
176
     1
 62
   256
176
     0
 40
1.0
176
     0
 90
        2
176
     1
  1
strokes_ogs.tif
176
     1
290
     0
176
     1
 40
1.0
176
     1
 40
1.0
176
     1
  0
VISUALSTYLE
  5
A5
102
{ACAD_REACTORS
330
99
102
}
330
99
100
AcDbVisualStyle
  2
Brighten
 70
    12
177
     3
291
     1
 70
    58
 90
        2
176
     1
 90
        2
176
     1
 90
        1
176
     1
 90
        0
176
     1
 40
0.6
176
     1
 40
30.0
176
     1
 62
     7
420
 16777215
176
     1
 90
        1
176
     1
 90
        4
176
     1
 62
     7
176
     1
 62
   257
176
     1
 90
        1
176
     1
 90
        1
176
     1
 40
1.0
176
     1
 90
        8
176
     1
 62
     7
176
     1
 40
1.0
176
     1
 90
        1
176
     1
 90
        6
176
     1
 90
        2
176
     1
 62
     7
176
     1
 90
        5
176
     1
 90
        0
176
     1
 90
        0
176
     1
290
     0
176
     1
 90
        1
176
     1
 40
50.0
176
     1
 90
        0
176
     1
290
     0
176
     1
290
     1
176
     1
290
     1
176
     1
290
     0
176
     1
290
     0
176
     1
290
     0
176
     1
290
     0
176
     1
290
     0
176
     1
290
     0
176
     1
 90
       50
176
     1
 40
0.0
176
     1
 40
1.0
176
     1
 90
        0
176
     1
 62
    18
420
        0
176
     1
 90
       50
176
     1
 90
        3
176
     1
 62
     5
420
      255
176
     1
290
     0
176
     1
 90
       50
176
     1
 90
       50
176
     1
 90
       50
176
     1
290
     0
176
     1
 90
       50
176
     1
 62
   256
176
     0
 40
1.0
176
     0
 90
        2
176
     1
  1
strokes_ogs.tif
176
     1
290
     0
176
     1
 40
1.0
176
     1
 40
1.0
176
     1
  0
VISUALSTYLE
  5
A9
102
{ACAD_REACTORS
330
99
102
}
330
99
100
AcDbVisualStyle
  2
ColorChange
 70
    16
177
     3
291
     1
 70
    58
 90
        2
176
     1
 90
        2
176
     1
 90
        3
176
     1
 90
        0
176
     1
 40
0.6
176
     1
 40
30.0
176
     1
 62
     8
420
  8421504
176
     1
 90
        1
176
     1
 90
        4
176
     1
 62
     7
176
     1
 62
   257
176
     1
 90
        1
176
     1
 90
        1
176
     1
 40
1.0
176
     1
 90
        8
176
     1
 62
     8
420
  8421504
176
     1
 40
1.0
176
     1
 90
        1
176
     1
 90
        6
176
     1
 90
        2
176
     1
 62
     7
176
     1
 90
        5
176
     1
 90
        0
176
     1
 90
        0
176
     1
290
     0
176
     1
 90
        1
176
     1
 40
0.0
176
     1
 90
        0
176
     1
290
     0
176
     1
290
     1
176
     1
290
     1
176
     1
290
     0
176
     1
290
     0
176
     1
290
     0
176
     1
290
     0
176
     1
290
     0
176
     1
290
     0
176
     1
 90
       50
176
     1
 40
0.0
176
     1
 40
1.0
176
     1
 90
        0
176
     1
 62
    18
420
        0
176
     1
 90
       50
176
     1
 90
        3
176
     1
 62
     5
420
      255
176
     1
290
     0
176
     1
 90
       50
176
     1
 90
       50
176
     1
 90
       50
176
     1
290
     0
176
     1
 90
       50
176
     1
 62
   256
176
     0
 40
1.0
176
     0
 90
        2
176
     1
  1
strokes_ogs.tif
176
     1
290
     0
176
     1
 40
1.0
176
     1
 40
1.0
176
     1
  0
VISUALSTYLE
  5
A2
102
{ACAD_REACTORS
330
99
102
}
330
99
100
AcDbVisualStyle
  2
Conceptual
 70
     9
177
     3
291
     0
 70
    58
 90
        3
176
     1
 90
        2
176
     1
 90
        1
176
     1
 90
        0
176
     1
 40
0.6
176
     1
 40
30.0
176
     1
 62
     7
420
 16777215
176
     1
 90
        2
176
     1
 90
        2
176
     1
 62
     7
176
     1
 62
   257
176
     1
 90
        1
176
     1
 90
        1
176
     1
 40
40.0
176
     1
 90
        8
176
     1
 62
     7
176
     1
 40
1.0
176
     1
 90
        1
176
     1
 90
        6
176
     1
 90
        2
176
     1
 62
     7
176
     1
 90
        3
176
     1
 90
        0
176
     1
 90
        0
176
     1
290
     0
176
     1
 90
        1
176
     1
 40
0.0
176
     1
 90
        0
176
     1
290
     0
176
     1
290
     1
176
     1
290
     1
176
     1
290
     0
176
     1
290
     0
176
     1
290
     0
176
     1
290
     0
176
     1
290
     0
176
     1
290
     0
176
     1
 90
       50
176
     1
 40
0.0
176
     1
 40
1.0
176
     1
 90
        0
176
     1
 62
    18
420
        0
176
     1
 90
       50
176
     1
 90
        3
176
     1
 62
     5
420
      255
176
     1
290
     0
176
     1
 90
       50
176
     1
 90
       50
176
     1
 90
       50
176
     1
290
     0
176
     1
 90
       50
176
     1
 62
   256
176
     0
 40
1.0
176
     0
 90
        2
176
     1
  1
strokes_ogs.tif
176
     1
290
     0
176
     1
 40
1.0
176
     1
 40
1.0
176
     1
  0
VISUALSTYLE
  5
A4
102
{ACAD_REACTORS
330
99
102
}
330
99
100
AcDbVisualStyle
  2
Dim
 70
    11
177
     3
291
     1
 70
    58
 90
        2
176
     1
 90
        2
176
     1
 90
        1
176
     1
 90
        0
176
     1
 40
0.6
176
     1
 40
30.0
176
     1
 62
     7
420
 16777215
176
     1
 90
        1
176
     1
 90
        4
176
     1
 62
     7
176
     1
 62
   257
176
     1
 90
        1
176
     1
 90
        1
176
     1
 40
1.0
176
     1
 90
        8
176
     1
 62
     7
176
     1
 40
1.0
176
     1
 90
        1
176
     1
 90
        6
176
     1
 90
        2
176
     1
 62
     7
176
     1
 90
        5
176
     1
 90
        0
176
     1
 90
        0
176
     1
290
     0
176
     1
 90
        1
176
     1
 40
-50.0
176
     1
 90
        0
176
     1
290
     0
176
     1
290
     1
176
     1
290
     1
176
     1
290
     0
176
     1
290
     0
176
     1
290
     0
176
     1
290
     0
176
     1
290
     0
176
     1
290
     0
176
     1
 90
       50
176
     1
 40
0.0
176
     1
 40
1.0
176
     1
 90
        0
176
     1
 62
    18
420
        0
176
     1
 90
       50
176
     1
 90
        3
176
     1
 62
     5
420
      255
176
     1
290
     0
176
     1
 90
       50
176
     1
 90
       50
176
     1
 90
       50
176
     1
290
     0
176
     1
 90
       50
176
     1
 62
   256
176
     0
 40
1.0
176
     0
 90
        2
176
     1
  1
strokes_ogs.tif
176
     1
290
     0
176
     1
 40
1.0
176
     1
 40
1.0
176
     1
  0
VISUALSTYLE
  5
175
102
{ACAD_REACTORS
330
99
102
}
330
99
100
AcDbVisualStyle
  2
EdgeColorOff
 70
    22
177
     3
291
     1
 70
    58
 90
        2
176
     0
 90
        2
176
     0
 90
        0
176
     0
 90
        0
176
     0
 40
0.6
176
     0
 40
30.0
176
     0
 62
     7
420
 16777215
176
     0
 90
        1
176
     0
 90
        4
176
     0
 62
     7
176
     0
 62
   257
176
     0
 90
        1
176
     0
 90
        1
176
     0
 40
1.0
176
     0
 90
        8
176
     2
 62
     7
176
     0
 40
1.0
176
     0
 90
        1
176
     0
 90
        6
176
     0
 90
        2
176
     0
 62
     7
176
     0
 90
        5
176
     0
 90
        0
176
     0
 90
        0
176
     0
290
     0
176
     0
 90
        1
176
     0
 40
0.0
176
     0
 90
        0
176
     0
290
     0
176
     1
290
     1
176
     1
290
     1
176
     1
290
     0
176
     1
290
     0
176
     1
290
     0
176
     1
290
     0
176
     1
290
     0
176
     1
290
     0
176
     1
 90
       50
176
     1
 40
0.0
176
     1
 40
1.0
176
     1
 90
        0
176
     1
 62
    18
420
        0
176
     1
 90
       50
176
     1
 90
        3
176
     1
 62
     5
420
      255
176
     1
290
     0
176
     1
 90
       50
176
     1
 90
       50
176
     1
 90
       50
176
     1
290
     0
176
     1
 90
       50
176
     1
 62
   256
176
     0
 40
1.0
176
     0
 90
        2
176
     1
  1
strokes_ogs.tif
176
     1
290
     0
176
     1
 40
1.0
176
     1
 40
1.0
176
     1
  0
VISUALSTYLE
  5
A8
102
{ACAD_REACTORS
330
99
102
}
330
99
100
AcDbVisualStyle
  2
Facepattern
 70
    15
177
     3
291
     1
 70
    58
 90
        2
176
     1
 90
        2
176
     1
 90
        1
176
     1
 90
        0
176
     1
 40
0.6
176
     1
 40
30.0
176
     1
 62
     7
420
 16777215
176
     1
 90
        1
176
     1
 90
        4
176
     1
 62
     7
176
     1
 62
   257
176
     1
 90
        1
176
     1
 90
        1
176
     1
 40
1.0
176
     1
 90
        8
176
     1
 62
     7
176
     1
 40
1.0
176
     1
 90
        1
176
     1
 90
        6
176
     1
 90
        2
176
     1
 62
     7
176
     1
 90
        5
176
     1
 90
        0
176
     1
 90
        0
176
     1
290
     0
176
     1
 90
        1
176
     1
 40
0.0
176
     1
 90
        0
176
     1
290
     0
176
     1
290
     1
176
     1
290
     1
176
     1
290
     0
176
     1
290
     0
176
     1
290
     0
176
     1
290
     0
176
     1
290
     0
176
     1
290
     0
176
     1
 90
       50
176
     1
 40
0.0
176
     1
 40
1.0
176
     1
 90
        0
176
     1
 62
    18
420
        0
176
     1
 90
       50
176
     1
 90
        3
176
     1
 62
     5
420
      255
176
     1
290
     0
176
     1
 90
       50
176
     1
 90
       50
176
     1
 90
       50
176
     1
290
     0
176
     1
 90
       50
176
     1
 62
   256
176
     0
 40
1.0
176
     0
 90
        2
176
     1
  1
strokes_ogs.tif
176
     1
290
     0
176
     1
 40
1.0
176
     1
 40
1.0
176
     1
  0
VISUALSTYLE
  5
9A
102
{ACAD_REACTORS
330
99
102
}
330
99
100
AcDbVisualStyle
  2
Flat
 70
     0
177
     3
291
     1
 70
    58
 90
        2
176
     1
 90
        1
176
     1
 90
        1
176
     1
 90
        2
176
     1
 40
0.6
176
     1
 40
30.0
176
     1
 62
     7
420
 16777215
176
     1
 90
        0
176
     1
 90
        0
176
     1
 62
     7
176
     1
 62
   257
176
     1
 90
        1
176
     1
 90
        1
176
     1
 40
1.0
176
     1
 90
        8
176
     1
 62
     7
176
     1
 40
1.0
176
     1
 90
        1
176
     1
 90
        6
176
     1
 90
        2
176
     1
 62
     7
176
     1
 90
        5
176
     1
 90
        0
176
     1
 90
        0
176
     1
290
     0
176
     1
 90
       13
176
     1
 40
0.0
176
     1
 90
        0
176
     1
290
     0
176
     1
290
     1
176
     1
290
     1
176
     1
290
     0
176
     1
290
     0
176
     1
290
     0
176
     1
290
     0
176
     1
290
     0
176
     1
290
     0
176
     1
 90
       50
176
     1
 40
0.0
176
     1
 40
1.0
176
     1
 90
        0
176
     1
 62
    18
420
        0
176
     1
 90
       50
176
     1
 90
        3
176
     1
 62
     5
420
      255
176
     1
290
     0
176
     1
 90
       50
176
     1
 90
       50
176
     1
 90
       50
176
     1
290
     0
176
     1
 90
       50
176
     1
 62
   256
176
     0
 40
1.0
176
     0
 90
        2
176
     1
  1
strokes_ogs.tif
176
     1
290
     0
176
     1
 40
1.0
176
     1
 40
1.0
176
     1
  0
VISUALSTYLE
  5
9B
102
{ACAD_REACTORS
330
99
102
}
330
99
100
AcDbVisualStyle
  2
FlatWithEdges
 70
     1
177
     3
291
     1
 70
    58
 90
        2
176
     1
 90
        1
176
     1
 90
        1
176
     1
 90
        2
176
     1
 40
0.6
176
     1
 40
30.0
176
     1
 62
     7
420
 16777215
176
     1
 90
        1
176
     1
 90
        0
176
     1
 62
     7
176
     1
 62
   257
176
     1
 90
        1
176
     1
 90
        1
176
     1
 40
1.0
176
     1
 90
        0
176
     1
 62
   257
176
     1
 40
1.0
176
     1
 90
        1
176
     1
 90
        6
176
     1
 90
        2
176
     1
 62
     7
176
     1
 90
        5
176
     1
 90
        0
176
     1
 90
        0
176
     1
290
     0
176
     1
 90
       13
176
     1
 40
0.0
176
     1
 90
        0
176
     1
290
     0
176
     1
290
     1
176
     1
290
     1
176
     1
290
     0
176
     1
290
     0
176
     1
290
     0
176
     1
290
     0
176
     1
290
     0
176
     1
290
     0
176
     1
 90
       50
176
     1
 40
0.0
176
     1
 40
1.0
176
     1
 90
        0
176
     1
 62
    18
420
        0
176
     1
 90
       50
176
     1
 90
        3
176
     1
 62
     5
420
      255
176
     1
290
     0
176
     1
 90
       50
176
     1
 90
       50
176
     1
 90
       50
176
     1
290
     0
176
     1
 90
       50
176
     1
 62
   256
176
     0
 40
1.0
176
     0
 90
        2
176
     1
  1
strokes_ogs.tif
176
     1
290
     0
176
     1
 40
1.0
176
     1
 40
1.0
176
     1
  0
VISUALSTYLE
  5
9C
102
{ACAD_REACTORS
330
99
102
}
330
99
100
AcDbVisualStyle
  2
Gouraud
 70
     2
177
     3
291
     1
 70
    58
 90
        2
176
     1
 90
        2
176
     1
 90
        1
176
     1
 90
        2
176
     1
 40
0.6
176
     1
 40
30.0
176
     1
 62
     7
420
 16777215
176
     1
 90
        0
176
     1
 90
        0
176
     1
 62
     7
176
     1
 62
   257
176
     1
 90
        1
176
     1
 90
        1
176
     1
 40
1.0
176
     1
 90
        0
176
     1
 62
     7
176
     1
 40
1.0
176
     1
 90
        1
176
     1
 90
        6
176
     1
 90
        2
176
     1
 62
     7
176
     1
 90
        5
176
     1
 90
        0
176
     1
 90
        0
176
     1
290
     0
176
     1
 90
       13
176
     1
 40
0.0
176
     1
 90
        0
176
     1
290
     0
176
     1
290
     1
176
     1
290
     1
176
     1
290
     0
176
     1
290
     0
176
     1
290
     0
176
     1
290
     0
176
     1
290
     0
176
     1
290
     0
176
     1
 90
       50
176
     1
 40
0.0
176
     1
 40
1.0
176
     1
 90
        0
176
     1
 62
    18
420
        0
176
     1
 90
       50
176
     1
 90
        3
176
     1
 62
     5
420
      255
176
     1
290
     0
176
     1
 90
       50
176
     1
 90
       50
176
     1
 90
       50
176
     1
290
     0
176
     1
 90
       50
176
     1
 62
   256
176
     0
 40
1.0
176
     0
 90
        2
176
     1
  1
strokes_ogs.tif
176
     1
290
     0
176
     1
 40
1.0
176
     1
 40
1.0
176
     1
  0
VISUALSTYLE
  5
9D
102
{ACAD_REACTORS
330
99
102
}
330
99
100
AcDbVisualStyle
  2
GouraudWithEdges
 70
     3
177
     3
291
     1
 70
    58
 90
        2
176
     1
 90
        2
176
     1
 90
        1
176
     1
 90
        2
176
     1
 40
0.6
176
     1
 40
30.0
176
     1
 62
     7
420
 16777215
176
     1
 90
        1
176
     1
 90
        0
176
     1
 62
     7
176
     1
 62
   257
176
     1
 90
        1
176
     1
 90
        1
176
     1
 40
1.0
176
     1
 90
        0
176
     1
 62
   257
176
     1
 40
1.0
176
     1
 90
        1
176
     1
 90
        6
176
     1
 90
        2
176
     1
 62
     7
176
     1
 90
        5
176
     1
 90
        0
176
     1
 90
        0
176
     1
290
     0
176
     1
 90
       13
176
     1
 40
0.0
176
     1
 90
        0
176
     1
290
     0
176
     1
290
     1
176
     1
290
     1
176
     1
290
     0
176
     1
290
     0
176
     1
290
     0
176
     1
290
     0
176
     1
290
     0
176
     1
290
     0
176
     1
 90
       50
176
     1
 40
0.0
176
     1
 40
1.0
176
     1
 90
        0
176
     1
 62
    18
420
        0
176
     1
 90
       50
176
     1
 90
        3
176
     1
 62
     5
420
      255
176
     1
290
     0
176
     1
 90
       50
176
     1
 90
       50
176
     1
 90
       50
176
     1
290
     0
176
     1
 90
       50
176
     1
 62
   256
176
     0
 40
1.0
176
     0
 90
        2
176
     1
  1
strokes_ogs.tif
176
     1
290
     0
176
     1
 40
1.0
176
     1
 40
1.0
176
     1
  0
VISUALSTYLE
  5
A1
102
{ACAD_REACTORS
330
99
102
}
330
99
100
AcDbVisualStyle
  2
Hidden
 70
     6
177
     3
291
     0
 70
    58
 90
        1
176
     1
 90
        2
176
     1
 90
        2
176
     1
 90
        0
176
     1
 40
0.6
176
     1
 40
30.0
176
     1
 62
     7
420
 16777215
176
     1
 90
        2
176
     1
 90
        2
176
     1
 62
     7
176
     1
 62
   257
176
     1
 90
        2
176
     1
 90
        1
176
     1
 40
40.0
176
     1
 90
        0
176
     1
 62
   257
176
     1
 40
1.0
176
     1
 90
        1
176
     1
 90
        6
176
     1
 90
        2
176
     1
 62
     7
176
     1
 90
        3
176
     1
 90
        0
176
     1
 90
        0
176
     1
290
     0
176
     1
 90
        1
176
     1
 40
0.0
176
     1
 90
        0
176
     1
290
     0
176
     1
290
     1
176
     1
290
     1
176
     1
290
     0
176
     1
290
     0
176
     1
290
     0
176
     1
290
     0
176
     1
290
     0
176
     1
290
     0
176
     1
 90
       50
176
     1
 40
0.0
176
     1
 40
1.0
176
     1
 90
        0
176
     1
 62
    18
420
        0
176
     1
 90
       50
176
     1
 90
        3
176
     1
 62
     5
420
      255
176
     1
290
     0
176
     1
 90
       50
176
     1
 90
       50
176
     1
 90
       50
176
     1
290
     0
176
     1
 90
       50
176
     1
 62
   256
176
     0
 40
1.0
176
     0
 90
        2
176
     1
  1
strokes_ogs.tif
176
     1
290
     0
176
     1
 40
1.0
176
     1
 40
1.0
176
     1
  0
VISUALSTYLE
  5
173
102
{ACAD_REACTORS
330
99
102
}
330
99
100
AcDbVisualStyle
  2
JitterOff
 70
    20
177
     3
291
     1
 70
    58
 90
        2
176
     0
 90
        2
176
     0
 90
        0
176
     0
 90
        0
176
     0
 40
0.6
176
     0
 40
30.0
176
     0
 62
     7
420
 16777215
176
     0
 90
        1
176
     0
 90
        4
176
     0
 62
     7
176
     0
 62
   257
176
     0
 90
        1
176
     0
 90
        1
176
     0
 40
1.0
176
     0
 90
       10
176
     2
 62
     7
176
     0
 40
1.0
176
     0
 90
        1
176
     0
 90
        6
176
     0
 90
        2
176
     0
 62
     7
176
     0
 90
        5
176
     0
 90
        0
176
     0
 90
        0
176
     0
290
     0
176
     0
 90
        1
176
     0
 40
0.0
176
     0
 90
        0
176
     0
290
     0
176
     1
290
     1
176
     1
290
     1
176
     1
290
     0
176
     1
290
     0
176
     1
290
     0
176
     1
290
     0
176
     1
290
     0
176
     1
290
     0
176
     1
 90
       50
176
     1
 40
0.0
176
     1
 40
1.0
176
     1
 90
        0
176
     1
 62
    18
420
        0
176
     1
 90
       50
176
     1
 90
        3
176
     1
 62
     5
420
      255
176
     1
290
     0
176
     1
 90
       50
176
     1
 90
       50
176
     1
 90
       50
176
     1
290
     0
176
     1
 90
       50
176
     1
 62
   256
176
     0
 40
1.0
176
     0
 90
        2
176
     1
  1
strokes_ogs.tif
176
     1
290
     0
176
     1
 40
1.0
176
     1
 40
1.0
176
     1
  0
VISUALSTYLE
  5
A7
102
{ACAD_REACTORS
330
99
102
}
330
99
100
AcDbVisualStyle
  2
Linepattern
 70
    14
177
     3
291
     1
 70
    58
 90
        2
176
     1
 90
        2
176
     1
 90
        1
176
     1
 90
        0
176
     1
 40
0.6
176
     1
 40
30.0
176
     1
 62
     7
420
 16777215
176
     1
 90
        1
176
     1
 90
        4
176
     1
 62
     7
176
     1
 62
   257
176
     1
 90
        7
176
     1
 90
        7
176
     1
 40
1.0
176
     1
 90
        8
176
     1
 62
     7
176
     1
 40
1.0
176
     1
 90
        1
176
     1
 90
        6
176
     1
 90
        2
176
     1
 62
     7
176
     1
 90
        5
176
     1
 90
        0
176
     1
 90
        0
176
     1
290
     0
176
     1
 90
        1
176
     1
 40
0.0
176
     1
 90
        0
176
     1
290
     0
176
     1
290
     1
176
     1
290
     1
176
     1
290
     0
176
     1
290
     0
176
     1
290
     0
176
     1
290
     0
176
     1
290
     0
176
     1
290
     0
176
     1
 90
       50
176
     1
 40
0.0
176
     1
 40
1.0
176
     1
 90
        0
176
     1
 62
    18
420
        0
176
     1
 90
       50
176
     1
 90
        3
176
     1
 62
     5
420
      255
176
     1
290
     0
176
     1
 90
       50
176
     1
 90
       50
176
     1
 90
       50
176
     1
290
     0
176
     1
 90
       50
176
     1
 62
   256
176
     0
 40
1.0
176
     0
 90
        2
176
     1
  1
strokes_ogs.tif
176
     1
290
     0
176
     1
 40
1.0
176
     1
 40
1.0
176
     1
  0
VISUALSTYLE
  5
174
102
{ACAD_REACTORS
330
99
102
}
330
99
100
AcDbVisualStyle
  2
OverhangOff
 70
    21
177
     3
291
     1
 70
    58
 90
        2
176
     0
 90
        2
176
     0
 90
        0
176
     0
 90
        0
176
     0
 40
0.6
176
     0
 40
30.0
176
     0
 62
     7
420
 16777215
176
     0
 90
        1
176
     0
 90
        4
176
     0
 62
     7
176
     0
 62
   257
176
     0
 90
        1
176
     0
 90
        1
176
     0
 40
1.0
176
     0
 90
        9
176
     2
 62
     7
176
     0
 40
1.0
176
     0
 90
        1
176
     0
 90
        6
176
     0
 90
        2
176
     0
 62
     7
176
     0
 90
        5
176
     0
 90
        0
176
     0
 90
        0
176
     0
290
     0
176
     0
 90
        1
176
     0
 40
0.0
176
     0
 90
        0
176
     0
290
     0
176
     1
290
     1
176
     1
290
     1
176
     1
290
     0
176
     1
290
     0
176
     1
290
     0
176
     1
290
     0
176
     1
290
     0
176
     1
290
     0
176
     1
 90
       50
176
     1
 40
0.0
176
     1
 40
1.0
176
     1
 90
        0
176
     1
 62
    18
420
        0
176
     1
 90
       50
176
     1
 90
        3
176
     1
 62
     5
420
      255
176
     1
290
     0
176
     1
 90
       50
176
     1
 90
       50
176
     1
 90
       50
176
     1
290
     0
176
     1
 90
       50
176
     1
 62
   256
176
     0
 40
1.0
176
     0
 90
        2
176
     1
  1
strokes_ogs.tif
176
     1
290
     0
176
     1
 40
1.0
176
     1
 40
1.0
176
     1
  0
VISUALSTYLE
  5
A3
102
{ACAD_REACTORS
330
99
102
}
330
99
100
AcDbVisualStyle
  2
Realistic
 70
     8
177
     3
291
     0
 70
    58
 90
        2
176
     1
 90
        2
176
     1
 90
        0
176
     1
 90
        2
176
     1
 40
0.6
176
     1
 40
30.0
176
     1
 62
     7
420
 16777215
176
     1
 90
        0
176
     1
 90
        0
176
     1
 62
     7
176
     1
 62
   257
176
     1
 90
        1
176
     1
 90
        1
176
     1
 40
1.0
176
     1
 90
        8
176
     1
 62
   257
176
     1
 40
1.0
176
     1
 90
        1
176
     1
 90
        6
176
     1
 90
        2
176
     1
 62
     7
176
     1
 90
        3
176
     1
 90
        0
176
     1
 90
        0
176
     1
290
     0
176
     1
 90
       13
176
     1
 40
0.0
176
     1
 90
        0
176
     1
290
     0
176
     1
290
     1
176
     1
290
     1
176
     1
290
     0
176
     1
290
     0
176
     1
290
     0
176
     1
290
     0
176
     1
290
     0
176
     1
290
     0
176
     1
 90
       50
176
     1
 40
0.0
176
     1
 40
1.0
176
     1
 90
        0
176
     1
 62
    18
420
        0
176
     1
 90
       50
176
     1
 90
        3
176
     1
 62
     5
420
      255
176
     1
290
     0
176
     1
 90
       50
176
     1
 90
       50
176
     1
 90
       50
176
     1
290
     0
176
     1
 90
       50
176
     1
 62
   256
176
     0
 40
1.0
176
     0
 90
        2
176
     1
  1
strokes_ogs.tif
176
     1
290
     0
176
     1
 40
1.0
176
     1
 40
1.0
176
     1
  0
VISUALSTYLE
  5
182
102
{ACAD_REACTORS
330
99
102
}
330
99
100
AcDbVisualStyle
  2
Shaded
 70
    27
177
     3
291
     0
 70
    58
 90
        2
176
     1
 90
        2
176
     1
 90
        1
176
     1
 90
        2
176
     1
 40
0.6
176
     1
 40
30.0
176
     1
 62
     7
420
 16777215
176
     1
 90
        0
176
     1
 90
        4
176
     1
 62
     7
176
     1
 62
   257
176
     1
 90
        1
176
     1
 90
        1
176
     1
 40
1.0
176
     1
 90
        8
176
     1
 62
   257
176
     1
 40
1.0
176
     1
 90
        1
176
     1
 90
        6
176
     1
 90
        2
176
     1
 62
     8
420
  7895160
176
     1
 90
        3
176
     1
 90
        0
176
     1
 90
        0
176
     1
290
     0
176
     1
 90
        5
176
     1
 40
0.0
176
     1
 90
        0
176
     1
290
     0
176
     1
290
     1
176
     1
290
     1
176
     1
290
     0
176
     1
290
     0
176
     1
290
     0
176
     1
290
     0
176
     1
290
     0
176
     1
290
     0
176
     1
 90
       50
176
     1
 40
0.0
176
     1
 40
1.0
176
     1
 90
        0
176
     1
 62
    18
420
        0
176
     1
 90
       50
176
     1
 90
        3
176
     1
 62
     5
420
      255
176
     1
290
     0
176
     1
 90
       50
176
     1
 90
       50
176
     1
 90
       50
176
     1
290
     0
176
     1
 90
       50
176
     1
 62
   256
176
     0
 40
1.0
176
     0
 90
        2
176
     1
  1
strokes_ogs.tif
176
     1
290
     0
176
     1
 40
1.0
176
     1
 40
1.0
176
     1
  0
VISUALSTYLE
  5
181
102
{ACAD_REACTORS
330
99
102
}
330
99
100
AcDbVisualStyle
  2
Shaded with edges
 70
    26
177
     3
291
     0
 70
    58
 90
        2
176
     1
 90
        2
176
     1
 90
        1
176
     1
 90
        2
176
     1
 40
0.6
176
     1
 40
30.0
176
     1
 62
     7
420
 16777215
176
     1
 90
        1
176
     1
 90
        2
176
     1
 62
     7
176
     1
 62
   257
176
     1
 90
        2
176
     1
 90
        1
176
     1
 40
1.0
176
     1
 90
        8
176
     1
 62
   257
176
     1
 40
1.0
176
     1
 90
        1
176
     1
 90
        6
176
     1
 90
        2
176
     1
 62
     7
176
     1
 90
        3
176
     1
 90
        0
176
     1
 90
        0
176
     1
290
     0
176
     1
 90
        5
176
     1
 40
0.0
176
     1
 90
        0
176
     1
290
     0
176
     1
290
     1
176
     1
290
     1
176
     1
290
     0
176
     1
290
     0
176
     1
290
     0
176
     1
290
     0
176
     1
290
     0
176
     1
290
     0
176
     1
 90
       50
176
     1
 40
0.0
176
     1
 40
1.0
176
     1
 90
        0
176
     1
 62
    18
420
        0
176
     1
 90
       50
176
     1
 90
        3
176
     1
 62
     5
420
      255
176
     1
290
     0
176
     1
 90
       50
176
     1
 90
       50
176
     1
 90
       50
176
     1
290
     0
176
     1
 90
       50
176
     1
 62
   256
176
     0
 40
1.0
176
     0
 90
        2
176
     1
  1
strokes_ogs.tif
176
     1
290
     0
176
     1
 40
1.0
176
     1
 40
1.0
176
     1
  0
VISUALSTYLE
  5
17E
102
{ACAD_REACTORS
330
99
102
}
330
99
100
AcDbVisualStyle
  2
Shades of Gray
 70
    23
177
     3
291
     0
 70
    58
 90
        2
176
     1
 90
        2
176
     1
 90
        3
176
     1
 90
        0
176
     1
 40
0.6
176
     1
 40
30.0
176
     1
 62
     7
420
 16777215
176
     1
 90
        2
176
     1
 90
        2
176
     1
 62
     7
176
     1
 62
     7
176
     1
 90
        1
176
     1
 90
        1
176
     1
 40
40.0
176
     1
 90
        8
176
     1
 62
     7
176
     1
 40
1.0
176
     1
 90
        1
176
     1
 90
        6
176
     1
 90
        2
176
     1
 62
     7
176
     1
 90
        3
176
     1
 90
        0
176
     1
 90
        0
176
     1
290
     0
176
     1
 90
        1
176
     1
 40
0.0
176
     1
 90
        0
176
     1
290
     0
176
     1
290
     1
176
     1
290
     1
176
     1
290
     0
176
     1
290
     0
176
     1
290
     0
176
     1
290
     0
176
     1
290
     0
176
     1
290
     0
176
     1
 90
       50
176
     1
 40
0.0
176
     1
 40
1.0
176
     1
 90
        0
176
     1
 62
    18
420
        0
176
     1
 90
       50
176
     1
 90
        3
176
     1
 62
     5
420
      255
176
     1
290
     0
176
     1
 90
       50
176
     1
 90
       50
176
     1
 90
       50
176
     1
290
     0
176
     1
 90
       50
176
     1
 62
   256
176
     0
 40
1.0
176
     0
 90
        2
176
     1
  1
strokes_ogs.tif
176
     1
290
     0
176
     1
 40
1.0
176
     1
 40
1.0
176
     1
  0
VISUALSTYLE
  5
17F
102
{ACAD_REACTORS
330
99
102
}
330
99
100
AcDbVisualStyle
  2
Sketchy
 70
    24
177
     3
291
     0
 70
    58
 90
        1
176
     1
 90
        2
176
     1
 90
        2
176
     1
 90
        0
176
     1
 40
0.6
176
     1
 40
30.0
176
     1
 62
     7
420
 16777215
176
     1
 90
        2
176
     1
 90
        2
176
     1
 62
     7
176
     1
 62
     7
176
     1
 90
        1
176
     1
 90
        1
176
     1
 40
40.0
176
     1
 90
       11
176
     1
 62
     7
176
     1
 40
1.0
176
     1
 90
        1
176
     1
 90
        6
176
     1
 90
        2
176
     1
 62
     7
176
     1
 90
        6
176
     1
 90
        0
176
     1
 90
        0
176
     1
290
     0
176
     1
 90
        1
176
     1
 40
0.0
176
     1
 90
        0
176
     1
290
     0
176
     1
290
     1
176
     1
290
     1
176
     1
290
     0
176
     1
290
     0
176
     1
290
     0
176
     1
290
     0
176
     1
290
     0
176
     1
290
     0
176
     1
 90
       50
176
     1
 40
0.0
176
     1
 40
1.0
176
     1
 90
        0
176
     1
 62
    18
420
        0
176
     1
 90
       50
176
     1
 90
        3
176
     1
 62
     5
420
      255
176
     1
290
     0
176
     1
 90
       50
176
     1
 90
       50
176
     1
 90
       50
176
     1
290
     0
176
     1
 90
       50
176
     1
 62
   256
176
     0
 40
1.0
176
     0
 90
        2
176
     1
  1
strokes_ogs.tif
176
     1
290
     0
176
     1
 40
1.0
176
     1
 40
1.0
176
     1
  0
VISUALSTYLE
  5
A6
102
{ACAD_REACTORS
330
99
102
}
330
99
100
AcDbVisualStyle
  2
Thicken
 70
    13
177
     3
291
     1
 70
    58
 90
        2
176
     1
 90
        2
176
     1
 90
        1
176
     1
 90
        0
176
     1
 40
0.6
176
     1
 40
30.0
176
     1
 62
     7
420
 16777215
176
     1
 90
        1
176
     1
 90
        4
176
     1
 62
     7
176
     1
 62
   257
176
     1
 90
        1
176
     1
 90
        1
176
     1
 40
1.0
176
     1
 90
       12
176
     1
 62
     7
176
     1
 40
1.0
176
     1
 90
        1
176
     1
 90
        6
176
     1
 90
        2
176
     1
 62
     7
176
     1
 90
        5
176
     1
 90
        0
176
     1
 90
        0
176
     1
290
     0
176
     1
 90
        1
176
     1
 40
0.0
176
     1
 90
        0
176
     1
290
     0
176
     1
290
     1
176
     1
290
     1
176
     1
290
     0
176
     1
290
     0
176
     1
290
     0
176
     1
290
     0
176
     1
290
     0
176
     1
290
     0
176
     1
 90
       50
176
     1
 40
0.0
176
     1
 40
1.0
176
     1
 90
        0
176
     1
 62
    18
420
        0
176
     1
 90
       50
176
     1
 90
        3
176
     1
 62
     5
420
      255
176
     1
290
     0
176
     1
 90
       50
176
     1
 90
       50
176
     1
 90
       50
176
     1
290
     0
176
     1
 90
       50
176
     1
 62
   256
176
     0
 40
1.0
176
     0
 90
        2
176
     1
  1
strokes_ogs.tif
176
     1
290
     0
176
     1
 40
1.0
176
     1
 40
1.0
176
     1
  0
VISUALSTYLE
  5
A0
102
{ACAD_REACTORS
330
99
102
}
330
99
100
AcDbVisualStyle
  2
Wireframe
 70
     5
177
     3
291
     0
 70
    58
 90
        0
176
     1
 90
        2
176
     1
 90
        0
176
     1
 90
        0
176
     1
 40
0.6
176
     1
 40
30.0
176
     1
 62
     7
420
 16777215
176
     1
 90
        1
176
     1
 90
        4
176
     1
 62
     7
176
     1
 62
   257
176
     1
 90
        1
176
     1
 90
        1
176
     1
 40
1.0
176
     1
 90
        0
176
     1
 62
   257
176
     1
 40
1.0
176
     1
 90
        1
176
     1
 90
        6
176
     1
 90
        2
176
     1
 62
     7
176
     1
 90
        3
176
     1
 90
        0
176
     1
 90
        0
176
     1
290
     0
176
     1
 90
        1
176
     1
 40
0.0
176
     1
 90
        0
176
     1
290
     0
176
     1
290
     1
176
     1
290
     1
176
     1
290
     0
176
     1
290
     0
176
     1
290
     0
176
     1
290
     0
176
     1
290
     0
176
     1
290
     0
176
     1
 90
       50
176
     1
 40
0.0
176
     1
 40
1.0
176
     1
 90
        0
176
     1
 62
    18
420
        0
176
     1
 90
       50
176
     1
 90
        3
176
     1
 62
     5
420
      255
176
     1
290
     0
176
     1
 90
       50
176
     1
 90
       50
176
     1
 90
       50
176
     1
290
     0
176
     1
 90
       50
176
     1
 62
   256
176
     0
 40
1.0
176
     0
 90
        2
176
     1
  1
strokes_ogs.tif
176
     1
290
     0
176
     1
 40
1.0
176
     1
 40
1.0
176
     1
  0
VISUALSTYLE
  5
180
102
{ACAD_REACTORS
330
99
102
}
330
99
100
AcDbVisualStyle
  2
X-Ray
 70
    25
177
     3
291
     0
 70
    58
 90
        2
176
     1
 90
        2
176
     1
 90
        1
176
     1
 90
        1
176
     1
 40
0.5
176
     1
 40
30.0
176
     1
 62
     7
420
 16777215
176
     1
 90
        1
176
     1
 90
        0
176
     1
 62
     7
176
     1
 62
   257
176
     1
 90
        1
176
     1
 90
        1
176
     1
 40
1.0
176
     1
 90
        8
176
     1
 62
     7
176
     1
 40
1.0
176
     1
 90
        1
176
     1
 90
        6
176
     1
 90
        2
176
     1
 62
     7
176
     1
 90
        3
176
     1
 90
        0
176
     1
 90
        0
176
     1
290
     0
176
     1
 90
       13
176
     1
 40
0.0
176
     1
 90
        0
176
     1
290
     0
176
     1
290
     1
176
     1
290
     1
176
     1
290
     0
176
     1
290
     0
176
     1
290
     0
176
     1
290
     0
176
     1
290
     0
176
     1
290
     0
176
     1
 90
       50
176
     1
 40
0.0
176
     1
 40
1.0
176
     1
 90
        0
176
     1
 62
    18
420
        0
176
     1
 90
       50
176
     1
 90
        3
176
     1
 62
     5
420
      255
176
     1
290
     0
176
     1
 90
       50
176
     1
 90
       50
176
     1
 90
       50
176
     1
290
     0
176
     1
 90
       50
176
     1
 62
   256
176
     0
 40
1.0
176
     0
 90
        2
176
     1
  1
strokes_ogs.tif
176
     1
290
     0
176
     1
 40
1.0
176
     1
 40
1.0
176
     1
  0
DICTIONARYVAR
  5
F0
102
{ACAD_REACTORS
330
66
102
}
330
66
100
DictionaryVariables
280
     0
  1
1:1
  0
DICTIONARYVAR
  5
EF
102
{ACAD_REACTORS
330
66
102
}
330
66
100
DictionaryVariables
280
     0
  1
Standard
  0
DICTIONARYVAR
  5
89
102
{ACAD_REACTORS
330
66
102
}
330
66
100
DictionaryVariables
280
     0
  1
Standard
  0
DICTIONARYVAR
  5
1B7
102
{ACAD_REACTORS
330
66
102
}
330
66
100
DictionaryVariables
280
     0
  1
Imperial24
  0
DICTIONARYVAR
  5
1B8
102
{ACAD_REACTORS
330
66
102
}
330
66
100
DictionaryVariables
280
     0
  1
Imperial24
  0
DICTIONARYVAR
  5
67
102
{ACAD_REACTORS
330
66
102
}
330
66
100
DictionaryVariables
280
     0
  1
2
  0
DICTIONARYVAR
  5
6B
102
{ACAD_REACTORS
330
66
102
}
330
66
100
DictionaryVariables
280
     0
  1
1
  0
DICTIONARYVAR
  5
D81
102
{ACAD_REACTORS
330
66
102
}
330
66
100
DictionaryVariables
280
     0
  1
BYLAYER
  0
DICTIONARYVAR
  5
D80
102
{ACAD_REACTORS
330
66
102
}
330
66
100
DictionaryVariables
280
     0
  1
ByLayer
  0
DICTIONARYVAR
  5
14D
102
{ACAD_REACTORS
330
66
102
}
330
66
100
DictionaryVariables
280
     0
  1
0
  0
DICTIONARYVAR
  5
14E
102
{ACAD_REACTORS
330
66
102
}
330
66
100
DictionaryVariables
280
     0
  1
0
  0
DICTIONARYVAR
  5
810C
330
810B
100
DictionaryVariables
280
     0
  1
1.0.3 @ 2026-07-05T15:04:01.364423+00:00
  0
DICTIONARY
  5
188
330
97
100
AcDbDictionary
280
     1
281
     1
  3
FBXASSET
360
189
  0
DICTIONARY
  5
186
330
96
100
AcDbDictionary
280
     1
281
     1
  3
FBXASSET
360
187
  0
DICTIONARY
  5
110
330
98
100
AcDbDictionary
280
     1
281
     1
  3
FBXASSET
360
18A
  0
DICTIONARY
  5
846B
330
87
100
AcDbDictionary
280
     1
281
     1
  3
ACAD_ROUNDTRIP_2008_TABLESTYLE_CELLSTYLEMAP
360
846C
  0
XRECORD
  5
189
102
{ACAD_REACTORS
330
188
102
}
330
188
100
AcDbXrecord
280
     1
 70
     1
 90
429727718
  1
508B35C9-AEE7-456F-BE74-D52651303AC6
310
504B03040A0000080000B670623B3DEE336E79000000790000001B0000006175746F6465736B2D64657369676E2D7061636B6167652E786D6C3C3F786D6C2076657273696F6E3D22312E302220656E636F64696E673D227574662D3822203F3E3C666F726D6174733E3C666F726D61743E687474703A2F2F736368656D612E
310
6175746F6465736B2E636F6D2F64657369676E2D7061636B6167652F323030393C2F666F726D61743E3C2F666F726D6174733E504B0304140006080800B670623BD486FD9CA0000000F4000000130000005B436F6E74656E745F54797065735D2E786D6C7D8EC10E82300C865F65E91D8A1E8C310C0EEA1BF002731658846E
310
D98AC1B77784ABF1D8FE5FBFBF75BBCE937A534CCEB38643598122B6FEE978D0B0485F9C41B54DDD7D022595594E1A469170414C76A4D9A4D207E29CF43ECE46F218070CC6BECC4078ACAA135ACF422C856C0E68EA1BF5669944DDD7BCDE7B1F8E415D77AECB980613C2E4AC91FC167A2B244592486606FC29C8FD7F045B9A
310
EF7053A7E60B504B0304140006080800B670623B28ED286BEB0000007C01000008000000636F72652E786D6C8D90416EC3201045AF82665B6183218D6D61A254764FD00B204C5C94182C03558F5F9C3852BBEB6A467FFE9B197D71FA9E6FE8CBACC17AD7012D0820E3B41FAD9B3A48F1826B40272956EFE32F1B20A766D3C1
310
268314D3EAD3B24BDABB685CCCAAF3A3D94515828980F42D371D04FD696655A814B3235C8B45E9AB9A4C419F5D8653B2237A1CB163DE672FD6AC209BF3C08E0D1B30EB19C3FC9D72FCC6EB231EFA33EDE96BDD341517E5064B11EDFCBCAF57A3A2194156843498524CAA0FCA5B7268F9E185D42D21A2DCEC7FA0B48CFF8492
310
759155FBBB0F2C80A4F991FB408A72CB22977B50B96EB9C91F504B0304140006080800B670623B55019EA25F0000007C00000007000000636E782E786D6C4DCB3B0E80201045D1AD90E915ED2CF8AC45050C11660C8261F98AB1B07AC9C97D42D718D865D3E909258CFD00CCE24AC6E326A164D74DC0B4128928FF32603847
310
2BA13128B1252AC747C6BAB984FC68F0B87FE8960A5C09FE86CFB69FBA01504B0304140006080800B670623B7BC41AC871010000D40300000C0000006662782F636F72652E786D6CC553ED6E8320147D15C2DF4501B56B6D90A64BBB27D80B50A5CE54C120983EFEAE1F4DD7A56BBA5FF3879273EEE59E7310BE393735EA95
310
ED2AA333CC428A91D2B9292A5D66D8BB63B0C26823B835C67D2BC348CB46657880B1E0A535BE9DA1DC68A7B403549B42CDA0EC3AE530CA6B5864B8CB3F552343E91D5474A7B095F949962A6421D0502778E72C0840D390E18DC5F170E664C205F7BE2A66B62A605A75AC94C522DDEEE3651AEF837817C741F2CE92E02D592D
310
83FD6ECB76EC7595A651C2C9D02CB8AB9A8BBADC2AE954814544691A3016D0E883256BBA58278B17BA5A53CAC9507ED3E4DBE2C9265F691747B3DCA9ADC382819091F8E1162272A8933DE82182932144F88C09DF060D8140C84E1EEA8B8F1340BDCA9DB1093085F157AA97B557309586747CD0EF0B4EA64E983A6E0EAEEFCE
310
889E9EF17847386AA94B30211D2C0FDE0D3AF9A4610EAD5536E8DD1969631B593F67E381C33F5157F17725E5A636F6BF1491F980C8FC7B90E13E8A2F504B0304140006080800B670623B70102A487D0000009D0000000B0000006662782F636E782E786D6C4DCCD10A83201886E15B91FFDC95A5C30335ACCDFB886521330D
310
A76397BF1A1DECE883878F57749FD5A3B74D2F17830472A901D9F088930B8B849267CC01754AA418F3DF0D5018572BE160506249B16C274D761E8BCFBB7A179E27F65CB39A0F14D396184C9921B81F34C3ACA1B4B99ABB6E6F062A25AA5F69DF23ACBE504B0304140006080800B670623B3610CA3329010000120200003100
310
00006662782F42384135303843342D343331462D343546312D424341352D3532343432364645413344462F636F72652E786D6C8D515B6EC32010BC0AE22B55850D0E446E848992B43E412FE000495162B07854397EA176A4F62F3F2C9A9D991D58BEBB8F37F0AD7D30CE76905418026DA553C65E3A98E219B510EC04F7CEC5
310
3F3408EC30EA0E16180A7EF12E4D0B249D8DDAC68C5AA7F4020E21E80881BCE54B0783FCD2E3500D296646B856D320AFC34557A4CAEDCC133C449F0380794839A138B47B86DB2345744D7A44594FD0E1B867883594369BFE63BF7EEF793D0B054FC9A8456E548E63CE46FB674D8A58F068C6477CE9F510B582A2C1F80D1182
310
70F349E816B32D65AFB8DD62CCEB42FF274A937A52948C8DEB66893BCB021484D7734370E5D2E9F608A3EF93F3119479ABA0E50B14B8C298119A43CCC4FCFCECB8A18B6388CEE7EF5D5D4F994BD86CBBA182D76543B9FCAE2FD7B24DF103504B0304140006080800B670623B1B8617914E0100003303000030000000666278
310
2F42384135303843342D343331462D343546312D424341352D3532343432364645413344462F636E782E786D6CD593C16EC32010447F0571AD6CE3D489D20813A9877E410FBD62D82434182CC055F3F75D1292E692438FBD206B7698593D61BEFD1E2DF982108D773D6D6B460938E5B571FB9ECE6957AD29D90A1EBC4F7736
310
4A9C1CA1A759A682EF839FA72269D8C9D92654AD71C72206887E0E0A22CAF926B15E498B01E0AA19451807D01A34B919F16B070157417138917400F2F6FA41FCF0092A45DEE414C19BDC21783E4BD39D891265658C3D8DEA00A3ACE59CBC8678ACB54CB26EEB6BD7839D7E9348BE70AD9C8321B9BCA7F9A4A26C542347DEE0
310
50F09802D22BA6749A800A394DD62899107273365E3C82CFC6A55557BC06C10774B7ABE7AEC3B0F34CF06446280E154026D0542C187BA9DAB6628BF7B6DBB0E5A65B3EB1F58631DE64BBE083F7B65CC218087E22CABB042E51D1F2268F1FE12B3EA24D40D63E9CFE00120194D60B9D5BC67FE6D39CDF37E20AF817881F504B
310
0304140006080800B670623BBFEF2E3B690500003C100000340000006662782F42384135303843342D343331462D343546312D424341352D3532343432364645413344462F6F626A656374732E786D6CAD575D739B3814FD2B0CFB0C98D84E931D4227B6938EA793B6534F3BFB90198F0099B001899144EAECAFDF231018B0
310
D37A3FFC609090EEE7B94757C1FB7D915B2F54C88CB31BDB7727B64559CC938CA53776A576CE956DBD0F03C1B9EA2DB32D460A7A63EB693B0C52C1ABD24C257447AA5C8D66EF177F5832A68CDA569C13296F6C193FD182B8A4523CA1F2D94D88226EBADBBBBEDB2C1C8A4D05299F46424B222853B014F30C52ACC6287F389C
310
D85E1878FA7B18E87FB36AFAF62AAFF667A83F635211161F291B8999FAB3D5DDC5FCDA99CF6653677679E13B8BFBC5CAF1DF4D27CBCBE5F2FAF6EE1A8AA51290642C117467871F101B91C581D77CEA2C36869F3229E68CD1B8F61F1ED6361B89092D294B90C78C4A68EB793D190E7D1D9BDEE7A91E1B95FDE9F3BCEAEFE809
310
6A6D6F9F7D4B79F4275C90E7A04248AA51D5C4C738DAE06F72885AC4796EBE65D22A88A22223B995679120E2D50EB1542F098381188D4EA111AE3DB043FF20AF6F2B4AE3D7D83D65E5AECA730D4D3BAC91BD05FEA992B565D95F549CD6069B90AB2A63EACA38A45E4B6A87D781574F86817E4C2FCCC72690D62E2729520E37
310
9BAF234797BAF6D62B3BFC781FED37BA1E4F2B2F052FA9501A3E80569BB8F6A9A364D4FA67654E6F803383981F82F21591FF84F23D9882BC896C3FDBCF8C162508933B2E0AE4C69DD43F6BD2BE38DDDBF10BF86CB4FA784D37F3AF16075E67EC9030DECA1FC0A55373F5DFF3378C591FA9BDF485C10B0A8C8BA909E5262639
310
A8E72163488806A595734C81CB77D1DE0ED7604A303B76913CEC0272F412782FF88EFF4636D8AA56DF7B322474C4B767303F625997056C7B032C473C592B36CEBD15F3F9FF5233B7ABCDC74D257624A60F8658567497B14CE1EC3C80B76FD02011038F9EE9EB0F2E12387A9C844D3F09855125116D1D731DF8B43D2CF4E0A0
310
79A020C6BE946BCE0B7EA1E1219331CD73C228AF5A2DDD31A4B1DA918CE91350854D40A71723140BFA92E94E62B0626016CEFA5864A50E5977E8753CEDBEE1CBB7F52780D20E17AF0BA0F5F9B02A3AD07DCC732EB6D1EBB661421BE0C39E21BABF0FE16D22EA6929407C8DE596724C88B749B6DB5512BC7B228ADFD7CB7EA6
310
3A22397E690BA8D5D8D4E40CEC8CDA23C2C0B7D5898640101CEC9C6D331CE328CB93CAFBBAC70A642DF70DF95155945B52F08AA973C23469FD69ADEF84F7BB18F983A8F8C90E37F5D35980B2139A1C523540813E824EF83448CF7C72B598CE97D7CEEDDDDD3B6736BFBC771677EF66CE6A7E7139F7A793E9EDF2B2B3A8B624
310
0CDA13AA5F8388264EC4A0129909F3B7F5A16CEDF08128E97D680ACA4B9BE7B7B58BB638F0B00700EF36AE8B32A705658A68F83EE897FC2B41573190D1CCAF0B92D233A47CFEB019D9809933F67DD1A5467F8CF69AD9A5AE859342D45355448C64F968A371DC2D596ADC6E43D93D1B466F877A64E2893E54F23C4B40388995
310
525E5005DA3983ED45412510D3EFCA13737B3863F74BD30F2A12E5B4B5E489A025CE25500DB855B11ACE5BBFA185D35DD48D8DC3CE7DC69F2944DB42AA6F6CF09BCA622ADD08C7A36E7C6AE18000BAB08E040135C2D21C9D75B3A91B77BB746C403F38018DFE6EC939DD92F16B40BC05294B9CDA035AAD6D330AE27FE4786B
310
8E45145EA34A75BE1C263A676A35A8ACC6297337400BF16C54EF515F3F77CB77EB3583889C754FFA29081AA98E2222ADEF05DA3E63D2EDEA8B8756C05A7FB6CABC4A91CBF325398202CC952E70A008A830324BA200D5E5EF8F5F04C75DB4B0EE3340E071C98B823333B83577596BF3849B69F2085AA0FAFA212F26BEFF5877
310
FDE622B28D88A42E49E43326DA82D31E8CB006401E1DA726059ECEC168F97A6599036306A135688F9AD2E61A6EA178F4CD51974A9F2CCB9F36FE5EBD14601068D9C3BF01504B0304140006080000B670623B000000000000000000000000350000006662782F42384135303843342D343331462D343546312D424341352D35
310
32343432364645413344462F76657274696365732E62696E504B0304140006080800B670623BF270F1330600000004000000360000006662782F42384135303843342D343331462D343546312D424341352D3532343432364645413344462F747269616E676C65732E62696E636660600000504B0304140006080000B67062
310
3B000000000000000000000000370000006662782F42384135303843342D343331462D343546312D424341352D3532343432364645413344462F617474726962757465732E62696E504B0304140006080800B670623B08DA0BD19000000041010000360000006662782F42384135303843342D343331462D343546312D4243
310
41352D3532343432364645413344462F6469726563746F72792E786D6C858F410AC3201045AF22B36F53E9A60B35CBEEBAE80D244E44489C6234F4F835464A48035D0DF398FF9F8AF63D0E6CC63039F212F8F9020C7D47C6792B21C5FE7403D62A1188E2E60C98D7234A5830286103A55745067B9D86B8A3CF9C7F90C11DE6
310
07FB144396D7B6A82D282E9A152AD114D5EF2CB866EEE831B8EEA07A7BB5A8D7D61A2BAAEB7FD5F70921FF497D00504B0304140006080800B670623B3B4606F3FE000000A00100003B0000006662782F42384135303843342D343331462D343546312D424341352D3532343432364645413344462F7265736F75726365732F
310
636F72652E786D6C8D504B6E833010BD0A9A6D65B08134808CA354A427E8052C332156828DFCA97AFC9A40A576D7CDCCE87D344F8F9FBEE647F689CE6B6B7A6039850C8DB2A336530F315C4903D94970676DF82583CCC8197B5861107C72362E3BA4AC096842428D1D7107A5F71820538F74F4E0D50D6799CB1892C2DFF345
310
AABB9C306779A2934E701F5C0A906D4FD609C2A1B7D129F4BCD858C163D4E3AED163FAA9AF1A1D88F67CA98E6D35906AA82A52BFB39ABCD5CD915C86331BD86BD3B665CD8BD52C78D0F34F46E550061C419494B6843142CB0F5677F4D0D58717DA7494F26295FF31C565FCA7296A13AA728FBBD93C0896823C09C18BB5AFB4
310
9E65A6BD762BBE01504B010214000A0000080000B670623B3DEE336E79000000790000001B00000000000000000000000000000000006175746F6465736B2D64657369676E2D7061636B6167652E786D6C504B01021400140006080800B670623BD486FD9CA0000000F40000001300000000000000000000000000B2000000
310
5B436F6E74656E745F54797065735D2E786D6C504B01021400140006080800B670623B28ED286BEB0000007C010000080000000000000000000000000083010000636F72652E786D6C504B01021400140006080800B670623B55019EA25F0000007C000000070000000000000000000000000094020000636E782E786D6C50
310
4B01021400140006080800B670623B7BC41AC871010000D40300000C00000000000000000000000000180300006662782F636F72652E786D6C504B01021400140006080800B670623B70102A487D0000009D0000000B00000000000000000000000000B30400006662782F636E782E786D6C504B01021400140006080800B6
310
70623B3610CA3329010000120200003100000000000000000000000000590500006662782F42384135303843342D343331462D343546312D424341352D3532343432364645413344462F636F72652E786D6C504B01021400140006080800B670623B1B8617914E010000330300003000000000000000000000000000D10600
310
006662782F42384135303843342D343331462D343546312D424341352D3532343432364645413344462F636E782E786D6C504B01021400140006080800B670623BBFEF2E3B690500003C10000034000000000000000000000000006D0800006662782F42384135303843342D343331462D343546312D424341352D35323434
310
32364645413344462F6F626A656374732E786D6C504B01021400140006080000B670623B0000000000000000000000003500000000000000000000000000280E00006662782F42384135303843342D343331462D343546312D424341352D3532343432364645413344462F76657274696365732E62696E504B010214001400
310
06080800B670623BF270F133060000000400000036000000000000000000000000007B0E00006662782F42384135303843342D343331462D343546312D424341352D3532343432364645413344462F747269616E676C65732E62696E504B01021400140006080000B670623B00000000000000000000000037000000000000
310
00000000000000D50E00006662782F42384135303843342D343331462D343546312D424341352D3532343432364645413344462F617474726962757465732E62696E504B01021400140006080800B670623B08DA0BD1900000004101000036000000000000000000000000002A0F00006662782F42384135303843342D3433
310
31462D343546312D424341352D3532343432364645413344462F6469726563746F72792E786D6C504B01021400140006080800B670623B3B4606F3FE000000A00100003B000000000000000000000000000E1000006662782F42384135303843342D343331462D343546312D424341352D3532343432364645413344462F72
310
65736F75726365732F636F72652E786D6C504B0506000000000E000E0080040000651100000000
  0
XRECORD
  5
187
102
{ACAD_REACTORS
330
186
102
}
330
186
100
AcDbXrecord
280
     1
 70
     1
 90
429727718
  1
887D55A9-D0DD-414E-B741-A7DCD4DA2B4C
310
504B03040A0000080000B670623B3DEE336E79000000790000001B0000006175746F6465736B2D64657369676E2D7061636B6167652E786D6C3C3F786D6C2076657273696F6E3D22312E302220656E636F64696E673D227574662D3822203F3E3C666F726D6174733E3C666F726D61743E687474703A2F2F736368656D612E
310
6175746F6465736B2E636F6D2F64657369676E2D7061636B6167652F323030393C2F666F726D61743E3C2F666F726D6174733E504B0304140006080800B670623BD486FD9CA0000000F4000000130000005B436F6E74656E745F54797065735D2E786D6C7D8EC10E82300C865F65E91D8A1E8C310C0EEA1BF002731658846E
310
D98AC1B77784ABF1D8FE5FBFBF75BBCE937A534CCEB38643598122B6FEE978D0B0485F9C41B54DDD7D022595594E1A469170414C76A4D9A4D207E29CF43ECE46F218070CC6BECC4078ACAA135ACF422C856C0E68EA1BF5669944DDD7BCDE7B1F8E415D77AECB980613C2E4AC91FC167A2B244592486606FC29C8FD7F045B9A
310
EF7053A7E60B504B0304140006080800B670623BBC1638F5EC0000007C01000008000000636F72652E786D6C8D90416EC3201045AF82665B61836BE2D8C24471DB9CA01740401C94182C03558F5F9C3852BBEB6A467FFE9B197D7EF89E6EE8CB2CC17AD7032D0820E394D7D68D3DA478C67B4007C117EFE32F1B202727D3C3
310
2A83E0E3E2D3BC49CABB685CCCAAF3DA6CA20CC14440EA969B1E82BA98491632C5EC08D76296EA2A4753D06797E194AC468F2356E77DF66CCD02825543D50CACC62D39ED70FDC68EB8FD68F6F8787A6784342D1DDA1D2F5758F068A7E77DB518198D065111D2624A31A93E69DD11D6D5EC85EC3B4278B9DAFF4069D6FF8492
310
75F1B5DADE7D600104CD8FDC0782976B16B9DC83CA75CD4DFC00504B0304140006080800B670623B55019EA25F0000007C00000007000000636E782E786D6C4DCB3B0E80201045D1AD90E915ED2CF8AC45050C11660C8261F98AB1B07AC9C97D42D718D865D3E909258CFD00CCE24AC6E326A164D74DC0B4128928FF326038
310
472BA13128B1252AC747C6BAB984FC68F0B87FE8960A5C09FE86CFB69FBA01504B0304140006080800B670623B3586FFB671010000D40300000C0000006662782F636F72652E786D6CC553ED6E8320147D15C2DF4541A76D6D90A6DDD627D80B50A4CE54C120983EFEAE1F4DD7A55BBA5FF3879273EEE59E7310B6393735EA
310
95ED2AA3731C851423A5A5292A5DE6D8BB63B0C268C39935C67D29C3488B46E578803167A535BE9D2169B453DA01AA4DA16650749D7218C91A1639EEE4876A4428BC838AEE14B6429E44A9C228041AEA38EB9C0501681A32BC313F1ECE8C4C3867DE57C5CC56054CAB8E95B298A7F12E5EEED224C8E87E11242FE936C8DE96
310
AB60BB7F4D295D66D12E5B30323473E6AAE6A24E5A259C2A308F29CD82280A68FC1E256B9AAE93F489AED694323294DF34F9B678B0C957DA3DC7B3DCA9ADC33C022123F1CD2D44E450277AD04338234388F01913BE0D1A0281909D38D4171F27807A259DB1093085F157AA17B557309586747CD0CF0B46A64E983A6E0EAEEF
310
CE881F9EF1FB8E70D44297604238581EBC1B74B249C31C5AAB6CD0BB33D2C636A27ECCC62F0EFF445DC5DF95244D6DEC7F2922F30191F9F720C37DE49F504B0304140006080800B670623B4220A0FF7D0000009D0000000B0000006662782F636E782E786D6C4DCCD10A83201886E15B91FFDCE542CB0335D0EC3E6259C84A
310
C3E9D8E5AF46073BFAE0E1E315DD675BD1DBA5978F41C2FD4600B9F088930F8B849267CC01754AA418F3DF0D50183727E164506249B1EC174D6E1ECB9A0F5D7D785E68DB8151CD286E5A5363CA6B8A39E90D36D40E96B086F55A43A544F52B1D7B86D517504B0304140006080800B670623B2FA3FEDE290100001202000031
310
0000006662782F45374635344235342D363743322D343832342D383044432D4334454645303536354442422F636F72652E786D6C8D515B6EC32010BC0AE22B55850D2E386E848994D7097A0117488A1283C5A3CAF10BB523B57FF961D1ECCCECC0F2ED7DBC816FED8371B687A4C210682B9D32F6D2C314CFA883602BB8772E
310
FEA141608751F7B0C050F08B77695A20E96CD43666D43AA5177008414708E42D5F7A18E4971E876A483133C2B59A06791D2EBA22556E679EE021FA1C00CC43CA09C5717D6274C7286AD7FB06D1AEA1A8C3873DDAD3E3E98859CB0EBB1DAF67A1E02919B5C88DCA71CCD968FFAC49110B1ECDF8882FBD1EA256503418BF2342
310
106E3E08DD60B6A1EC15771B8C795DE8FF4469524F8A92B1F1AD59E2CEB20005E1F5DC105CB9F4797B84D1F7C9F908CABC55D0F2050A5C61CC1AD2F27A26E6E767C7962E8E213A9FBF7775FDCC5CC266DB960A5E970DE5F2BBBE5CCB36C50F504B0304140006080800B670623B1B8617914E01000033030000300000006662
310
782F45374635344235342D363743322D343832342D383044432D4334454645303536354442422F636E782E786D6CD593C16EC32010447F0571AD6CE3D489D20813A9877E410FBD62D82434182CC055F3F75D1292E692438FBD206B7698593D61BEFD1E2DF982108D773D6D6B460938E5B571FB9ECE6957AD29D90A1EBC4F77
310
364A9C1CA1A759A682EF839FA72269D8C9D92654AD71C72206887E0E0A22CAF926B15E498B01E0AA19451807D01A34B919F16B070157417138917400F2F6FA41FCF0092A45DEE414C19BDC21783E4BD39D891265658C3D8DEA00A3ACE59CBC8678ACB54CB26EEB6BD7839D7E9348BE70AD9C8321B9BCA7F9A4A26C542347DE
310
E050F09802D22BA6749A800A394DD62899107273365E3C82CFC6A55557BC06C10774B7ABE7AEC3B0F34CF06446280E154026D0542C187BA9DAB6628BF7B6DBB0E5A65B3EB1F58631DE64BBE083F7B65CC218087E22CABB042E51D1F2268F1FE12B3EA24D40D63E9CFE00120194D60B9D5BC67FE6D39CDF37E20AF817881F50
310
4B0304140006080800B670623B29652116630500003C100000340000006662782F45374635344235342D363743322D343832342D383044432D4334454645303536354442422F6F626A656374732E786D6CAD575D739B3814FD2B0CFB0C989834C90EA1639B24E3E9A6EDD4D3CE3E64C623834CD8006224913AFDF57B040203
310
B65BEF871F0C12D2FD3CF7E8CA7FBFCB33E3957291B2E2D674ED8969D02262715A24B76625B7D6B569BC0F7CCE98EC2D338D82E4F4D654D366E0279C55A59E8AE99654991CCDDECFFF3444440B6A1A514684B83545F44C7362934AB2988A173B2692D8C97667BB76B3702836E1A47C1E092D09A78584A5982F20C5688C7287
310
C389E904BEA3BE07BEFAD7ABA6A75739B53F43FD69212429A20365233153D70BEF2E2E6FAC4BCF9B5ADEBB0BD79ADFCF43CBBD9A4E16EF168B9BD9DD0D140BC921495BC2E9D60C1E101B9E46BED37CEA2CD6861F3329624541A3DA7F7858DBAC25C6B4A4458C3CA654405BCFEBC970E8AAD8F43E4FD558ABEC4F9FE7557F47
310
4F506B7BFBEC5BCA367FC105710E2AB8A00A554D7CB4A30DFE26FBA86D18CBF4B75418399194A72433B274C3097F33032C554B027F2046A1932B842B0FCCC0DDCBEBDB8AD2F835768F59B9ADB24C41D30C6A64AF817F2A456D59FA83F2E3DA60137255A585BCD60EC9B7929AC18DEFD49381AF1ED30BFDB109A4B1CD488294
310
C3CDE6EBC8D185AABD6568061FEE37BB95AAC7E3CA4BCE4ACAA5820FA0D526AE7DAA2869B5EE5999531BE0CC20E6FBA07C41E43FA27CF7A6206F3CDD793B4F6B919C1462CB788EDCD893FA674CDA17AB7B3B7C019F8D561FAEE966FED562DFE98C1D12C6A9FC015C2A35D7FF3D7FC398F591DA4B5FE0BFA2C0189FEA50AE22
310
92817A1ED3020951A03432862970F976B33383259812CC8E5D240BBA801CBCF8CE2BBEE3BF910DB6AAD5F79E05123AE2DB33981FB1ACCB02B69D00CB014FD68AB573A7627EF9BFD4CC2C5C7D58557C4B22FAA88925A4DBB44825CECE3D78FB060D1231F0E885BE7D673C86A3874958F593906B5502D1563157814FDAC3420D
310
F69A070A22EC4B98E23CFF171A1E5311D12C23056555ABA53B8614563B92D17D02AAB009E8F46284624E5F53D5490C560CCCC2591FF1B45421EB0EBD8EA7ED13BE7C5D7E0428CD60FEF60779EB13E6664FF711CB185F6FDED60D139A001FF60CD1FD6D086F1D51474901E26B2CB794A343BC8ED3EDB612E0DD2351FCB65CF4
310
33D511C9E14B5B40ADC6A6263DB0336A8F700DDF56271A024E70B0B3629DE21847591E55DED73D56206AB927E46FAABC5C939C55853C274C93D69FD6FA4E78BF8B11DF898C9ECD60553FAD39283BA6F18984AA23E8884F83F45C5F5F859797B31B2B9C84A1E5B9DE9D35BFF25C6B76152E422F9C5DCC3D847F5801ED09D5AF
310
41441327A25FF15487F9EB725FB666F048A4701E9A827292E6F97569A32DF61DEC01C0BB8DCBBCCC684E0B49147C1FD54BF685A0AB18C868E6973949E819523E3DAC463660E68C7D9F55A9D1EFA3BD7A76A16AE1A810F95CE59B82A4D968A376DC2E8B44BBDD86B27B368CDE0ED548C7137DA860591A83706223A12CA712B4
310
7306DBF39C0A20A6DF95C7FAF670C6EED7A61F946493D1D6926782963813403548A78AE470DEF80D2D9CEAA26E4D1C76F60BFE74219A06527D6B82DF641A51616F703CAAC6A7160E08A00BEB4810A0274592A1B36E3675E36E978A0DE80727A0D6DF2D39A75BD27E0D8837276589537B40ABB56D5A41F48F1C6FCD3188C4EB
310
A6929D2FFB89CE995A4D00AE813BDD032DC48B56BD437DFDDC2DD7AED70C2272D63DE9A72068A45A92F0A4BE17A8A06B9366E16707AD80B1FC649459952097E74BB23805982B55E0401150A165964402AA8BDF9F3E7386BB686EDCA780C0D382E5392BF460A6EFB2C6EA1937D3F809B440D5F5435C4C5CF7A9EEFAF54564BD
310
2182DA24162F98680B4E7930C21A0079709CEAEB99A372305ABE0C0D7D6078105A83F6A0296DAEE1068A47DD1C55A9F4C9B2FC69E3EFD44B81028E963DF81B504B0304140006080000B670623B000000000000000000000000350000006662782F45374635344235342D363743322D343832342D383044432D433445464530
310
3536354442422F76657274696365732E62696E504B0304140006080800B670623BF270F1330600000004000000360000006662782F45374635344235342D363743322D343832342D383044432D4334454645303536354442422F747269616E676C65732E62696E636660600000504B0304140006080000B670623B00000000
310
0000000000000000370000006662782F45374635344235342D363743322D343832342D383044432D4334454645303536354442422F617474726962757465732E62696E504B0304140006080800B670623B08DA0BD19000000041010000360000006662782F45374635344235342D363743322D343832342D383044432D4334
310
454645303536354442422F6469726563746F72792E786D6C858F410AC3201045AF22B36F53E9A60B35CBEEBAE80D244E44489C6234F4F835464A48035D0DF398FF9F8AF63D0E6CC63039F212F8F9020C7D47C6792B21C5FE7403D62A1188E2E60C98D7234A5830286103A55745067B9D86B8A3CF9C7F90C11DE607FB144396
310
D7B6A82D282E9A152AD114D5EF2CB866EEE831B8EEA07A7BB5A8D7D61A2BAAEB7FD5F70921FF497D00504B0304140006080800B670623B6378F24DFF000000A00100003B0000006662782F45374635344235342D363743322D343832342D383044432D4334454645303536354442422F7265736F75726365732F636F72652E
310
786D6C8D504B6E833010BD0A9A6D65B0094E42641C85B639412F6099496225D8C89FAAC7AF09546A77DDCC8CDE47F3F4C4F16B7C149FE88371B603565228D06A37187BED20C50BD9437194C23B177FC9A0B06AC40E6618A4B87A97A615D2CE46B431A3D60DB8822A048C50E8473E3A08FA86A32A558A5911EEE5A4F45D5DB1
310
6465A6B34E8A107D0E502C4FE609D26370C96B0CA25A58295232C3AA3143FE692E063D485EF7F5AEE71BD2D2F39634AFFC44DAF7DD9E9CCE6F9CD25DCBFA762BAAD92C4534E34F46ED51451C40D694B6843142EB0FD61C283F34FC85EE0F948A6A96FF31A569F8A729191B37F51A77B105902C0779125254735F793DCBCC7B
310
EE567E03504B010214000A0000080000B670623B3DEE336E79000000790000001B00000000000000000000000000000000006175746F6465736B2D64657369676E2D7061636B6167652E786D6C504B01021400140006080800B670623BD486FD9CA0000000F40000001300000000000000000000000000B20000005B436F6E
310
74656E745F54797065735D2E786D6C504B01021400140006080800B670623BBC1638F5EC0000007C010000080000000000000000000000000083010000636F72652E786D6C504B01021400140006080800B670623B55019EA25F0000007C000000070000000000000000000000000095020000636E782E786D6C504B010214
310
00140006080800B670623B3586FFB671010000D40300000C00000000000000000000000000190300006662782F636F72652E786D6C504B01021400140006080800B670623B4220A0FF7D0000009D0000000B00000000000000000000000000B40400006662782F636E782E786D6C504B01021400140006080800B670623B2F
310
A3FEDE290100001202000031000000000000000000000000005A0500006662782F45374635344235342D363743322D343832342D383044432D4334454645303536354442422F636F72652E786D6C504B01021400140006080800B670623B1B8617914E010000330300003000000000000000000000000000D2060000666278
310
2F45374635344235342D363743322D343832342D383044432D4334454645303536354442422F636E782E786D6C504B01021400140006080800B670623B29652116630500003C10000034000000000000000000000000006E0800006662782F45374635344235342D363743322D343832342D383044432D4334454645303536
310
354442422F6F626A656374732E786D6C504B01021400140006080000B670623B0000000000000000000000003500000000000000000000000000230E00006662782F45374635344235342D363743322D343832342D383044432D4334454645303536354442422F76657274696365732E62696E504B01021400140006080800
310
B670623BF270F13306000000040000003600000000000000000000000000760E00006662782F45374635344235342D363743322D343832342D383044432D4334454645303536354442422F747269616E676C65732E62696E504B01021400140006080000B670623B0000000000000000000000003700000000000000000000
310
000000D00E00006662782F45374635344235342D363743322D343832342D383044432D4334454645303536354442422F617474726962757465732E62696E504B01021400140006080800B670623B08DA0BD190000000410100003600000000000000000000000000250F00006662782F45374635344235342D363743322D34
310
3832342D383044432D4334454645303536354442422F6469726563746F72792E786D6C504B01021400140006080800B670623B6378F24DFF000000A00100003B00000000000000000000000000091000006662782F45374635344235342D363743322D343832342D383044432D4334454645303536354442422F7265736F75
310
726365732F636F72652E786D6C504B0506000000000E000E0080040000611100000000
  0
XRECORD
  5
18A
102
{ACAD_REACTORS
330
110
102
}
330
110
100
AcDbXrecord
280
     1
 70
     0
 90
1778669749
  1
9BF507EE-FAF7-4A99-A33D-4EE51894BC40
310
504B03040A0000080000B670623B3DEE336E79000000790000001B0000006175746F6465736B2D64657369676E2D7061636B6167652E786D6C3C3F786D6C2076657273696F6E3D22312E302220656E636F64696E673D227574662D3822203F3E3C666F726D6174733E3C666F726D61743E687474703A2F2F736368656D612E
310
6175746F6465736B2E636F6D2F64657369676E2D7061636B6167652F323030393C2F666F726D61743E3C2F666F726D6174733E504B0304140006080800B670623BD486FD9CA0000000F4000000130000005B436F6E74656E745F54797065735D2E786D6C7D8EC10E82300C865F65E91D8A1E8C310C0EEA1BF002731658846E
310
D98AC1B77784ABF1D8FE5FBFBF75BBCE937A534CCEB38643598122B6FEE978D0B0485F9C41B54DDD7D022595594E1A469170414C76A4D9A4D207E29CF43ECE46F218070CC6BECC4078ACAA135ACF422C856C0E68EA1BF5669944DDD7BCDE7B1F8E415D77AECB980613C2E4AC91FC167A2B244592486606FC29C8FD7F045B9A
310
EF7053A7E60B504B0304140006080800B670623BCA089DFFEC0000007C01000008000000636F72652E786D6C8D90416E83301045AF62CDB632D8402020E32882F604BD80653BC44AB011B6AB1EBF262152BBEB6A467FFE9B197D76FA9EEFE84BAFDE38DB03CD08206DA553C64E3DC470C1474027CE56E7C22F1B202B66DDC3
310
260367D3EAE2B24BD2D9A06D48AA754AEFA2F05E0740F29E9A1EBCBCEA59642286E4F0B76C11F226269DD15797E0188D42CF2346A57DE662F40ABCAEC77628C6120F654571D50C04B7F5B9C1E3997CD4F550BE3745C3F20DE62C98F9755FAE5A04AD801784B498524C8A4F5A75E4D055873772EC0861F966FF03C545FD138A
310
C686B2D8DF7D621E384D8F3C069CE55B16A93C824A75CB8DFF00504B0304140006080800B670623B55019EA25F0000007C00000007000000636E782E786D6C4DCB3B0E80201045D1AD90E915ED2CF8AC45050C11660C8261F98AB1B07AC9C97D42D718D865D3E909258CFD00CCE24AC6E326A164D74DC0B4128928FF326038
310
472BA13128B1252AC747C6BAB984FC68F0B87FE8960A5C09FE86CFB69FBA01504B0304140006080800B670623B68FC0B7272010000D40300000C0000006662782F636F72652E786D6CC5535B6E833010BC8AE5DF0A6C1E8124328E22D29EA01770C0A128602363A31CBFCB234A53A555FA553EC09AD9F5CE8C31DB5DDA060D
310
D2F4B556190E7C8A9154852E6B5565D8D993B7C668C799D1DA7E29C3488956667884316795D1AE5BA0422B2B950554E9522EA0E87B69312A1A5864B82F3E642B7CE12C54F467BF13C55954D20F7CA0A18EB3DE1A1080E621E31BF3D3F1C2C88C73E65C5D2E6C5DC2B4FA544B8379921C36797888BC3C8A032F4E73EA6D927D
310
EA1DF6F42D49F2E8350D5346C666CE6CDD5ED515460A2B4BCC434A375E1078347C0FE22D5D6DE3D50B5D6F2965642CBF6B725DF96493AB958DC245EEDCD6631E809089F8E61622B2A81703E8219C913144F84C09DF070D8140C8561C9BAB8F3340832CAC363130A576376A108D933095FA747AD0CF0B46E64E983A6D0EAE1F
310
CE089F9EF1FB8E70D44255604258581E9D1D75B259C3125A278D37D80B52DAB4A279CEC62F0EFF44DDC43F9454E8469BFF5244960322CBEF41C6FBC83F01504B0304140006080800B670623B0F71DDB67E0000009D0000000B0000006662782F636E782E786D6C4DCCD10A83201886E15B91FFDCA54DB73F502386BB8F5816
310
32D3703976F9ABD1C18E3E78F87855FB990379BBFCF2296AE02706C4C5471A7C9C349475A408A4352AA7B4FEDD80C47E761A7606A3A69CCA72D0E0C6BE8475D3E0E3F3409428EA6B27A84079A782899AA2EC1A7AE3ECCC2FD858CB2D544655BFD2B67BD87C01504B0304140006080800B670623BE134B4FB28010000120200
310
00310000006662782F38353834323741342D343835462D343034322D383541392D4331303331363839454531452F636F72652E786D6C8D515B6EC32010BC0AE22B55850D0EA424C24451959EA0172086A42831583CAA1CBF503B52FB971F16CDCECC0EACD8DFC71BF836215AEF7A481A0C817183D7D65D7A98D3197108F652
310
04EFD31F1A044E8DA6871586525C82CFD3020DDE25E352419DD76601558C264130DCCAA58771F832A36A544E8511AFCDA486ABBA988634A55D7852C4144A00300FA927949C71DABD1D28A29C7D208A6987383B6CD13BC16BB2E1DBE3911C453B0BA5C8D9EA456E758963CFD684674DAA588A64C747FC2118958C86B2C3788B
310
0841B8FB247487D98EB257CC77188BB6D2FF89F2A49F1465EBD2BA5BE2CEB2082511EDDC9042FB7CBA3DC298FBE4430275DE2A9AE1054ADC60CC08E3A29D89E5F9C5714317C7987C28DFBBBA9E0A97B0D97643A568EB864AF95D5FA9759BF207504B0304140006080800B670623B1B8617914E010000330300003000000066
310
62782F38353834323741342D343835462D343034322D383541392D4331303331363839454531452F636E782E786D6CD593C16EC32010447F0571AD6CE3D489D20813A9877E410FBD62D82434182CC055F3F75D1292E692438FBD206B7698593D61BEFD1E2DF982108D773D6D6B460938E5B571FB9ECE6957AD29D90A1EBC4F
310
77364A9C1CA1A759A682EF839FA72269D8C9D92654AD71C72206887E0E0A22CAF926B15E498B01E0AA19451807D01A34B919F16B070157417138917400F2F6FA41FCF0092A45DEE414C19BDC21783E4BD39D891265658C3D8DEA00A3ACE59CBC8678ACB54CB26EEB6BD7839D7E9348BE70AD9C8321B9BCA7F9A4A26C542347
310
DEE050F09802D22BA6749A800A394DD62899107273365E3C82CFC6A55557BC06C10774B7ABE7AEC3B0F34CF06446280E154026D0542C187BA9DAB6628BF7B6DBB0E5A65B3EB1F58631DE64BBE083F7B65CC218087E22CABB042E51D1F2268F1FE12B3EA24D40D63E9CFE00120194D60B9D5BC67FE6D39CDF37E20AF817881F
310
504B0304140006080800B670623B5933D422630500003B100000340000006662782F38353834323741342D343835462D343034322D383541392D4331303331363839454531452F6F626A656374732E786D6CAD575B6FA33814FE2B887D0642934E9B156594264D158D3A534DD4D13E548A0C38942D60649B4EBABF7E3F8321
310
40924EF6928780CDF1B97EE762EFF32E4B8D37CA45C2F21BD3B547A641F39045491EDF98A5DC5AD7A6F1D9F73863B243661A39C9E88DA9B64DDF8B392B0BBD15D12D295339D85DDEFE618890E6D434C2940871638AF08566C426A5641115AF764424B1E3EDCE76ED9AB0CF36E6A47819302D08A7B984A6D8CFC1C5A89572FB
310
CB91E9F89EA3BEFB9EFAD754E3D3544E654F5F7E920B49F2F040D880CDD89D2CEE2E2EA7D6E56432B6269F2E5CEB7679BBB0DCABF168FE693E9FCEEEA6102C240727AD09A75BD3BF876F78127A4EFDA9D5582B7E4CA590E5390D2BFB6161A5B3E618D182E611E2985001691DAB47FDA5AB7CD3F93C566B2DB2BB7D9E55DD13
310
1D468DEECDB3AB290BFE8409E21C54704115AA6AFF68436BFC8DF65E0B184BF5B74418199194272435D224E084BF9B3E481589EFF5D828747285706581E9BB7B7E5D5D911ABFC6EE312DB7659A2A689A7E85EC0DF04FA5A8344BFEA2FCB834E8845895492EAFB541F2BDA0A63FF59C6AD3F7D4637CA13FD68E34B629891172
310
98597F1D183A57B9B75A98FE9765B05BAB7C3C2EBCE0ACA05C2AF8005A4DE09AA7F29216EB9E15397500C6F47CBE77CA7778FE2BD277AF0AE2C693DD6437D1522427B9D8329E2136F6A8FA19A3E6C56ADF0E5F50CF06D48734EDCEBF22F69C56D97EC138153F804B85E6FABFC7AFEFB32E523BE1F3BD372418E363EDCA7548
310
52949E8724474014288D94610BB57C1BEC4C7F854A89CA8E5324F55B871CBC78CE1BBEE3BFE68D6A5589EF3C730474506FCFA8FCF0659516D0ED04580EEA6425581B77CAE797FF4BCECC16EB2FEB926F49481F746159D06D922712BD730FDEAE42BD40F42C7AA5EF3F198F60E86110D6DD20645A9480B795CF95E3E3A659A8
310
C55E724F408873315335CFFB8584874484344D494E59D94869DB90C26A5B64F49C802CAC1D3ABE18A098D3B7444D123D8A9E5AE8F5214F0AE5B2B6E9B575DA3E61CBD3EA2B4009FA940524DD1305FB6A1FB294F14DF0BEA90BA109ECE1481FDC3FFAE8D60E75141700BE82725371B4873751B2DD960265F788137FACE6DD40
310
B575E4F0A5C99F46629D92131467A41EE11ABD8D4CCC039CA0AFB37C93A08B232B8F0AEFCA1E0A1015DF13FC83322B362463652ECF71D3A8B1A7D1BE65DE1D62C44F22C317D35F574FEB16153BA2D13E543D10A80E74C4A65E78A6B7CBCBD1D5DD9DB59C2DAFACC96C3AB566E3F1C29ADCDD5DBAD7D3C9ED7C822ED74F80A6
310
41755310DE4443F44A9E68373FADF6596BFA0F440AE7BECE2727AE9F4F2B1B53B1E7E00CF0DD1E5C65454A339A4BA2D0FBA05ED2EF0443458F47BDBFCA484CCFE0F2ED7E3DD0013B679C7B5499467F0ECEEADDB9CA85A34CE44B99053949D2C1416DB85DE4B136BB7165FBAC0B7AB3542BED4F8CA182A549847A1319316519
310
95A83A67147B9E5101C47487F2485F1ECE38FD568F839204296D3479219888530154036E6528FBFBC66F98E0D4107563A2D7D9AFF8D389681A08F58D89F22693900A3B407754734FC51C10C010D6D640809EE4718AC1BA3ED4AEDB53CA37283F68805A7E4B72CEB0A4EDEAD5DD8C14059A76AFAA56BA6901E13F32BC51C720
310
12AF41295B5BF61BAD3195181FB506E6B40F4C10AF5AF40EF9F5B159AE5DD1F43C72D635E94310D45C2D49785C5D0B94D3B54AB3C5A38349C0587D338AB48C11CBF339599C02CCA54A70A008A8D03C0B2201D5F9EFCF8F9CE12A9A19CB0410789EB32C63B95ECCF455D658BFE0621A3DA32C5075FB101723D77DAE867E7D0F
310
D90444509B44E2151B4DC2290B065803200FBAA9BE9D392A0603F2D5C2D00D6302A615680F66D2FA166E2079D4C551A54AB758161FCEFD4E450A14704CECFEDF504B0304140006080000B670623B000000000000000000000000350000006662782F38353834323741342D343835462D343034322D383541392D4331303331
310
363839454531452F76657274696365732E62696E504B0304140006080800B670623BF270F1330600000004000000360000006662782F38353834323741342D343835462D343034322D383541392D4331303331363839454531452F747269616E676C65732E62696E636660600000504B0304140006080000B670623B000000
310
000000000000000000370000006662782F38353834323741342D343835462D343034322D383541392D4331303331363839454531452F617474726962757465732E62696E504B0304140006080800B670623B08DA0BD19000000041010000360000006662782F38353834323741342D343835462D343034322D383541392D43
310
31303331363839454531452F6469726563746F72792E786D6C858F410AC3201045AF22B36F53E9A60B35CBEEBAE80D244E44489C6234F4F835464A48035D0DF398FF9F8AF63D0E6CC63039F212F8F9020C7D47C6792B21C5FE7403D62A1188E2E60C98D7234A5830286103A55745067B9D86B8A3CF9C7F90C11DE607FB1443
310
96D7B6A82D282E9A152AD114D5EF2CB866EEE831B8EEA07A7BB5A8D7D61A2BAAEB7FD5F70921FF497D00504B0304140006080800B670623BD9A3B367FE000000A00100003B0000006662782F38353834323741342D343835462D343034322D383541392D4331303331363839454531452F7265736F75726365732F636F7265
310
2E786D6C8D504B6E833010BD0A9A6D65B01D0201194711694FD00B586642AD043BF2A7EAF16B122AB5BB6E6646EFA3797AE2F8B5DC8A4FF4C1383B002B291468B59B8C9D0748F1420E501CA5F0CEC55F3228AC5A708015062966EFD27D83B4B3116DCCA875136EA00A012314FA968F0182FEC045952AC5AC08D7F2AEF455CD
310
58B232D3592745883E07289E4FD609D26370C96B0CA27AB252A464A64D63A6FCD35C0C7A904D73EE467EE664DCD58CD4ED4849D79C5A723ED1B7A61977AF2D6F45B59AA58866F9C9A83DAA8813484E6947182394BFB3BAA7FBBEDEBFD0434FA9A856F91F53BA4FFF342563E38E6F719FB60092E5200F428A6AED2BAF479979
310
AFDDCA6F504B010214000A0000080000B670623B3DEE336E79000000790000001B00000000000000000000000000000000006175746F6465736B2D64657369676E2D7061636B6167652E786D6C504B01021400140006080800B670623BD486FD9CA0000000F40000001300000000000000000000000000B20000005B436F6E
310
74656E745F54797065735D2E786D6C504B01021400140006080800B670623BCA089DFFEC0000007C010000080000000000000000000000000083010000636F72652E786D6C504B01021400140006080800B670623B55019EA25F0000007C000000070000000000000000000000000095020000636E782E786D6C504B010214
310
00140006080800B670623B68FC0B7272010000D40300000C00000000000000000000000000190300006662782F636F72652E786D6C504B01021400140006080800B670623B0F71DDB67E0000009D0000000B00000000000000000000000000B50400006662782F636E782E786D6C504B01021400140006080800B670623BE1
310
34B4FB280100001202000031000000000000000000000000005C0500006662782F38353834323741342D343835462D343034322D383541392D4331303331363839454531452F636F72652E786D6C504B01021400140006080800B670623B1B8617914E010000330300003000000000000000000000000000D3060000666278
310
2F38353834323741342D343835462D343034322D383541392D4331303331363839454531452F636E782E786D6C504B01021400140006080800B670623B5933D422630500003B10000034000000000000000000000000006F0800006662782F38353834323741342D343835462D343034322D383541392D4331303331363839
310
454531452F6F626A656374732E786D6C504B01021400140006080000B670623B0000000000000000000000003500000000000000000000000000240E00006662782F38353834323741342D343835462D343034322D383541392D4331303331363839454531452F76657274696365732E62696E504B01021400140006080800
310
B670623BF270F13306000000040000003600000000000000000000000000770E00006662782F38353834323741342D343835462D343034322D383541392D4331303331363839454531452F747269616E676C65732E62696E504B01021400140006080000B670623B0000000000000000000000003700000000000000000000
310
000000D10E00006662782F38353834323741342D343835462D343034322D383541392D4331303331363839454531452F617474726962757465732E62696E504B01021400140006080800B670623B08DA0BD190000000410100003600000000000000000000000000260F00006662782F38353834323741342D343835462D34
310
3034322D383541392D4331303331363839454531452F6469726563746F72792E786D6C504B01021400140006080800B670623BD9A3B367FE000000A00100003B000000000000000000000000000A1000006662782F38353834323741342D343835462D343034322D383541392D4331303331363839454531452F7265736F75
310
726365732F636F72652E786D6C504B0506000000000E000E0080040000611100000000
  0
CELLSTYLEMAP
  5
846C
102
{ACAD_REACTORS
330
846B
102
}
330
846B
100
AcDbCellStyleMap
 90
        3
300
CELLSTYLE
  1
TABLEFORMAT_BEGIN
 90
        5
170
     1
 91
        0
 92
    32768
 62
   257
 93
        1
300
CONTENTFORMAT
  1
CONTENTFORMAT_BEGIN
 90
        0
 91
        0
 92
      512
 93
        0
300

 40
0.0
140
1.0
 94
        5
 62
     0
340
11
144
0.25
309
CONTENTFORMAT_END
171
     1
301
MARGIN
  1
CELLMARGIN_BEGIN
 40
0.06
 40
0.06
 40
0.06
 40
0.06
 40
0.18
 40
0.18
309
CELLMARGIN_END
 94
        6
 95
        1
302
GRIDFORMAT
  1
GRIDFORMAT_BEGIN
 90
        0
 91
        1
 62
     0
 92
       -2
340
0
 93
        0
 40
0.045
309
GRIDFORMAT_END
 95
        2
302
GRIDFORMAT
  1
GRIDFORMAT_BEGIN
 90
        0
 91
        1
 62
     0
 92
       -2
340
0
 93
        0
 40
0.045
309
GRIDFORMAT_END
 95
        4
302
GRIDFORMAT
  1
GRIDFORMAT_BEGIN
 90
        0
 91
        1
 62
     0
 92
       -2
340
0
 93
        0
 40
0.045
309
GRIDFORMAT_END
 95
        8
302
GRIDFORMAT
  1
GRIDFORMAT_BEGIN
 90
        0
 91
        1
 62
     0
 92
       -2
340
0
 93
        0
 40
0.045
309
GRIDFORMAT_END
 95
       16
302
GRIDFORMAT
  1
GRIDFORMAT_BEGIN
 90
        0
 91
        1
 62
     0
 92
       -2
340
0
 93
        0
 40
0.045
309
GRIDFORMAT_END
 95
       32
302
GRIDFORMAT
  1
GRIDFORMAT_BEGIN
 90
        0
 91
        1
 62
     0
 92
       -2
340
0
 93
        0
 40
0.045
309
GRIDFORMAT_END
309
TABLEFORMAT_END
  1
CELLSTYLE_BEGIN
 90
        1
 91
        1
300
_TITLE
309
CELLSTYLE_END
300
CELLSTYLE
  1
TABLEFORMAT_BEGIN
 90
        5
170
     1
 91
        0
 92
        0
 62
   257
 93
        1
300
CONTENTFORMAT
  1
CONTENTFORMAT_BEGIN
 90
        0
 91
        0
 92
      512
 93
        0
300

 40
0.0
140
1.0
 94
        5
 62
     0
340
11
144
0.18
309
CONTENTFORMAT_END
171
     1
301
MARGIN
  1
CELLMARGIN_BEGIN
 40
0.06
 40
0.06
 40
0.06
 40
0.06
 40
0.18
 40
0.18
309
CELLMARGIN_END
 94
        6
 95
        1
302
GRIDFORMAT
  1
GRIDFORMAT_BEGIN
 90
        0
 91
        1
 62
     0
 92
       -2
340
0
 93
        0
 40
0.045
309
GRIDFORMAT_END
 95
        2
302
GRIDFORMAT
  1
GRIDFORMAT_BEGIN
 90
        0
 91
        1
 62
     0
 92
       -2
340
0
 93
        0
 40
0.045
309
GRIDFORMAT_END
 95
        4
302
GRIDFORMAT
  1
GRIDFORMAT_BEGIN
 90
        0
 91
        1
 62
     0
 92
       -2
340
0
 93
        0
 40
0.045
309
GRIDFORMAT_END
 95
        8
302
GRIDFORMAT
  1
GRIDFORMAT_BEGIN
 90
        0
 91
        1
 62
     0
 92
       -2
340
0
 93
        0
 40
0.045
309
GRIDFORMAT_END
 95
       16
302
GRIDFORMAT
  1
GRIDFORMAT_BEGIN
 90
        0
 91
        1
 62
     0
 92
       -2
340
0
 93
        0
 40
0.045
309
GRIDFORMAT_END
 95
       32
302
GRIDFORMAT
  1
GRIDFORMAT_BEGIN
 90
        0
 91
        1
 62
     0
 92
       -2
340
0
 93
        0
 40
0.045
309
GRIDFORMAT_END
309
TABLEFORMAT_END
  1
CELLSTYLE_BEGIN
 90
        2
 91
        1
300
_HEADER
309
CELLSTYLE_END
300
CELLSTYLE
  1
TABLEFORMAT_BEGIN
 90
        5
170
     1
 91
        0
 92
        0
 62
   257
 93
        1
300
CONTENTFORMAT
  1
CONTENTFORMAT_BEGIN
 90
        0
 91
        0
 92
      512
 93
        0
300

 40
0.0
140
1.0
 94
        2
 62
     0
340
11
144
0.18
309
CONTENTFORMAT_END
171
     1
301
MARGIN
  1
CELLMARGIN_BEGIN
 40
0.06
 40
0.06
 40
0.06
 40
0.06
 40
0.18
 40
0.18
309
CELLMARGIN_END
 94
        6
 95
        1
302
GRIDFORMAT
  1
GRIDFORMAT_BEGIN
 90
        0
 91
        1
 62
     0
 92
       -2
340
0
 93
        0
 40
0.045
309
GRIDFORMAT_END
 95
        2
302
GRIDFORMAT
  1
GRIDFORMAT_BEGIN
 90
        0
 91
        1
 62
     0
 92
       -2
340
0
 93
        0
 40
0.045
309
GRIDFORMAT_END
 95
        4
302
GRIDFORMAT
  1
GRIDFORMAT_BEGIN
 90
        0
 91
        1
 62
     0
 92
       -2
340
0
 93
        0
 40
0.045
309
GRIDFORMAT_END
 95
        8
302
GRIDFORMAT
  1
GRIDFORMAT_BEGIN
 90
        0
 91
        1
 62
     0
 92
       -2
340
0
 93
        0
 40
0.045
309
GRIDFORMAT_END
 95
       16
302
GRIDFORMAT
  1
GRIDFORMAT_BEGIN
 90
        0
 91
        1
 62
     0
 92
       -2
340
0
 93
        0
 40
0.045
309
GRIDFORMAT_END
 95
       32
302
GRIDFORMAT
  1
GRIDFORMAT_BEGIN
 90
        0
 91
        1
 62
     0
 92
       -2
340
0
 93
        0
 40
0.045
309
GRIDFORMAT_END
309
TABLEFORMAT_END
  1
CELLSTYLE_BEGIN
 90
        3
 91
        2
300
_DATA
309
CELLSTYLE_END
  0
ENDSEC
  0
SECTION
  2
ACDSDATA
 70
     2
 71
     2
  0
ACDSSCHEMA
 90
        0
  1
AcDb_Thumbnail_Schema
  2
AcDbDs::ID
280
    10
 91
        8
  2
Thumbnail_Data
280
    15
 91
        0
101
ACDSRECORD
 95
        0
 90
        2
  2
AcDbDs::TreatedAsObjectData
280
     1
291
     1
101
ACDSRECORD
 95
        0
 90
        3
  2
AcDbDs::Legacy
280
     1
291
     1
101
ACDSRECORD
  1
AcDbDs::ID
 90
        4
  2
AcDs:Indexable
280
     1
291
     1
101
ACDSRECORD
  1
AcDbDs::ID
 90
        5
  2
AcDbDs::HandleAttribute
280
     7
282
     1
  0
ACDSSCHEMA
 90
        1
  1
AcDb3DSolid_ASM_Data
  2
AcDbDs::ID
280
    10
 91
        8
  2
ASM_Data
280
    15
 91
        0
101
ACDSRECORD
 95
        1
 90
        2
  2
AcDbDs::TreatedAsObjectData
280
     1
291
     1
101
ACDSRECORD
 95
        1
 90
        3
  2
AcDbDs::Legacy
280
     1
291
     1
101
ACDSRECORD
  1
AcDbDs::ID
 90
        4
  2
AcDs:Indexable
280
     1
291
     1
101
ACDSRECORD
  1
AcDbDs::ID
 90
        5
  2
AcDbDs::HandleAttribute
280
     7
282
     1
  0
ACDSSCHEMA
 90
        2
  1
AcDbDs::TreatedAsObjectDataSchema
  2
AcDbDs::TreatedAsObjectData
280
     1
 91
        0
  0
ACDSSCHEMA
 90
        3
  1
AcDbDs::LegacySchema
  2
AcDbDs::Legacy
280
     1
 91
        0
  0
ACDSSCHEMA
 90
        4
  1
AcDbDs::IndexedPropertySchema
  2
AcDs:Indexable
280
     1
 91
        0
  0
ACDSSCHEMA
 90
        5
  1
AcDbDs::HandleAttributeSchema
  2
AcDbDs::HandleAttribute
280
     7
 91
        1
284
     1
  0
ACDSRECORD
 90
        0
  2
AcDbDs::ID
280
    10
320
22
  2
Thumbnail_Data
280
    15
 94
     2277
310
89504E470D0A1A0A0000000D494844520000010000000084080300000048FA052E00000300504C5445212830FFFFFF2128300000000000000000000000000000000000000000000000000000330000660000990000CC0000FF0033000033330033660033990033CC0033FF0066000066330066660066990066CC0066FF0099
310
000099330099660099990099CC0099FF00CC0000CC3300CC6600CC9900CCCC00CCFF00FF0000FF3300FF6600FF9900FFCC00FFFF3300003300333300663300993300CC3300FF3333003333333333663333993333CC3333FF3366003366333366663366993366CC3366FF3399003399333399663399993399CC3399FF33CC00
310
33CC3333CC6633CC9933CCCC33CCFF33FF0033FF3333FF6633FF9933FFCC33FFFF6600006600336600666600996600CC6600FF6633006633336633666633996633CC6633FF6666006666336666666666996666CC6666FF6699006699336699666699996699CC6699FF66CC0066CC3366CC6666CC9966CCCC66CCFF66FF0066
310
FF3366FF6666FF9966FFCC66FFFF9900009900339900669900999900CC9900FF9933009933339933669933999933CC9933FF9966009966339966669966999966CC9966FF9999009999339999669999999999CC9999FF99CC0099CC3399CC6699CC9999CCCC99CCFF99FF0099FF3399FF6699FF9999FFCC99FFFFCC0000CC00
310
33CC0066CC0099CC00CCCC00FFCC3300CC3333CC3366CC3399CC33CCCC33FFCC6600CC6633CC6666CC6699CC66CCCC66FFCC9900CC9933CC9966CC9999CC99CCCC99FFCCCC00CCCC33CCCC66CCCC99CCCCCCCCCCFFCCFF00CCFF33CCFF66CCFF99CCFFCCCCFFFFFF0000FF0033FF0066FF0099FF00CCFF00FFFF3300FF3333
310
FF3366FF3399FF33CCFF33FFFF6600FF6633FF6666FF6699FF66CCFF66FFFF9900FF9933FF9966FF9999FF99CCFF99FFFFCC00FFCC33FFCC66FFCC99FFCCCCFFCCFFFFFF00FFFF33FFFF66FFFF99FFFFCCFFFFFF0000000D0D0D1A1A1A2828283535354343435050505D5D5D6B6B6B787878868686939393A1A1A1AEAEAEBB
310
BBBBC9C9C9D6D6D6E4E4E4F1F1F1FFFFFF0000000000000000000000000000000000000000000000000000000000002E4550F1000005954944415478DAED9DCB92AD300845F9FFBFEDC19E7755F7510981BC13831E07FDB87DEBA84B026C482251FE80DB83C61CA33E67F9F10530EA730E7BF23600C65A0006102D1A9CA386
310
F0D600F05200F4775358E5013604B0D6057E012C0520BD6ED7181E91C4AC07705CF5FFF72E2F36228D5B3E04CE6BFEFF9F77DFFF6A002C6EE18C655DE1D21380507F80BAF4C82831B314C0F9D0709C19C7B78E0C1E1A97E2F1B118005D37FC397343D283EB0B825F231DB20580EB3A3EA3FE734ED01505EAAE14DC85840036
310
B400C5ED5108A0CC024ED7C1EE0E9105ECE40358BC074FF1FFAEFFE304CFFB29757A0CC0F5754B0081E0DEB9C4351FC0E1E9B50111FCAD4022827B51ABAC834D864060FE030004E7202700CE5B469CBE4215479529009C000084330773EAD557A0D09400CA3F74412204252DF828A1B6741E8A188296706E2C86D023861487
310
120C8BAA4FBD490CA1470C411143B0C6DC6E5AE04A5E20C4518B16507FAD037A9318C21831A4FDBA5B14882D809805509705E85A602B00908EEA8882556208C2C2890B234F007064B48713643C520930F31B520C512C86764B8537EFF7CFB6000AC7B8C803F25A0067BE03926208D4FAD817A7C2C2A4EB0088426A8118DAB7
310
282A1EACCCEB0AC40F3D0F00F3E7A83BD37300485DF3460078A705B406B0E700B8A2006A2A238F0480970208D360881CB8AD26E80B4030F211A81D34D604DD01D0746E72E204942CD3691420D1390AEA46590B807B0B50E35FBE5698AE09BA8C02905794AC15664A62CE00C4EEDF9AFCF148004A492C5F2ACBD4043D864115
310
80525D2BAA09BA8A0214D7048D7F572648D0CE13240A00BCA226980DE5F10518A5B2532CB09AA09E457B03201F59AA56583A4162D3E6A821DE50ABEB90114895C5859B01C0287936ABC19A49821B00882F15942B12A6D560A51BDC000019008CE4F0F3846D35E8CB091A16C0965518BD41BB1EE003C05B7A83190AA7F69599
310
E0F9D0E514FB4B45063D677799201704AA1C26751E111EA306491174B21EF06835C801B417441CABC14011BDB11E2092F6360B807B0B7871519485417EC7220C368921674E90F87A1AB02B429D92721E05787314465B04F1641AC78D11910728010D9AC32812431EC360680136802231E4320A7027F81E3144728244D2ADCB
310
35C7A6187A2A002A1543AE00D8979D0B83FAE2697F0050FD87AC1842158695ABC7352F689EBE10806E015533AED6AD1E57C3C0700BD866D558BC7A5C5503CD00365F35D6B17ABC0C40421F6CD21750578F8752507D58BD00768A0267F6AA01385D550700378BA77500D40BC04563C4F249E18E2A268070A91DB96C8DA5EB5A
310
190B48B5C6E0B83596D8090A96547CD61419E05A469B2A6FCAAD779ED21AD3F7CFD000280FF629132559039CD3289C22E37EA26450E3E31EAD0E80DB8992100B06A39AE0D32D4003506B01706F017A51B41080F3D698508A6CC624B2573AB635863BFB027C2BA50C00AD31520C007B0260A96D3E0A688D915200E99ACCCFAD
310
00820130AB31824C5D721700B9FDF42BB6D353524CF1520104BB52DE0660C6E269B52A6CDACABD00AE2592A09A426EAE26A8C3B45A91F70238775C1CB58142D298627B9B0E605CA25101201F7ED94EAFEB36526AFD58B324663BC16D12A1FE17B904DBE7620680997980879DA4662742FDBBBFEB2531375AA01B8051127B82
310
189A1305AA01FCB8033096E60400CE8EF94E30EBA8170C9AC4ABE0D60E019415C87A9CA5FE42391833F06738415F2FDB9B1205E2A6ADB6C655FF4951ACA60925A616A2CC3CB6B380D500B09B05645F09D906607522D43304328ED38305F40A99A866F11D024386807EE32EC2A0A9F6370530DE028600D0DFC3F5D5025352E1
310
EDA240F81DB3D520812CE941A99F6C27186445FC351DA4BEC190C205A8149F8866F6055CBC6F7E328070C764DEFD03454F9BA4BB17013ADBE4C9AB43F64E03B4BC95B0428FFA7382632DC0E1F105307608383C0A6EEE17B3A8B9F991F7CB2C0000000049454E44AE42608200000049454E44AE426082
  0
ENDSEC
  0
EOF
